Watching for file changes with StatReloader
Internal Server Error: /
Traceback (most recent call last):
  File "C:\Users\athar\OneDrive\Desktop\TY - Sem 1\EDI\venv\Lib\site-packages\django\db\backends\utils.py", line 89, in _execute
    return self.cursor.execute(sql, params)
           ^^^^^^^^^^^^^^^^^^^^^^^^^^^^^^^^
  File "C:\Users\athar\OneDrive\Desktop\TY - Sem 1\EDI\venv\Lib\site-packages\django\db\backends\mysql\base.py", line 75, in execute
    return self.cursor.execute(query, args)
           ^^^^^^^^^^^^^^^^^^^^^^^^^^^^^^^^
  File "C:\Users\athar\OneDrive\Desktop\TY - Sem 1\EDI\venv\Lib\site-packages\MySQLdb\cursors.py", line 179, in execute
    res = self._query(mogrified_query)
          ^^^^^^^^^^^^^^^^^^^^^^^^^^^^
  File "C:\Users\athar\OneDrive\Desktop\TY - Sem 1\EDI\venv\Lib\site-packages\MySQLdb\cursors.py", line 330, in _query
    db.query(q)
  File "C:\Users\athar\OneDrive\Desktop\TY - Sem 1\EDI\venv\Lib\site-packages\MySQLdb\connections.py", line 280, in query
    _mysql.connection.query(self, query)
MySQLdb.OperationalError: (1054, "Unknown column 'Fines.status' in 'field list'")

The above exception was the direct cause of the following exception:

Traceback (most recent call last):
  File "C:\Users\athar\OneDrive\Desktop\TY - Sem 1\EDI\venv\Lib\site-packages\django\core\handlers\exception.py", line 55, in inner
    response = get_response(request)
               ^^^^^^^^^^^^^^^^^^^^^
  File "C:\Users\athar\OneDrive\Desktop\TY - Sem 1\EDI\venv\Lib\site-packages\django\core\handlers\base.py", line 220, in _get_response
    response = response.render()
               ^^^^^^^^^^^^^^^^^
  File "C:\Users\athar\OneDrive\Desktop\TY - Sem 1\EDI\venv\Lib\site-packages\django\template\response.py", line 114, in render
    self.content = self.rendered_content
                   ^^^^^^^^^^^^^^^^^^^^^
  File "C:\Users\athar\OneDrive\Desktop\TY - Sem 1\EDI\venv\Lib\site-packages\django\template\response.py", line 92, in rendered_content
    return template.render(context, self._request)
           ^^^^^^^^^^^^^^^^^^^^^^^^^^^^^^^^^^^^^^^
  File "C:\Users\athar\OneDrive\Desktop\TY - Sem 1\EDI\venv\Lib\site-packages\django\template\backends\django.py", line 61, in render
    return self.template.render(context)
           ^^^^^^^^^^^^^^^^^^^^^^^^^^^^^
  File "C:\Users\athar\OneDrive\Desktop\TY - Sem 1\EDI\venv\Lib\site-packages\django\template\base.py", line 175, in render
    return self._render(context)
           ^^^^^^^^^^^^^^^^^^^^^
  File "C:\Users\athar\OneDrive\Desktop\TY - Sem 1\EDI\venv\Lib\site-packages\django\template\base.py", line 167, in _render
    return self.nodelist.render(context)
           ^^^^^^^^^^^^^^^^^^^^^^^^^^^^^
  File "C:\Users\athar\OneDrive\Desktop\TY - Sem 1\EDI\venv\Lib\site-packages\django\template\base.py", line 1005, in render
    return SafeString("".join([node.render_annotated(context) for node in self]))
                              ^^^^^^^^^^^^^^^^^^^^^^^^^^^^^^^^^^^^^^^^^^^^^^^^^
  File "C:\Users\athar\OneDrive\Desktop\TY - Sem 1\EDI\venv\Lib\site-packages\django\template\base.py", line 1005, in <listcomp>
    return SafeString("".join([node.render_annotated(context) for node in self]))
                               ^^^^^^^^^^^^^^^^^^^^^^^^^^^^^^
  File "C:\Users\athar\OneDrive\Desktop\TY - Sem 1\EDI\venv\Lib\site-packages\django\template\base.py", line 966, in render_annotated
    return self.render(context)
           ^^^^^^^^^^^^^^^^^^^^
  File "C:\Users\athar\OneDrive\Desktop\TY - Sem 1\EDI\venv\Lib\site-packages\django\template\loader_tags.py", line 157, in render
    return compiled_parent._render(context)
           ^^^^^^^^^^^^^^^^^^^^^^^^^^^^^^^^
  File "C:\Users\athar\OneDrive\Desktop\TY - Sem 1\EDI\venv\Lib\site-packages\django\template\base.py", line 167, in _render
    return self.nodelist.render(context)
           ^^^^^^^^^^^^^^^^^^^^^^^^^^^^^
  File "C:\Users\athar\OneDrive\Desktop\TY - Sem 1\EDI\venv\Lib\site-packages\django\template\base.py", line 1005, in render
    return SafeString("".join([node.render_annotated(context) for node in self]))
                              ^^^^^^^^^^^^^^^^^^^^^^^^^^^^^^^^^^^^^^^^^^^^^^^^^
  File "C:\Users\athar\OneDrive\Desktop\TY - Sem 1\EDI\venv\Lib\site-packages\django\template\base.py", line 1005, in <listcomp>
    return SafeString("".join([node.render_annotated(context) for node in self]))
                               ^^^^^^^^^^^^^^^^^^^^^^^^^^^^^^
  File "C:\Users\athar\OneDrive\Desktop\TY - Sem 1\EDI\venv\Lib\site-packages\django\template\base.py", line 966, in render_annotated
    return self.render(context)
           ^^^^^^^^^^^^^^^^^^^^
  File "C:\Users\athar\OneDrive\Desktop\TY - Sem 1\EDI\venv\Lib\site-packages\django\template\loader_tags.py", line 63, in render
    result = block.nodelist.render(context)
             ^^^^^^^^^^^^^^^^^^^^^^^^^^^^^^
  File "C:\Users\athar\OneDrive\Desktop\TY - Sem 1\EDI\venv\Lib\site-packages\django\template\base.py", line 1005, in render
    return SafeString("".join([node.render_annotated(context) for node in self]))
                              ^^^^^^^^^^^^^^^^^^^^^^^^^^^^^^^^^^^^^^^^^^^^^^^^^
  File "C:\Users\athar\OneDrive\Desktop\TY - Sem 1\EDI\venv\Lib\site-packages\django\template\base.py", line 1005, in <listcomp>
    return SafeString("".join([node.render_annotated(context) for node in self]))
                               ^^^^^^^^^^^^^^^^^^^^^^^^^^^^^^
  File "C:\Users\athar\OneDrive\Desktop\TY - Sem 1\EDI\venv\Lib\site-packages\django\template\base.py", line 966, in render_annotated
    return self.render(context)
           ^^^^^^^^^^^^^^^^^^^^
  File "C:\Users\athar\OneDrive\Desktop\TY - Sem 1\EDI\venv\Lib\site-packages\django\template\defaulttags.py", line 194, in render
    len_values = len(values)
                 ^^^^^^^^^^^
  File "C:\Users\athar\OneDrive\Desktop\TY - Sem 1\EDI\venv\Lib\site-packages\django\db\models\query.py", line 380, in __len__
    self._fetch_all()
  File "C:\Users\athar\OneDrive\Desktop\TY - Sem 1\EDI\venv\Lib\site-packages\django\db\models\query.py", line 1881, in _fetch_all
    self._result_cache = list(self._iterable_class(self))
                         ^^^^^^^^^^^^^^^^^^^^^^^^^^^^^^^^
  File "C:\Users\athar\OneDrive\Desktop\TY - Sem 1\EDI\venv\Lib\site-packages\django\db\models\query.py", line 91, in __iter__
    results = compiler.execute_sql(
              ^^^^^^^^^^^^^^^^^^^^^
  File "C:\Users\athar\OneDrive\Desktop\TY - Sem 1\EDI\venv\Lib\site-packages\django\db\models\sql\compiler.py", line 1562, in execute_sql
    cursor.execute(sql, params)
  File "C:\Users\athar\OneDrive\Desktop\TY - Sem 1\EDI\venv\Lib\site-packages\django\db\backends\utils.py", line 102, in execute
    return super().execute(sql, params)
           ^^^^^^^^^^^^^^^^^^^^^^^^^^^^
  File "C:\Users\athar\OneDrive\Desktop\TY - Sem 1\EDI\venv\Lib\site-packages\django\db\backends\utils.py", line 67, in execute
    return self._execute_with_wrappers(
           ^^^^^^^^^^^^^^^^^^^^^^^^^^^^
  File "C:\Users\athar\OneDrive\Desktop\TY - Sem 1\EDI\venv\Lib\site-packages\django\db\backends\utils.py", line 80, in _execute_with_wrappers
    return executor(sql, params, many, context)
           ^^^^^^^^^^^^^^^^^^^^^^^^^^^^^^^^^^^^
  File "C:\Users\athar\OneDrive\Desktop\TY - Sem 1\EDI\venv\Lib\site-packages\django\db\backends\utils.py", line 84, in _execute
    with self.db.wrap_database_errors:
  File "C:\Users\athar\OneDrive\Desktop\TY - Sem 1\EDI\venv\Lib\site-packages\django\db\utils.py", line 91, in __exit__
    raise dj_exc_value.with_traceback(traceback) from exc_value
  File "C:\Users\athar\OneDrive\Desktop\TY - Sem 1\EDI\venv\Lib\site-packages\django\db\backends\utils.py", line 89, in _execute
    return self.cursor.execute(sql, params)
           ^^^^^^^^^^^^^^^^^^^^^^^^^^^^^^^^
  File "C:\Users\athar\OneDrive\Desktop\TY - Sem 1\EDI\venv\Lib\site-packages\django\db\backends\mysql\base.py", line 75, in execute
    return self.cursor.execute(query, args)
           ^^^^^^^^^^^^^^^^^^^^^^^^^^^^^^^^
  File "C:\Users\athar\OneDrive\Desktop\TY - Sem 1\EDI\venv\Lib\site-packages\MySQLdb\cursors.py", line 179, in execute
    res = self._query(mogrified_query)
          ^^^^^^^^^^^^^^^^^^^^^^^^^^^^
  File "C:\Users\athar\OneDrive\Desktop\TY - Sem 1\EDI\venv\Lib\site-packages\MySQLdb\cursors.py", line 330, in _query
    db.query(q)
  File "C:\Users\athar\OneDrive\Desktop\TY - Sem 1\EDI\venv\Lib\site-packages\MySQLdb\connections.py", line 280, in query
    _mysql.connection.query(self, query)
django.db.utils.OperationalError: (1054, "Unknown column 'Fines.status' in 'field list'")
"GET / HTTP/1.1" 500 245891
"GET /favicon.ico HTTP/1.1" 302 0
"GET /static/img/favicon.ico HTTP/1.1" 404 1905
C:\Users\athar\OneDrive\Desktop\TY - Sem 1\EDI\parking-system\dashboard\parking_app\models.py changed, reloading.
Watching for file changes with StatReloader
C:\Users\athar\OneDrive\Desktop\TY - Sem 1\EDI\parking-system\dashboard\core\urls.py changed, reloading.
Watching for file changes with StatReloader
C:\Users\athar\OneDrive\Desktop\TY - Sem 1\EDI\parking-system\dashboard\parking_app\urls.py changed, reloading.
Watching for file changes with StatReloader
C:\Users\athar\OneDrive\Desktop\TY - Sem 1\EDI\parking-system\dashboard\parking_app\views.py changed, reloading.
Watching for file changes with StatReloader
C:\Users\athar\OneDrive\Desktop\TY - Sem 1\EDI\parking-system\dashboard\parking_app\models.py changed, reloading.
Watching for file changes with StatReloader
C:\Users\athar\OneDrive\Desktop\TY - Sem 1\EDI\parking-system\dashboard\parking_app\views.py changed, reloading.
Watching for file changes with StatReloader
Watching for file changes with StatReloader
Not Found: /farmer/dashboard/
"GET /farmer/dashboard/ HTTP/1.1" 404 3885
"GET /favicon.ico HTTP/1.1" 302 0
"GET /static/img/favicon.ico HTTP/1.1" 404 1905
"GET / HTTP/1.1" 200 15877
"GET /static/css/dashboard.css HTTP/1.1" 200 10524
"GET /static/js/dashboard.js HTTP/1.1" 200 16405
Not Found: /ws/dashboard/
"GET /ws/dashboard/ HTTP/1.1" 404 3873
Not Found: /ws/dashboard/
"GET /ws/dashboard/ HTTP/1.1" 404 3873
"GET /realtime/ HTTP/1.1" 200 23538
Not Found: /api/video-feed/
"GET /api/video-feed/ HTTP/1.1" 404 9371
Not Found: /api/parking-slots/
"GET /api/realtime/stats/ HTTP/1.1" 200 170
"GET /api/parking-slots/ HTTP/1.1" 404 9380
Not Found: /ws/realtime/
"GET /ws/realtime/ HTTP/1.1" 404 3870
"GET /analytics/ HTTP/1.1" 200 24633
"GET /api/analytics/?range=today HTTP/1.1" 200 161
"GET /api/analytics/?range=week HTTP/1.1" 200 161
"GET /api/analytics/?range=month HTTP/1.1" 200 161
"GET /api/analytics/?from_date=2025-09-08&to_date=2025-09-30 HTTP/1.1" 200 161
"GET /api/analytics/?from_date=2025-09-08&to_date=2025-09-30 HTTP/1.1" 200 161
"GET /api/analytics/?from_date=2025-09-08&to_date=2025-09-30 HTTP/1.1" 200 161
"GET /api/analytics/?from_date=2025-09-08&to_date=2025-09-30 HTTP/1.1" 200 161
"GET /api/analytics/?from_date=2025-09-08&to_date=2025-09-30 HTTP/1.1" 200 161
Watching for file changes with StatReloader
"GET /api/analytics/?range=custom HTTP/1.1" 200 161
C:\Users\athar\OneDrive\Desktop\TY - Sem 1\EDI\parking-system\dashboard\parking_app\views.py changed, reloading.
C:\Users\athar\OneDrive\Desktop\TY - Sem 1\EDI\parking-system\dashboard\parking_app\views.py changed, reloading.
Watching for file changes with StatReloader
Watching for file changes with StatReloader
C:\Users\athar\OneDrive\Desktop\TY - Sem 1\EDI\parking-system\dashboard\parking_app\views.py changed, reloading.
C:\Users\athar\OneDrive\Desktop\TY - Sem 1\EDI\parking-system\dashboard\parking_app\views.py changed, reloading.
Watching for file changes with StatReloader
Watching for file changes with StatReloader
"GET /api/analytics/?range=custom HTTP/1.1" 200 161
"GET /api/analytics/?range=custom HTTP/1.1" 200 161
"GET /api/analytics/?range=custom HTTP/1.1" 200 161
C:\Users\athar\OneDrive\Desktop\TY - Sem 1\EDI\parking-system\dashboard\parking_app\views.py changed, reloading.
Watching for file changes with StatReloader
C:\Users\athar\OneDrive\Desktop\TY - Sem 1\EDI\parking-system\dashboard\parking_app\views.py changed, reloading.
Watching for file changes with StatReloader
"GET /analytics/ HTTP/1.1" 200 24633
"GET /static/css/dashboard.css HTTP/1.1" 200 24041
"GET /static/js/dashboard.js HTTP/1.1" 304 0
"GET /api/analytics/?range=today HTTP/1.1" 200 161
"GET / HTTP/1.1" 200 29788
"GET /static/css/dashboard.css HTTP/1.1" 304 0
"GET /api/realtime/stats/ HTTP/1.1" 200 170
"GET /api/realtime/stats/ HTTP/1.1" 200 170
"GET /api/realtime/stats/ HTTP/1.1" 200 170
"GET /analytics HTTP/1.1" 301 0
"GET /analytics/ HTTP/1.1" 200 24633
"GET /static/css/dashboard.css HTTP/1.1" 304 0
"GET /api/analytics/?range=today HTTP/1.1" 200 161
"GET / HTTP/1.1" 200 29788
"GET /realtime HTTP/1.1" 301 0
"GET /realtime/ HTTP/1.1" 200 28818
"GET /static/css/dashboard.css HTTP/1.1" 304 0
"GET / HTTP/1.1" 200 29788
"GET /static/css/dashboard.css HTTP/1.1" 304 0
"GET / HTTP/1.1" 200 29788
Not Found: /reports
"GET /reports HTTP/1.1" 404 3855
"GET /analytics/ HTTP/1.1" 200 24633
"GET /static/css/dashboard.css HTTP/1.1" 304 0
"GET /api/analytics/?range=today HTTP/1.1" 200 161
"GET /api/realtime/stats/ HTTP/1.1" 200 170
"GET /api/realtime/stats/ HTTP/1.1" 200 170
"GET /api/realtime/stats/ HTTP/1.1" 200 170
"GET /api/realtime/stats/ HTTP/1.1" 200 170
"GET /api/realtime/stats/ HTTP/1.1" 200 170
"GET /api/realtime/stats/ HTTP/1.1" 200 170
"GET /api/realtime/stats/ HTTP/1.1" 200 170
"GET /api/realtime/stats/ HTTP/1.1" 200 170
"GET / HTTP/1.1" 200 29788
"GET /static/css/dashboard.css HTTP/1.1" 304 0
"GET /realtime/ HTTP/1.1" 200 28818
Not Found: /.well-known/appspecific/com.chrome.devtools.json
"GET /.well-known/appspecific/com.chrome.devtools.json HTTP/1.1" 404 3978
"GET /api/realtime/stats/ HTTP/1.1" 200 170
"GET /api/realtime/stats/ HTTP/1.1" 200 170
"GET /api/realtime/stats/ HTTP/1.1" 200 170
"GET /api/realtime/stats/ HTTP/1.1" 200 170
"GET /api/realtime/stats/ HTTP/1.1" 200 170
"GET /api/realtime/stats/ HTTP/1.1" 200 170
"GET /api/realtime/stats/ HTTP/1.1" 200 170
"GET /api/realtime/stats/ HTTP/1.1" 200 170
"GET /api/realtime/stats/ HTTP/1.1" 200 170
"GET /api/realtime/stats/ HTTP/1.1" 200 170
"GET /api/realtime/stats/ HTTP/1.1" 200 170
Not Found: /api/dashboard/stats/
"GET /api/dashboard/stats/ HTTP/1.1" 404 9386
"GET /api/realtime/stats/ HTTP/1.1" 200 170
"GET /api/realtime/stats/ HTTP/1.1" 200 170
"GET /api/realtime/stats/ HTTP/1.1" 200 170
"GET /api/realtime/stats/ HTTP/1.1" 200 170
"GET /api/realtime/stats/ HTTP/1.1" 200 170
"GET /api/realtime/stats/ HTTP/1.1" 200 170
"GET / HTTP/1.1" 200 29788
"GET /static/css/dashboard.css HTTP/1.1" 304 0
"GET /api/realtime/stats/ HTTP/1.1" 200 170
"GET /api/realtime/stats/ HTTP/1.1" 200 170
"GET /api/realtime/stats/ HTTP/1.1" 200 170
Watching for file changes with StatReloader
"GET /api/realtime/stats/ HTTP/1.1" 200 170
Not Found: /api/dashboard/stats/
"GET /api/dashboard/stats/ HTTP/1.1" 404 9386
"GET /api/realtime/stats/ HTTP/1.1" 200 170
Not Found: /api/dashboard/stats/
"GET /api/dashboard/stats/ HTTP/1.1" 404 9386
"GET /api/realtime/stats/ HTTP/1.1" 200 170
Not Found: /api/dashboard/stats/
"GET /api/dashboard/stats/ HTTP/1.1" 404 9386
"GET /api/realtime/stats/ HTTP/1.1" 200 170
Not Found: /api/dashboard/stats/
"GET /api/dashboard/stats/ HTTP/1.1" 404 9386
"GET /api/realtime/stats/ HTTP/1.1" 200 170
Not Found: /api/dashboard/stats/
"GET /api/dashboard/stats/ HTTP/1.1" 404 9386
"GET /api/realtime/stats/ HTTP/1.1" 200 170
"GET /api/realtime/stats/ HTTP/1.1" 200 170
"GET /api/realtime/stats/ HTTP/1.1" 200 170
"GET / HTTP/1.1" 200 30031
"GET /static/js/dashboard.js HTTP/1.1" 304 0
"GET /static/css/dashboard.css HTTP/1.1" 200 36984
"GET / HTTP/1.1" 200 30031
"GET /static/css/dashboard.css HTTP/1.1" 304 0
"GET / HTTP/1.1" 200 30031
Not Found: /api/dashboard/stats/
"GET /api/dashboard/stats/ HTTP/1.1" 404 9386
"GET /api/realtime/stats/ HTTP/1.1" 200 170
Not Found: /api/dashboard/stats/
"GET /api/dashboard/stats/ HTTP/1.1" 404 9386
"GET /api/realtime/stats/ HTTP/1.1" 200 170
Not Found: /api/dashboard/stats/
"GET /api/realtime/stats/ HTTP/1.1" 200 170
"GET /api/dashboard/stats/ HTTP/1.1" 404 9386
"GET /api/realtime/stats/ HTTP/1.1" 200 170
Not Found: /api/dashboard/stats/
"GET /api/dashboard/stats/ HTTP/1.1" 404 9386
Watching for file changes with StatReloader
"GET / HTTP/1.1" 200 33906
"GET /static/js/dashboard.js HTTP/1.1" 200 16405
"GET /static/css/dashboard.css HTTP/1.1" 200 31591
"GET /api/realtime/stats/ HTTP/1.1" 200 170
"GET /api/realtime/stats/ HTTP/1.1" 200 170
"GET /api/realtime/stats/ HTTP/1.1" 200 170
"GET / HTTP/1.1" 200 33906
"GET /static/css/dashboard.css HTTP/1.1" 304 0
"GET /realtime HTTP/1.1" 301 0
"GET /realtime/ HTTP/1.1" 200 30601
"GET /analytics HTTP/1.1" 301 0
"GET /analytics/ HTTP/1.1" 200 24633
"GET /api/analytics/?range=today HTTP/1.1" 200 161
"GET /api/analytics/?range=week HTTP/1.1" 200 161
"GET /api/analytics/?range=month HTTP/1.1" 200 161
"GET /api/analytics/?range=week HTTP/1.1" 200 161
"GET /api/analytics/?range=today HTTP/1.1" 200 161
"GET /api/realtime/stats/ HTTP/1.1" 200 170
"GET / HTTP/1.1" 200 33906
"GET /static/css/dashboard.css HTTP/1.1" 304 0
"GET /api/realtime/stats/ HTTP/1.1" 200 170
"GET /api/realtime/stats/ HTTP/1.1" 200 170
"GET /api/realtime/stats/ HTTP/1.1" 200 170
"GET /api/realtime/stats/ HTTP/1.1" 200 170
Watching for file changes with StatReloader
"GET / HTTP/1.1" 200 36906
"GET /static/css/dashboard.css HTTP/1.1" 200 34684
"GET / HTTP/1.1" 200 36906
"GET /static/css/dashboard.css HTTP/1.1" 304 0
"GET / HTTP/1.1" 200 36906
"GET / HTTP/1.1" 200 36906
"GET /static/css/dashboard.css HTTP/1.1" 304 0
"GET / HTTP/1.1" 200 36906
"GET / HTTP/1.1" 200 36906
"GET /api/realtime/stats/ HTTP/1.1" 200 170
"GET /static/css/dashboard.css HTTP/1.1" 304 0
Not Found: /.well-known/appspecific/com.chrome.devtools.json
"GET /.well-known/appspecific/com.chrome.devtools.json HTTP/1.1" 404 3978
"GET /api/realtime/stats/ HTTP/1.1" 200 170
"GET /api/realtime/stats/ HTTP/1.1" 200 170
"GET /api/realtime/stats/ HTTP/1.1" 200 170
"GET / HTTP/1.1" 200 36906
"GET /static/css/dashboard.css HTTP/1.1" 304 0
"GET / HTTP/1.1" 200 36906
"GET /api/realtime/stats/ HTTP/1.1" 200 170
"GET /api/realtime/stats/ HTTP/1.1" 200 170
Watching for file changes with StatReloader
"GET / HTTP/1.1" 200 36906
"GET /static/css/dashboard.css HTTP/1.1" 200 36550
"GET /api/realtime/stats/ HTTP/1.1" 200 170
"GET /api/realtime/stats/ HTTP/1.1" 200 170
"GET /realtime/ HTTP/1.1" 200 33601
"GET /static/css/dashboard.css HTTP/1.1" 304 0
"GET / HTTP/1.1" 200 36906
"GET /static/css/dashboard.css HTTP/1.1" 304 0
"GET /analytics/ HTTP/1.1" 200 24633
"GET /static/js/dashboard.js HTTP/1.1" 304 0
"GET /api/analytics/?range=today HTTP/1.1" 200 161
Not Found: /reports
"GET /reports HTTP/1.1" 404 3855
Not Found: /settings
"GET /settings HTTP/1.1" 404 3858
Watching for file changes with StatReloader
"GET / HTTP/1.1" 200 36906
"GET /static/css/dashboard.css HTTP/1.1" 304 0
"GET /static/js/dashboard.js HTTP/1.1" 304 0
"GET /favicon.ico HTTP/1.1" 302 0
"GET /static/img/favicon.ico HTTP/1.1" 404 1905
"GET /api/realtime/stats/ HTTP/1.1" 200 170
"GET /api/realtime/stats/ HTTP/1.1" 200 170
"GET /api/realtime/stats/ HTTP/1.1" 200 170
"GET /api/realtime/stats/ HTTP/1.1" 200 170
"GET /api/realtime/stats/ HTTP/1.1" 200 170
"GET /api/realtime/stats/ HTTP/1.1" 200 170
"GET /api/realtime/stats/ HTTP/1.1" 200 170
"GET /api/realtime/stats/ HTTP/1.1" 200 170
"GET /api/realtime/stats/ HTTP/1.1" 200 170
"GET /api/realtime/stats/ HTTP/1.1" 200 170
"GET /api/realtime/stats/ HTTP/1.1" 200 170
"GET /api/realtime/stats/ HTTP/1.1" 200 170
Not Found: /api/dashboard/stats/
"GET /api/dashboard/stats/ HTTP/1.1" 404 9386
"GET / HTTP/1.1" 200 37018
"GET /realtime/ HTTP/1.1" 200 33601
"GET /analytics/ HTTP/1.1" 200 24633
"GET /api/analytics/?range=today HTTP/1.1" 200 161
Not Found: /api/analytics/export/
"GET /api/analytics/export/?format=csv&types=sessions%2Crevenue&range=today HTTP/1.1" 404 9445
"GET /api/realtime/stats/ HTTP/1.1" 200 170
"GET / HTTP/1.1" 200 39542
Not Found: /reports
"GET /reports HTTP/1.1" 404 3855
"GET /analytics/ HTTP/1.1" 200 24633
"GET /api/analytics/?range=today HTTP/1.1" 200 161
"GET /realtime/ HTTP/1.1" 200 33601
Watching for file changes with StatReloader
"GET /api/realtime/stats/ HTTP/1.1" 200 170
Not Found: /api/dashboard/stats/
"GET /api/dashboard/stats/ HTTP/1.1" 404 9386
"GET / HTTP/1.1" 200 39542
Not Found: /api/dashboard/stats/
"GET /api/dashboard/stats/ HTTP/1.1" 404 9386
"GET /api/realtime/stats/ HTTP/1.1" 200 170
"GET /api/realtime/stats/ HTTP/1.1" 200 170
Watching for file changes with StatReloader
"GET /api/realtime/stats/ HTTP/1.1" 200 170
Not Found: /api/dashboard/stats/
"GET /api/dashboard/stats/ HTTP/1.1" 404 9386
"GET /api/realtime/stats/ HTTP/1.1" 200 170
Not Found: /api/dashboard/stats/
"GET /api/dashboard/stats/ HTTP/1.1" 404 9386
"GET /api/realtime/stats/ HTTP/1.1" 200 170
Not Found: /api/dashboard/stats/
"GET /api/dashboard/stats/ HTTP/1.1" 404 9386
Not Found: /api/dashboard/stats/
"GET /api/dashboard/stats/ HTTP/1.1" 404 9386
"GET /api/realtime/stats/ HTTP/1.1" 200 170
"GET /api/realtime/stats/ HTTP/1.1" 200 170
Not Found: /api/dashboard/stats/
"GET /api/dashboard/stats/ HTTP/1.1" 404 9386
"GET /api/realtime/stats/ HTTP/1.1" 200 170
Not Found: /api/dashboard/stats/
"GET /api/dashboard/stats/ HTTP/1.1" 404 9386
"GET / HTTP/1.1" 200 39533
"GET / HTTP/1.1" 200 39533
"GET /api/realtime/stats/ HTTP/1.1" 200 170
"GET /api/realtime/stats/ HTTP/1.1" 200 170
Watching for file changes with StatReloader
"GET /api/realtime/stats/ HTTP/1.1" 200 170
Not Found: /api/dashboard/stats/
"GET /api/dashboard/stats/ HTTP/1.1" 404 9386
"GET /api/realtime/stats/ HTTP/1.1" 200 170
Not Found: /api/dashboard/stats/
"GET /api/dashboard/stats/ HTTP/1.1" 404 9386
"GET /api/realtime/stats/ HTTP/1.1" 200 170
Not Found: /api/dashboard/stats/
"GET /api/dashboard/stats/ HTTP/1.1" 404 9386
"GET /api/realtime/stats/ HTTP/1.1" 200 170
Not Found: /api/dashboard/stats/
"GET /api/dashboard/stats/ HTTP/1.1" 404 9386
"GET /api/realtime/stats/ HTTP/1.1" 200 170
Not Found: /api/dashboard/stats/
"GET /api/dashboard/stats/ HTTP/1.1" 404 9386
"GET /api/realtime/stats/ HTTP/1.1" 200 170
Not Found: /api/dashboard/stats/
"GET /api/dashboard/stats/ HTTP/1.1" 404 9386
"GET /api/realtime/stats/ HTTP/1.1" 200 170
Not Found: /api/dashboard/stats/
"GET /api/dashboard/stats/ HTTP/1.1" 404 9386
"GET / HTTP/1.1" 200 39533
"GET / HTTP/1.1" 200 39533
"GET / HTTP/1.1" 200 39533
"GET / HTTP/1.1" 200 39533
Watching for file changes with StatReloader
"GET / HTTP/1.1" 200 39533
"GET / HTTP/1.1" 200 39533
"GET /static/js/dashboard.js HTTP/1.1" 304 0
"GET /static/css/dashboard.css HTTP/1.1" 200 39125
"GET /favicon.ico HTTP/1.1" 302 0
"GET /static/img/favicon.ico HTTP/1.1" 404 1905
"GET /api/realtime/stats/ HTTP/1.1" 200 170
"GET /api/realtime/stats/ HTTP/1.1" 200 170
Watching for file changes with StatReloader
"GET / HTTP/1.1" 200 39533
"GET /static/css/dashboard.css HTTP/1.1" 304 0
"GET /favicon.ico HTTP/1.1" 302 0
"GET /static/img/favicon.ico HTTP/1.1" 404 1905
"GET /api/realtime/stats/ HTTP/1.1" 200 170
"GET /api/realtime/stats/ HTTP/1.1" 200 170
"GET / HTTP/1.1" 200 39533
"GET / HTTP/1.1" 200 39533
"GET /api/realtime/stats/ HTTP/1.1" 200 170
Not Found: /api/dashboard/stats/
"GET /api/dashboard/stats/ HTTP/1.1" 404 9386
"GET / HTTP/1.1" 200 36410
"GET /api/realtime/stats/ HTTP/1.1" 200 170
"GET / HTTP/1.1" 200 36410
"GET /api/realtime/stats/ HTTP/1.1" 200 170
"GET /api/realtime/stats/ HTTP/1.1" 200 170
"GET /api/realtime/stats/ HTTP/1.1" 200 170
"GET /api/realtime/stats/ HTTP/1.1" 200 170
"GET /api/realtime/stats/ HTTP/1.1" 200 170
"GET /api/realtime/stats/ HTTP/1.1" 200 170
"GET /api/realtime/stats/ HTTP/1.1" 200 170
"GET /api/realtime/stats/ HTTP/1.1" 200 170
"GET /api/realtime/stats/ HTTP/1.1" 200 170
"GET /api/realtime/stats/ HTTP/1.1" 200 170
"GET /api/realtime/stats/ HTTP/1.1" 200 170
"GET /api/realtime/stats/ HTTP/1.1" 200 170
"GET /api/realtime/stats/ HTTP/1.1" 200 170
"GET /api/realtime/stats/ HTTP/1.1" 200 170
"GET /api/realtime/stats/ HTTP/1.1" 200 170
"GET /api/realtime/stats/ HTTP/1.1" 200 170
"GET / HTTP/1.1" 200 36410
"GET / HTTP/1.1" 200 36447
Watching for file changes with StatReloader
"GET /api/realtime/stats/ HTTP/1.1" 200 170
Not Found: /api/dashboard/stats/
"GET /api/dashboard/stats/ HTTP/1.1" 404 9386
"GET /api/realtime/stats/ HTTP/1.1" 200 170
Not Found: /api/dashboard/stats/
"GET /api/dashboard/stats/ HTTP/1.1" 404 9386
"GET /api/realtime/stats/ HTTP/1.1" 200 170
Not Found: /api/dashboard/stats/
"GET /api/dashboard/stats/ HTTP/1.1" 404 9386
"GET /api/realtime/stats/ HTTP/1.1" 200 170
Not Found: /api/dashboard/stats/
"GET /api/dashboard/stats/ HTTP/1.1" 404 9386
"GET /api/realtime/stats/ HTTP/1.1" 200 170
Not Found: /api/dashboard/stats/
"GET /api/dashboard/stats/ HTTP/1.1" 404 9386
"GET /api/realtime/stats/ HTTP/1.1" 200 170
"GET / HTTP/1.1" 200 36994
"GET /static/css/dashboard.css HTTP/1.1" 200 42104
"GET / HTTP/1.1" 200 36994
"GET /api/realtime/stats/ HTTP/1.1" 200 170
"GET /api/realtime/stats/ HTTP/1.1" 200 170
"GET /api/realtime/stats/ HTTP/1.1" 200 170
"GET /api/realtime/stats/ HTTP/1.1" 200 170
"GET / HTTP/1.1" 200 35813
"GET /static/css/dashboard.css HTTP/1.1" 304 0
"GET / HTTP/1.1" 200 35813
Watching for file changes with StatReloader
"GET / HTTP/1.1" 200 35813
"GET /static/css/dashboard.css HTTP/1.1" 200 46483
"GET /static/css/dashboard.css HTTP/1.1" 304 0
Not Found: /.well-known/appspecific/com.chrome.devtools.json
"GET /.well-known/appspecific/com.chrome.devtools.json HTTP/1.1" 404 3978
"GET /api/realtime/stats/ HTTP/1.1" 200 170
"GET /api/realtime/stats/ HTTP/1.1" 200 170
"GET /api/realtime/stats/ HTTP/1.1" 200 170
"GET /api/realtime/stats/ HTTP/1.1" 200 170
"GET /api/realtime/stats/ HTTP/1.1" 200 170
Not Found: /api/dashboard/stats/
"GET /api/realtime/stats/ HTTP/1.1" 200 170
"GET /api/dashboard/stats/ HTTP/1.1" 404 9386
"GET /api/realtime/stats/ HTTP/1.1" 200 170
"GET /api/realtime/stats/ HTTP/1.1" 200 170
"GET /api/realtime/stats/ HTTP/1.1" 200 170
"GET / HTTP/1.1" 200 35813
"GET /static/css/dashboard.css HTTP/1.1" 304 0
Not Found: /.well-known/appspecific/com.chrome.devtools.json
"GET /.well-known/appspecific/com.chrome.devtools.json HTTP/1.1" 404 3978
"GET / HTTP/1.1" 200 35813
Not Found: /.well-known/appspecific/com.chrome.devtools.json
"GET /.well-known/appspecific/com.chrome.devtools.json HTTP/1.1" 404 3978
"GET / HTTP/1.1" 200 35813
"GET /static/css/dashboard.css HTTP/1.1" 304 0
Watching for file changes with StatReloader
"GET / HTTP/1.1" 200 44060
"GET /static/css/dashboard.css HTTP/1.1" 304 0
"GET /api/realtime/stats/ HTTP/1.1" 200 170
Watching for file changes with StatReloader
"GET /api/realtime/stats/ HTTP/1.1" 200 170
Not Found: /api/dashboard/stats/
"GET /api/dashboard/stats/ HTTP/1.1" 404 9386
"GET /api/realtime/stats/ HTTP/1.1" 200 170
Not Found: /api/dashboard/stats/
"GET /api/dashboard/stats/ HTTP/1.1" 404 9386
"GET /api/realtime/stats/ HTTP/1.1" 200 170
Not Found: /api/dashboard/stats/
"GET /api/dashboard/stats/ HTTP/1.1" 404 9386
"GET /api/realtime/stats/ HTTP/1.1" 200 170
Not Found: /api/dashboard/stats/
"GET /api/dashboard/stats/ HTTP/1.1" 404 9386
"GET /api/realtime/stats/ HTTP/1.1" 200 170
Not Found: /api/dashboard/stats/
"GET /api/dashboard/stats/ HTTP/1.1" 404 9386
"GET / HTTP/1.1" 200 44078
"GET /static/css/dashboard.css HTTP/1.1" 304 0
"GET /static/js/dashboard.js HTTP/1.1" 304 0
"GET / HTTP/1.1" 200 44078
"GET / HTTP/1.1" 200 44078
"GET / HTTP/1.1" 200 44078
"GET /api/realtime/stats/ HTTP/1.1" 200 170
Not Found: /api/dashboard/stats/
"GET /api/dashboard/stats/ HTTP/1.1" 404 9386
"GET /api/realtime/stats/ HTTP/1.1" 200 170
Not Found: /api/dashboard/stats/
"GET /api/dashboard/stats/ HTTP/1.1" 404 9386
"GET /api/realtime/stats/ HTTP/1.1" 200 170
Not Found: /api/dashboard/stats/
"GET /api/dashboard/stats/ HTTP/1.1" 404 9386
"GET / HTTP/1.1" 200 44078
"GET /api/realtime/stats/ HTTP/1.1" 200 170
"GET /api/realtime/stats/ HTTP/1.1" 200 170
Not Found: /api/dashboard/stats/
"GET /api/dashboard/stats/ HTTP/1.1" 404 9386
"GET /api/realtime/stats/ HTTP/1.1" 200 170
Not Found: /api/dashboard/stats/
"GET /api/dashboard/stats/ HTTP/1.1" 404 9386
"GET /api/realtime/stats/ HTTP/1.1" 200 170
Not Found: /api/dashboard/stats/
"GET /api/dashboard/stats/ HTTP/1.1" 404 9386
"GET /api/realtime/stats/ HTTP/1.1" 200 170
Not Found: /api/dashboard/stats/
"GET /api/dashboard/stats/ HTTP/1.1" 404 9386
"GET /api/realtime/stats/ HTTP/1.1" 200 170
Not Found: /api/dashboard/stats/
"GET /api/dashboard/stats/ HTTP/1.1" 404 9386
"GET /api/realtime/stats/ HTTP/1.1" 200 170
Not Found: /api/dashboard/stats/
"GET /api/dashboard/stats/ HTTP/1.1" 404 9386
Watching for file changes with StatReloader
"GET / HTTP/1.1" 200 43928
"GET / HTTP/1.1" 200 43928
"GET / HTTP/1.1" 200 43928
"GET / HTTP/1.1" 200 43928
"GET / HTTP/1.1" 200 43928
"GET /api/realtime/stats/ HTTP/1.1" 200 170
Not Found: /api/dashboard/stats/
"GET /api/dashboard/stats/ HTTP/1.1" 404 9386
"GET /api/realtime/stats/ HTTP/1.1" 200 170
Not Found: /api/dashboard/stats/
"GET /api/dashboard/stats/ HTTP/1.1" 404 9386
"GET /api/realtime/stats/ HTTP/1.1" 200 170
Not Found: /api/dashboard/stats/
"GET /api/dashboard/stats/ HTTP/1.1" 404 9386
"GET / HTTP/1.1" 200 43928
"GET /static/css/dashboard.css HTTP/1.1" 304 0
"GET / HTTP/1.1" 200 43928
"GET / HTTP/1.1" 200 43928
"GET / HTTP/1.1" 200 43928
"GET /api/realtime/stats/ HTTP/1.1" 200 170
"GET /api/realtime/stats/ HTTP/1.1" 200 170
"GET / HTTP/1.1" 200 43891
"GET / HTTP/1.1" 200 43891
"GET / HTTP/1.1" 200 43891
"GET / HTTP/1.1" 200 43854
"GET / HTTP/1.1" 200 43820
"GET /api/realtime/stats/ HTTP/1.1" 200 170
Not Found: /api/dashboard/stats/
"GET /api/dashboard/stats/ HTTP/1.1" 404 9386
"GET /api/realtime/stats/ HTTP/1.1" 200 170
Not Found: /api/dashboard/stats/
"GET /api/dashboard/stats/ HTTP/1.1" 404 9386
"GET / HTTP/1.1" 200 43766
"GET / HTTP/1.1" 200 43766
"GET / HTTP/1.1" 200 43766
"GET /api/realtime/stats/ HTTP/1.1" 200 170
"GET /api/realtime/stats/ HTTP/1.1" 200 170
Not Found: /api/dashboard/stats/
"GET /api/dashboard/stats/ HTTP/1.1" 404 9386
"GET / HTTP/1.1" 200 43858
"GET / HTTP/1.1" 200 43858
"GET / HTTP/1.1" 200 43858
"GET / HTTP/1.1" 200 43858
"GET / HTTP/1.1" 200 43858
"GET / HTTP/1.1" 200 43858
"GET / HTTP/1.1" 200 43858
"GET /api/realtime/stats/ HTTP/1.1" 200 170
Not Found: /api/dashboard/stats/
"GET /api/dashboard/stats/ HTTP/1.1" 404 9386
"GET /api/realtime/stats/ HTTP/1.1" 200 170
Not Found: /api/dashboard/stats/
"GET /api/dashboard/stats/ HTTP/1.1" 404 9386
"GET /api/realtime/stats/ HTTP/1.1" 200 170
Not Found: /api/dashboard/stats/
"GET /api/dashboard/stats/ HTTP/1.1" 404 9386
"GET /api/realtime/stats/ HTTP/1.1" 200 170
Not Found: /api/dashboard/stats/
"GET /api/dashboard/stats/ HTTP/1.1" 404 9386
"GET / HTTP/1.1" 200 43853
"GET / HTTP/1.1" 200 43889
"GET / HTTP/1.1" 200 43519
"GET /static/css/dashboard.css HTTP/1.1" 304 0
"GET / HTTP/1.1" 200 43773
"GET /static/css/dashboard.css HTTP/1.1" 304 0
"GET / HTTP/1.1" 200 43773
"GET / HTTP/1.1" 200 43773
"GET / HTTP/1.1" 200 43773
"GET /api/realtime/stats/ HTTP/1.1" 200 170
"GET /api/realtime/stats/ HTTP/1.1" 200 170
"GET /api/realtime/stats/ HTTP/1.1" 200 170
"GET / HTTP/1.1" 200 43773
"GET /api/realtime/stats/ HTTP/1.1" 200 170
"GET /api/realtime/stats/ HTTP/1.1" 200 170
"GET /api/realtime/stats/ HTTP/1.1" 200 170
Not Found: /api/dashboard/stats/
"GET /api/dashboard/stats/ HTTP/1.1" 404 9386
Watching for file changes with StatReloader
"GET / HTTP/1.1" 200 45034
"GET /api/realtime/stats/ HTTP/1.1" 200 170
"GET /api/realtime/stats/ HTTP/1.1" 200 170
"GET /api/realtime/stats/ HTTP/1.1" 200 170
"GET / HTTP/1.1" 200 51741
"GET /static/css/dashboard.css HTTP/1.1" 304 0
"GET / HTTP/1.1" 200 51741
"GET /static/css/dashboard.css HTTP/1.1" 304 0
"GET /api/realtime/stats/ HTTP/1.1" 200 170
"GET /api/realtime/stats/ HTTP/1.1" 200 170
"GET /api/realtime/stats/ HTTP/1.1" 200 170
"GET /api/realtime/stats/ HTTP/1.1" 200 170
"GET /api/realtime/stats/ HTTP/1.1" 200 170
"GET /api/realtime/stats/ HTTP/1.1" 200 170
Not Found: /api/dashboard/stats/
"GET /api/dashboard/stats/ HTTP/1.1" 404 9386
"GET / HTTP/1.1" 200 52957
"GET /static/img/car.png HTTP/1.1" 200 16116
- Broken pipe from ('127.0.0.1', 61480)
- Broken pipe from ('127.0.0.1', 61453)
Watching for file changes with StatReloader
"GET / HTTP/1.1" 200 53211
"GET /static/img/car.png HTTP/1.1" 304 0
"GET /favicon.ico HTTP/1.1" 302 0
"GET /static/img/favicon.ico HTTP/1.1" 404 1905
"GET /api/realtime/stats/ HTTP/1.1" 200 170
"GET /api/realtime/stats/ HTTP/1.1" 200 170
"GET /api/realtime/stats/ HTTP/1.1" 200 170
"GET /api/realtime/stats/ HTTP/1.1" 200 170
Not Found: /.well-known/appspecific/com.chrome.devtools.json
"GET /.well-known/appspecific/com.chrome.devtools.json HTTP/1.1" 404 3978
"GET /api/realtime/stats/ HTTP/1.1" 200 170
"GET /api/realtime/stats/ HTTP/1.1" 200 170
"GET /api/realtime/stats/ HTTP/1.1" 200 170
"GET /api/realtime/stats/ HTTP/1.1" 200 170
"GET /api/realtime/stats/ HTTP/1.1" 200 170
"GET /api/realtime/stats/ HTTP/1.1" 200 170
Not Found: /api/dashboard/stats/
"GET /api/dashboard/stats/ HTTP/1.1" 404 9386
"GET /api/realtime/stats/ HTTP/1.1" 200 170
"GET /api/realtime/stats/ HTTP/1.1" 200 170
"GET /api/realtime/stats/ HTTP/1.1" 200 170
"GET /api/realtime/stats/ HTTP/1.1" 200 170
"GET /api/realtime/stats/ HTTP/1.1" 200 170
"GET / HTTP/1.1" 200 53640
"GET /static/css/dashboard.css HTTP/1.1" 304 0
"GET /static/img/car.png HTTP/1.1" 304 0
"GET /api/realtime/stats/ HTTP/1.1" 200 170
"GET /api/realtime/stats/ HTTP/1.1" 200 170
"GET /api/realtime/stats/ HTTP/1.1" 200 170
"GET /analytics/ HTTP/1.1" 200 24633
"GET /api/analytics/?range=today HTTP/1.1" 200 286
"GET /realtime/ HTTP/1.1" 200 30475
"GET / HTTP/1.1" 200 54607
"GET /static/img/car.png HTTP/1.1" 304 0
"GET / HTTP/1.1" 200 54607
"GET /api/realtime/stats/ HTTP/1.1" 200 170
"GET /api/realtime/stats/ HTTP/1.1" 200 170
"GET / HTTP/1.1" 200 54607
"GET /static/css/dashboard.css HTTP/1.1" 304 0
"GET /static/img/car.png HTTP/1.1" 304 0
"GET / HTTP/1.1" 200 54607
"GET / HTTP/1.1" 200 54607
"GET /realtime/ HTTP/1.1" 200 30475
"GET /realtime/ HTTP/1.1" 200 30475
"GET /realtime/ HTTP/1.1" 200 30475
"GET /realtime/ HTTP/1.1" 200 30475
"GET /realtime/ HTTP/1.1" 200 30475
"GET / HTTP/1.1" 200 54607
"GET /analytics/ HTTP/1.1" 200 24633
"GET /api/analytics/?range=today HTTP/1.1" 200 286
"GET / HTTP/1.1" 200 58536
"GET /static/img/car.png HTTP/1.1" 304 0
"GET / HTTP/1.1" 200 58536
"GET / HTTP/1.1" 200 58536
"GET / HTTP/1.1" 200 58536
"GET / HTTP/1.1" 200 58536
"GET /api/realtime/stats/ HTTP/1.1" 200 170
"GET /api/realtime/stats/ HTTP/1.1" 200 170
Not Found: /api/dashboard/stats/
"GET /api/dashboard/stats/ HTTP/1.1" 404 9386
"GET / HTTP/1.1" 200 54607
Not Found: /settings
"GET /settings HTTP/1.1" 404 3858
"GET /api/realtime/stats/ HTTP/1.1" 200 170
"GET /api/realtime/stats/ HTTP/1.1" 200 170
Watching for file changes with StatReloader
"GET / HTTP/1.1" 200 54607
"GET /static/img/car.png HTTP/1.1" 304 0
"GET /analytics/ HTTP/1.1" 200 37735
"GET /api/analytics/?range=today HTTP/1.1" 200 286
"GET /api/analytics/?range=week HTTP/1.1" 200 286
"GET /api/analytics/?range=month HTTP/1.1" 200 286
"GET /api/analytics/?range=today HTTP/1.1" 200 286
Watching for file changes with StatReloader
"GET /analytics/ HTTP/1.1" 200 38528
"GET /static/css/dashboard.css HTTP/1.1" 304 0
"GET /analytics/ HTTP/1.1" 200 38528
"GET /analytics/ HTTP/1.1" 200 38528
"GET /analytics/ HTTP/1.1" 200 38528
"GET /analytics/ HTTP/1.1" 200 38528
"GET /analytics/ HTTP/1.1" 200 38528
"GET / HTTP/1.1" 200 54607
"GET /static/img/car.png HTTP/1.1" 304 0
"GET /realtime/ HTTP/1.1" 200 30475
"GET /analytics/ HTTP/1.1" 200 38528
"GET /analytics/ HTTP/1.1" 200 50301
"GET / HTTP/1.1" 200 54607
"GET /static/img/car.png HTTP/1.1" 304 0
"GET /analytics/ HTTP/1.1" 200 50301
"GET / HTTP/1.1" 200 54607
"GET /realtime/ HTTP/1.1" 200 30475
C:\Users\athar\OneDrive\Desktop\TY - Sem 1\EDI\parking-system\dashboard\manage.py changed, reloading.
Watching for file changes with StatReloader
C:\Users\athar\OneDrive\Desktop\TY - Sem 1\EDI\parking-system\dashboard\core\wsgi.py changed, reloading.
Watching for file changes with StatReloader
Watching for file changes with StatReloader
Internal Server Error: /
Traceback (most recent call last):
  File "C:\Users\athar\OneDrive\Desktop\TY - Sem 1\EDI\venv\Lib\site-packages\django\db\backends\utils.py", line 89, in _execute
    return self.cursor.execute(sql, params)
           ^^^^^^^^^^^^^^^^^^^^^^^^^^^^^^^^
  File "C:\Users\athar\OneDrive\Desktop\TY - Sem 1\EDI\venv\Lib\site-packages\django\db\backends\sqlite3\base.py", line 328, in execute
    return super().execute(query, params)
           ^^^^^^^^^^^^^^^^^^^^^^^^^^^^^^
sqlite3.OperationalError: no such table: parking_app_parkingslot

The above exception was the direct cause of the following exception:

Traceback (most recent call last):
  File "C:\Users\athar\OneDrive\Desktop\TY - Sem 1\EDI\venv\Lib\site-packages\django\core\handlers\exception.py", line 55, in inner
    response = get_response(request)
               ^^^^^^^^^^^^^^^^^^^^^
  File "C:\Users\athar\OneDrive\Desktop\TY - Sem 1\EDI\venv\Lib\site-packages\django\core\handlers\base.py", line 197, in _get_response
    response = wrapped_callback(request, *callback_args, **callback_kwargs)
               ^^^^^^^^^^^^^^^^^^^^^^^^^^^^^^^^^^^^^^^^^^^^^^^^^^^^^^^^^^^^
  File "C:\Users\athar\OneDrive\Desktop\TY - Sem 1\EDI\parking-system\dashboard\parking_app\views.py", line 12, in dashboard
    'total_slots': ParkingSlot.objects.count(),
                   ^^^^^^^^^^^^^^^^^^^^^^^^^^^
  File "C:\Users\athar\OneDrive\Desktop\TY - Sem 1\EDI\venv\Lib\site-packages\django\db\models\manager.py", line 87, in manager_method
    return getattr(self.get_queryset(), name)(*args, **kwargs)
           ^^^^^^^^^^^^^^^^^^^^^^^^^^^^^^^^^^^^^^^^^^^^^^^^^^^
  File "C:\Users\athar\OneDrive\Desktop\TY - Sem 1\EDI\venv\Lib\site-packages\django\db\models\query.py", line 608, in count
    return self.query.get_count(using=self.db)
           ^^^^^^^^^^^^^^^^^^^^^^^^^^^^^^^^^^^
  File "C:\Users\athar\OneDrive\Desktop\TY - Sem 1\EDI\venv\Lib\site-packages\django\db\models\sql\query.py", line 568, in get_count
    return obj.get_aggregation(using, {"__count": Count("*")})["__count"]
           ^^^^^^^^^^^^^^^^^^^^^^^^^^^^^^^^^^^^^^^^^^^^^^^^^^^
  File "C:\Users\athar\OneDrive\Desktop\TY - Sem 1\EDI\venv\Lib\site-packages\django\db\models\sql\query.py", line 554, in get_aggregation
    result = compiler.execute_sql(SINGLE)
             ^^^^^^^^^^^^^^^^^^^^^^^^^^^^
  File "C:\Users\athar\OneDrive\Desktop\TY - Sem 1\EDI\venv\Lib\site-packages\django\db\models\sql\compiler.py", line 1562, in execute_sql
    cursor.execute(sql, params)
  File "C:\Users\athar\OneDrive\Desktop\TY - Sem 1\EDI\venv\Lib\site-packages\django\db\backends\utils.py", line 102, in execute
    return super().execute(sql, params)
           ^^^^^^^^^^^^^^^^^^^^^^^^^^^^
  File "C:\Users\athar\OneDrive\Desktop\TY - Sem 1\EDI\venv\Lib\site-packages\django\db\backends\utils.py", line 67, in execute
    return self._execute_with_wrappers(
           ^^^^^^^^^^^^^^^^^^^^^^^^^^^^
  File "C:\Users\athar\OneDrive\Desktop\TY - Sem 1\EDI\venv\Lib\site-packages\django\db\backends\utils.py", line 80, in _execute_with_wrappers
    return executor(sql, params, many, context)
           ^^^^^^^^^^^^^^^^^^^^^^^^^^^^^^^^^^^^
  File "C:\Users\athar\OneDrive\Desktop\TY - Sem 1\EDI\venv\Lib\site-packages\django\db\backends\utils.py", line 84, in _execute
    with self.db.wrap_database_errors:
  File "C:\Users\athar\OneDrive\Desktop\TY - Sem 1\EDI\venv\Lib\site-packages\django\db\utils.py", line 91, in __exit__
    raise dj_exc_value.with_traceback(traceback) from exc_value
  File "C:\Users\athar\OneDrive\Desktop\TY - Sem 1\EDI\venv\Lib\site-packages\django\db\backends\utils.py", line 89, in _execute
    return self.cursor.execute(sql, params)
           ^^^^^^^^^^^^^^^^^^^^^^^^^^^^^^^^
  File "C:\Users\athar\OneDrive\Desktop\TY - Sem 1\EDI\venv\Lib\site-packages\django\db\backends\sqlite3\base.py", line 328, in execute
    return super().execute(query, params)
           ^^^^^^^^^^^^^^^^^^^^^^^^^^^^^^
django.db.utils.OperationalError: no such table: parking_app_parkingslot
"GET / HTTP/1.1" 500 135994
Internal Server Error: /
Traceback (most recent call last):
  File "C:\Users\athar\OneDrive\Desktop\TY - Sem 1\EDI\venv\Lib\site-packages\django\db\backends\utils.py", line 89, in _execute
    return self.cursor.execute(sql, params)
           ^^^^^^^^^^^^^^^^^^^^^^^^^^^^^^^^
  File "C:\Users\athar\OneDrive\Desktop\TY - Sem 1\EDI\venv\Lib\site-packages\django\db\backends\sqlite3\base.py", line 328, in execute
    return super().execute(query, params)
           ^^^^^^^^^^^^^^^^^^^^^^^^^^^^^^
sqlite3.OperationalError: no such table: parking_app_parkingslot

The above exception was the direct cause of the following exception:

Traceback (most recent call last):
  File "C:\Users\athar\OneDrive\Desktop\TY - Sem 1\EDI\venv\Lib\site-packages\django\core\handlers\exception.py", line 55, in inner
    response = get_response(request)
               ^^^^^^^^^^^^^^^^^^^^^
  File "C:\Users\athar\OneDrive\Desktop\TY - Sem 1\EDI\venv\Lib\site-packages\django\core\handlers\base.py", line 197, in _get_response
    response = wrapped_callback(request, *callback_args, **callback_kwargs)
               ^^^^^^^^^^^^^^^^^^^^^^^^^^^^^^^^^^^^^^^^^^^^^^^^^^^^^^^^^^^^
  File "C:\Users\athar\OneDrive\Desktop\TY - Sem 1\EDI\parking-system\dashboard\parking_app\views.py", line 12, in dashboard
    'total_slots': ParkingSlot.objects.count(),
                   ^^^^^^^^^^^^^^^^^^^^^^^^^^^
  File "C:\Users\athar\OneDrive\Desktop\TY - Sem 1\EDI\venv\Lib\site-packages\django\db\models\manager.py", line 87, in manager_method
    return getattr(self.get_queryset(), name)(*args, **kwargs)
           ^^^^^^^^^^^^^^^^^^^^^^^^^^^^^^^^^^^^^^^^^^^^^^^^^^^
  File "C:\Users\athar\OneDrive\Desktop\TY - Sem 1\EDI\venv\Lib\site-packages\django\db\models\query.py", line 608, in count
    return self.query.get_count(using=self.db)
           ^^^^^^^^^^^^^^^^^^^^^^^^^^^^^^^^^^^
  File "C:\Users\athar\OneDrive\Desktop\TY - Sem 1\EDI\venv\Lib\site-packages\django\db\models\sql\query.py", line 568, in get_count
    return obj.get_aggregation(using, {"__count": Count("*")})["__count"]
           ^^^^^^^^^^^^^^^^^^^^^^^^^^^^^^^^^^^^^^^^^^^^^^^^^^^
  File "C:\Users\athar\OneDrive\Desktop\TY - Sem 1\EDI\venv\Lib\site-packages\django\db\models\sql\query.py", line 554, in get_aggregation
    result = compiler.execute_sql(SINGLE)
             ^^^^^^^^^^^^^^^^^^^^^^^^^^^^
  File "C:\Users\athar\OneDrive\Desktop\TY - Sem 1\EDI\venv\Lib\site-packages\django\db\models\sql\compiler.py", line 1562, in execute_sql
    cursor.execute(sql, params)
  File "C:\Users\athar\OneDrive\Desktop\TY - Sem 1\EDI\venv\Lib\site-packages\django\db\backends\utils.py", line 102, in execute
    return super().execute(sql, params)
           ^^^^^^^^^^^^^^^^^^^^^^^^^^^^
  File "C:\Users\athar\OneDrive\Desktop\TY - Sem 1\EDI\venv\Lib\site-packages\django\db\backends\utils.py", line 67, in execute
    return self._execute_with_wrappers(
           ^^^^^^^^^^^^^^^^^^^^^^^^^^^^
  File "C:\Users\athar\OneDrive\Desktop\TY - Sem 1\EDI\venv\Lib\site-packages\django\db\backends\utils.py", line 80, in _execute_with_wrappers
    return executor(sql, params, many, context)
           ^^^^^^^^^^^^^^^^^^^^^^^^^^^^^^^^^^^^
  File "C:\Users\athar\OneDrive\Desktop\TY - Sem 1\EDI\venv\Lib\site-packages\django\db\backends\utils.py", line 84, in _execute
    with self.db.wrap_database_errors:
  File "C:\Users\athar\OneDrive\Desktop\TY - Sem 1\EDI\venv\Lib\site-packages\django\db\utils.py", line 91, in __exit__
    raise dj_exc_value.with_traceback(traceback) from exc_value
  File "C:\Users\athar\OneDrive\Desktop\TY - Sem 1\EDI\venv\Lib\site-packages\django\db\backends\utils.py", line 89, in _execute
    return self.cursor.execute(sql, params)
           ^^^^^^^^^^^^^^^^^^^^^^^^^^^^^^^^
  File "C:\Users\athar\OneDrive\Desktop\TY - Sem 1\EDI\venv\Lib\site-packages\django\db\backends\sqlite3\base.py", line 328, in execute
    return super().execute(query, params)
           ^^^^^^^^^^^^^^^^^^^^^^^^^^^^^^
django.db.utils.OperationalError: no such table: parking_app_parkingslot
"GET / HTTP/1.1" 500 136131
Internal Server Error: /
Traceback (most recent call last):
  File "C:\Users\athar\OneDrive\Desktop\TY - Sem 1\EDI\venv\Lib\site-packages\django\db\backends\utils.py", line 89, in _execute
    return self.cursor.execute(sql, params)
           ^^^^^^^^^^^^^^^^^^^^^^^^^^^^^^^^
  File "C:\Users\athar\OneDrive\Desktop\TY - Sem 1\EDI\venv\Lib\site-packages\django\db\backends\sqlite3\base.py", line 328, in execute
    return super().execute(query, params)
           ^^^^^^^^^^^^^^^^^^^^^^^^^^^^^^
sqlite3.OperationalError: no such table: parking_app_parkingslot

The above exception was the direct cause of the following exception:

Traceback (most recent call last):
  File "C:\Users\athar\OneDrive\Desktop\TY - Sem 1\EDI\venv\Lib\site-packages\django\core\handlers\exception.py", line 55, in inner
    response = get_response(request)
               ^^^^^^^^^^^^^^^^^^^^^
  File "C:\Users\athar\OneDrive\Desktop\TY - Sem 1\EDI\venv\Lib\site-packages\django\core\handlers\base.py", line 197, in _get_response
    response = wrapped_callback(request, *callback_args, **callback_kwargs)
               ^^^^^^^^^^^^^^^^^^^^^^^^^^^^^^^^^^^^^^^^^^^^^^^^^^^^^^^^^^^^
  File "C:\Users\athar\OneDrive\Desktop\TY - Sem 1\EDI\parking-system\dashboard\parking_app\views.py", line 12, in dashboard
    'total_slots': ParkingSlot.objects.count(),
                   ^^^^^^^^^^^^^^^^^^^^^^^^^^^
  File "C:\Users\athar\OneDrive\Desktop\TY - Sem 1\EDI\venv\Lib\site-packages\django\db\models\manager.py", line 87, in manager_method
    return getattr(self.get_queryset(), name)(*args, **kwargs)
           ^^^^^^^^^^^^^^^^^^^^^^^^^^^^^^^^^^^^^^^^^^^^^^^^^^^
  File "C:\Users\athar\OneDrive\Desktop\TY - Sem 1\EDI\venv\Lib\site-packages\django\db\models\query.py", line 608, in count
    return self.query.get_count(using=self.db)
           ^^^^^^^^^^^^^^^^^^^^^^^^^^^^^^^^^^^
  File "C:\Users\athar\OneDrive\Desktop\TY - Sem 1\EDI\venv\Lib\site-packages\django\db\models\sql\query.py", line 568, in get_count
    return obj.get_aggregation(using, {"__count": Count("*")})["__count"]
           ^^^^^^^^^^^^^^^^^^^^^^^^^^^^^^^^^^^^^^^^^^^^^^^^^^^
  File "C:\Users\athar\OneDrive\Desktop\TY - Sem 1\EDI\venv\Lib\site-packages\django\db\models\sql\query.py", line 554, in get_aggregation
    result = compiler.execute_sql(SINGLE)
             ^^^^^^^^^^^^^^^^^^^^^^^^^^^^
  File "C:\Users\athar\OneDrive\Desktop\TY - Sem 1\EDI\venv\Lib\site-packages\django\db\models\sql\compiler.py", line 1562, in execute_sql
    cursor.execute(sql, params)
  File "C:\Users\athar\OneDrive\Desktop\TY - Sem 1\EDI\venv\Lib\site-packages\django\db\backends\utils.py", line 102, in execute
    return super().execute(sql, params)
           ^^^^^^^^^^^^^^^^^^^^^^^^^^^^
  File "C:\Users\athar\OneDrive\Desktop\TY - Sem 1\EDI\venv\Lib\site-packages\django\db\backends\utils.py", line 67, in execute
    return self._execute_with_wrappers(
           ^^^^^^^^^^^^^^^^^^^^^^^^^^^^
  File "C:\Users\athar\OneDrive\Desktop\TY - Sem 1\EDI\venv\Lib\site-packages\django\db\backends\utils.py", line 80, in _execute_with_wrappers
    return executor(sql, params, many, context)
           ^^^^^^^^^^^^^^^^^^^^^^^^^^^^^^^^^^^^
  File "C:\Users\athar\OneDrive\Desktop\TY - Sem 1\EDI\venv\Lib\site-packages\django\db\backends\utils.py", line 84, in _execute
    with self.db.wrap_database_errors:
  File "C:\Users\athar\OneDrive\Desktop\TY - Sem 1\EDI\venv\Lib\site-packages\django\db\utils.py", line 91, in __exit__
    raise dj_exc_value.with_traceback(traceback) from exc_value
  File "C:\Users\athar\OneDrive\Desktop\TY - Sem 1\EDI\venv\Lib\site-packages\django\db\backends\utils.py", line 89, in _execute
    return self.cursor.execute(sql, params)
           ^^^^^^^^^^^^^^^^^^^^^^^^^^^^^^^^
  File "C:\Users\athar\OneDrive\Desktop\TY - Sem 1\EDI\venv\Lib\site-packages\django\db\backends\sqlite3\base.py", line 328, in execute
    return super().execute(query, params)
           ^^^^^^^^^^^^^^^^^^^^^^^^^^^^^^
django.db.utils.OperationalError: no such table: parking_app_parkingslot
"GET / HTTP/1.1" 500 136131
Internal Server Error: /
Traceback (most recent call last):
  File "C:\Users\athar\OneDrive\Desktop\TY - Sem 1\EDI\venv\Lib\site-packages\django\db\backends\utils.py", line 89, in _execute
    return self.cursor.execute(sql, params)
           ^^^^^^^^^^^^^^^^^^^^^^^^^^^^^^^^
  File "C:\Users\athar\OneDrive\Desktop\TY - Sem 1\EDI\venv\Lib\site-packages\django\db\backends\sqlite3\base.py", line 328, in execute
    return super().execute(query, params)
           ^^^^^^^^^^^^^^^^^^^^^^^^^^^^^^
sqlite3.OperationalError: no such table: parking_app_parkingslot

The above exception was the direct cause of the following exception:

Traceback (most recent call last):
  File "C:\Users\athar\OneDrive\Desktop\TY - Sem 1\EDI\venv\Lib\site-packages\django\core\handlers\exception.py", line 55, in inner
    response = get_response(request)
               ^^^^^^^^^^^^^^^^^^^^^
  File "C:\Users\athar\OneDrive\Desktop\TY - Sem 1\EDI\venv\Lib\site-packages\django\core\handlers\base.py", line 197, in _get_response
    response = wrapped_callback(request, *callback_args, **callback_kwargs)
               ^^^^^^^^^^^^^^^^^^^^^^^^^^^^^^^^^^^^^^^^^^^^^^^^^^^^^^^^^^^^
  File "C:\Users\athar\OneDrive\Desktop\TY - Sem 1\EDI\parking-system\dashboard\parking_app\views.py", line 12, in dashboard
    'total_slots': ParkingSlot.objects.count(),
                   ^^^^^^^^^^^^^^^^^^^^^^^^^^^
  File "C:\Users\athar\OneDrive\Desktop\TY - Sem 1\EDI\venv\Lib\site-packages\django\db\models\manager.py", line 87, in manager_method
    return getattr(self.get_queryset(), name)(*args, **kwargs)
           ^^^^^^^^^^^^^^^^^^^^^^^^^^^^^^^^^^^^^^^^^^^^^^^^^^^
  File "C:\Users\athar\OneDrive\Desktop\TY - Sem 1\EDI\venv\Lib\site-packages\django\db\models\query.py", line 608, in count
    return self.query.get_count(using=self.db)
           ^^^^^^^^^^^^^^^^^^^^^^^^^^^^^^^^^^^
  File "C:\Users\athar\OneDrive\Desktop\TY - Sem 1\EDI\venv\Lib\site-packages\django\db\models\sql\query.py", line 568, in get_count
    return obj.get_aggregation(using, {"__count": Count("*")})["__count"]
           ^^^^^^^^^^^^^^^^^^^^^^^^^^^^^^^^^^^^^^^^^^^^^^^^^^^
  File "C:\Users\athar\OneDrive\Desktop\TY - Sem 1\EDI\venv\Lib\site-packages\django\db\models\sql\query.py", line 554, in get_aggregation
    result = compiler.execute_sql(SINGLE)
             ^^^^^^^^^^^^^^^^^^^^^^^^^^^^
  File "C:\Users\athar\OneDrive\Desktop\TY - Sem 1\EDI\venv\Lib\site-packages\django\db\models\sql\compiler.py", line 1562, in execute_sql
    cursor.execute(sql, params)
  File "C:\Users\athar\OneDrive\Desktop\TY - Sem 1\EDI\venv\Lib\site-packages\django\db\backends\utils.py", line 102, in execute
    return super().execute(sql, params)
           ^^^^^^^^^^^^^^^^^^^^^^^^^^^^
  File "C:\Users\athar\OneDrive\Desktop\TY - Sem 1\EDI\venv\Lib\site-packages\django\db\backends\utils.py", line 67, in execute
    return self._execute_with_wrappers(
           ^^^^^^^^^^^^^^^^^^^^^^^^^^^^
  File "C:\Users\athar\OneDrive\Desktop\TY - Sem 1\EDI\venv\Lib\site-packages\django\db\backends\utils.py", line 80, in _execute_with_wrappers
    return executor(sql, params, many, context)
           ^^^^^^^^^^^^^^^^^^^^^^^^^^^^^^^^^^^^
  File "C:\Users\athar\OneDrive\Desktop\TY - Sem 1\EDI\venv\Lib\site-packages\django\db\backends\utils.py", line 84, in _execute
    with self.db.wrap_database_errors:
  File "C:\Users\athar\OneDrive\Desktop\TY - Sem 1\EDI\venv\Lib\site-packages\django\db\utils.py", line 91, in __exit__
    raise dj_exc_value.with_traceback(traceback) from exc_value
  File "C:\Users\athar\OneDrive\Desktop\TY - Sem 1\EDI\venv\Lib\site-packages\django\db\backends\utils.py", line 89, in _execute
    return self.cursor.execute(sql, params)
           ^^^^^^^^^^^^^^^^^^^^^^^^^^^^^^^^
  File "C:\Users\athar\OneDrive\Desktop\TY - Sem 1\EDI\venv\Lib\site-packages\django\db\backends\sqlite3\base.py", line 328, in execute
    return super().execute(query, params)
           ^^^^^^^^^^^^^^^^^^^^^^^^^^^^^^
django.db.utils.OperationalError: no such table: parking_app_parkingslot
"GET / HTTP/1.1" 500 136131
C:\Users\athar\OneDrive\Desktop\TY - Sem 1\EDI\parking-system\dashboard\core\wsgi.py changed, reloading.
Watching for file changes with StatReloader
Internal Server Error: /
Traceback (most recent call last):
  File "C:\Users\athar\OneDrive\Desktop\TY - Sem 1\EDI\venv\Lib\site-packages\django\db\backends\utils.py", line 89, in _execute
    return self.cursor.execute(sql, params)
           ^^^^^^^^^^^^^^^^^^^^^^^^^^^^^^^^
  File "C:\Users\athar\OneDrive\Desktop\TY - Sem 1\EDI\venv\Lib\site-packages\django\db\backends\sqlite3\base.py", line 328, in execute
    return super().execute(query, params)
           ^^^^^^^^^^^^^^^^^^^^^^^^^^^^^^
sqlite3.OperationalError: no such table: parking_app_parkingslot

The above exception was the direct cause of the following exception:

Traceback (most recent call last):
  File "C:\Users\athar\OneDrive\Desktop\TY - Sem 1\EDI\venv\Lib\site-packages\django\core\handlers\exception.py", line 55, in inner
    response = get_response(request)
               ^^^^^^^^^^^^^^^^^^^^^
  File "C:\Users\athar\OneDrive\Desktop\TY - Sem 1\EDI\venv\Lib\site-packages\django\core\handlers\base.py", line 197, in _get_response
    response = wrapped_callback(request, *callback_args, **callback_kwargs)
               ^^^^^^^^^^^^^^^^^^^^^^^^^^^^^^^^^^^^^^^^^^^^^^^^^^^^^^^^^^^^
  File "C:\Users\athar\OneDrive\Desktop\TY - Sem 1\EDI\parking-system\dashboard\parking_app\views.py", line 12, in dashboard
    'total_slots': ParkingSlot.objects.count(),
                   ^^^^^^^^^^^^^^^^^^^^^^^^^^^
  File "C:\Users\athar\OneDrive\Desktop\TY - Sem 1\EDI\venv\Lib\site-packages\django\db\models\manager.py", line 87, in manager_method
    return getattr(self.get_queryset(), name)(*args, **kwargs)
           ^^^^^^^^^^^^^^^^^^^^^^^^^^^^^^^^^^^^^^^^^^^^^^^^^^^
  File "C:\Users\athar\OneDrive\Desktop\TY - Sem 1\EDI\venv\Lib\site-packages\django\db\models\query.py", line 608, in count
    return self.query.get_count(using=self.db)
           ^^^^^^^^^^^^^^^^^^^^^^^^^^^^^^^^^^^
  File "C:\Users\athar\OneDrive\Desktop\TY - Sem 1\EDI\venv\Lib\site-packages\django\db\models\sql\query.py", line 568, in get_count
    return obj.get_aggregation(using, {"__count": Count("*")})["__count"]
           ^^^^^^^^^^^^^^^^^^^^^^^^^^^^^^^^^^^^^^^^^^^^^^^^^^^
  File "C:\Users\athar\OneDrive\Desktop\TY - Sem 1\EDI\venv\Lib\site-packages\django\db\models\sql\query.py", line 554, in get_aggregation
    result = compiler.execute_sql(SINGLE)
             ^^^^^^^^^^^^^^^^^^^^^^^^^^^^
  File "C:\Users\athar\OneDrive\Desktop\TY - Sem 1\EDI\venv\Lib\site-packages\django\db\models\sql\compiler.py", line 1562, in execute_sql
    cursor.execute(sql, params)
  File "C:\Users\athar\OneDrive\Desktop\TY - Sem 1\EDI\venv\Lib\site-packages\django\db\backends\utils.py", line 102, in execute
    return super().execute(sql, params)
           ^^^^^^^^^^^^^^^^^^^^^^^^^^^^
  File "C:\Users\athar\OneDrive\Desktop\TY - Sem 1\EDI\venv\Lib\site-packages\django\db\backends\utils.py", line 67, in execute
    return self._execute_with_wrappers(
           ^^^^^^^^^^^^^^^^^^^^^^^^^^^^
  File "C:\Users\athar\OneDrive\Desktop\TY - Sem 1\EDI\venv\Lib\site-packages\django\db\backends\utils.py", line 80, in _execute_with_wrappers
    return executor(sql, params, many, context)
           ^^^^^^^^^^^^^^^^^^^^^^^^^^^^^^^^^^^^
  File "C:\Users\athar\OneDrive\Desktop\TY - Sem 1\EDI\venv\Lib\site-packages\django\db\backends\utils.py", line 84, in _execute
    with self.db.wrap_database_errors:
  File "C:\Users\athar\OneDrive\Desktop\TY - Sem 1\EDI\venv\Lib\site-packages\django\db\utils.py", line 91, in __exit__
    raise dj_exc_value.with_traceback(traceback) from exc_value
  File "C:\Users\athar\OneDrive\Desktop\TY - Sem 1\EDI\venv\Lib\site-packages\django\db\backends\utils.py", line 89, in _execute
    return self.cursor.execute(sql, params)
           ^^^^^^^^^^^^^^^^^^^^^^^^^^^^^^^^
  File "C:\Users\athar\OneDrive\Desktop\TY - Sem 1\EDI\venv\Lib\site-packages\django\db\backends\sqlite3\base.py", line 328, in execute
    return super().execute(query, params)
           ^^^^^^^^^^^^^^^^^^^^^^^^^^^^^^
django.db.utils.OperationalError: no such table: parking_app_parkingslot
"GET / HTTP/1.1" 500 136131
Watching for file changes with StatReloader
Internal Server Error: /
Traceback (most recent call last):
  File "C:\Users\athar\OneDrive\Desktop\TY - Sem 1\EDI\venv\Lib\site-packages\django\db\backends\utils.py", line 89, in _execute
    return self.cursor.execute(sql, params)
           ^^^^^^^^^^^^^^^^^^^^^^^^^^^^^^^^
  File "C:\Users\athar\OneDrive\Desktop\TY - Sem 1\EDI\venv\Lib\site-packages\django\db\backends\sqlite3\base.py", line 328, in execute
    return super().execute(query, params)
           ^^^^^^^^^^^^^^^^^^^^^^^^^^^^^^
sqlite3.OperationalError: no such table: parking_app_parkingslot

The above exception was the direct cause of the following exception:

Traceback (most recent call last):
  File "C:\Users\athar\OneDrive\Desktop\TY - Sem 1\EDI\venv\Lib\site-packages\django\core\handlers\exception.py", line 55, in inner
    response = get_response(request)
               ^^^^^^^^^^^^^^^^^^^^^
  File "C:\Users\athar\OneDrive\Desktop\TY - Sem 1\EDI\venv\Lib\site-packages\django\core\handlers\base.py", line 197, in _get_response
    response = wrapped_callback(request, *callback_args, **callback_kwargs)
               ^^^^^^^^^^^^^^^^^^^^^^^^^^^^^^^^^^^^^^^^^^^^^^^^^^^^^^^^^^^^
  File "C:\Users\athar\OneDrive\Desktop\TY - Sem 1\EDI\parking-system\dashboard\parking_app\views.py", line 12, in dashboard
    'total_slots': ParkingSlot.objects.count(),
                   ^^^^^^^^^^^^^^^^^^^^^^^^^^^
  File "C:\Users\athar\OneDrive\Desktop\TY - Sem 1\EDI\venv\Lib\site-packages\django\db\models\manager.py", line 87, in manager_method
    return getattr(self.get_queryset(), name)(*args, **kwargs)
           ^^^^^^^^^^^^^^^^^^^^^^^^^^^^^^^^^^^^^^^^^^^^^^^^^^^
  File "C:\Users\athar\OneDrive\Desktop\TY - Sem 1\EDI\venv\Lib\site-packages\django\db\models\query.py", line 608, in count
    return self.query.get_count(using=self.db)
           ^^^^^^^^^^^^^^^^^^^^^^^^^^^^^^^^^^^
  File "C:\Users\athar\OneDrive\Desktop\TY - Sem 1\EDI\venv\Lib\site-packages\django\db\models\sql\query.py", line 568, in get_count
    return obj.get_aggregation(using, {"__count": Count("*")})["__count"]
           ^^^^^^^^^^^^^^^^^^^^^^^^^^^^^^^^^^^^^^^^^^^^^^^^^^^
  File "C:\Users\athar\OneDrive\Desktop\TY - Sem 1\EDI\venv\Lib\site-packages\django\db\models\sql\query.py", line 554, in get_aggregation
    result = compiler.execute_sql(SINGLE)
             ^^^^^^^^^^^^^^^^^^^^^^^^^^^^
  File "C:\Users\athar\OneDrive\Desktop\TY - Sem 1\EDI\venv\Lib\site-packages\django\db\models\sql\compiler.py", line 1562, in execute_sql
    cursor.execute(sql, params)
  File "C:\Users\athar\OneDrive\Desktop\TY - Sem 1\EDI\venv\Lib\site-packages\django\db\backends\utils.py", line 102, in execute
    return super().execute(sql, params)
           ^^^^^^^^^^^^^^^^^^^^^^^^^^^^
  File "C:\Users\athar\OneDrive\Desktop\TY - Sem 1\EDI\venv\Lib\site-packages\django\db\backends\utils.py", line 67, in execute
    return self._execute_with_wrappers(
           ^^^^^^^^^^^^^^^^^^^^^^^^^^^^
  File "C:\Users\athar\OneDrive\Desktop\TY - Sem 1\EDI\venv\Lib\site-packages\django\db\backends\utils.py", line 80, in _execute_with_wrappers
    return executor(sql, params, many, context)
           ^^^^^^^^^^^^^^^^^^^^^^^^^^^^^^^^^^^^
  File "C:\Users\athar\OneDrive\Desktop\TY - Sem 1\EDI\venv\Lib\site-packages\django\db\backends\utils.py", line 84, in _execute
    with self.db.wrap_database_errors:
  File "C:\Users\athar\OneDrive\Desktop\TY - Sem 1\EDI\venv\Lib\site-packages\django\db\utils.py", line 91, in __exit__
    raise dj_exc_value.with_traceback(traceback) from exc_value
  File "C:\Users\athar\OneDrive\Desktop\TY - Sem 1\EDI\venv\Lib\site-packages\django\db\backends\utils.py", line 89, in _execute
    return self.cursor.execute(sql, params)
           ^^^^^^^^^^^^^^^^^^^^^^^^^^^^^^^^
  File "C:\Users\athar\OneDrive\Desktop\TY - Sem 1\EDI\venv\Lib\site-packages\django\db\backends\sqlite3\base.py", line 328, in execute
    return super().execute(query, params)
           ^^^^^^^^^^^^^^^^^^^^^^^^^^^^^^
django.db.utils.OperationalError: no such table: parking_app_parkingslot
"GET / HTTP/1.1" 500 135994
Internal Server Error: /
Traceback (most recent call last):
  File "C:\Users\athar\OneDrive\Desktop\TY - Sem 1\EDI\venv\Lib\site-packages\django\db\backends\utils.py", line 89, in _execute
    return self.cursor.execute(sql, params)
           ^^^^^^^^^^^^^^^^^^^^^^^^^^^^^^^^
  File "C:\Users\athar\OneDrive\Desktop\TY - Sem 1\EDI\venv\Lib\site-packages\django\db\backends\sqlite3\base.py", line 328, in execute
    return super().execute(query, params)
           ^^^^^^^^^^^^^^^^^^^^^^^^^^^^^^
sqlite3.OperationalError: no such table: parking_app_parkingslot

The above exception was the direct cause of the following exception:

Traceback (most recent call last):
  File "C:\Users\athar\OneDrive\Desktop\TY - Sem 1\EDI\venv\Lib\site-packages\django\core\handlers\exception.py", line 55, in inner
    response = get_response(request)
               ^^^^^^^^^^^^^^^^^^^^^
  File "C:\Users\athar\OneDrive\Desktop\TY - Sem 1\EDI\venv\Lib\site-packages\django\core\handlers\base.py", line 197, in _get_response
    response = wrapped_callback(request, *callback_args, **callback_kwargs)
               ^^^^^^^^^^^^^^^^^^^^^^^^^^^^^^^^^^^^^^^^^^^^^^^^^^^^^^^^^^^^
  File "C:\Users\athar\OneDrive\Desktop\TY - Sem 1\EDI\parking-system\dashboard\parking_app\views.py", line 12, in dashboard
    'total_slots': ParkingSlot.objects.count(),
                   ^^^^^^^^^^^^^^^^^^^^^^^^^^^
  File "C:\Users\athar\OneDrive\Desktop\TY - Sem 1\EDI\venv\Lib\site-packages\django\db\models\manager.py", line 87, in manager_method
    return getattr(self.get_queryset(), name)(*args, **kwargs)
           ^^^^^^^^^^^^^^^^^^^^^^^^^^^^^^^^^^^^^^^^^^^^^^^^^^^
  File "C:\Users\athar\OneDrive\Desktop\TY - Sem 1\EDI\venv\Lib\site-packages\django\db\models\query.py", line 608, in count
    return self.query.get_count(using=self.db)
           ^^^^^^^^^^^^^^^^^^^^^^^^^^^^^^^^^^^
  File "C:\Users\athar\OneDrive\Desktop\TY - Sem 1\EDI\venv\Lib\site-packages\django\db\models\sql\query.py", line 568, in get_count
    return obj.get_aggregation(using, {"__count": Count("*")})["__count"]
           ^^^^^^^^^^^^^^^^^^^^^^^^^^^^^^^^^^^^^^^^^^^^^^^^^^^
  File "C:\Users\athar\OneDrive\Desktop\TY - Sem 1\EDI\venv\Lib\site-packages\django\db\models\sql\query.py", line 554, in get_aggregation
    result = compiler.execute_sql(SINGLE)
             ^^^^^^^^^^^^^^^^^^^^^^^^^^^^
  File "C:\Users\athar\OneDrive\Desktop\TY - Sem 1\EDI\venv\Lib\site-packages\django\db\models\sql\compiler.py", line 1562, in execute_sql
    cursor.execute(sql, params)
  File "C:\Users\athar\OneDrive\Desktop\TY - Sem 1\EDI\venv\Lib\site-packages\django\db\backends\utils.py", line 102, in execute
    return super().execute(sql, params)
           ^^^^^^^^^^^^^^^^^^^^^^^^^^^^
  File "C:\Users\athar\OneDrive\Desktop\TY - Sem 1\EDI\venv\Lib\site-packages\django\db\backends\utils.py", line 67, in execute
    return self._execute_with_wrappers(
           ^^^^^^^^^^^^^^^^^^^^^^^^^^^^
  File "C:\Users\athar\OneDrive\Desktop\TY - Sem 1\EDI\venv\Lib\site-packages\django\db\backends\utils.py", line 80, in _execute_with_wrappers
    return executor(sql, params, many, context)
           ^^^^^^^^^^^^^^^^^^^^^^^^^^^^^^^^^^^^
  File "C:\Users\athar\OneDrive\Desktop\TY - Sem 1\EDI\venv\Lib\site-packages\django\db\backends\utils.py", line 84, in _execute
    with self.db.wrap_database_errors:
  File "C:\Users\athar\OneDrive\Desktop\TY - Sem 1\EDI\venv\Lib\site-packages\django\db\utils.py", line 91, in __exit__
    raise dj_exc_value.with_traceback(traceback) from exc_value
  File "C:\Users\athar\OneDrive\Desktop\TY - Sem 1\EDI\venv\Lib\site-packages\django\db\backends\utils.py", line 89, in _execute
    return self.cursor.execute(sql, params)
           ^^^^^^^^^^^^^^^^^^^^^^^^^^^^^^^^
  File "C:\Users\athar\OneDrive\Desktop\TY - Sem 1\EDI\venv\Lib\site-packages\django\db\backends\sqlite3\base.py", line 328, in execute
    return super().execute(query, params)
           ^^^^^^^^^^^^^^^^^^^^^^^^^^^^^^
django.db.utils.OperationalError: no such table: parking_app_parkingslot
"GET / HTTP/1.1" 500 136131
Internal Server Error: /
Traceback (most recent call last):
  File "C:\Users\athar\OneDrive\Desktop\TY - Sem 1\EDI\venv\Lib\site-packages\django\db\backends\utils.py", line 89, in _execute
    return self.cursor.execute(sql, params)
           ^^^^^^^^^^^^^^^^^^^^^^^^^^^^^^^^
  File "C:\Users\athar\OneDrive\Desktop\TY - Sem 1\EDI\venv\Lib\site-packages\django\db\backends\sqlite3\base.py", line 328, in execute
    return super().execute(query, params)
           ^^^^^^^^^^^^^^^^^^^^^^^^^^^^^^
sqlite3.OperationalError: no such table: parking_app_parkingslot

The above exception was the direct cause of the following exception:

Traceback (most recent call last):
  File "C:\Users\athar\OneDrive\Desktop\TY - Sem 1\EDI\venv\Lib\site-packages\django\core\handlers\exception.py", line 55, in inner
    response = get_response(request)
               ^^^^^^^^^^^^^^^^^^^^^
  File "C:\Users\athar\OneDrive\Desktop\TY - Sem 1\EDI\venv\Lib\site-packages\django\core\handlers\base.py", line 197, in _get_response
    response = wrapped_callback(request, *callback_args, **callback_kwargs)
               ^^^^^^^^^^^^^^^^^^^^^^^^^^^^^^^^^^^^^^^^^^^^^^^^^^^^^^^^^^^^
  File "C:\Users\athar\OneDrive\Desktop\TY - Sem 1\EDI\parking-system\dashboard\parking_app\views.py", line 12, in dashboard
    'total_slots': ParkingSlot.objects.count(),
                   ^^^^^^^^^^^^^^^^^^^^^^^^^^^
  File "C:\Users\athar\OneDrive\Desktop\TY - Sem 1\EDI\venv\Lib\site-packages\django\db\models\manager.py", line 87, in manager_method
    return getattr(self.get_queryset(), name)(*args, **kwargs)
           ^^^^^^^^^^^^^^^^^^^^^^^^^^^^^^^^^^^^^^^^^^^^^^^^^^^
  File "C:\Users\athar\OneDrive\Desktop\TY - Sem 1\EDI\venv\Lib\site-packages\django\db\models\query.py", line 608, in count
    return self.query.get_count(using=self.db)
           ^^^^^^^^^^^^^^^^^^^^^^^^^^^^^^^^^^^
  File "C:\Users\athar\OneDrive\Desktop\TY - Sem 1\EDI\venv\Lib\site-packages\django\db\models\sql\query.py", line 568, in get_count
    return obj.get_aggregation(using, {"__count": Count("*")})["__count"]
           ^^^^^^^^^^^^^^^^^^^^^^^^^^^^^^^^^^^^^^^^^^^^^^^^^^^
  File "C:\Users\athar\OneDrive\Desktop\TY - Sem 1\EDI\venv\Lib\site-packages\django\db\models\sql\query.py", line 554, in get_aggregation
    result = compiler.execute_sql(SINGLE)
             ^^^^^^^^^^^^^^^^^^^^^^^^^^^^
  File "C:\Users\athar\OneDrive\Desktop\TY - Sem 1\EDI\venv\Lib\site-packages\django\db\models\sql\compiler.py", line 1562, in execute_sql
    cursor.execute(sql, params)
  File "C:\Users\athar\OneDrive\Desktop\TY - Sem 1\EDI\venv\Lib\site-packages\django\db\backends\utils.py", line 102, in execute
    return super().execute(sql, params)
           ^^^^^^^^^^^^^^^^^^^^^^^^^^^^
  File "C:\Users\athar\OneDrive\Desktop\TY - Sem 1\EDI\venv\Lib\site-packages\django\db\backends\utils.py", line 67, in execute
    return self._execute_with_wrappers(
           ^^^^^^^^^^^^^^^^^^^^^^^^^^^^
  File "C:\Users\athar\OneDrive\Desktop\TY - Sem 1\EDI\venv\Lib\site-packages\django\db\backends\utils.py", line 80, in _execute_with_wrappers
    return executor(sql, params, many, context)
           ^^^^^^^^^^^^^^^^^^^^^^^^^^^^^^^^^^^^
  File "C:\Users\athar\OneDrive\Desktop\TY - Sem 1\EDI\venv\Lib\site-packages\django\db\backends\utils.py", line 84, in _execute
    with self.db.wrap_database_errors:
  File "C:\Users\athar\OneDrive\Desktop\TY - Sem 1\EDI\venv\Lib\site-packages\django\db\utils.py", line 91, in __exit__
    raise dj_exc_value.with_traceback(traceback) from exc_value
  File "C:\Users\athar\OneDrive\Desktop\TY - Sem 1\EDI\venv\Lib\site-packages\django\db\backends\utils.py", line 89, in _execute
    return self.cursor.execute(sql, params)
           ^^^^^^^^^^^^^^^^^^^^^^^^^^^^^^^^
  File "C:\Users\athar\OneDrive\Desktop\TY - Sem 1\EDI\venv\Lib\site-packages\django\db\backends\sqlite3\base.py", line 328, in execute
    return super().execute(query, params)
           ^^^^^^^^^^^^^^^^^^^^^^^^^^^^^^
django.db.utils.OperationalError: no such table: parking_app_parkingslot
"GET / HTTP/1.1" 500 136131
Internal Server Error: /
Traceback (most recent call last):
  File "C:\Users\athar\OneDrive\Desktop\TY - Sem 1\EDI\venv\Lib\site-packages\django\db\backends\utils.py", line 89, in _execute
    return self.cursor.execute(sql, params)
           ^^^^^^^^^^^^^^^^^^^^^^^^^^^^^^^^
  File "C:\Users\athar\OneDrive\Desktop\TY - Sem 1\EDI\venv\Lib\site-packages\django\db\backends\sqlite3\base.py", line 328, in execute
    return super().execute(query, params)
           ^^^^^^^^^^^^^^^^^^^^^^^^^^^^^^
sqlite3.OperationalError: no such table: parking_app_parkingslot

The above exception was the direct cause of the following exception:

Traceback (most recent call last):
  File "C:\Users\athar\OneDrive\Desktop\TY - Sem 1\EDI\venv\Lib\site-packages\django\core\handlers\exception.py", line 55, in inner
    response = get_response(request)
               ^^^^^^^^^^^^^^^^^^^^^
  File "C:\Users\athar\OneDrive\Desktop\TY - Sem 1\EDI\venv\Lib\site-packages\django\core\handlers\base.py", line 197, in _get_response
    response = wrapped_callback(request, *callback_args, **callback_kwargs)
               ^^^^^^^^^^^^^^^^^^^^^^^^^^^^^^^^^^^^^^^^^^^^^^^^^^^^^^^^^^^^
  File "C:\Users\athar\OneDrive\Desktop\TY - Sem 1\EDI\parking-system\dashboard\parking_app\views.py", line 12, in dashboard
    'total_slots': ParkingSlot.objects.count(),
                   ^^^^^^^^^^^^^^^^^^^^^^^^^^^
  File "C:\Users\athar\OneDrive\Desktop\TY - Sem 1\EDI\venv\Lib\site-packages\django\db\models\manager.py", line 87, in manager_method
    return getattr(self.get_queryset(), name)(*args, **kwargs)
           ^^^^^^^^^^^^^^^^^^^^^^^^^^^^^^^^^^^^^^^^^^^^^^^^^^^
  File "C:\Users\athar\OneDrive\Desktop\TY - Sem 1\EDI\venv\Lib\site-packages\django\db\models\query.py", line 608, in count
    return self.query.get_count(using=self.db)
           ^^^^^^^^^^^^^^^^^^^^^^^^^^^^^^^^^^^
  File "C:\Users\athar\OneDrive\Desktop\TY - Sem 1\EDI\venv\Lib\site-packages\django\db\models\sql\query.py", line 568, in get_count
    return obj.get_aggregation(using, {"__count": Count("*")})["__count"]
           ^^^^^^^^^^^^^^^^^^^^^^^^^^^^^^^^^^^^^^^^^^^^^^^^^^^
  File "C:\Users\athar\OneDrive\Desktop\TY - Sem 1\EDI\venv\Lib\site-packages\django\db\models\sql\query.py", line 554, in get_aggregation
    result = compiler.execute_sql(SINGLE)
             ^^^^^^^^^^^^^^^^^^^^^^^^^^^^
  File "C:\Users\athar\OneDrive\Desktop\TY - Sem 1\EDI\venv\Lib\site-packages\django\db\models\sql\compiler.py", line 1562, in execute_sql
    cursor.execute(sql, params)
  File "C:\Users\athar\OneDrive\Desktop\TY - Sem 1\EDI\venv\Lib\site-packages\django\db\backends\utils.py", line 102, in execute
    return super().execute(sql, params)
           ^^^^^^^^^^^^^^^^^^^^^^^^^^^^
  File "C:\Users\athar\OneDrive\Desktop\TY - Sem 1\EDI\venv\Lib\site-packages\django\db\backends\utils.py", line 67, in execute
    return self._execute_with_wrappers(
           ^^^^^^^^^^^^^^^^^^^^^^^^^^^^
  File "C:\Users\athar\OneDrive\Desktop\TY - Sem 1\EDI\venv\Lib\site-packages\django\db\backends\utils.py", line 80, in _execute_with_wrappers
    return executor(sql, params, many, context)
           ^^^^^^^^^^^^^^^^^^^^^^^^^^^^^^^^^^^^
  File "C:\Users\athar\OneDrive\Desktop\TY - Sem 1\EDI\venv\Lib\site-packages\django\db\backends\utils.py", line 84, in _execute
    with self.db.wrap_database_errors:
  File "C:\Users\athar\OneDrive\Desktop\TY - Sem 1\EDI\venv\Lib\site-packages\django\db\utils.py", line 91, in __exit__
    raise dj_exc_value.with_traceback(traceback) from exc_value
  File "C:\Users\athar\OneDrive\Desktop\TY - Sem 1\EDI\venv\Lib\site-packages\django\db\backends\utils.py", line 89, in _execute
    return self.cursor.execute(sql, params)
           ^^^^^^^^^^^^^^^^^^^^^^^^^^^^^^^^
  File "C:\Users\athar\OneDrive\Desktop\TY - Sem 1\EDI\venv\Lib\site-packages\django\db\backends\sqlite3\base.py", line 328, in execute
    return super().execute(query, params)
           ^^^^^^^^^^^^^^^^^^^^^^^^^^^^^^
django.db.utils.OperationalError: no such table: parking_app_parkingslot
"GET / HTTP/1.1" 500 136131
Internal Server Error: /
Traceback (most recent call last):
  File "C:\Users\athar\OneDrive\Desktop\TY - Sem 1\EDI\venv\Lib\site-packages\django\db\backends\utils.py", line 89, in _execute
    return self.cursor.execute(sql, params)
           ^^^^^^^^^^^^^^^^^^^^^^^^^^^^^^^^
  File "C:\Users\athar\OneDrive\Desktop\TY - Sem 1\EDI\venv\Lib\site-packages\django\db\backends\sqlite3\base.py", line 328, in execute
    return super().execute(query, params)
           ^^^^^^^^^^^^^^^^^^^^^^^^^^^^^^
sqlite3.OperationalError: no such table: parking_app_parkingslot

The above exception was the direct cause of the following exception:

Traceback (most recent call last):
  File "C:\Users\athar\OneDrive\Desktop\TY - Sem 1\EDI\venv\Lib\site-packages\django\core\handlers\exception.py", line 55, in inner
    response = get_response(request)
               ^^^^^^^^^^^^^^^^^^^^^
  File "C:\Users\athar\OneDrive\Desktop\TY - Sem 1\EDI\venv\Lib\site-packages\django\core\handlers\base.py", line 197, in _get_response
    response = wrapped_callback(request, *callback_args, **callback_kwargs)
               ^^^^^^^^^^^^^^^^^^^^^^^^^^^^^^^^^^^^^^^^^^^^^^^^^^^^^^^^^^^^
  File "C:\Users\athar\OneDrive\Desktop\TY - Sem 1\EDI\parking-system\dashboard\parking_app\views.py", line 12, in dashboard
    'total_slots': ParkingSlot.objects.count(),
                   ^^^^^^^^^^^^^^^^^^^^^^^^^^^
  File "C:\Users\athar\OneDrive\Desktop\TY - Sem 1\EDI\venv\Lib\site-packages\django\db\models\manager.py", line 87, in manager_method
    return getattr(self.get_queryset(), name)(*args, **kwargs)
           ^^^^^^^^^^^^^^^^^^^^^^^^^^^^^^^^^^^^^^^^^^^^^^^^^^^
  File "C:\Users\athar\OneDrive\Desktop\TY - Sem 1\EDI\venv\Lib\site-packages\django\db\models\query.py", line 608, in count
    return self.query.get_count(using=self.db)
           ^^^^^^^^^^^^^^^^^^^^^^^^^^^^^^^^^^^
  File "C:\Users\athar\OneDrive\Desktop\TY - Sem 1\EDI\venv\Lib\site-packages\django\db\models\sql\query.py", line 568, in get_count
    return obj.get_aggregation(using, {"__count": Count("*")})["__count"]
           ^^^^^^^^^^^^^^^^^^^^^^^^^^^^^^^^^^^^^^^^^^^^^^^^^^^
  File "C:\Users\athar\OneDrive\Desktop\TY - Sem 1\EDI\venv\Lib\site-packages\django\db\models\sql\query.py", line 554, in get_aggregation
    result = compiler.execute_sql(SINGLE)
             ^^^^^^^^^^^^^^^^^^^^^^^^^^^^
  File "C:\Users\athar\OneDrive\Desktop\TY - Sem 1\EDI\venv\Lib\site-packages\django\db\models\sql\compiler.py", line 1562, in execute_sql
    cursor.execute(sql, params)
  File "C:\Users\athar\OneDrive\Desktop\TY - Sem 1\EDI\venv\Lib\site-packages\django\db\backends\utils.py", line 102, in execute
    return super().execute(sql, params)
           ^^^^^^^^^^^^^^^^^^^^^^^^^^^^
  File "C:\Users\athar\OneDrive\Desktop\TY - Sem 1\EDI\venv\Lib\site-packages\django\db\backends\utils.py", line 67, in execute
    return self._execute_with_wrappers(
           ^^^^^^^^^^^^^^^^^^^^^^^^^^^^
  File "C:\Users\athar\OneDrive\Desktop\TY - Sem 1\EDI\venv\Lib\site-packages\django\db\backends\utils.py", line 80, in _execute_with_wrappers
    return executor(sql, params, many, context)
           ^^^^^^^^^^^^^^^^^^^^^^^^^^^^^^^^^^^^
  File "C:\Users\athar\OneDrive\Desktop\TY - Sem 1\EDI\venv\Lib\site-packages\django\db\backends\utils.py", line 84, in _execute
    with self.db.wrap_database_errors:
  File "C:\Users\athar\OneDrive\Desktop\TY - Sem 1\EDI\venv\Lib\site-packages\django\db\utils.py", line 91, in __exit__
    raise dj_exc_value.with_traceback(traceback) from exc_value
  File "C:\Users\athar\OneDrive\Desktop\TY - Sem 1\EDI\venv\Lib\site-packages\django\db\backends\utils.py", line 89, in _execute
    return self.cursor.execute(sql, params)
           ^^^^^^^^^^^^^^^^^^^^^^^^^^^^^^^^
  File "C:\Users\athar\OneDrive\Desktop\TY - Sem 1\EDI\venv\Lib\site-packages\django\db\backends\sqlite3\base.py", line 328, in execute
    return super().execute(query, params)
           ^^^^^^^^^^^^^^^^^^^^^^^^^^^^^^
django.db.utils.OperationalError: no such table: parking_app_parkingslot
"GET / HTTP/1.1" 500 136131
Watching for file changes with StatReloader
Watching for file changes with StatReloader
"GET / HTTP/1.1" 200 0
"GET / HTTP/1.1" 200 0
"GET / HTTP/1.1" 200 0
"GET / HTTP/1.1" 200 0
"GET / HTTP/1.1" 200 0
"GET / HTTP/1.1" 200 0
C:\Users\athar\OneDrive\Desktop\TY - Sem 1\EDI\parking-system\dashboard\parking_app\views.py changed, reloading.
Watching for file changes with StatReloader
"GET / HTTP/1.1" 200 0
"GET / HTTP/1.1" 200 0
Internal Server Error: /analytics/
Traceback (most recent call last):
  File "C:\Users\athar\OneDrive\Desktop\TY - Sem 1\EDI\venv\Lib\site-packages\django\db\backends\utils.py", line 89, in _execute
    return self.cursor.execute(sql, params)
           ^^^^^^^^^^^^^^^^^^^^^^^^^^^^^^^^
  File "C:\Users\athar\OneDrive\Desktop\TY - Sem 1\EDI\venv\Lib\site-packages\django\db\backends\sqlite3\base.py", line 328, in execute
    return super().execute(query, params)
           ^^^^^^^^^^^^^^^^^^^^^^^^^^^^^^
sqlite3.OperationalError: no such table: parking_app_parkingsession

The above exception was the direct cause of the following exception:

Traceback (most recent call last):
  File "C:\Users\athar\OneDrive\Desktop\TY - Sem 1\EDI\venv\Lib\site-packages\django\core\handlers\exception.py", line 55, in inner
    response = get_response(request)
               ^^^^^^^^^^^^^^^^^^^^^
  File "C:\Users\athar\OneDrive\Desktop\TY - Sem 1\EDI\venv\Lib\site-packages\django\core\handlers\base.py", line 197, in _get_response
    response = wrapped_callback(request, *callback_args, **callback_kwargs)
               ^^^^^^^^^^^^^^^^^^^^^^^^^^^^^^^^^^^^^^^^^^^^^^^^^^^^^^^^^^^^
  File "C:\Users\athar\OneDrive\Desktop\TY - Sem 1\EDI\parking-system\dashboard\parking_app\views.py", line 62, in analytics_view
    'total_sessions': sessions.count(),
                      ^^^^^^^^^^^^^^^^
  File "C:\Users\athar\OneDrive\Desktop\TY - Sem 1\EDI\venv\Lib\site-packages\django\db\models\query.py", line 608, in count
    return self.query.get_count(using=self.db)
           ^^^^^^^^^^^^^^^^^^^^^^^^^^^^^^^^^^^
  File "C:\Users\athar\OneDrive\Desktop\TY - Sem 1\EDI\venv\Lib\site-packages\django\db\models\sql\query.py", line 568, in get_count
    return obj.get_aggregation(using, {"__count": Count("*")})["__count"]
           ^^^^^^^^^^^^^^^^^^^^^^^^^^^^^^^^^^^^^^^^^^^^^^^^^^^
  File "C:\Users\athar\OneDrive\Desktop\TY - Sem 1\EDI\venv\Lib\site-packages\django\db\models\sql\query.py", line 554, in get_aggregation
    result = compiler.execute_sql(SINGLE)
             ^^^^^^^^^^^^^^^^^^^^^^^^^^^^
  File "C:\Users\athar\OneDrive\Desktop\TY - Sem 1\EDI\venv\Lib\site-packages\django\db\models\sql\compiler.py", line 1562, in execute_sql
    cursor.execute(sql, params)
  File "C:\Users\athar\OneDrive\Desktop\TY - Sem 1\EDI\venv\Lib\site-packages\django\db\backends\utils.py", line 102, in execute
    return super().execute(sql, params)
           ^^^^^^^^^^^^^^^^^^^^^^^^^^^^
  File "C:\Users\athar\OneDrive\Desktop\TY - Sem 1\EDI\venv\Lib\site-packages\django\db\backends\utils.py", line 67, in execute
    return self._execute_with_wrappers(
           ^^^^^^^^^^^^^^^^^^^^^^^^^^^^
  File "C:\Users\athar\OneDrive\Desktop\TY - Sem 1\EDI\venv\Lib\site-packages\django\db\backends\utils.py", line 80, in _execute_with_wrappers
    return executor(sql, params, many, context)
           ^^^^^^^^^^^^^^^^^^^^^^^^^^^^^^^^^^^^
  File "C:\Users\athar\OneDrive\Desktop\TY - Sem 1\EDI\venv\Lib\site-packages\django\db\backends\utils.py", line 84, in _execute
    with self.db.wrap_database_errors:
  File "C:\Users\athar\OneDrive\Desktop\TY - Sem 1\EDI\venv\Lib\site-packages\django\db\utils.py", line 91, in __exit__
    raise dj_exc_value.with_traceback(traceback) from exc_value
  File "C:\Users\athar\OneDrive\Desktop\TY - Sem 1\EDI\venv\Lib\site-packages\django\db\backends\utils.py", line 89, in _execute
    return self.cursor.execute(sql, params)
           ^^^^^^^^^^^^^^^^^^^^^^^^^^^^^^^^
  File "C:\Users\athar\OneDrive\Desktop\TY - Sem 1\EDI\venv\Lib\site-packages\django\db\backends\sqlite3\base.py", line 328, in execute
    return super().execute(query, params)
           ^^^^^^^^^^^^^^^^^^^^^^^^^^^^^^
django.db.utils.OperationalError: no such table: parking_app_parkingsession
"GET /analytics/ HTTP/1.1" 500 134818
"GET /realtime/ HTTP/1.1" 200 0
Watching for file changes with StatReloader
Internal Server Error: /
Traceback (most recent call last):
  File "C:\Users\athar\OneDrive\Desktop\TY - Sem 1\EDI\venv\Lib\site-packages\django\core\handlers\exception.py", line 55, in inner
    response = get_response(request)
               ^^^^^^^^^^^^^^^^^^^^^
  File "C:\Users\athar\OneDrive\Desktop\TY - Sem 1\EDI\venv\Lib\site-packages\django\core\handlers\base.py", line 197, in _get_response
    response = wrapped_callback(request, *callback_args, **callback_kwargs)
               ^^^^^^^^^^^^^^^^^^^^^^^^^^^^^^^^^^^^^^^^^^^^^^^^^^^^^^^^^^^^
  File "C:\Users\athar\OneDrive\Desktop\TY - Sem 1\EDI\parking-system\dashboard\parking_app\views.py", line 27, in dashboard
    return render(request, 'dashboard/parkomate_index.html', context)
           ^^^^^^^^^^^^^^^^^^^^^^^^^^^^^^^^^^^^^^^^^^^^^^^^^^^^^^^^^^
  File "C:\Users\athar\OneDrive\Desktop\TY - Sem 1\EDI\venv\Lib\site-packages\django\shortcuts.py", line 24, in render
    content = loader.render_to_string(template_name, context, request, using=using)
              ^^^^^^^^^^^^^^^^^^^^^^^^^^^^^^^^^^^^^^^^^^^^^^^^^^^^^^^^^^^^^^^^^^^^^
  File "C:\Users\athar\OneDrive\Desktop\TY - Sem 1\EDI\venv\Lib\site-packages\django\template\loader.py", line 62, in render_to_string
    return template.render(context, request)
           ^^^^^^^^^^^^^^^^^^^^^^^^^^^^^^^^^
  File "C:\Users\athar\OneDrive\Desktop\TY - Sem 1\EDI\venv\Lib\site-packages\django\template\backends\django.py", line 61, in render
    return self.template.render(context)
           ^^^^^^^^^^^^^^^^^^^^^^^^^^^^^
  File "C:\Users\athar\OneDrive\Desktop\TY - Sem 1\EDI\venv\Lib\site-packages\django\template\base.py", line 175, in render
    return self._render(context)
           ^^^^^^^^^^^^^^^^^^^^^
  File "C:\Users\athar\OneDrive\Desktop\TY - Sem 1\EDI\venv\Lib\site-packages\django\template\base.py", line 167, in _render
    return self.nodelist.render(context)
           ^^^^^^^^^^^^^^^^^^^^^^^^^^^^^
  File "C:\Users\athar\OneDrive\Desktop\TY - Sem 1\EDI\venv\Lib\site-packages\django\template\base.py", line 1005, in render
    return SafeString("".join([node.render_annotated(context) for node in self]))
                              ^^^^^^^^^^^^^^^^^^^^^^^^^^^^^^^^^^^^^^^^^^^^^^^^^
  File "C:\Users\athar\OneDrive\Desktop\TY - Sem 1\EDI\venv\Lib\site-packages\django\template\base.py", line 1005, in <listcomp>
    return SafeString("".join([node.render_annotated(context) for node in self]))
                               ^^^^^^^^^^^^^^^^^^^^^^^^^^^^^^
  File "C:\Users\athar\OneDrive\Desktop\TY - Sem 1\EDI\venv\Lib\site-packages\django\template\base.py", line 966, in render_annotated
    return self.render(context)
           ^^^^^^^^^^^^^^^^^^^^
  File "C:\Users\athar\OneDrive\Desktop\TY - Sem 1\EDI\venv\Lib\site-packages\django\template\loader_tags.py", line 157, in render
    return compiled_parent._render(context)
           ^^^^^^^^^^^^^^^^^^^^^^^^^^^^^^^^
  File "C:\Users\athar\OneDrive\Desktop\TY - Sem 1\EDI\venv\Lib\site-packages\django\template\base.py", line 167, in _render
    return self.nodelist.render(context)
           ^^^^^^^^^^^^^^^^^^^^^^^^^^^^^
  File "C:\Users\athar\OneDrive\Desktop\TY - Sem 1\EDI\venv\Lib\site-packages\django\template\base.py", line 1005, in render
    return SafeString("".join([node.render_annotated(context) for node in self]))
                              ^^^^^^^^^^^^^^^^^^^^^^^^^^^^^^^^^^^^^^^^^^^^^^^^^
  File "C:\Users\athar\OneDrive\Desktop\TY - Sem 1\EDI\venv\Lib\site-packages\django\template\base.py", line 1005, in <listcomp>
    return SafeString("".join([node.render_annotated(context) for node in self]))
                               ^^^^^^^^^^^^^^^^^^^^^^^^^^^^^^
  File "C:\Users\athar\OneDrive\Desktop\TY - Sem 1\EDI\venv\Lib\site-packages\django\template\base.py", line 966, in render_annotated
    return self.render(context)
           ^^^^^^^^^^^^^^^^^^^^
  File "C:\Users\athar\OneDrive\Desktop\TY - Sem 1\EDI\venv\Lib\site-packages\django\template\defaulttags.py", line 471, in render
    url = reverse(view_name, args=args, kwargs=kwargs, current_app=current_app)
          ^^^^^^^^^^^^^^^^^^^^^^^^^^^^^^^^^^^^^^^^^^^^^^^^^^^^^^^^^^^^^^^^^^^^^
  File "C:\Users\athar\OneDrive\Desktop\TY - Sem 1\EDI\venv\Lib\site-packages\django\urls\base.py", line 88, in reverse
    return resolver._reverse_with_prefix(view, prefix, *args, **kwargs)
           ^^^^^^^^^^^^^^^^^^^^^^^^^^^^^^^^^^^^^^^^^^^^^^^^^^^^^^^^^^^^
  File "C:\Users\athar\OneDrive\Desktop\TY - Sem 1\EDI\venv\Lib\site-packages\django\urls\resolvers.py", line 828, in _reverse_with_prefix
    raise NoReverseMatch(msg)
django.urls.exceptions.NoReverseMatch: Reverse for 'dashboard' not found. 'dashboard' is not a valid view function or pattern name.
"GET / HTTP/1.1" 500 149791
Watching for file changes with StatReloader
Internal Server Error: /
Traceback (most recent call last):
  File "C:\Users\athar\OneDrive\Desktop\TY - Sem 1\EDI\venv\Lib\site-packages\django\core\handlers\exception.py", line 55, in inner
    response = get_response(request)
               ^^^^^^^^^^^^^^^^^^^^^
  File "C:\Users\athar\OneDrive\Desktop\TY - Sem 1\EDI\venv\Lib\site-packages\django\core\handlers\base.py", line 197, in _get_response
    response = wrapped_callback(request, *callback_args, **callback_kwargs)
               ^^^^^^^^^^^^^^^^^^^^^^^^^^^^^^^^^^^^^^^^^^^^^^^^^^^^^^^^^^^^
  File "C:\Users\athar\OneDrive\Desktop\TY - Sem 1\EDI\parking-system\dashboard\parking_app\views.py", line 27, in dashboard
    return render(request, 'dashboard/parkomate_index.html', context)
           ^^^^^^^^^^^^^^^^^^^^^^^^^^^^^^^^^^^^^^^^^^^^^^^^^^^^^^^^^^
  File "C:\Users\athar\OneDrive\Desktop\TY - Sem 1\EDI\venv\Lib\site-packages\django\shortcuts.py", line 24, in render
    content = loader.render_to_string(template_name, context, request, using=using)
              ^^^^^^^^^^^^^^^^^^^^^^^^^^^^^^^^^^^^^^^^^^^^^^^^^^^^^^^^^^^^^^^^^^^^^
  File "C:\Users\athar\OneDrive\Desktop\TY - Sem 1\EDI\venv\Lib\site-packages\django\template\loader.py", line 62, in render_to_string
    return template.render(context, request)
           ^^^^^^^^^^^^^^^^^^^^^^^^^^^^^^^^^
  File "C:\Users\athar\OneDrive\Desktop\TY - Sem 1\EDI\venv\Lib\site-packages\django\template\backends\django.py", line 61, in render
    return self.template.render(context)
           ^^^^^^^^^^^^^^^^^^^^^^^^^^^^^
  File "C:\Users\athar\OneDrive\Desktop\TY - Sem 1\EDI\venv\Lib\site-packages\django\template\base.py", line 175, in render
    return self._render(context)
           ^^^^^^^^^^^^^^^^^^^^^
  File "C:\Users\athar\OneDrive\Desktop\TY - Sem 1\EDI\venv\Lib\site-packages\django\template\base.py", line 167, in _render
    return self.nodelist.render(context)
           ^^^^^^^^^^^^^^^^^^^^^^^^^^^^^
  File "C:\Users\athar\OneDrive\Desktop\TY - Sem 1\EDI\venv\Lib\site-packages\django\template\base.py", line 1005, in render
    return SafeString("".join([node.render_annotated(context) for node in self]))
                              ^^^^^^^^^^^^^^^^^^^^^^^^^^^^^^^^^^^^^^^^^^^^^^^^^
  File "C:\Users\athar\OneDrive\Desktop\TY - Sem 1\EDI\venv\Lib\site-packages\django\template\base.py", line 1005, in <listcomp>
    return SafeString("".join([node.render_annotated(context) for node in self]))
                               ^^^^^^^^^^^^^^^^^^^^^^^^^^^^^^
  File "C:\Users\athar\OneDrive\Desktop\TY - Sem 1\EDI\venv\Lib\site-packages\django\template\base.py", line 966, in render_annotated
    return self.render(context)
           ^^^^^^^^^^^^^^^^^^^^
  File "C:\Users\athar\OneDrive\Desktop\TY - Sem 1\EDI\venv\Lib\site-packages\django\template\loader_tags.py", line 157, in render
    return compiled_parent._render(context)
           ^^^^^^^^^^^^^^^^^^^^^^^^^^^^^^^^
  File "C:\Users\athar\OneDrive\Desktop\TY - Sem 1\EDI\venv\Lib\site-packages\django\template\base.py", line 167, in _render
    return self.nodelist.render(context)
           ^^^^^^^^^^^^^^^^^^^^^^^^^^^^^
  File "C:\Users\athar\OneDrive\Desktop\TY - Sem 1\EDI\venv\Lib\site-packages\django\template\base.py", line 1005, in render
    return SafeString("".join([node.render_annotated(context) for node in self]))
                              ^^^^^^^^^^^^^^^^^^^^^^^^^^^^^^^^^^^^^^^^^^^^^^^^^
  File "C:\Users\athar\OneDrive\Desktop\TY - Sem 1\EDI\venv\Lib\site-packages\django\template\base.py", line 1005, in <listcomp>
    return SafeString("".join([node.render_annotated(context) for node in self]))
                               ^^^^^^^^^^^^^^^^^^^^^^^^^^^^^^
  File "C:\Users\athar\OneDrive\Desktop\TY - Sem 1\EDI\venv\Lib\site-packages\django\template\base.py", line 966, in render_annotated
    return self.render(context)
           ^^^^^^^^^^^^^^^^^^^^
  File "C:\Users\athar\OneDrive\Desktop\TY - Sem 1\EDI\venv\Lib\site-packages\django\template\defaulttags.py", line 471, in render
    url = reverse(view_name, args=args, kwargs=kwargs, current_app=current_app)
          ^^^^^^^^^^^^^^^^^^^^^^^^^^^^^^^^^^^^^^^^^^^^^^^^^^^^^^^^^^^^^^^^^^^^^
  File "C:\Users\athar\OneDrive\Desktop\TY - Sem 1\EDI\venv\Lib\site-packages\django\urls\base.py", line 88, in reverse
    return resolver._reverse_with_prefix(view, prefix, *args, **kwargs)
           ^^^^^^^^^^^^^^^^^^^^^^^^^^^^^^^^^^^^^^^^^^^^^^^^^^^^^^^^^^^^
  File "C:\Users\athar\OneDrive\Desktop\TY - Sem 1\EDI\venv\Lib\site-packages\django\urls\resolvers.py", line 828, in _reverse_with_prefix
    raise NoReverseMatch(msg)
django.urls.exceptions.NoReverseMatch: Reverse for 'dashboard' not found. 'dashboard' is not a valid view function or pattern name.
"GET / HTTP/1.1" 500 149669
Internal Server Error: /
Traceback (most recent call last):
  File "C:\Users\athar\OneDrive\Desktop\TY - Sem 1\EDI\venv\Lib\site-packages\django\core\handlers\exception.py", line 55, in inner
    response = get_response(request)
               ^^^^^^^^^^^^^^^^^^^^^
  File "C:\Users\athar\OneDrive\Desktop\TY - Sem 1\EDI\venv\Lib\site-packages\django\core\handlers\base.py", line 197, in _get_response
    response = wrapped_callback(request, *callback_args, **callback_kwargs)
               ^^^^^^^^^^^^^^^^^^^^^^^^^^^^^^^^^^^^^^^^^^^^^^^^^^^^^^^^^^^^
  File "C:\Users\athar\OneDrive\Desktop\TY - Sem 1\EDI\parking-system\dashboard\parking_app\views.py", line 27, in dashboard
    return render(request, 'dashboard/parkomate_index.html', context)
           ^^^^^^^^^^^^^^^^^^^^^^^^^^^^^^^^^^^^^^^^^^^^^^^^^^^^^^^^^^
  File "C:\Users\athar\OneDrive\Desktop\TY - Sem 1\EDI\venv\Lib\site-packages\django\shortcuts.py", line 24, in render
    content = loader.render_to_string(template_name, context, request, using=using)
              ^^^^^^^^^^^^^^^^^^^^^^^^^^^^^^^^^^^^^^^^^^^^^^^^^^^^^^^^^^^^^^^^^^^^^
  File "C:\Users\athar\OneDrive\Desktop\TY - Sem 1\EDI\venv\Lib\site-packages\django\template\loader.py", line 62, in render_to_string
    return template.render(context, request)
           ^^^^^^^^^^^^^^^^^^^^^^^^^^^^^^^^^
  File "C:\Users\athar\OneDrive\Desktop\TY - Sem 1\EDI\venv\Lib\site-packages\django\template\backends\django.py", line 61, in render
    return self.template.render(context)
           ^^^^^^^^^^^^^^^^^^^^^^^^^^^^^
  File "C:\Users\athar\OneDrive\Desktop\TY - Sem 1\EDI\venv\Lib\site-packages\django\template\base.py", line 175, in render
    return self._render(context)
           ^^^^^^^^^^^^^^^^^^^^^
  File "C:\Users\athar\OneDrive\Desktop\TY - Sem 1\EDI\venv\Lib\site-packages\django\template\base.py", line 167, in _render
    return self.nodelist.render(context)
           ^^^^^^^^^^^^^^^^^^^^^^^^^^^^^
  File "C:\Users\athar\OneDrive\Desktop\TY - Sem 1\EDI\venv\Lib\site-packages\django\template\base.py", line 1005, in render
    return SafeString("".join([node.render_annotated(context) for node in self]))
                              ^^^^^^^^^^^^^^^^^^^^^^^^^^^^^^^^^^^^^^^^^^^^^^^^^
  File "C:\Users\athar\OneDrive\Desktop\TY - Sem 1\EDI\venv\Lib\site-packages\django\template\base.py", line 1005, in <listcomp>
    return SafeString("".join([node.render_annotated(context) for node in self]))
                               ^^^^^^^^^^^^^^^^^^^^^^^^^^^^^^
  File "C:\Users\athar\OneDrive\Desktop\TY - Sem 1\EDI\venv\Lib\site-packages\django\template\base.py", line 966, in render_annotated
    return self.render(context)
           ^^^^^^^^^^^^^^^^^^^^
  File "C:\Users\athar\OneDrive\Desktop\TY - Sem 1\EDI\venv\Lib\site-packages\django\template\loader_tags.py", line 157, in render
    return compiled_parent._render(context)
           ^^^^^^^^^^^^^^^^^^^^^^^^^^^^^^^^
  File "C:\Users\athar\OneDrive\Desktop\TY - Sem 1\EDI\venv\Lib\site-packages\django\template\base.py", line 167, in _render
    return self.nodelist.render(context)
           ^^^^^^^^^^^^^^^^^^^^^^^^^^^^^
  File "C:\Users\athar\OneDrive\Desktop\TY - Sem 1\EDI\venv\Lib\site-packages\django\template\base.py", line 1005, in render
    return SafeString("".join([node.render_annotated(context) for node in self]))
                              ^^^^^^^^^^^^^^^^^^^^^^^^^^^^^^^^^^^^^^^^^^^^^^^^^
  File "C:\Users\athar\OneDrive\Desktop\TY - Sem 1\EDI\venv\Lib\site-packages\django\template\base.py", line 1005, in <listcomp>
    return SafeString("".join([node.render_annotated(context) for node in self]))
                               ^^^^^^^^^^^^^^^^^^^^^^^^^^^^^^
  File "C:\Users\athar\OneDrive\Desktop\TY - Sem 1\EDI\venv\Lib\site-packages\django\template\base.py", line 966, in render_annotated
    return self.render(context)
           ^^^^^^^^^^^^^^^^^^^^
  File "C:\Users\athar\OneDrive\Desktop\TY - Sem 1\EDI\venv\Lib\site-packages\django\template\defaulttags.py", line 471, in render
    url = reverse(view_name, args=args, kwargs=kwargs, current_app=current_app)
          ^^^^^^^^^^^^^^^^^^^^^^^^^^^^^^^^^^^^^^^^^^^^^^^^^^^^^^^^^^^^^^^^^^^^^
  File "C:\Users\athar\OneDrive\Desktop\TY - Sem 1\EDI\venv\Lib\site-packages\django\urls\base.py", line 88, in reverse
    return resolver._reverse_with_prefix(view, prefix, *args, **kwargs)
           ^^^^^^^^^^^^^^^^^^^^^^^^^^^^^^^^^^^^^^^^^^^^^^^^^^^^^^^^^^^^
  File "C:\Users\athar\OneDrive\Desktop\TY - Sem 1\EDI\venv\Lib\site-packages\django\urls\resolvers.py", line 828, in _reverse_with_prefix
    raise NoReverseMatch(msg)
django.urls.exceptions.NoReverseMatch: Reverse for 'dashboard' not found. 'dashboard' is not a valid view function or pattern name.
"GET / HTTP/1.1" 500 149669
Internal Server Error: /realtime/
Traceback (most recent call last):
  File "C:\Users\athar\OneDrive\Desktop\TY - Sem 1\EDI\venv\Lib\site-packages\django\core\handlers\exception.py", line 55, in inner
    response = get_response(request)
               ^^^^^^^^^^^^^^^^^^^^^
  File "C:\Users\athar\OneDrive\Desktop\TY - Sem 1\EDI\venv\Lib\site-packages\django\core\handlers\base.py", line 197, in _get_response
    response = wrapped_callback(request, *callback_args, **callback_kwargs)
               ^^^^^^^^^^^^^^^^^^^^^^^^^^^^^^^^^^^^^^^^^^^^^^^^^^^^^^^^^^^^
  File "C:\Users\athar\OneDrive\Desktop\TY - Sem 1\EDI\parking-system\dashboard\parking_app\views.py", line 42, in realtime_view
    return render(request, 'dashboard/parkomate_realtime.html', context)
           ^^^^^^^^^^^^^^^^^^^^^^^^^^^^^^^^^^^^^^^^^^^^^^^^^^^^^^^^^^^^^
  File "C:\Users\athar\OneDrive\Desktop\TY - Sem 1\EDI\venv\Lib\site-packages\django\shortcuts.py", line 24, in render
    content = loader.render_to_string(template_name, context, request, using=using)
              ^^^^^^^^^^^^^^^^^^^^^^^^^^^^^^^^^^^^^^^^^^^^^^^^^^^^^^^^^^^^^^^^^^^^^
  File "C:\Users\athar\OneDrive\Desktop\TY - Sem 1\EDI\venv\Lib\site-packages\django\template\loader.py", line 62, in render_to_string
    return template.render(context, request)
           ^^^^^^^^^^^^^^^^^^^^^^^^^^^^^^^^^
  File "C:\Users\athar\OneDrive\Desktop\TY - Sem 1\EDI\venv\Lib\site-packages\django\template\backends\django.py", line 61, in render
    return self.template.render(context)
           ^^^^^^^^^^^^^^^^^^^^^^^^^^^^^
  File "C:\Users\athar\OneDrive\Desktop\TY - Sem 1\EDI\venv\Lib\site-packages\django\template\base.py", line 175, in render
    return self._render(context)
           ^^^^^^^^^^^^^^^^^^^^^
  File "C:\Users\athar\OneDrive\Desktop\TY - Sem 1\EDI\venv\Lib\site-packages\django\template\base.py", line 167, in _render
    return self.nodelist.render(context)
           ^^^^^^^^^^^^^^^^^^^^^^^^^^^^^
  File "C:\Users\athar\OneDrive\Desktop\TY - Sem 1\EDI\venv\Lib\site-packages\django\template\base.py", line 1005, in render
    return SafeString("".join([node.render_annotated(context) for node in self]))
                              ^^^^^^^^^^^^^^^^^^^^^^^^^^^^^^^^^^^^^^^^^^^^^^^^^
  File "C:\Users\athar\OneDrive\Desktop\TY - Sem 1\EDI\venv\Lib\site-packages\django\template\base.py", line 1005, in <listcomp>
    return SafeString("".join([node.render_annotated(context) for node in self]))
                               ^^^^^^^^^^^^^^^^^^^^^^^^^^^^^^
  File "C:\Users\athar\OneDrive\Desktop\TY - Sem 1\EDI\venv\Lib\site-packages\django\template\base.py", line 966, in render_annotated
    return self.render(context)
           ^^^^^^^^^^^^^^^^^^^^
  File "C:\Users\athar\OneDrive\Desktop\TY - Sem 1\EDI\venv\Lib\site-packages\django\template\loader_tags.py", line 157, in render
    return compiled_parent._render(context)
           ^^^^^^^^^^^^^^^^^^^^^^^^^^^^^^^^
  File "C:\Users\athar\OneDrive\Desktop\TY - Sem 1\EDI\venv\Lib\site-packages\django\template\base.py", line 167, in _render
    return self.nodelist.render(context)
           ^^^^^^^^^^^^^^^^^^^^^^^^^^^^^
  File "C:\Users\athar\OneDrive\Desktop\TY - Sem 1\EDI\venv\Lib\site-packages\django\template\base.py", line 1005, in render
    return SafeString("".join([node.render_annotated(context) for node in self]))
                              ^^^^^^^^^^^^^^^^^^^^^^^^^^^^^^^^^^^^^^^^^^^^^^^^^
  File "C:\Users\athar\OneDrive\Desktop\TY - Sem 1\EDI\venv\Lib\site-packages\django\template\base.py", line 1005, in <listcomp>
    return SafeString("".join([node.render_annotated(context) for node in self]))
                               ^^^^^^^^^^^^^^^^^^^^^^^^^^^^^^
  File "C:\Users\athar\OneDrive\Desktop\TY - Sem 1\EDI\venv\Lib\site-packages\django\template\base.py", line 966, in render_annotated
    return self.render(context)
           ^^^^^^^^^^^^^^^^^^^^
  File "C:\Users\athar\OneDrive\Desktop\TY - Sem 1\EDI\venv\Lib\site-packages\django\template\defaulttags.py", line 471, in render
    url = reverse(view_name, args=args, kwargs=kwargs, current_app=current_app)
          ^^^^^^^^^^^^^^^^^^^^^^^^^^^^^^^^^^^^^^^^^^^^^^^^^^^^^^^^^^^^^^^^^^^^^
  File "C:\Users\athar\OneDrive\Desktop\TY - Sem 1\EDI\venv\Lib\site-packages\django\urls\base.py", line 88, in reverse
    return resolver._reverse_with_prefix(view, prefix, *args, **kwargs)
           ^^^^^^^^^^^^^^^^^^^^^^^^^^^^^^^^^^^^^^^^^^^^^^^^^^^^^^^^^^^^
  File "C:\Users\athar\OneDrive\Desktop\TY - Sem 1\EDI\venv\Lib\site-packages\django\urls\resolvers.py", line 828, in _reverse_with_prefix
    raise NoReverseMatch(msg)
django.urls.exceptions.NoReverseMatch: Reverse for 'dashboard' not found. 'dashboard' is not a valid view function or pattern name.
"GET /realtime/ HTTP/1.1" 500 148210
Internal Server Error: /realtime/
Traceback (most recent call last):
  File "C:\Users\athar\OneDrive\Desktop\TY - Sem 1\EDI\venv\Lib\site-packages\django\core\handlers\exception.py", line 55, in inner
    response = get_response(request)
               ^^^^^^^^^^^^^^^^^^^^^
  File "C:\Users\athar\OneDrive\Desktop\TY - Sem 1\EDI\venv\Lib\site-packages\django\core\handlers\base.py", line 197, in _get_response
    response = wrapped_callback(request, *callback_args, **callback_kwargs)
               ^^^^^^^^^^^^^^^^^^^^^^^^^^^^^^^^^^^^^^^^^^^^^^^^^^^^^^^^^^^^
  File "C:\Users\athar\OneDrive\Desktop\TY - Sem 1\EDI\parking-system\dashboard\parking_app\views.py", line 42, in realtime_view
    return render(request, 'dashboard/parkomate_realtime.html', context)
           ^^^^^^^^^^^^^^^^^^^^^^^^^^^^^^^^^^^^^^^^^^^^^^^^^^^^^^^^^^^^^
  File "C:\Users\athar\OneDrive\Desktop\TY - Sem 1\EDI\venv\Lib\site-packages\django\shortcuts.py", line 24, in render
    content = loader.render_to_string(template_name, context, request, using=using)
              ^^^^^^^^^^^^^^^^^^^^^^^^^^^^^^^^^^^^^^^^^^^^^^^^^^^^^^^^^^^^^^^^^^^^^
  File "C:\Users\athar\OneDrive\Desktop\TY - Sem 1\EDI\venv\Lib\site-packages\django\template\loader.py", line 62, in render_to_string
    return template.render(context, request)
           ^^^^^^^^^^^^^^^^^^^^^^^^^^^^^^^^^
  File "C:\Users\athar\OneDrive\Desktop\TY - Sem 1\EDI\venv\Lib\site-packages\django\template\backends\django.py", line 61, in render
    return self.template.render(context)
           ^^^^^^^^^^^^^^^^^^^^^^^^^^^^^
  File "C:\Users\athar\OneDrive\Desktop\TY - Sem 1\EDI\venv\Lib\site-packages\django\template\base.py", line 175, in render
    return self._render(context)
           ^^^^^^^^^^^^^^^^^^^^^
  File "C:\Users\athar\OneDrive\Desktop\TY - Sem 1\EDI\venv\Lib\site-packages\django\template\base.py", line 167, in _render
    return self.nodelist.render(context)
           ^^^^^^^^^^^^^^^^^^^^^^^^^^^^^
  File "C:\Users\athar\OneDrive\Desktop\TY - Sem 1\EDI\venv\Lib\site-packages\django\template\base.py", line 1005, in render
    return SafeString("".join([node.render_annotated(context) for node in self]))
                              ^^^^^^^^^^^^^^^^^^^^^^^^^^^^^^^^^^^^^^^^^^^^^^^^^
  File "C:\Users\athar\OneDrive\Desktop\TY - Sem 1\EDI\venv\Lib\site-packages\django\template\base.py", line 1005, in <listcomp>
    return SafeString("".join([node.render_annotated(context) for node in self]))
                               ^^^^^^^^^^^^^^^^^^^^^^^^^^^^^^
  File "C:\Users\athar\OneDrive\Desktop\TY - Sem 1\EDI\venv\Lib\site-packages\django\template\base.py", line 966, in render_annotated
    return self.render(context)
           ^^^^^^^^^^^^^^^^^^^^
  File "C:\Users\athar\OneDrive\Desktop\TY - Sem 1\EDI\venv\Lib\site-packages\django\template\loader_tags.py", line 157, in render
    return compiled_parent._render(context)
           ^^^^^^^^^^^^^^^^^^^^^^^^^^^^^^^^
  File "C:\Users\athar\OneDrive\Desktop\TY - Sem 1\EDI\venv\Lib\site-packages\django\template\base.py", line 167, in _render
    return self.nodelist.render(context)
           ^^^^^^^^^^^^^^^^^^^^^^^^^^^^^
  File "C:\Users\athar\OneDrive\Desktop\TY - Sem 1\EDI\venv\Lib\site-packages\django\template\base.py", line 1005, in render
    return SafeString("".join([node.render_annotated(context) for node in self]))
                              ^^^^^^^^^^^^^^^^^^^^^^^^^^^^^^^^^^^^^^^^^^^^^^^^^
  File "C:\Users\athar\OneDrive\Desktop\TY - Sem 1\EDI\venv\Lib\site-packages\django\template\base.py", line 1005, in <listcomp>
    return SafeString("".join([node.render_annotated(context) for node in self]))
                               ^^^^^^^^^^^^^^^^^^^^^^^^^^^^^^
  File "C:\Users\athar\OneDrive\Desktop\TY - Sem 1\EDI\venv\Lib\site-packages\django\template\base.py", line 966, in render_annotated
    return self.render(context)
           ^^^^^^^^^^^^^^^^^^^^
  File "C:\Users\athar\OneDrive\Desktop\TY - Sem 1\EDI\venv\Lib\site-packages\django\template\defaulttags.py", line 471, in render
    url = reverse(view_name, args=args, kwargs=kwargs, current_app=current_app)
          ^^^^^^^^^^^^^^^^^^^^^^^^^^^^^^^^^^^^^^^^^^^^^^^^^^^^^^^^^^^^^^^^^^^^^
  File "C:\Users\athar\OneDrive\Desktop\TY - Sem 1\EDI\venv\Lib\site-packages\django\urls\base.py", line 88, in reverse
    return resolver._reverse_with_prefix(view, prefix, *args, **kwargs)
           ^^^^^^^^^^^^^^^^^^^^^^^^^^^^^^^^^^^^^^^^^^^^^^^^^^^^^^^^^^^^
  File "C:\Users\athar\OneDrive\Desktop\TY - Sem 1\EDI\venv\Lib\site-packages\django\urls\resolvers.py", line 828, in _reverse_with_prefix
    raise NoReverseMatch(msg)
django.urls.exceptions.NoReverseMatch: Reverse for 'dashboard' not found. 'dashboard' is not a valid view function or pattern name.
"GET /realtime/ HTTP/1.1" 500 148210
Internal Server Error: /
Traceback (most recent call last):
  File "C:\Users\athar\OneDrive\Desktop\TY - Sem 1\EDI\venv\Lib\site-packages\django\core\handlers\exception.py", line 55, in inner
    response = get_response(request)
               ^^^^^^^^^^^^^^^^^^^^^
  File "C:\Users\athar\OneDrive\Desktop\TY - Sem 1\EDI\venv\Lib\site-packages\django\core\handlers\base.py", line 197, in _get_response
    response = wrapped_callback(request, *callback_args, **callback_kwargs)
               ^^^^^^^^^^^^^^^^^^^^^^^^^^^^^^^^^^^^^^^^^^^^^^^^^^^^^^^^^^^^
  File "C:\Users\athar\OneDrive\Desktop\TY - Sem 1\EDI\parking-system\dashboard\parking_app\views.py", line 27, in dashboard
    return render(request, 'dashboard/parkomate_index.html', context)
           ^^^^^^^^^^^^^^^^^^^^^^^^^^^^^^^^^^^^^^^^^^^^^^^^^^^^^^^^^^
  File "C:\Users\athar\OneDrive\Desktop\TY - Sem 1\EDI\venv\Lib\site-packages\django\shortcuts.py", line 24, in render
    content = loader.render_to_string(template_name, context, request, using=using)
              ^^^^^^^^^^^^^^^^^^^^^^^^^^^^^^^^^^^^^^^^^^^^^^^^^^^^^^^^^^^^^^^^^^^^^
  File "C:\Users\athar\OneDrive\Desktop\TY - Sem 1\EDI\venv\Lib\site-packages\django\template\loader.py", line 62, in render_to_string
    return template.render(context, request)
           ^^^^^^^^^^^^^^^^^^^^^^^^^^^^^^^^^
  File "C:\Users\athar\OneDrive\Desktop\TY - Sem 1\EDI\venv\Lib\site-packages\django\template\backends\django.py", line 61, in render
    return self.template.render(context)
           ^^^^^^^^^^^^^^^^^^^^^^^^^^^^^
  File "C:\Users\athar\OneDrive\Desktop\TY - Sem 1\EDI\venv\Lib\site-packages\django\template\base.py", line 175, in render
    return self._render(context)
           ^^^^^^^^^^^^^^^^^^^^^
  File "C:\Users\athar\OneDrive\Desktop\TY - Sem 1\EDI\venv\Lib\site-packages\django\template\base.py", line 167, in _render
    return self.nodelist.render(context)
           ^^^^^^^^^^^^^^^^^^^^^^^^^^^^^
  File "C:\Users\athar\OneDrive\Desktop\TY - Sem 1\EDI\venv\Lib\site-packages\django\template\base.py", line 1005, in render
    return SafeString("".join([node.render_annotated(context) for node in self]))
                              ^^^^^^^^^^^^^^^^^^^^^^^^^^^^^^^^^^^^^^^^^^^^^^^^^
  File "C:\Users\athar\OneDrive\Desktop\TY - Sem 1\EDI\venv\Lib\site-packages\django\template\base.py", line 1005, in <listcomp>
    return SafeString("".join([node.render_annotated(context) for node in self]))
                               ^^^^^^^^^^^^^^^^^^^^^^^^^^^^^^
  File "C:\Users\athar\OneDrive\Desktop\TY - Sem 1\EDI\venv\Lib\site-packages\django\template\base.py", line 966, in render_annotated
    return self.render(context)
           ^^^^^^^^^^^^^^^^^^^^
  File "C:\Users\athar\OneDrive\Desktop\TY - Sem 1\EDI\venv\Lib\site-packages\django\template\loader_tags.py", line 157, in render
    return compiled_parent._render(context)
           ^^^^^^^^^^^^^^^^^^^^^^^^^^^^^^^^
  File "C:\Users\athar\OneDrive\Desktop\TY - Sem 1\EDI\venv\Lib\site-packages\django\template\base.py", line 167, in _render
    return self.nodelist.render(context)
           ^^^^^^^^^^^^^^^^^^^^^^^^^^^^^
  File "C:\Users\athar\OneDrive\Desktop\TY - Sem 1\EDI\venv\Lib\site-packages\django\template\base.py", line 1005, in render
    return SafeString("".join([node.render_annotated(context) for node in self]))
                              ^^^^^^^^^^^^^^^^^^^^^^^^^^^^^^^^^^^^^^^^^^^^^^^^^
  File "C:\Users\athar\OneDrive\Desktop\TY - Sem 1\EDI\venv\Lib\site-packages\django\template\base.py", line 1005, in <listcomp>
    return SafeString("".join([node.render_annotated(context) for node in self]))
                               ^^^^^^^^^^^^^^^^^^^^^^^^^^^^^^
  File "C:\Users\athar\OneDrive\Desktop\TY - Sem 1\EDI\venv\Lib\site-packages\django\template\base.py", line 966, in render_annotated
    return self.render(context)
           ^^^^^^^^^^^^^^^^^^^^
  File "C:\Users\athar\OneDrive\Desktop\TY - Sem 1\EDI\venv\Lib\site-packages\django\template\defaulttags.py", line 471, in render
    url = reverse(view_name, args=args, kwargs=kwargs, current_app=current_app)
          ^^^^^^^^^^^^^^^^^^^^^^^^^^^^^^^^^^^^^^^^^^^^^^^^^^^^^^^^^^^^^^^^^^^^^
  File "C:\Users\athar\OneDrive\Desktop\TY - Sem 1\EDI\venv\Lib\site-packages\django\urls\base.py", line 88, in reverse
    return resolver._reverse_with_prefix(view, prefix, *args, **kwargs)
           ^^^^^^^^^^^^^^^^^^^^^^^^^^^^^^^^^^^^^^^^^^^^^^^^^^^^^^^^^^^^
  File "C:\Users\athar\OneDrive\Desktop\TY - Sem 1\EDI\venv\Lib\site-packages\django\urls\resolvers.py", line 828, in _reverse_with_prefix
    raise NoReverseMatch(msg)
django.urls.exceptions.NoReverseMatch: Reverse for 'dashboard' not found. 'dashboard' is not a valid view function or pattern name.
"GET / HTTP/1.1" 500 149669
C:\Users\athar\OneDrive\Desktop\TY - Sem 1\EDI\parking-system\dashboard\parking_app\urls.py changed, reloading.
Watching for file changes with StatReloader
Watching for file changes with StatReloader
Internal Server Error: /
Traceback (most recent call last):
  File "C:\Users\athar\OneDrive\Desktop\TY - Sem 1\EDI\venv\Lib\site-packages\django\core\handlers\exception.py", line 55, in inner
    response = get_response(request)
               ^^^^^^^^^^^^^^^^^^^^^
  File "C:\Users\athar\OneDrive\Desktop\TY - Sem 1\EDI\venv\Lib\site-packages\django\core\handlers\base.py", line 197, in _get_response
    response = wrapped_callback(request, *callback_args, **callback_kwargs)
               ^^^^^^^^^^^^^^^^^^^^^^^^^^^^^^^^^^^^^^^^^^^^^^^^^^^^^^^^^^^^
  File "C:\Users\athar\OneDrive\Desktop\TY - Sem 1\EDI\parking-system\dashboard\parking_app\views.py", line 27, in dashboard
    return render(request, 'dashboard/parkomate_index.html', context)
           ^^^^^^^^^^^^^^^^^^^^^^^^^^^^^^^^^^^^^^^^^^^^^^^^^^^^^^^^^^
  File "C:\Users\athar\OneDrive\Desktop\TY - Sem 1\EDI\venv\Lib\site-packages\django\shortcuts.py", line 24, in render
    content = loader.render_to_string(template_name, context, request, using=using)
              ^^^^^^^^^^^^^^^^^^^^^^^^^^^^^^^^^^^^^^^^^^^^^^^^^^^^^^^^^^^^^^^^^^^^^
  File "C:\Users\athar\OneDrive\Desktop\TY - Sem 1\EDI\venv\Lib\site-packages\django\template\loader.py", line 62, in render_to_string
    return template.render(context, request)
           ^^^^^^^^^^^^^^^^^^^^^^^^^^^^^^^^^
  File "C:\Users\athar\OneDrive\Desktop\TY - Sem 1\EDI\venv\Lib\site-packages\django\template\backends\django.py", line 61, in render
    return self.template.render(context)
           ^^^^^^^^^^^^^^^^^^^^^^^^^^^^^
  File "C:\Users\athar\OneDrive\Desktop\TY - Sem 1\EDI\venv\Lib\site-packages\django\template\base.py", line 175, in render
    return self._render(context)
           ^^^^^^^^^^^^^^^^^^^^^
  File "C:\Users\athar\OneDrive\Desktop\TY - Sem 1\EDI\venv\Lib\site-packages\django\template\base.py", line 167, in _render
    return self.nodelist.render(context)
           ^^^^^^^^^^^^^^^^^^^^^^^^^^^^^
  File "C:\Users\athar\OneDrive\Desktop\TY - Sem 1\EDI\venv\Lib\site-packages\django\template\base.py", line 1005, in render
    return SafeString("".join([node.render_annotated(context) for node in self]))
                              ^^^^^^^^^^^^^^^^^^^^^^^^^^^^^^^^^^^^^^^^^^^^^^^^^
  File "C:\Users\athar\OneDrive\Desktop\TY - Sem 1\EDI\venv\Lib\site-packages\django\template\base.py", line 1005, in <listcomp>
    return SafeString("".join([node.render_annotated(context) for node in self]))
                               ^^^^^^^^^^^^^^^^^^^^^^^^^^^^^^
  File "C:\Users\athar\OneDrive\Desktop\TY - Sem 1\EDI\venv\Lib\site-packages\django\template\base.py", line 966, in render_annotated
    return self.render(context)
           ^^^^^^^^^^^^^^^^^^^^
  File "C:\Users\athar\OneDrive\Desktop\TY - Sem 1\EDI\venv\Lib\site-packages\django\template\loader_tags.py", line 157, in render
    return compiled_parent._render(context)
           ^^^^^^^^^^^^^^^^^^^^^^^^^^^^^^^^
  File "C:\Users\athar\OneDrive\Desktop\TY - Sem 1\EDI\venv\Lib\site-packages\django\template\base.py", line 167, in _render
    return self.nodelist.render(context)
           ^^^^^^^^^^^^^^^^^^^^^^^^^^^^^
  File "C:\Users\athar\OneDrive\Desktop\TY - Sem 1\EDI\venv\Lib\site-packages\django\template\base.py", line 1005, in render
    return SafeString("".join([node.render_annotated(context) for node in self]))
                              ^^^^^^^^^^^^^^^^^^^^^^^^^^^^^^^^^^^^^^^^^^^^^^^^^
  File "C:\Users\athar\OneDrive\Desktop\TY - Sem 1\EDI\venv\Lib\site-packages\django\template\base.py", line 1005, in <listcomp>
    return SafeString("".join([node.render_annotated(context) for node in self]))
                               ^^^^^^^^^^^^^^^^^^^^^^^^^^^^^^
  File "C:\Users\athar\OneDrive\Desktop\TY - Sem 1\EDI\venv\Lib\site-packages\django\template\base.py", line 966, in render_annotated
    return self.render(context)
           ^^^^^^^^^^^^^^^^^^^^
  File "C:\Users\athar\OneDrive\Desktop\TY - Sem 1\EDI\venv\Lib\site-packages\django\template\defaulttags.py", line 471, in render
    url = reverse(view_name, args=args, kwargs=kwargs, current_app=current_app)
          ^^^^^^^^^^^^^^^^^^^^^^^^^^^^^^^^^^^^^^^^^^^^^^^^^^^^^^^^^^^^^^^^^^^^^
  File "C:\Users\athar\OneDrive\Desktop\TY - Sem 1\EDI\venv\Lib\site-packages\django\urls\base.py", line 88, in reverse
    return resolver._reverse_with_prefix(view, prefix, *args, **kwargs)
           ^^^^^^^^^^^^^^^^^^^^^^^^^^^^^^^^^^^^^^^^^^^^^^^^^^^^^^^^^^^^
  File "C:\Users\athar\OneDrive\Desktop\TY - Sem 1\EDI\venv\Lib\site-packages\django\urls\resolvers.py", line 828, in _reverse_with_prefix
    raise NoReverseMatch(msg)
django.urls.exceptions.NoReverseMatch: Reverse for 'dashboard' not found. 'dashboard' is not a valid view function or pattern name.
"GET / HTTP/1.1" 500 149701
Internal Server Error: /
Traceback (most recent call last):
  File "C:\Users\athar\OneDrive\Desktop\TY - Sem 1\EDI\venv\Lib\site-packages\django\core\handlers\exception.py", line 55, in inner
    response = get_response(request)
               ^^^^^^^^^^^^^^^^^^^^^
  File "C:\Users\athar\OneDrive\Desktop\TY - Sem 1\EDI\venv\Lib\site-packages\django\core\handlers\base.py", line 197, in _get_response
    response = wrapped_callback(request, *callback_args, **callback_kwargs)
               ^^^^^^^^^^^^^^^^^^^^^^^^^^^^^^^^^^^^^^^^^^^^^^^^^^^^^^^^^^^^
  File "C:\Users\athar\OneDrive\Desktop\TY - Sem 1\EDI\parking-system\dashboard\parking_app\views.py", line 27, in dashboard
    return render(request, 'dashboard/parkomate_index.html', context)
           ^^^^^^^^^^^^^^^^^^^^^^^^^^^^^^^^^^^^^^^^^^^^^^^^^^^^^^^^^^
  File "C:\Users\athar\OneDrive\Desktop\TY - Sem 1\EDI\venv\Lib\site-packages\django\shortcuts.py", line 24, in render
    content = loader.render_to_string(template_name, context, request, using=using)
              ^^^^^^^^^^^^^^^^^^^^^^^^^^^^^^^^^^^^^^^^^^^^^^^^^^^^^^^^^^^^^^^^^^^^^
  File "C:\Users\athar\OneDrive\Desktop\TY - Sem 1\EDI\venv\Lib\site-packages\django\template\loader.py", line 62, in render_to_string
    return template.render(context, request)
           ^^^^^^^^^^^^^^^^^^^^^^^^^^^^^^^^^
  File "C:\Users\athar\OneDrive\Desktop\TY - Sem 1\EDI\venv\Lib\site-packages\django\template\backends\django.py", line 61, in render
    return self.template.render(context)
           ^^^^^^^^^^^^^^^^^^^^^^^^^^^^^
  File "C:\Users\athar\OneDrive\Desktop\TY - Sem 1\EDI\venv\Lib\site-packages\django\template\base.py", line 175, in render
    return self._render(context)
           ^^^^^^^^^^^^^^^^^^^^^
  File "C:\Users\athar\OneDrive\Desktop\TY - Sem 1\EDI\venv\Lib\site-packages\django\template\base.py", line 167, in _render
    return self.nodelist.render(context)
           ^^^^^^^^^^^^^^^^^^^^^^^^^^^^^
  File "C:\Users\athar\OneDrive\Desktop\TY - Sem 1\EDI\venv\Lib\site-packages\django\template\base.py", line 1005, in render
    return SafeString("".join([node.render_annotated(context) for node in self]))
                              ^^^^^^^^^^^^^^^^^^^^^^^^^^^^^^^^^^^^^^^^^^^^^^^^^
  File "C:\Users\athar\OneDrive\Desktop\TY - Sem 1\EDI\venv\Lib\site-packages\django\template\base.py", line 1005, in <listcomp>
    return SafeString("".join([node.render_annotated(context) for node in self]))
                               ^^^^^^^^^^^^^^^^^^^^^^^^^^^^^^
  File "C:\Users\athar\OneDrive\Desktop\TY - Sem 1\EDI\venv\Lib\site-packages\django\template\base.py", line 966, in render_annotated
    return self.render(context)
           ^^^^^^^^^^^^^^^^^^^^
  File "C:\Users\athar\OneDrive\Desktop\TY - Sem 1\EDI\venv\Lib\site-packages\django\template\loader_tags.py", line 157, in render
    return compiled_parent._render(context)
           ^^^^^^^^^^^^^^^^^^^^^^^^^^^^^^^^
  File "C:\Users\athar\OneDrive\Desktop\TY - Sem 1\EDI\venv\Lib\site-packages\django\template\base.py", line 167, in _render
    return self.nodelist.render(context)
           ^^^^^^^^^^^^^^^^^^^^^^^^^^^^^
  File "C:\Users\athar\OneDrive\Desktop\TY - Sem 1\EDI\venv\Lib\site-packages\django\template\base.py", line 1005, in render
    return SafeString("".join([node.render_annotated(context) for node in self]))
                              ^^^^^^^^^^^^^^^^^^^^^^^^^^^^^^^^^^^^^^^^^^^^^^^^^
  File "C:\Users\athar\OneDrive\Desktop\TY - Sem 1\EDI\venv\Lib\site-packages\django\template\base.py", line 1005, in <listcomp>
    return SafeString("".join([node.render_annotated(context) for node in self]))
                               ^^^^^^^^^^^^^^^^^^^^^^^^^^^^^^
  File "C:\Users\athar\OneDrive\Desktop\TY - Sem 1\EDI\venv\Lib\site-packages\django\template\base.py", line 966, in render_annotated
    return self.render(context)
           ^^^^^^^^^^^^^^^^^^^^
  File "C:\Users\athar\OneDrive\Desktop\TY - Sem 1\EDI\venv\Lib\site-packages\django\template\defaulttags.py", line 471, in render
    url = reverse(view_name, args=args, kwargs=kwargs, current_app=current_app)
          ^^^^^^^^^^^^^^^^^^^^^^^^^^^^^^^^^^^^^^^^^^^^^^^^^^^^^^^^^^^^^^^^^^^^^
  File "C:\Users\athar\OneDrive\Desktop\TY - Sem 1\EDI\venv\Lib\site-packages\django\urls\base.py", line 88, in reverse
    return resolver._reverse_with_prefix(view, prefix, *args, **kwargs)
           ^^^^^^^^^^^^^^^^^^^^^^^^^^^^^^^^^^^^^^^^^^^^^^^^^^^^^^^^^^^^
  File "C:\Users\athar\OneDrive\Desktop\TY - Sem 1\EDI\venv\Lib\site-packages\django\urls\resolvers.py", line 828, in _reverse_with_prefix
    raise NoReverseMatch(msg)
django.urls.exceptions.NoReverseMatch: Reverse for 'dashboard' not found. 'dashboard' is not a valid view function or pattern name.
"GET / HTTP/1.1" 500 149701
Internal Server Error: /
Traceback (most recent call last):
  File "C:\Users\athar\OneDrive\Desktop\TY - Sem 1\EDI\venv\Lib\site-packages\django\core\handlers\exception.py", line 55, in inner
    response = get_response(request)
               ^^^^^^^^^^^^^^^^^^^^^
  File "C:\Users\athar\OneDrive\Desktop\TY - Sem 1\EDI\venv\Lib\site-packages\django\core\handlers\base.py", line 197, in _get_response
    response = wrapped_callback(request, *callback_args, **callback_kwargs)
               ^^^^^^^^^^^^^^^^^^^^^^^^^^^^^^^^^^^^^^^^^^^^^^^^^^^^^^^^^^^^
  File "C:\Users\athar\OneDrive\Desktop\TY - Sem 1\EDI\parking-system\dashboard\parking_app\views.py", line 27, in dashboard
    return render(request, 'dashboard/parkomate_index.html', context)
           ^^^^^^^^^^^^^^^^^^^^^^^^^^^^^^^^^^^^^^^^^^^^^^^^^^^^^^^^^^
  File "C:\Users\athar\OneDrive\Desktop\TY - Sem 1\EDI\venv\Lib\site-packages\django\shortcuts.py", line 24, in render
    content = loader.render_to_string(template_name, context, request, using=using)
              ^^^^^^^^^^^^^^^^^^^^^^^^^^^^^^^^^^^^^^^^^^^^^^^^^^^^^^^^^^^^^^^^^^^^^
  File "C:\Users\athar\OneDrive\Desktop\TY - Sem 1\EDI\venv\Lib\site-packages\django\template\loader.py", line 62, in render_to_string
    return template.render(context, request)
           ^^^^^^^^^^^^^^^^^^^^^^^^^^^^^^^^^
  File "C:\Users\athar\OneDrive\Desktop\TY - Sem 1\EDI\venv\Lib\site-packages\django\template\backends\django.py", line 61, in render
    return self.template.render(context)
           ^^^^^^^^^^^^^^^^^^^^^^^^^^^^^
  File "C:\Users\athar\OneDrive\Desktop\TY - Sem 1\EDI\venv\Lib\site-packages\django\template\base.py", line 175, in render
    return self._render(context)
           ^^^^^^^^^^^^^^^^^^^^^
  File "C:\Users\athar\OneDrive\Desktop\TY - Sem 1\EDI\venv\Lib\site-packages\django\template\base.py", line 167, in _render
    return self.nodelist.render(context)
           ^^^^^^^^^^^^^^^^^^^^^^^^^^^^^
  File "C:\Users\athar\OneDrive\Desktop\TY - Sem 1\EDI\venv\Lib\site-packages\django\template\base.py", line 1005, in render
    return SafeString("".join([node.render_annotated(context) for node in self]))
                              ^^^^^^^^^^^^^^^^^^^^^^^^^^^^^^^^^^^^^^^^^^^^^^^^^
  File "C:\Users\athar\OneDrive\Desktop\TY - Sem 1\EDI\venv\Lib\site-packages\django\template\base.py", line 1005, in <listcomp>
    return SafeString("".join([node.render_annotated(context) for node in self]))
                               ^^^^^^^^^^^^^^^^^^^^^^^^^^^^^^
  File "C:\Users\athar\OneDrive\Desktop\TY - Sem 1\EDI\venv\Lib\site-packages\django\template\base.py", line 966, in render_annotated
    return self.render(context)
           ^^^^^^^^^^^^^^^^^^^^
  File "C:\Users\athar\OneDrive\Desktop\TY - Sem 1\EDI\venv\Lib\site-packages\django\template\loader_tags.py", line 157, in render
    return compiled_parent._render(context)
           ^^^^^^^^^^^^^^^^^^^^^^^^^^^^^^^^
  File "C:\Users\athar\OneDrive\Desktop\TY - Sem 1\EDI\venv\Lib\site-packages\django\template\base.py", line 167, in _render
    return self.nodelist.render(context)
           ^^^^^^^^^^^^^^^^^^^^^^^^^^^^^
  File "C:\Users\athar\OneDrive\Desktop\TY - Sem 1\EDI\venv\Lib\site-packages\django\template\base.py", line 1005, in render
    return SafeString("".join([node.render_annotated(context) for node in self]))
                              ^^^^^^^^^^^^^^^^^^^^^^^^^^^^^^^^^^^^^^^^^^^^^^^^^
  File "C:\Users\athar\OneDrive\Desktop\TY - Sem 1\EDI\venv\Lib\site-packages\django\template\base.py", line 1005, in <listcomp>
    return SafeString("".join([node.render_annotated(context) for node in self]))
                               ^^^^^^^^^^^^^^^^^^^^^^^^^^^^^^
  File "C:\Users\athar\OneDrive\Desktop\TY - Sem 1\EDI\venv\Lib\site-packages\django\template\base.py", line 966, in render_annotated
    return self.render(context)
           ^^^^^^^^^^^^^^^^^^^^
  File "C:\Users\athar\OneDrive\Desktop\TY - Sem 1\EDI\venv\Lib\site-packages\django\template\defaulttags.py", line 471, in render
    url = reverse(view_name, args=args, kwargs=kwargs, current_app=current_app)
          ^^^^^^^^^^^^^^^^^^^^^^^^^^^^^^^^^^^^^^^^^^^^^^^^^^^^^^^^^^^^^^^^^^^^^
  File "C:\Users\athar\OneDrive\Desktop\TY - Sem 1\EDI\venv\Lib\site-packages\django\urls\base.py", line 88, in reverse
    return resolver._reverse_with_prefix(view, prefix, *args, **kwargs)
           ^^^^^^^^^^^^^^^^^^^^^^^^^^^^^^^^^^^^^^^^^^^^^^^^^^^^^^^^^^^^
  File "C:\Users\athar\OneDrive\Desktop\TY - Sem 1\EDI\venv\Lib\site-packages\django\urls\resolvers.py", line 828, in _reverse_with_prefix
    raise NoReverseMatch(msg)
django.urls.exceptions.NoReverseMatch: Reverse for 'dashboard' not found. 'dashboard' is not a valid view function or pattern name.
"GET / HTTP/1.1" 500 149701
Internal Server Error: /
Traceback (most recent call last):
  File "C:\Users\athar\OneDrive\Desktop\TY - Sem 1\EDI\venv\Lib\site-packages\django\core\handlers\exception.py", line 55, in inner
    response = get_response(request)
               ^^^^^^^^^^^^^^^^^^^^^
  File "C:\Users\athar\OneDrive\Desktop\TY - Sem 1\EDI\venv\Lib\site-packages\django\core\handlers\base.py", line 197, in _get_response
    response = wrapped_callback(request, *callback_args, **callback_kwargs)
               ^^^^^^^^^^^^^^^^^^^^^^^^^^^^^^^^^^^^^^^^^^^^^^^^^^^^^^^^^^^^
  File "C:\Users\athar\OneDrive\Desktop\TY - Sem 1\EDI\parking-system\dashboard\parking_app\views.py", line 27, in dashboard
    return render(request, 'dashboard/parkomate_index.html', context)
           ^^^^^^^^^^^^^^^^^^^^^^^^^^^^^^^^^^^^^^^^^^^^^^^^^^^^^^^^^^
  File "C:\Users\athar\OneDrive\Desktop\TY - Sem 1\EDI\venv\Lib\site-packages\django\shortcuts.py", line 24, in render
    content = loader.render_to_string(template_name, context, request, using=using)
              ^^^^^^^^^^^^^^^^^^^^^^^^^^^^^^^^^^^^^^^^^^^^^^^^^^^^^^^^^^^^^^^^^^^^^
  File "C:\Users\athar\OneDrive\Desktop\TY - Sem 1\EDI\venv\Lib\site-packages\django\template\loader.py", line 62, in render_to_string
    return template.render(context, request)
           ^^^^^^^^^^^^^^^^^^^^^^^^^^^^^^^^^
  File "C:\Users\athar\OneDrive\Desktop\TY - Sem 1\EDI\venv\Lib\site-packages\django\template\backends\django.py", line 61, in render
    return self.template.render(context)
           ^^^^^^^^^^^^^^^^^^^^^^^^^^^^^
  File "C:\Users\athar\OneDrive\Desktop\TY - Sem 1\EDI\venv\Lib\site-packages\django\template\base.py", line 175, in render
    return self._render(context)
           ^^^^^^^^^^^^^^^^^^^^^
  File "C:\Users\athar\OneDrive\Desktop\TY - Sem 1\EDI\venv\Lib\site-packages\django\template\base.py", line 167, in _render
    return self.nodelist.render(context)
           ^^^^^^^^^^^^^^^^^^^^^^^^^^^^^
  File "C:\Users\athar\OneDrive\Desktop\TY - Sem 1\EDI\venv\Lib\site-packages\django\template\base.py", line 1005, in render
    return SafeString("".join([node.render_annotated(context) for node in self]))
                              ^^^^^^^^^^^^^^^^^^^^^^^^^^^^^^^^^^^^^^^^^^^^^^^^^
  File "C:\Users\athar\OneDrive\Desktop\TY - Sem 1\EDI\venv\Lib\site-packages\django\template\base.py", line 1005, in <listcomp>
    return SafeString("".join([node.render_annotated(context) for node in self]))
                               ^^^^^^^^^^^^^^^^^^^^^^^^^^^^^^
  File "C:\Users\athar\OneDrive\Desktop\TY - Sem 1\EDI\venv\Lib\site-packages\django\template\base.py", line 966, in render_annotated
    return self.render(context)
           ^^^^^^^^^^^^^^^^^^^^
  File "C:\Users\athar\OneDrive\Desktop\TY - Sem 1\EDI\venv\Lib\site-packages\django\template\loader_tags.py", line 157, in render
    return compiled_parent._render(context)
           ^^^^^^^^^^^^^^^^^^^^^^^^^^^^^^^^
  File "C:\Users\athar\OneDrive\Desktop\TY - Sem 1\EDI\venv\Lib\site-packages\django\template\base.py", line 167, in _render
    return self.nodelist.render(context)
           ^^^^^^^^^^^^^^^^^^^^^^^^^^^^^
  File "C:\Users\athar\OneDrive\Desktop\TY - Sem 1\EDI\venv\Lib\site-packages\django\template\base.py", line 1005, in render
    return SafeString("".join([node.render_annotated(context) for node in self]))
                              ^^^^^^^^^^^^^^^^^^^^^^^^^^^^^^^^^^^^^^^^^^^^^^^^^
  File "C:\Users\athar\OneDrive\Desktop\TY - Sem 1\EDI\venv\Lib\site-packages\django\template\base.py", line 1005, in <listcomp>
    return SafeString("".join([node.render_annotated(context) for node in self]))
                               ^^^^^^^^^^^^^^^^^^^^^^^^^^^^^^
  File "C:\Users\athar\OneDrive\Desktop\TY - Sem 1\EDI\venv\Lib\site-packages\django\template\base.py", line 966, in render_annotated
    return self.render(context)
           ^^^^^^^^^^^^^^^^^^^^
  File "C:\Users\athar\OneDrive\Desktop\TY - Sem 1\EDI\venv\Lib\site-packages\django\template\defaulttags.py", line 471, in render
    url = reverse(view_name, args=args, kwargs=kwargs, current_app=current_app)
          ^^^^^^^^^^^^^^^^^^^^^^^^^^^^^^^^^^^^^^^^^^^^^^^^^^^^^^^^^^^^^^^^^^^^^
  File "C:\Users\athar\OneDrive\Desktop\TY - Sem 1\EDI\venv\Lib\site-packages\django\urls\base.py", line 88, in reverse
    return resolver._reverse_with_prefix(view, prefix, *args, **kwargs)
           ^^^^^^^^^^^^^^^^^^^^^^^^^^^^^^^^^^^^^^^^^^^^^^^^^^^^^^^^^^^^
  File "C:\Users\athar\OneDrive\Desktop\TY - Sem 1\EDI\venv\Lib\site-packages\django\urls\resolvers.py", line 828, in _reverse_with_prefix
    raise NoReverseMatch(msg)
django.urls.exceptions.NoReverseMatch: Reverse for 'dashboard' not found. 'dashboard' is not a valid view function or pattern name.
"GET / HTTP/1.1" 500 149701
Internal Server Error: /
Traceback (most recent call last):
  File "C:\Users\athar\OneDrive\Desktop\TY - Sem 1\EDI\venv\Lib\site-packages\django\core\handlers\exception.py", line 55, in inner
    response = get_response(request)
               ^^^^^^^^^^^^^^^^^^^^^
  File "C:\Users\athar\OneDrive\Desktop\TY - Sem 1\EDI\venv\Lib\site-packages\django\core\handlers\base.py", line 197, in _get_response
    response = wrapped_callback(request, *callback_args, **callback_kwargs)
               ^^^^^^^^^^^^^^^^^^^^^^^^^^^^^^^^^^^^^^^^^^^^^^^^^^^^^^^^^^^^
  File "C:\Users\athar\OneDrive\Desktop\TY - Sem 1\EDI\parking-system\dashboard\parking_app\views.py", line 27, in dashboard
    return render(request, 'dashboard/parkomate_index.html', context)
           ^^^^^^^^^^^^^^^^^^^^^^^^^^^^^^^^^^^^^^^^^^^^^^^^^^^^^^^^^^
  File "C:\Users\athar\OneDrive\Desktop\TY - Sem 1\EDI\venv\Lib\site-packages\django\shortcuts.py", line 24, in render
    content = loader.render_to_string(template_name, context, request, using=using)
              ^^^^^^^^^^^^^^^^^^^^^^^^^^^^^^^^^^^^^^^^^^^^^^^^^^^^^^^^^^^^^^^^^^^^^
  File "C:\Users\athar\OneDrive\Desktop\TY - Sem 1\EDI\venv\Lib\site-packages\django\template\loader.py", line 62, in render_to_string
    return template.render(context, request)
           ^^^^^^^^^^^^^^^^^^^^^^^^^^^^^^^^^
  File "C:\Users\athar\OneDrive\Desktop\TY - Sem 1\EDI\venv\Lib\site-packages\django\template\backends\django.py", line 61, in render
    return self.template.render(context)
           ^^^^^^^^^^^^^^^^^^^^^^^^^^^^^
  File "C:\Users\athar\OneDrive\Desktop\TY - Sem 1\EDI\venv\Lib\site-packages\django\template\base.py", line 175, in render
    return self._render(context)
           ^^^^^^^^^^^^^^^^^^^^^
  File "C:\Users\athar\OneDrive\Desktop\TY - Sem 1\EDI\venv\Lib\site-packages\django\template\base.py", line 167, in _render
    return self.nodelist.render(context)
           ^^^^^^^^^^^^^^^^^^^^^^^^^^^^^
  File "C:\Users\athar\OneDrive\Desktop\TY - Sem 1\EDI\venv\Lib\site-packages\django\template\base.py", line 1005, in render
    return SafeString("".join([node.render_annotated(context) for node in self]))
                              ^^^^^^^^^^^^^^^^^^^^^^^^^^^^^^^^^^^^^^^^^^^^^^^^^
  File "C:\Users\athar\OneDrive\Desktop\TY - Sem 1\EDI\venv\Lib\site-packages\django\template\base.py", line 1005, in <listcomp>
    return SafeString("".join([node.render_annotated(context) for node in self]))
                               ^^^^^^^^^^^^^^^^^^^^^^^^^^^^^^
  File "C:\Users\athar\OneDrive\Desktop\TY - Sem 1\EDI\venv\Lib\site-packages\django\template\base.py", line 966, in render_annotated
    return self.render(context)
           ^^^^^^^^^^^^^^^^^^^^
  File "C:\Users\athar\OneDrive\Desktop\TY - Sem 1\EDI\venv\Lib\site-packages\django\template\loader_tags.py", line 157, in render
    return compiled_parent._render(context)
           ^^^^^^^^^^^^^^^^^^^^^^^^^^^^^^^^
  File "C:\Users\athar\OneDrive\Desktop\TY - Sem 1\EDI\venv\Lib\site-packages\django\template\base.py", line 167, in _render
    return self.nodelist.render(context)
           ^^^^^^^^^^^^^^^^^^^^^^^^^^^^^
  File "C:\Users\athar\OneDrive\Desktop\TY - Sem 1\EDI\venv\Lib\site-packages\django\template\base.py", line 1005, in render
    return SafeString("".join([node.render_annotated(context) for node in self]))
                              ^^^^^^^^^^^^^^^^^^^^^^^^^^^^^^^^^^^^^^^^^^^^^^^^^
  File "C:\Users\athar\OneDrive\Desktop\TY - Sem 1\EDI\venv\Lib\site-packages\django\template\base.py", line 1005, in <listcomp>
    return SafeString("".join([node.render_annotated(context) for node in self]))
                               ^^^^^^^^^^^^^^^^^^^^^^^^^^^^^^
  File "C:\Users\athar\OneDrive\Desktop\TY - Sem 1\EDI\venv\Lib\site-packages\django\template\base.py", line 966, in render_annotated
    return self.render(context)
           ^^^^^^^^^^^^^^^^^^^^
  File "C:\Users\athar\OneDrive\Desktop\TY - Sem 1\EDI\venv\Lib\site-packages\django\template\defaulttags.py", line 471, in render
    url = reverse(view_name, args=args, kwargs=kwargs, current_app=current_app)
          ^^^^^^^^^^^^^^^^^^^^^^^^^^^^^^^^^^^^^^^^^^^^^^^^^^^^^^^^^^^^^^^^^^^^^
  File "C:\Users\athar\OneDrive\Desktop\TY - Sem 1\EDI\venv\Lib\site-packages\django\urls\base.py", line 88, in reverse
    return resolver._reverse_with_prefix(view, prefix, *args, **kwargs)
           ^^^^^^^^^^^^^^^^^^^^^^^^^^^^^^^^^^^^^^^^^^^^^^^^^^^^^^^^^^^^
  File "C:\Users\athar\OneDrive\Desktop\TY - Sem 1\EDI\venv\Lib\site-packages\django\urls\resolvers.py", line 828, in _reverse_with_prefix
    raise NoReverseMatch(msg)
django.urls.exceptions.NoReverseMatch: Reverse for 'dashboard' not found. 'dashboard' is not a valid view function or pattern name.
"GET / HTTP/1.1" 500 149701
Internal Server Error: /
Traceback (most recent call last):
  File "C:\Users\athar\OneDrive\Desktop\TY - Sem 1\EDI\venv\Lib\site-packages\django\core\handlers\exception.py", line 55, in inner
    response = get_response(request)
               ^^^^^^^^^^^^^^^^^^^^^
  File "C:\Users\athar\OneDrive\Desktop\TY - Sem 1\EDI\venv\Lib\site-packages\django\core\handlers\base.py", line 197, in _get_response
    response = wrapped_callback(request, *callback_args, **callback_kwargs)
               ^^^^^^^^^^^^^^^^^^^^^^^^^^^^^^^^^^^^^^^^^^^^^^^^^^^^^^^^^^^^
  File "C:\Users\athar\OneDrive\Desktop\TY - Sem 1\EDI\parking-system\dashboard\parking_app\views.py", line 27, in dashboard
    return render(request, 'dashboard/parkomate_index.html', context)
           ^^^^^^^^^^^^^^^^^^^^^^^^^^^^^^^^^^^^^^^^^^^^^^^^^^^^^^^^^^
  File "C:\Users\athar\OneDrive\Desktop\TY - Sem 1\EDI\venv\Lib\site-packages\django\shortcuts.py", line 24, in render
    content = loader.render_to_string(template_name, context, request, using=using)
              ^^^^^^^^^^^^^^^^^^^^^^^^^^^^^^^^^^^^^^^^^^^^^^^^^^^^^^^^^^^^^^^^^^^^^
  File "C:\Users\athar\OneDrive\Desktop\TY - Sem 1\EDI\venv\Lib\site-packages\django\template\loader.py", line 62, in render_to_string
    return template.render(context, request)
           ^^^^^^^^^^^^^^^^^^^^^^^^^^^^^^^^^
  File "C:\Users\athar\OneDrive\Desktop\TY - Sem 1\EDI\venv\Lib\site-packages\django\template\backends\django.py", line 61, in render
    return self.template.render(context)
           ^^^^^^^^^^^^^^^^^^^^^^^^^^^^^
  File "C:\Users\athar\OneDrive\Desktop\TY - Sem 1\EDI\venv\Lib\site-packages\django\template\base.py", line 175, in render
    return self._render(context)
           ^^^^^^^^^^^^^^^^^^^^^
  File "C:\Users\athar\OneDrive\Desktop\TY - Sem 1\EDI\venv\Lib\site-packages\django\template\base.py", line 167, in _render
    return self.nodelist.render(context)
           ^^^^^^^^^^^^^^^^^^^^^^^^^^^^^
  File "C:\Users\athar\OneDrive\Desktop\TY - Sem 1\EDI\venv\Lib\site-packages\django\template\base.py", line 1005, in render
    return SafeString("".join([node.render_annotated(context) for node in self]))
                              ^^^^^^^^^^^^^^^^^^^^^^^^^^^^^^^^^^^^^^^^^^^^^^^^^
  File "C:\Users\athar\OneDrive\Desktop\TY - Sem 1\EDI\venv\Lib\site-packages\django\template\base.py", line 1005, in <listcomp>
    return SafeString("".join([node.render_annotated(context) for node in self]))
                               ^^^^^^^^^^^^^^^^^^^^^^^^^^^^^^
  File "C:\Users\athar\OneDrive\Desktop\TY - Sem 1\EDI\venv\Lib\site-packages\django\template\base.py", line 966, in render_annotated
    return self.render(context)
           ^^^^^^^^^^^^^^^^^^^^
  File "C:\Users\athar\OneDrive\Desktop\TY - Sem 1\EDI\venv\Lib\site-packages\django\template\loader_tags.py", line 157, in render
    return compiled_parent._render(context)
           ^^^^^^^^^^^^^^^^^^^^^^^^^^^^^^^^
  File "C:\Users\athar\OneDrive\Desktop\TY - Sem 1\EDI\venv\Lib\site-packages\django\template\base.py", line 167, in _render
    return self.nodelist.render(context)
           ^^^^^^^^^^^^^^^^^^^^^^^^^^^^^
  File "C:\Users\athar\OneDrive\Desktop\TY - Sem 1\EDI\venv\Lib\site-packages\django\template\base.py", line 1005, in render
    return SafeString("".join([node.render_annotated(context) for node in self]))
                              ^^^^^^^^^^^^^^^^^^^^^^^^^^^^^^^^^^^^^^^^^^^^^^^^^
  File "C:\Users\athar\OneDrive\Desktop\TY - Sem 1\EDI\venv\Lib\site-packages\django\template\base.py", line 1005, in <listcomp>
    return SafeString("".join([node.render_annotated(context) for node in self]))
                               ^^^^^^^^^^^^^^^^^^^^^^^^^^^^^^
  File "C:\Users\athar\OneDrive\Desktop\TY - Sem 1\EDI\venv\Lib\site-packages\django\template\base.py", line 966, in render_annotated
    return self.render(context)
           ^^^^^^^^^^^^^^^^^^^^
  File "C:\Users\athar\OneDrive\Desktop\TY - Sem 1\EDI\venv\Lib\site-packages\django\template\defaulttags.py", line 471, in render
    url = reverse(view_name, args=args, kwargs=kwargs, current_app=current_app)
          ^^^^^^^^^^^^^^^^^^^^^^^^^^^^^^^^^^^^^^^^^^^^^^^^^^^^^^^^^^^^^^^^^^^^^
  File "C:\Users\athar\OneDrive\Desktop\TY - Sem 1\EDI\venv\Lib\site-packages\django\urls\base.py", line 88, in reverse
    return resolver._reverse_with_prefix(view, prefix, *args, **kwargs)
           ^^^^^^^^^^^^^^^^^^^^^^^^^^^^^^^^^^^^^^^^^^^^^^^^^^^^^^^^^^^^
  File "C:\Users\athar\OneDrive\Desktop\TY - Sem 1\EDI\venv\Lib\site-packages\django\urls\resolvers.py", line 828, in _reverse_with_prefix
    raise NoReverseMatch(msg)
django.urls.exceptions.NoReverseMatch: Reverse for 'dashboard' not found. 'dashboard' is not a valid view function or pattern name.
"GET / HTTP/1.1" 500 149701
Internal Server Error: /
Traceback (most recent call last):
  File "C:\Users\athar\OneDrive\Desktop\TY - Sem 1\EDI\venv\Lib\site-packages\django\core\handlers\exception.py", line 55, in inner
    response = get_response(request)
               ^^^^^^^^^^^^^^^^^^^^^
  File "C:\Users\athar\OneDrive\Desktop\TY - Sem 1\EDI\venv\Lib\site-packages\django\core\handlers\base.py", line 197, in _get_response
    response = wrapped_callback(request, *callback_args, **callback_kwargs)
               ^^^^^^^^^^^^^^^^^^^^^^^^^^^^^^^^^^^^^^^^^^^^^^^^^^^^^^^^^^^^
  File "C:\Users\athar\OneDrive\Desktop\TY - Sem 1\EDI\parking-system\dashboard\parking_app\views.py", line 27, in dashboard
    return render(request, 'dashboard/parkomate_index.html', context)
           ^^^^^^^^^^^^^^^^^^^^^^^^^^^^^^^^^^^^^^^^^^^^^^^^^^^^^^^^^^
  File "C:\Users\athar\OneDrive\Desktop\TY - Sem 1\EDI\venv\Lib\site-packages\django\shortcuts.py", line 24, in render
    content = loader.render_to_string(template_name, context, request, using=using)
              ^^^^^^^^^^^^^^^^^^^^^^^^^^^^^^^^^^^^^^^^^^^^^^^^^^^^^^^^^^^^^^^^^^^^^
  File "C:\Users\athar\OneDrive\Desktop\TY - Sem 1\EDI\venv\Lib\site-packages\django\template\loader.py", line 62, in render_to_string
    return template.render(context, request)
           ^^^^^^^^^^^^^^^^^^^^^^^^^^^^^^^^^
  File "C:\Users\athar\OneDrive\Desktop\TY - Sem 1\EDI\venv\Lib\site-packages\django\template\backends\django.py", line 61, in render
    return self.template.render(context)
           ^^^^^^^^^^^^^^^^^^^^^^^^^^^^^
  File "C:\Users\athar\OneDrive\Desktop\TY - Sem 1\EDI\venv\Lib\site-packages\django\template\base.py", line 175, in render
    return self._render(context)
           ^^^^^^^^^^^^^^^^^^^^^
  File "C:\Users\athar\OneDrive\Desktop\TY - Sem 1\EDI\venv\Lib\site-packages\django\template\base.py", line 167, in _render
    return self.nodelist.render(context)
           ^^^^^^^^^^^^^^^^^^^^^^^^^^^^^
  File "C:\Users\athar\OneDrive\Desktop\TY - Sem 1\EDI\venv\Lib\site-packages\django\template\base.py", line 1005, in render
    return SafeString("".join([node.render_annotated(context) for node in self]))
                              ^^^^^^^^^^^^^^^^^^^^^^^^^^^^^^^^^^^^^^^^^^^^^^^^^
  File "C:\Users\athar\OneDrive\Desktop\TY - Sem 1\EDI\venv\Lib\site-packages\django\template\base.py", line 1005, in <listcomp>
    return SafeString("".join([node.render_annotated(context) for node in self]))
                               ^^^^^^^^^^^^^^^^^^^^^^^^^^^^^^
  File "C:\Users\athar\OneDrive\Desktop\TY - Sem 1\EDI\venv\Lib\site-packages\django\template\base.py", line 966, in render_annotated
    return self.render(context)
           ^^^^^^^^^^^^^^^^^^^^
  File "C:\Users\athar\OneDrive\Desktop\TY - Sem 1\EDI\venv\Lib\site-packages\django\template\loader_tags.py", line 157, in render
    return compiled_parent._render(context)
           ^^^^^^^^^^^^^^^^^^^^^^^^^^^^^^^^
  File "C:\Users\athar\OneDrive\Desktop\TY - Sem 1\EDI\venv\Lib\site-packages\django\template\base.py", line 167, in _render
    return self.nodelist.render(context)
           ^^^^^^^^^^^^^^^^^^^^^^^^^^^^^
  File "C:\Users\athar\OneDrive\Desktop\TY - Sem 1\EDI\venv\Lib\site-packages\django\template\base.py", line 1005, in render
    return SafeString("".join([node.render_annotated(context) for node in self]))
                              ^^^^^^^^^^^^^^^^^^^^^^^^^^^^^^^^^^^^^^^^^^^^^^^^^
  File "C:\Users\athar\OneDrive\Desktop\TY - Sem 1\EDI\venv\Lib\site-packages\django\template\base.py", line 1005, in <listcomp>
    return SafeString("".join([node.render_annotated(context) for node in self]))
                               ^^^^^^^^^^^^^^^^^^^^^^^^^^^^^^
  File "C:\Users\athar\OneDrive\Desktop\TY - Sem 1\EDI\venv\Lib\site-packages\django\template\base.py", line 966, in render_annotated
    return self.render(context)
           ^^^^^^^^^^^^^^^^^^^^
  File "C:\Users\athar\OneDrive\Desktop\TY - Sem 1\EDI\venv\Lib\site-packages\django\template\defaulttags.py", line 471, in render
    url = reverse(view_name, args=args, kwargs=kwargs, current_app=current_app)
          ^^^^^^^^^^^^^^^^^^^^^^^^^^^^^^^^^^^^^^^^^^^^^^^^^^^^^^^^^^^^^^^^^^^^^
  File "C:\Users\athar\OneDrive\Desktop\TY - Sem 1\EDI\venv\Lib\site-packages\django\urls\base.py", line 88, in reverse
    return resolver._reverse_with_prefix(view, prefix, *args, **kwargs)
           ^^^^^^^^^^^^^^^^^^^^^^^^^^^^^^^^^^^^^^^^^^^^^^^^^^^^^^^^^^^^
  File "C:\Users\athar\OneDrive\Desktop\TY - Sem 1\EDI\venv\Lib\site-packages\django\urls\resolvers.py", line 828, in _reverse_with_prefix
    raise NoReverseMatch(msg)
django.urls.exceptions.NoReverseMatch: Reverse for 'dashboard' not found. 'dashboard' is not a valid view function or pattern name.
"GET / HTTP/1.1" 500 149701
C:\Users\athar\OneDrive\Desktop\TY - Sem 1\EDI\parking-system\dashboard\core\settings.py changed, reloading.
INFO 2025-10-01 01:48:01,873 autoreload 2072 15948 Watching for file changes with StatReloader
INFO 2025-10-01 01:48:12,624 autoreload 2072 15948 C:\Users\athar\OneDrive\Desktop\TY - Sem 1\EDI\parking-system\dashboard\core\__init__.py changed, reloading.
INFO 2025-10-01 01:48:13,263 autoreload 10836 13764 Watching for file changes with StatReloader
INFO 2025-10-01 01:49:11,395 autoreload 10836 13764 C:\Users\athar\OneDrive\Desktop\TY - Sem 1\EDI\parking-system\dashboard\core\urls.py changed, reloading.
INFO 2025-10-01 01:49:12,022 autoreload 9928 7684 Watching for file changes with StatReloader
INFO 2025-10-01 01:49:18,609 autoreload 9928 7684 C:\Users\athar\OneDrive\Desktop\TY - Sem 1\EDI\parking-system\dashboard\core\urls.py changed, reloading.
INFO 2025-10-01 01:49:19,204 autoreload 23324 25292 Watching for file changes with StatReloader
INFO 2025-10-01 01:49:24,750 autoreload 23324 25292 C:\Users\athar\OneDrive\Desktop\TY - Sem 1\EDI\parking-system\dashboard\core\urls.py changed, reloading.
INFO 2025-10-01 01:49:25,358 autoreload 22440 25160 Watching for file changes with StatReloader
INFO 2025-10-01 01:52:26,303 autoreload 22440 25160 C:\Users\athar\OneDrive\Desktop\TY - Sem 1\EDI\parking-system\dashboard\core\settings.py changed, reloading.
INFO 2025-10-01 01:52:26,946 autoreload 4608 14324 Watching for file changes with StatReloader
INFO 2025-10-01 01:55:24,215 autoreload 4608 14324 C:\Users\athar\OneDrive\Desktop\TY - Sem 1\EDI\parking-system\dashboard\parking_app\apps.py changed, reloading.
INFO 2025-10-01 01:55:24,946 autoreload 9932 16316 Watching for file changes with StatReloader
INFO 2025-10-01 01:56:25,080 autoreload 9932 16316 C:\Users\athar\OneDrive\Desktop\TY - Sem 1\EDI\parking-system\dashboard\parking_app\__init__.py changed, reloading.
INFO 2025-10-01 01:56:25,789 autoreload 11724 13096 Watching for file changes with StatReloader
INFO 2025-10-01 02:04:44,032 autoreload 11724 13096 C:\Users\athar\OneDrive\Desktop\TY - Sem 1\EDI\parking-system\dashboard\parking_app\signals.py changed, reloading.
INFO 2025-10-01 02:04:44,747 autoreload 13484 16264 Watching for file changes with StatReloader
INFO 2025-10-01 02:06:05,766 autoreload 7684 17448 Watching for file changes with StatReloader
INFO 2025-10-01 02:06:24,409 autoreload 21984 26960 Watching for file changes with StatReloader
INFO 2025-10-01 02:07:05,942 autoreload 21984 26960 C:\Users\athar\OneDrive\Desktop\TY - Sem 1\EDI\parking-system\dashboard\parking_app\apps.py changed, reloading.
INFO 2025-10-01 02:07:06,558 autoreload 11836 19904 Watching for file changes with StatReloader
INFO 2025-10-01 02:07:20,358 autoreload 11836 19904 C:\Users\athar\OneDrive\Desktop\TY - Sem 1\EDI\parking-system\dashboard\parking_app\views.py changed, reloading.
INFO 2025-10-01 02:07:20,976 autoreload 7404 5976 Watching for file changes with StatReloader
ERROR 2025-10-01 02:07:25,530 log 7404 6724 Internal Server Error: /
Traceback (most recent call last):
  File "C:\Users\athar\OneDrive\Desktop\TY - Sem 1\EDI\venv\Lib\site-packages\django\core\handlers\exception.py", line 55, in inner
    response = get_response(request)
               ^^^^^^^^^^^^^^^^^^^^^
  File "C:\Users\athar\OneDrive\Desktop\TY - Sem 1\EDI\venv\Lib\site-packages\django\core\handlers\base.py", line 197, in _get_response
    response = wrapped_callback(request, *callback_args, **callback_kwargs)
               ^^^^^^^^^^^^^^^^^^^^^^^^^^^^^^^^^^^^^^^^^^^^^^^^^^^^^^^^^^^^
  File "C:\Users\athar\OneDrive\Desktop\TY - Sem 1\EDI\parking-system\dashboard\parking_app\views.py", line 27, in dashboard
    return render(request, 'dashboard/parkomate_index.html', context)
           ^^^^^^^^^^^^^^^^^^^^^^^^^^^^^^^^^^^^^^^^^^^^^^^^^^^^^^^^^^
  File "C:\Users\athar\OneDrive\Desktop\TY - Sem 1\EDI\venv\Lib\site-packages\django\shortcuts.py", line 24, in render
    content = loader.render_to_string(template_name, context, request, using=using)
              ^^^^^^^^^^^^^^^^^^^^^^^^^^^^^^^^^^^^^^^^^^^^^^^^^^^^^^^^^^^^^^^^^^^^^
  File "C:\Users\athar\OneDrive\Desktop\TY - Sem 1\EDI\venv\Lib\site-packages\django\template\loader.py", line 62, in render_to_string
    return template.render(context, request)
           ^^^^^^^^^^^^^^^^^^^^^^^^^^^^^^^^^
  File "C:\Users\athar\OneDrive\Desktop\TY - Sem 1\EDI\venv\Lib\site-packages\django\template\backends\django.py", line 61, in render
    return self.template.render(context)
           ^^^^^^^^^^^^^^^^^^^^^^^^^^^^^
  File "C:\Users\athar\OneDrive\Desktop\TY - Sem 1\EDI\venv\Lib\site-packages\django\template\base.py", line 175, in render
    return self._render(context)
           ^^^^^^^^^^^^^^^^^^^^^
  File "C:\Users\athar\OneDrive\Desktop\TY - Sem 1\EDI\venv\Lib\site-packages\django\template\base.py", line 167, in _render
    return self.nodelist.render(context)
           ^^^^^^^^^^^^^^^^^^^^^^^^^^^^^
  File "C:\Users\athar\OneDrive\Desktop\TY - Sem 1\EDI\venv\Lib\site-packages\django\template\base.py", line 1005, in render
    return SafeString("".join([node.render_annotated(context) for node in self]))
                              ^^^^^^^^^^^^^^^^^^^^^^^^^^^^^^^^^^^^^^^^^^^^^^^^^
  File "C:\Users\athar\OneDrive\Desktop\TY - Sem 1\EDI\venv\Lib\site-packages\django\template\base.py", line 1005, in <listcomp>
    return SafeString("".join([node.render_annotated(context) for node in self]))
                               ^^^^^^^^^^^^^^^^^^^^^^^^^^^^^^
  File "C:\Users\athar\OneDrive\Desktop\TY - Sem 1\EDI\venv\Lib\site-packages\django\template\base.py", line 966, in render_annotated
    return self.render(context)
           ^^^^^^^^^^^^^^^^^^^^
  File "C:\Users\athar\OneDrive\Desktop\TY - Sem 1\EDI\venv\Lib\site-packages\django\template\loader_tags.py", line 157, in render
    return compiled_parent._render(context)
           ^^^^^^^^^^^^^^^^^^^^^^^^^^^^^^^^
  File "C:\Users\athar\OneDrive\Desktop\TY - Sem 1\EDI\venv\Lib\site-packages\django\template\base.py", line 167, in _render
    return self.nodelist.render(context)
           ^^^^^^^^^^^^^^^^^^^^^^^^^^^^^
  File "C:\Users\athar\OneDrive\Desktop\TY - Sem 1\EDI\venv\Lib\site-packages\django\template\base.py", line 1005, in render
    return SafeString("".join([node.render_annotated(context) for node in self]))
                              ^^^^^^^^^^^^^^^^^^^^^^^^^^^^^^^^^^^^^^^^^^^^^^^^^
  File "C:\Users\athar\OneDrive\Desktop\TY - Sem 1\EDI\venv\Lib\site-packages\django\template\base.py", line 1005, in <listcomp>
    return SafeString("".join([node.render_annotated(context) for node in self]))
                               ^^^^^^^^^^^^^^^^^^^^^^^^^^^^^^
  File "C:\Users\athar\OneDrive\Desktop\TY - Sem 1\EDI\venv\Lib\site-packages\django\template\base.py", line 966, in render_annotated
    return self.render(context)
           ^^^^^^^^^^^^^^^^^^^^
  File "C:\Users\athar\OneDrive\Desktop\TY - Sem 1\EDI\venv\Lib\site-packages\django\template\defaulttags.py", line 471, in render
    url = reverse(view_name, args=args, kwargs=kwargs, current_app=current_app)
          ^^^^^^^^^^^^^^^^^^^^^^^^^^^^^^^^^^^^^^^^^^^^^^^^^^^^^^^^^^^^^^^^^^^^^
  File "C:\Users\athar\OneDrive\Desktop\TY - Sem 1\EDI\venv\Lib\site-packages\django\urls\base.py", line 88, in reverse
    return resolver._reverse_with_prefix(view, prefix, *args, **kwargs)
           ^^^^^^^^^^^^^^^^^^^^^^^^^^^^^^^^^^^^^^^^^^^^^^^^^^^^^^^^^^^^
  File "C:\Users\athar\OneDrive\Desktop\TY - Sem 1\EDI\venv\Lib\site-packages\django\urls\resolvers.py", line 828, in _reverse_with_prefix
    raise NoReverseMatch(msg)
django.urls.exceptions.NoReverseMatch: Reverse for 'dashboard' not found. 'dashboard' is not a valid view function or pattern name.
ERROR 2025-10-01 02:07:25,537 basehttp 7404 6724 "GET / HTTP/1.1" 500 151815
ERROR 2025-10-01 02:07:26,615 log 7404 6724 Internal Server Error: /
Traceback (most recent call last):
  File "C:\Users\athar\OneDrive\Desktop\TY - Sem 1\EDI\venv\Lib\site-packages\django\core\handlers\exception.py", line 55, in inner
    response = get_response(request)
               ^^^^^^^^^^^^^^^^^^^^^
  File "C:\Users\athar\OneDrive\Desktop\TY - Sem 1\EDI\venv\Lib\site-packages\django\core\handlers\base.py", line 197, in _get_response
    response = wrapped_callback(request, *callback_args, **callback_kwargs)
               ^^^^^^^^^^^^^^^^^^^^^^^^^^^^^^^^^^^^^^^^^^^^^^^^^^^^^^^^^^^^
  File "C:\Users\athar\OneDrive\Desktop\TY - Sem 1\EDI\parking-system\dashboard\parking_app\views.py", line 27, in dashboard
    return render(request, 'dashboard/parkomate_index.html', context)
           ^^^^^^^^^^^^^^^^^^^^^^^^^^^^^^^^^^^^^^^^^^^^^^^^^^^^^^^^^^
  File "C:\Users\athar\OneDrive\Desktop\TY - Sem 1\EDI\venv\Lib\site-packages\django\shortcuts.py", line 24, in render
    content = loader.render_to_string(template_name, context, request, using=using)
              ^^^^^^^^^^^^^^^^^^^^^^^^^^^^^^^^^^^^^^^^^^^^^^^^^^^^^^^^^^^^^^^^^^^^^
  File "C:\Users\athar\OneDrive\Desktop\TY - Sem 1\EDI\venv\Lib\site-packages\django\template\loader.py", line 62, in render_to_string
    return template.render(context, request)
           ^^^^^^^^^^^^^^^^^^^^^^^^^^^^^^^^^
  File "C:\Users\athar\OneDrive\Desktop\TY - Sem 1\EDI\venv\Lib\site-packages\django\template\backends\django.py", line 61, in render
    return self.template.render(context)
           ^^^^^^^^^^^^^^^^^^^^^^^^^^^^^
  File "C:\Users\athar\OneDrive\Desktop\TY - Sem 1\EDI\venv\Lib\site-packages\django\template\base.py", line 175, in render
    return self._render(context)
           ^^^^^^^^^^^^^^^^^^^^^
  File "C:\Users\athar\OneDrive\Desktop\TY - Sem 1\EDI\venv\Lib\site-packages\django\template\base.py", line 167, in _render
    return self.nodelist.render(context)
           ^^^^^^^^^^^^^^^^^^^^^^^^^^^^^
  File "C:\Users\athar\OneDrive\Desktop\TY - Sem 1\EDI\venv\Lib\site-packages\django\template\base.py", line 1005, in render
    return SafeString("".join([node.render_annotated(context) for node in self]))
                              ^^^^^^^^^^^^^^^^^^^^^^^^^^^^^^^^^^^^^^^^^^^^^^^^^
  File "C:\Users\athar\OneDrive\Desktop\TY - Sem 1\EDI\venv\Lib\site-packages\django\template\base.py", line 1005, in <listcomp>
    return SafeString("".join([node.render_annotated(context) for node in self]))
                               ^^^^^^^^^^^^^^^^^^^^^^^^^^^^^^
  File "C:\Users\athar\OneDrive\Desktop\TY - Sem 1\EDI\venv\Lib\site-packages\django\template\base.py", line 966, in render_annotated
    return self.render(context)
           ^^^^^^^^^^^^^^^^^^^^
  File "C:\Users\athar\OneDrive\Desktop\TY - Sem 1\EDI\venv\Lib\site-packages\django\template\loader_tags.py", line 157, in render
    return compiled_parent._render(context)
           ^^^^^^^^^^^^^^^^^^^^^^^^^^^^^^^^
  File "C:\Users\athar\OneDrive\Desktop\TY - Sem 1\EDI\venv\Lib\site-packages\django\template\base.py", line 167, in _render
    return self.nodelist.render(context)
           ^^^^^^^^^^^^^^^^^^^^^^^^^^^^^
  File "C:\Users\athar\OneDrive\Desktop\TY - Sem 1\EDI\venv\Lib\site-packages\django\template\base.py", line 1005, in render
    return SafeString("".join([node.render_annotated(context) for node in self]))
                              ^^^^^^^^^^^^^^^^^^^^^^^^^^^^^^^^^^^^^^^^^^^^^^^^^
  File "C:\Users\athar\OneDrive\Desktop\TY - Sem 1\EDI\venv\Lib\site-packages\django\template\base.py", line 1005, in <listcomp>
    return SafeString("".join([node.render_annotated(context) for node in self]))
                               ^^^^^^^^^^^^^^^^^^^^^^^^^^^^^^
  File "C:\Users\athar\OneDrive\Desktop\TY - Sem 1\EDI\venv\Lib\site-packages\django\template\base.py", line 966, in render_annotated
    return self.render(context)
           ^^^^^^^^^^^^^^^^^^^^
  File "C:\Users\athar\OneDrive\Desktop\TY - Sem 1\EDI\venv\Lib\site-packages\django\template\defaulttags.py", line 471, in render
    url = reverse(view_name, args=args, kwargs=kwargs, current_app=current_app)
          ^^^^^^^^^^^^^^^^^^^^^^^^^^^^^^^^^^^^^^^^^^^^^^^^^^^^^^^^^^^^^^^^^^^^^
  File "C:\Users\athar\OneDrive\Desktop\TY - Sem 1\EDI\venv\Lib\site-packages\django\urls\base.py", line 88, in reverse
    return resolver._reverse_with_prefix(view, prefix, *args, **kwargs)
           ^^^^^^^^^^^^^^^^^^^^^^^^^^^^^^^^^^^^^^^^^^^^^^^^^^^^^^^^^^^^
  File "C:\Users\athar\OneDrive\Desktop\TY - Sem 1\EDI\venv\Lib\site-packages\django\urls\resolvers.py", line 828, in _reverse_with_prefix
    raise NoReverseMatch(msg)
django.urls.exceptions.NoReverseMatch: Reverse for 'dashboard' not found. 'dashboard' is not a valid view function or pattern name.
ERROR 2025-10-01 02:07:26,618 basehttp 7404 6724 "GET / HTTP/1.1" 500 151952
ERROR 2025-10-01 02:07:26,842 log 7404 6724 Internal Server Error: /
Traceback (most recent call last):
  File "C:\Users\athar\OneDrive\Desktop\TY - Sem 1\EDI\venv\Lib\site-packages\django\core\handlers\exception.py", line 55, in inner
    response = get_response(request)
               ^^^^^^^^^^^^^^^^^^^^^
  File "C:\Users\athar\OneDrive\Desktop\TY - Sem 1\EDI\venv\Lib\site-packages\django\core\handlers\base.py", line 197, in _get_response
    response = wrapped_callback(request, *callback_args, **callback_kwargs)
               ^^^^^^^^^^^^^^^^^^^^^^^^^^^^^^^^^^^^^^^^^^^^^^^^^^^^^^^^^^^^
  File "C:\Users\athar\OneDrive\Desktop\TY - Sem 1\EDI\parking-system\dashboard\parking_app\views.py", line 27, in dashboard
    return render(request, 'dashboard/parkomate_index.html', context)
           ^^^^^^^^^^^^^^^^^^^^^^^^^^^^^^^^^^^^^^^^^^^^^^^^^^^^^^^^^^
  File "C:\Users\athar\OneDrive\Desktop\TY - Sem 1\EDI\venv\Lib\site-packages\django\shortcuts.py", line 24, in render
    content = loader.render_to_string(template_name, context, request, using=using)
              ^^^^^^^^^^^^^^^^^^^^^^^^^^^^^^^^^^^^^^^^^^^^^^^^^^^^^^^^^^^^^^^^^^^^^
  File "C:\Users\athar\OneDrive\Desktop\TY - Sem 1\EDI\venv\Lib\site-packages\django\template\loader.py", line 62, in render_to_string
    return template.render(context, request)
           ^^^^^^^^^^^^^^^^^^^^^^^^^^^^^^^^^
  File "C:\Users\athar\OneDrive\Desktop\TY - Sem 1\EDI\venv\Lib\site-packages\django\template\backends\django.py", line 61, in render
    return self.template.render(context)
           ^^^^^^^^^^^^^^^^^^^^^^^^^^^^^
  File "C:\Users\athar\OneDrive\Desktop\TY - Sem 1\EDI\venv\Lib\site-packages\django\template\base.py", line 175, in render
    return self._render(context)
           ^^^^^^^^^^^^^^^^^^^^^
  File "C:\Users\athar\OneDrive\Desktop\TY - Sem 1\EDI\venv\Lib\site-packages\django\template\base.py", line 167, in _render
    return self.nodelist.render(context)
           ^^^^^^^^^^^^^^^^^^^^^^^^^^^^^
  File "C:\Users\athar\OneDrive\Desktop\TY - Sem 1\EDI\venv\Lib\site-packages\django\template\base.py", line 1005, in render
    return SafeString("".join([node.render_annotated(context) for node in self]))
                              ^^^^^^^^^^^^^^^^^^^^^^^^^^^^^^^^^^^^^^^^^^^^^^^^^
  File "C:\Users\athar\OneDrive\Desktop\TY - Sem 1\EDI\venv\Lib\site-packages\django\template\base.py", line 1005, in <listcomp>
    return SafeString("".join([node.render_annotated(context) for node in self]))
                               ^^^^^^^^^^^^^^^^^^^^^^^^^^^^^^
  File "C:\Users\athar\OneDrive\Desktop\TY - Sem 1\EDI\venv\Lib\site-packages\django\template\base.py", line 966, in render_annotated
    return self.render(context)
           ^^^^^^^^^^^^^^^^^^^^
  File "C:\Users\athar\OneDrive\Desktop\TY - Sem 1\EDI\venv\Lib\site-packages\django\template\loader_tags.py", line 157, in render
    return compiled_parent._render(context)
           ^^^^^^^^^^^^^^^^^^^^^^^^^^^^^^^^
  File "C:\Users\athar\OneDrive\Desktop\TY - Sem 1\EDI\venv\Lib\site-packages\django\template\base.py", line 167, in _render
    return self.nodelist.render(context)
           ^^^^^^^^^^^^^^^^^^^^^^^^^^^^^
  File "C:\Users\athar\OneDrive\Desktop\TY - Sem 1\EDI\venv\Lib\site-packages\django\template\base.py", line 1005, in render
    return SafeString("".join([node.render_annotated(context) for node in self]))
                              ^^^^^^^^^^^^^^^^^^^^^^^^^^^^^^^^^^^^^^^^^^^^^^^^^
  File "C:\Users\athar\OneDrive\Desktop\TY - Sem 1\EDI\venv\Lib\site-packages\django\template\base.py", line 1005, in <listcomp>
    return SafeString("".join([node.render_annotated(context) for node in self]))
                               ^^^^^^^^^^^^^^^^^^^^^^^^^^^^^^
  File "C:\Users\athar\OneDrive\Desktop\TY - Sem 1\EDI\venv\Lib\site-packages\django\template\base.py", line 966, in render_annotated
    return self.render(context)
           ^^^^^^^^^^^^^^^^^^^^
  File "C:\Users\athar\OneDrive\Desktop\TY - Sem 1\EDI\venv\Lib\site-packages\django\template\defaulttags.py", line 471, in render
    url = reverse(view_name, args=args, kwargs=kwargs, current_app=current_app)
          ^^^^^^^^^^^^^^^^^^^^^^^^^^^^^^^^^^^^^^^^^^^^^^^^^^^^^^^^^^^^^^^^^^^^^
  File "C:\Users\athar\OneDrive\Desktop\TY - Sem 1\EDI\venv\Lib\site-packages\django\urls\base.py", line 88, in reverse
    return resolver._reverse_with_prefix(view, prefix, *args, **kwargs)
           ^^^^^^^^^^^^^^^^^^^^^^^^^^^^^^^^^^^^^^^^^^^^^^^^^^^^^^^^^^^^
  File "C:\Users\athar\OneDrive\Desktop\TY - Sem 1\EDI\venv\Lib\site-packages\django\urls\resolvers.py", line 828, in _reverse_with_prefix
    raise NoReverseMatch(msg)
django.urls.exceptions.NoReverseMatch: Reverse for 'dashboard' not found. 'dashboard' is not a valid view function or pattern name.
ERROR 2025-10-01 02:07:26,847 basehttp 7404 6724 "GET / HTTP/1.1" 500 151952
INFO 2025-10-01 02:09:06,055 autoreload 7404 5976 C:\Users\athar\OneDrive\Desktop\TY - Sem 1\EDI\parking-system\dashboard\parking_app\views.py changed, reloading.
INFO 2025-10-01 02:09:06,722 autoreload 20840 14140 Watching for file changes with StatReloader
INFO 2025-10-01 02:09:30,531 autoreload 10028 17532 Watching for file changes with StatReloader
ERROR 2025-10-01 02:09:32,079 log 10028 23640 Internal Server Error: /
Traceback (most recent call last):
  File "C:\Users\athar\OneDrive\Desktop\TY - Sem 1\EDI\venv\Lib\site-packages\django\core\handlers\exception.py", line 55, in inner
    response = get_response(request)
               ^^^^^^^^^^^^^^^^^^^^^
  File "C:\Users\athar\OneDrive\Desktop\TY - Sem 1\EDI\venv\Lib\site-packages\django\core\handlers\base.py", line 197, in _get_response
    response = wrapped_callback(request, *callback_args, **callback_kwargs)
               ^^^^^^^^^^^^^^^^^^^^^^^^^^^^^^^^^^^^^^^^^^^^^^^^^^^^^^^^^^^^
  File "C:\Users\athar\OneDrive\Desktop\TY - Sem 1\EDI\parking-system\dashboard\parking_app\views.py", line 27, in dashboard
    return render(request, 'dashboard/parkomate_index.html', context)
           ^^^^^^^^^^^^^^^^^^^^^^^^^^^^^^^^^^^^^^^^^^^^^^^^^^^^^^^^^^
  File "C:\Users\athar\OneDrive\Desktop\TY - Sem 1\EDI\venv\Lib\site-packages\django\shortcuts.py", line 24, in render
    content = loader.render_to_string(template_name, context, request, using=using)
              ^^^^^^^^^^^^^^^^^^^^^^^^^^^^^^^^^^^^^^^^^^^^^^^^^^^^^^^^^^^^^^^^^^^^^
  File "C:\Users\athar\OneDrive\Desktop\TY - Sem 1\EDI\venv\Lib\site-packages\django\template\loader.py", line 62, in render_to_string
    return template.render(context, request)
           ^^^^^^^^^^^^^^^^^^^^^^^^^^^^^^^^^
  File "C:\Users\athar\OneDrive\Desktop\TY - Sem 1\EDI\venv\Lib\site-packages\django\template\backends\django.py", line 61, in render
    return self.template.render(context)
           ^^^^^^^^^^^^^^^^^^^^^^^^^^^^^
  File "C:\Users\athar\OneDrive\Desktop\TY - Sem 1\EDI\venv\Lib\site-packages\django\template\base.py", line 175, in render
    return self._render(context)
           ^^^^^^^^^^^^^^^^^^^^^
  File "C:\Users\athar\OneDrive\Desktop\TY - Sem 1\EDI\venv\Lib\site-packages\django\template\base.py", line 167, in _render
    return self.nodelist.render(context)
           ^^^^^^^^^^^^^^^^^^^^^^^^^^^^^
  File "C:\Users\athar\OneDrive\Desktop\TY - Sem 1\EDI\venv\Lib\site-packages\django\template\base.py", line 1005, in render
    return SafeString("".join([node.render_annotated(context) for node in self]))
                              ^^^^^^^^^^^^^^^^^^^^^^^^^^^^^^^^^^^^^^^^^^^^^^^^^
  File "C:\Users\athar\OneDrive\Desktop\TY - Sem 1\EDI\venv\Lib\site-packages\django\template\base.py", line 1005, in <listcomp>
    return SafeString("".join([node.render_annotated(context) for node in self]))
                               ^^^^^^^^^^^^^^^^^^^^^^^^^^^^^^
  File "C:\Users\athar\OneDrive\Desktop\TY - Sem 1\EDI\venv\Lib\site-packages\django\template\base.py", line 966, in render_annotated
    return self.render(context)
           ^^^^^^^^^^^^^^^^^^^^
  File "C:\Users\athar\OneDrive\Desktop\TY - Sem 1\EDI\venv\Lib\site-packages\django\template\loader_tags.py", line 157, in render
    return compiled_parent._render(context)
           ^^^^^^^^^^^^^^^^^^^^^^^^^^^^^^^^
  File "C:\Users\athar\OneDrive\Desktop\TY - Sem 1\EDI\venv\Lib\site-packages\django\template\base.py", line 167, in _render
    return self.nodelist.render(context)
           ^^^^^^^^^^^^^^^^^^^^^^^^^^^^^
  File "C:\Users\athar\OneDrive\Desktop\TY - Sem 1\EDI\venv\Lib\site-packages\django\template\base.py", line 1005, in render
    return SafeString("".join([node.render_annotated(context) for node in self]))
                              ^^^^^^^^^^^^^^^^^^^^^^^^^^^^^^^^^^^^^^^^^^^^^^^^^
  File "C:\Users\athar\OneDrive\Desktop\TY - Sem 1\EDI\venv\Lib\site-packages\django\template\base.py", line 1005, in <listcomp>
    return SafeString("".join([node.render_annotated(context) for node in self]))
                               ^^^^^^^^^^^^^^^^^^^^^^^^^^^^^^
  File "C:\Users\athar\OneDrive\Desktop\TY - Sem 1\EDI\venv\Lib\site-packages\django\template\base.py", line 966, in render_annotated
    return self.render(context)
           ^^^^^^^^^^^^^^^^^^^^
  File "C:\Users\athar\OneDrive\Desktop\TY - Sem 1\EDI\venv\Lib\site-packages\django\template\defaulttags.py", line 471, in render
    url = reverse(view_name, args=args, kwargs=kwargs, current_app=current_app)
          ^^^^^^^^^^^^^^^^^^^^^^^^^^^^^^^^^^^^^^^^^^^^^^^^^^^^^^^^^^^^^^^^^^^^^
  File "C:\Users\athar\OneDrive\Desktop\TY - Sem 1\EDI\venv\Lib\site-packages\django\urls\base.py", line 88, in reverse
    return resolver._reverse_with_prefix(view, prefix, *args, **kwargs)
           ^^^^^^^^^^^^^^^^^^^^^^^^^^^^^^^^^^^^^^^^^^^^^^^^^^^^^^^^^^^^
  File "C:\Users\athar\OneDrive\Desktop\TY - Sem 1\EDI\venv\Lib\site-packages\django\urls\resolvers.py", line 828, in _reverse_with_prefix
    raise NoReverseMatch(msg)
django.urls.exceptions.NoReverseMatch: Reverse for 'dashboard' not found. 'dashboard' is not a valid view function or pattern name.
ERROR 2025-10-01 02:09:32,083 basehttp 10028 23640 "GET / HTTP/1.1" 500 151815
ERROR 2025-10-01 02:09:33,574 log 10028 23640 Internal Server Error: /
Traceback (most recent call last):
  File "C:\Users\athar\OneDrive\Desktop\TY - Sem 1\EDI\venv\Lib\site-packages\django\core\handlers\exception.py", line 55, in inner
    response = get_response(request)
               ^^^^^^^^^^^^^^^^^^^^^
  File "C:\Users\athar\OneDrive\Desktop\TY - Sem 1\EDI\venv\Lib\site-packages\django\core\handlers\base.py", line 197, in _get_response
    response = wrapped_callback(request, *callback_args, **callback_kwargs)
               ^^^^^^^^^^^^^^^^^^^^^^^^^^^^^^^^^^^^^^^^^^^^^^^^^^^^^^^^^^^^
  File "C:\Users\athar\OneDrive\Desktop\TY - Sem 1\EDI\parking-system\dashboard\parking_app\views.py", line 27, in dashboard
    return render(request, 'dashboard/parkomate_index.html', context)
           ^^^^^^^^^^^^^^^^^^^^^^^^^^^^^^^^^^^^^^^^^^^^^^^^^^^^^^^^^^
  File "C:\Users\athar\OneDrive\Desktop\TY - Sem 1\EDI\venv\Lib\site-packages\django\shortcuts.py", line 24, in render
    content = loader.render_to_string(template_name, context, request, using=using)
              ^^^^^^^^^^^^^^^^^^^^^^^^^^^^^^^^^^^^^^^^^^^^^^^^^^^^^^^^^^^^^^^^^^^^^
  File "C:\Users\athar\OneDrive\Desktop\TY - Sem 1\EDI\venv\Lib\site-packages\django\template\loader.py", line 62, in render_to_string
    return template.render(context, request)
           ^^^^^^^^^^^^^^^^^^^^^^^^^^^^^^^^^
  File "C:\Users\athar\OneDrive\Desktop\TY - Sem 1\EDI\venv\Lib\site-packages\django\template\backends\django.py", line 61, in render
    return self.template.render(context)
           ^^^^^^^^^^^^^^^^^^^^^^^^^^^^^
  File "C:\Users\athar\OneDrive\Desktop\TY - Sem 1\EDI\venv\Lib\site-packages\django\template\base.py", line 175, in render
    return self._render(context)
           ^^^^^^^^^^^^^^^^^^^^^
  File "C:\Users\athar\OneDrive\Desktop\TY - Sem 1\EDI\venv\Lib\site-packages\django\template\base.py", line 167, in _render
    return self.nodelist.render(context)
           ^^^^^^^^^^^^^^^^^^^^^^^^^^^^^
  File "C:\Users\athar\OneDrive\Desktop\TY - Sem 1\EDI\venv\Lib\site-packages\django\template\base.py", line 1005, in render
    return SafeString("".join([node.render_annotated(context) for node in self]))
                              ^^^^^^^^^^^^^^^^^^^^^^^^^^^^^^^^^^^^^^^^^^^^^^^^^
  File "C:\Users\athar\OneDrive\Desktop\TY - Sem 1\EDI\venv\Lib\site-packages\django\template\base.py", line 1005, in <listcomp>
    return SafeString("".join([node.render_annotated(context) for node in self]))
                               ^^^^^^^^^^^^^^^^^^^^^^^^^^^^^^
  File "C:\Users\athar\OneDrive\Desktop\TY - Sem 1\EDI\venv\Lib\site-packages\django\template\base.py", line 966, in render_annotated
    return self.render(context)
           ^^^^^^^^^^^^^^^^^^^^
  File "C:\Users\athar\OneDrive\Desktop\TY - Sem 1\EDI\venv\Lib\site-packages\django\template\loader_tags.py", line 157, in render
    return compiled_parent._render(context)
           ^^^^^^^^^^^^^^^^^^^^^^^^^^^^^^^^
  File "C:\Users\athar\OneDrive\Desktop\TY - Sem 1\EDI\venv\Lib\site-packages\django\template\base.py", line 167, in _render
    return self.nodelist.render(context)
           ^^^^^^^^^^^^^^^^^^^^^^^^^^^^^
  File "C:\Users\athar\OneDrive\Desktop\TY - Sem 1\EDI\venv\Lib\site-packages\django\template\base.py", line 1005, in render
    return SafeString("".join([node.render_annotated(context) for node in self]))
                              ^^^^^^^^^^^^^^^^^^^^^^^^^^^^^^^^^^^^^^^^^^^^^^^^^
  File "C:\Users\athar\OneDrive\Desktop\TY - Sem 1\EDI\venv\Lib\site-packages\django\template\base.py", line 1005, in <listcomp>
    return SafeString("".join([node.render_annotated(context) for node in self]))
                               ^^^^^^^^^^^^^^^^^^^^^^^^^^^^^^
  File "C:\Users\athar\OneDrive\Desktop\TY - Sem 1\EDI\venv\Lib\site-packages\django\template\base.py", line 966, in render_annotated
    return self.render(context)
           ^^^^^^^^^^^^^^^^^^^^
  File "C:\Users\athar\OneDrive\Desktop\TY - Sem 1\EDI\venv\Lib\site-packages\django\template\defaulttags.py", line 471, in render
    url = reverse(view_name, args=args, kwargs=kwargs, current_app=current_app)
          ^^^^^^^^^^^^^^^^^^^^^^^^^^^^^^^^^^^^^^^^^^^^^^^^^^^^^^^^^^^^^^^^^^^^^
  File "C:\Users\athar\OneDrive\Desktop\TY - Sem 1\EDI\venv\Lib\site-packages\django\urls\base.py", line 88, in reverse
    return resolver._reverse_with_prefix(view, prefix, *args, **kwargs)
           ^^^^^^^^^^^^^^^^^^^^^^^^^^^^^^^^^^^^^^^^^^^^^^^^^^^^^^^^^^^^
  File "C:\Users\athar\OneDrive\Desktop\TY - Sem 1\EDI\venv\Lib\site-packages\django\urls\resolvers.py", line 828, in _reverse_with_prefix
    raise NoReverseMatch(msg)
django.urls.exceptions.NoReverseMatch: Reverse for 'dashboard' not found. 'dashboard' is not a valid view function or pattern name.
ERROR 2025-10-01 02:09:33,577 basehttp 10028 23640 "GET / HTTP/1.1" 500 151952
INFO 2025-10-01 02:12:58,815 autoreload 18928 23164 Watching for file changes with StatReloader
INFO 2025-10-01 02:13:00,304 basehttp 18928 27176 "GET / HTTP/1.1" 200 48551
INFO 2025-10-01 02:13:00,412 basehttp 18928 27176 "GET /static/css/dashboard.css HTTP/1.1" 200 23836
INFO 2025-10-01 02:13:00,447 basehttp 18928 27176 "GET /static/img/car.png HTTP/1.1" 304 0
INFO 2025-10-01 02:13:13,170 basehttp 18928 27176 "GET / HTTP/1.1" 200 48551
INFO 2025-10-01 02:13:13,895 basehttp 18928 27176 "GET /analytics/ HTTP/1.1" 200 43600
INFO 2025-10-01 02:13:16,796 basehttp 18928 27176 "GET /realtime/ HTTP/1.1" 200 27522
INFO 2025-10-01 02:13:16,828 basehttp 18928 27176 "GET /api/parking-status/ HTTP/1.1" 200 82
INFO 2025-10-01 02:13:20,500 basehttp 18928 27176 "GET /analytics/ HTTP/1.1" 200 43600
INFO 2025-10-01 02:13:21,937 basehttp 18928 27176 "GET /realtime/ HTTP/1.1" 200 27522
INFO 2025-10-01 02:13:21,965 basehttp 18928 27176 "GET /api/parking-status/ HTTP/1.1" 200 82
INFO 2025-10-01 02:13:24,358 basehttp 18928 27176 "GET / HTTP/1.1" 200 48551
INFO 2025-10-01 02:13:25,389 basehttp 18928 27176 "GET / HTTP/1.1" 200 48551
INFO 2025-10-01 02:13:26,092 basehttp 18928 27176 "GET / HTTP/1.1" 200 48551
WARNING 2025-10-01 02:13:40,375 log 18928 27176 Not Found: /api/realtime/stats/
WARNING 2025-10-01 02:13:40,376 basehttp 18928 27176 "GET /api/realtime/stats/ HTTP/1.1" 404 4009
INFO 2025-10-01 02:14:55,734 autoreload 18928 23164 C:\Users\athar\OneDrive\Desktop\TY - Sem 1\EDI\parking-system\dashboard\parking_app\views.py changed, reloading.
INFO 2025-10-01 02:14:56,384 autoreload 10964 15328 Watching for file changes with StatReloader
INFO 2025-10-01 02:15:08,170 autoreload 10964 15328 C:\Users\athar\OneDrive\Desktop\TY - Sem 1\EDI\parking-system\dashboard\parking_app\views.py changed, reloading.
INFO 2025-10-01 02:15:08,816 autoreload 12584 26692 Watching for file changes with StatReloader
INFO 2025-10-01 02:16:34,203 autoreload 14632 20748 Watching for file changes with StatReloader
INFO 2025-10-01 02:16:36,679 basehttp 14632 27188 "GET / HTTP/1.1" 200 27543
INFO 2025-10-01 02:16:36,875 basehttp 14632 27188 "GET /api/parking-data/ HTTP/1.1" 200 13
INFO 2025-10-01 02:16:45,182 basehttp 14632 27188 "GET /analytics/ HTTP/1.1" 200 50432
INFO 2025-10-01 02:16:46,482 basehttp 14632 27188 "GET /realtime/ HTTP/1.1" 200 36596
INFO 2025-10-01 02:16:46,524 basehttp 14632 27188 "GET /api/parking-status/ HTTP/1.1" 200 82
INFO 2025-10-01 02:16:47,322 basehttp 14632 27188 "GET / HTTP/1.1" 200 27543
INFO 2025-10-01 02:16:47,354 basehttp 14632 27188 "GET /api/parking-data/ HTTP/1.1" 200 13
INFO 2025-10-01 02:17:14,347 autoreload 14632 20748 C:\Users\athar\OneDrive\Desktop\TY - Sem 1\EDI\parking-system\dashboard\parking_app\views.py changed, reloading.
INFO 2025-10-01 02:17:15,007 autoreload 16232 20316 Watching for file changes with StatReloader
INFO 2025-10-01 02:17:16,760 basehttp 16232 21328 "GET / HTTP/1.1" 200 48551
INFO 2025-10-01 02:17:25,917 basehttp 16232 21328 "GET /analytics/ HTTP/1.1" 200 43600
INFO 2025-10-01 02:17:30,212 basehttp 16232 21328 "GET / HTTP/1.1" 200 48551
INFO 2025-10-01 02:17:43,541 basehttp 16232 21328 "GET / HTTP/1.1" 200 48551
INFO 2025-10-01 02:17:43,844 basehttp 16232 21328 "GET / HTTP/1.1" 200 48551
INFO 2025-10-01 02:17:44,003 basehttp 16232 21328 "GET / HTTP/1.1" 200 48551
INFO 2025-10-01 02:17:44,165 basehttp 16232 21328 "GET / HTTP/1.1" 200 48551
INFO 2025-10-01 02:17:44,311 basehttp 16232 21328 "GET / HTTP/1.1" 200 48551
INFO 2025-10-01 02:17:46,966 autoreload 16232 20316 C:\Users\athar\OneDrive\Desktop\TY - Sem 1\EDI\parking-system\dashboard\parking_app\views.py changed, reloading.
INFO 2025-10-01 02:17:47,693 autoreload 19900 3272 Watching for file changes with StatReloader
INFO 2025-10-01 02:17:48,646 basehttp 19900 26768 "GET / HTTP/1.1" 200 48551
INFO 2025-10-01 02:17:48,783 basehttp 19900 26768 "GET / HTTP/1.1" 200 48551
INFO 2025-10-01 02:17:48,935 basehttp 19900 26768 "GET / HTTP/1.1" 200 48551
INFO 2025-10-01 02:21:33,811 basehttp 19900 26768 "GET / HTTP/1.1" 200 48551
INFO 2025-10-01 02:21:33,914 basehttp 19900 7000 "GET /static/js/dashboard.js HTTP/1.1" 200 12549
INFO 2025-10-01 02:21:33,932 basehttp 19900 26768 "GET /static/css/dashboard.css HTTP/1.1" 200 24091
INFO 2025-10-01 02:22:21,976 basehttp 19900 26768 "GET / HTTP/1.1" 200 48551
INFO 2025-10-01 02:22:22,005 basehttp 19900 26768 "GET /static/css/dashboard.css HTTP/1.1" 200 24290
INFO 2025-10-01 02:22:22,449 basehttp 19900 26768 "GET / HTTP/1.1" 200 48551
INFO 2025-10-01 02:22:22,905 basehttp 19900 26768 "GET / HTTP/1.1" 200 48551
INFO 2025-10-01 02:22:22,924 basehttp 19900 26768 "GET /static/css/dashboard.css HTTP/1.1" 304 0
INFO 2025-10-01 02:24:32,288 autoreload 21676 23052 Watching for file changes with StatReloader
INFO 2025-10-01 02:24:33,424 basehttp 21676 25744 "GET / HTTP/1.1" 200 48611
INFO 2025-10-01 02:24:33,513 basehttp 21676 10500 "GET /static/css/dashboard.css HTTP/1.1" 200 27640
INFO 2025-10-01 02:24:33,537 basehttp 21676 25744 "GET /static/css/modern-theme.css HTTP/1.1" 200 5535
INFO 2025-10-01 02:24:33,558 basehttp 21676 25744 "GET /static/img/car.png HTTP/1.1" 304 0
INFO 2025-10-01 02:24:34,952 basehttp 21676 25744 "GET / HTTP/1.1" 200 48611
INFO 2025-10-01 02:24:35,499 basehttp 21676 25744 "GET / HTTP/1.1" 200 48611
INFO 2025-10-01 02:24:37,609 basehttp 21676 25744 "GET /analytics/ HTTP/1.1" 200 43660
INFO 2025-10-01 02:24:38,681 basehttp 21676 25744 "GET /realtime/ HTTP/1.1" 200 27582
INFO 2025-10-01 02:24:38,718 basehttp 21676 25744 "GET /api/parking-status/ HTTP/1.1" 200 82
INFO 2025-10-01 02:24:40,214 basehttp 21676 25744 "GET /analytics/ HTTP/1.1" 200 43660
INFO 2025-10-01 02:24:40,238 basehttp 21676 25744 "GET /static/css/modern-theme.css HTTP/1.1" 304 0
INFO 2025-10-01 02:24:44,059 basehttp 21676 25744 "GET / HTTP/1.1" 200 48611
INFO 2025-10-01 02:24:44,087 basehttp 21676 25744 "GET /static/css/dashboard.css HTTP/1.1" 304 0
INFO 2025-10-01 02:24:51,915 basehttp 21676 25744 "GET / HTTP/1.1" 200 48611
INFO 2025-10-01 02:24:51,933 basehttp 21676 25744 "GET /static/css/modern-theme.css HTTP/1.1" 200 5535
INFO 2025-10-01 02:24:53,324 basehttp 21676 25744 "GET / HTTP/1.1" 200 48611
INFO 2025-10-01 02:24:53,347 basehttp 21676 25744 "GET /static/css/modern-theme.css HTTP/1.1" 304 0
INFO 2025-10-01 02:24:53,537 basehttp 21676 25744 "GET / HTTP/1.1" 200 48611
INFO 2025-10-01 02:24:53,561 basehttp 21676 25744 "GET /static/css/modern-theme.css HTTP/1.1" 304 0
INFO 2025-10-01 02:24:53,695 basehttp 21676 25744 "GET / HTTP/1.1" 200 48611
INFO 2025-10-01 02:24:53,718 basehttp 21676 25744 "GET /static/css/modern-theme.css HTTP/1.1" 304 0
INFO 2025-10-01 02:24:53,864 basehttp 21676 25744 "GET / HTTP/1.1" 200 48611
INFO 2025-10-01 02:24:53,886 basehttp 21676 25744 "GET /static/css/modern-theme.css HTTP/1.1" 304 0
INFO 2025-10-01 02:26:08,989 basehttp 21676 25744 "GET / HTTP/1.1" 200 48611
INFO 2025-10-01 02:26:09,012 basehttp 21676 10500 "GET /static/css/modern-theme.css HTTP/1.1" 304 0
INFO 2025-10-01 02:26:09,050 basehttp 21676 25744 "GET /static/css/dashboard.css HTTP/1.1" 200 27669
INFO 2025-10-01 02:26:45,501 basehttp 21676 25744 "GET / HTTP/1.1" 200 48611
INFO 2025-10-01 02:26:45,522 basehttp 21676 25744 "GET /static/css/dashboard.css HTTP/1.1" 304 0
INFO 2025-10-01 02:26:45,522 basehttp 21676 10500 "GET /static/css/modern-theme.css HTTP/1.1" 304 0
INFO 2025-10-01 02:26:49,360 basehttp 21676 10500 "GET /analytics/ HTTP/1.1" 200 43660
INFO 2025-10-01 02:26:50,789 basehttp 21676 10500 "GET /realtime/ HTTP/1.1" 200 27582
INFO 2025-10-01 02:26:50,813 basehttp 21676 10500 "GET /static/css/dashboard.css HTTP/1.1" 304 0
INFO 2025-10-01 02:26:50,824 basehttp 21676 10500 "GET /api/parking-status/ HTTP/1.1" 200 82
INFO 2025-10-01 02:26:56,435 basehttp 21676 10500 "GET /api/parking-status/ HTTP/1.1" 200 82
INFO 2025-10-01 02:27:01,439 basehttp 21676 10500 "GET /api/parking-status/ HTTP/1.1" 200 82
INFO 2025-10-01 02:27:06,431 basehttp 21676 10500 "GET /api/parking-status/ HTTP/1.1" 200 82
INFO 2025-10-01 02:27:11,448 basehttp 21676 10500 "GET /api/parking-status/ HTTP/1.1" 200 82
INFO 2025-10-01 02:27:16,431 basehttp 21676 10500 "GET /api/parking-status/ HTTP/1.1" 200 82
INFO 2025-10-01 02:27:21,439 basehttp 21676 10500 "GET /api/parking-status/ HTTP/1.1" 200 82
INFO 2025-10-01 02:27:26,442 basehttp 21676 10500 "GET /api/parking-status/ HTTP/1.1" 200 82
INFO 2025-10-01 02:27:31,447 basehttp 21676 10500 "GET /api/parking-status/ HTTP/1.1" 200 82
INFO 2025-10-01 02:27:36,433 basehttp 21676 10500 "GET /api/parking-status/ HTTP/1.1" 200 82
INFO 2025-10-01 02:27:41,433 basehttp 21676 10500 "GET /api/parking-status/ HTTP/1.1" 200 82
INFO 2025-10-01 02:27:46,429 basehttp 21676 10500 "GET /api/parking-status/ HTTP/1.1" 200 82
INFO 2025-10-01 02:27:51,433 basehttp 21676 10500 "GET /api/parking-status/ HTTP/1.1" 200 82
INFO 2025-10-01 02:28:14,437 basehttp 21676 10500 "GET /api/parking-status/ HTTP/1.1" 200 82
INFO 2025-10-01 02:28:32,860 basehttp 21676 10500 "GET /api/parking-status/ HTTP/1.1" 200 82
INFO 2025-10-01 02:28:33,739 basehttp 21676 10500 "GET /realtime/ HTTP/1.1" 200 27582
INFO 2025-10-01 02:28:33,774 basehttp 21676 4652 "GET /static/js/dashboard.js HTTP/1.1" 304 0
INFO 2025-10-01 02:28:33,798 basehttp 21676 25744 "GET /static/css/modern-theme.css HTTP/1.1" 200 5539
INFO 2025-10-01 02:28:33,799 basehttp 21676 10500 "GET /static/css/dashboard.css HTTP/1.1" 200 27669
INFO 2025-10-01 02:28:33,837 basehttp 21676 10500 "GET /api/parking-status/ HTTP/1.1" 200 82
INFO 2025-10-01 02:28:34,365 basehttp 21676 10500 "GET /realtime/ HTTP/1.1" 200 27582
INFO 2025-10-01 02:28:34,410 basehttp 21676 10500 "GET /api/parking-status/ HTTP/1.1" 200 82
INFO 2025-10-01 02:28:34,604 basehttp 21676 10500 "GET /realtime/ HTTP/1.1" 200 27582
INFO 2025-10-01 02:28:34,635 basehttp 21676 10500 "GET /api/parking-status/ HTTP/1.1" 200 82
INFO 2025-10-01 02:28:35,123 basehttp 21676 10500 "GET / HTTP/1.1" 200 48611
INFO 2025-10-01 02:28:40,268 basehttp 21676 10500 "GET / HTTP/1.1" 200 48611
INFO 2025-10-01 02:28:40,294 basehttp 21676 10500 "GET /static/css/dashboard.css HTTP/1.1" 304 0
INFO 2025-10-01 02:28:40,295 basehttp 21676 25744 "GET /static/css/modern-theme.css HTTP/1.1" 304 0
INFO 2025-10-01 02:28:40,493 basehttp 21676 25744 "GET / HTTP/1.1" 200 48611
INFO 2025-10-01 02:28:40,773 basehttp 21676 25744 "GET / HTTP/1.1" 200 48611
INFO 2025-10-01 02:28:40,914 basehttp 21676 25744 "GET / HTTP/1.1" 200 48611
INFO 2025-10-01 02:29:16,571 basehttp 21676 25744 "GET / HTTP/1.1" 200 48611
INFO 2025-10-01 02:29:16,608 basehttp 21676 10500 "GET /static/css/modern-theme.css HTTP/1.1" 200 5539
INFO 2025-10-01 02:29:16,619 basehttp 21676 25744 "GET /static/css/dashboard.css HTTP/1.1" 200 27669
INFO 2025-10-01 02:30:13,486 autoreload 23640 11032 Watching for file changes with StatReloader
INFO 2025-10-01 02:30:14,907 basehttp 23640 15876 "GET / HTTP/1.1" 200 48611
INFO 2025-10-01 02:30:14,933 basehttp 23640 15876 "GET /static/css/dashboard.css HTTP/1.1" 304 0
INFO 2025-10-01 02:30:14,991 basehttp 23640 18244 "GET /static/css/modern-theme.css HTTP/1.1" 200 5539
INFO 2025-10-01 02:30:16,554 basehttp 23640 18244 "GET / HTTP/1.1" 200 48611
INFO 2025-10-01 02:30:16,574 basehttp 23640 18244 "GET /static/css/modern-theme.css HTTP/1.1" 304 0
INFO 2025-10-01 02:30:19,477 basehttp 23640 18244 "GET /analytics/ HTTP/1.1" 200 43660
INFO 2025-10-01 02:30:19,512 basehttp 23640 18244 "GET /static/css/modern-theme.css HTTP/1.1" 304 0
INFO 2025-10-01 02:30:19,959 basehttp 23640 18244 "GET /realtime/ HTTP/1.1" 200 27582
INFO 2025-10-01 02:30:19,994 basehttp 23640 18244 "GET /api/parking-status/ HTTP/1.1" 200 82
INFO 2025-10-01 02:30:25,433 basehttp 23640 18244 "GET /api/parking-status/ HTTP/1.1" 200 82
INFO 2025-10-01 02:30:30,437 basehttp 23640 18244 "GET /api/parking-status/ HTTP/1.1" 200 82
INFO 2025-10-01 02:30:35,439 basehttp 23640 18244 "GET /api/parking-status/ HTTP/1.1" 200 82
INFO 2025-10-01 02:30:39,332 basehttp 23640 18244 "GET / HTTP/1.1" 200 48611
INFO 2025-10-01 02:30:39,361 basehttp 23640 18244 "GET /static/css/dashboard.css HTTP/1.1" 304 0
INFO 2025-10-01 02:30:39,363 basehttp 23640 15876 "GET /static/css/modern-theme.css HTTP/1.1" 200 5539
INFO 2025-10-01 02:30:41,107 basehttp 23640 15876 "GET /analytics/ HTTP/1.1" 200 43660
INFO 2025-10-01 02:30:41,133 basehttp 23640 15876 "GET /static/css/modern-theme.css HTTP/1.1" 304 0
INFO 2025-10-01 02:30:41,441 basehttp 23640 15876 "GET /analytics/ HTTP/1.1" 200 43660
INFO 2025-10-01 02:30:44,611 basehttp 23640 15876 "GET /realtime/ HTTP/1.1" 200 27582
INFO 2025-10-01 02:30:44,644 basehttp 23640 15876 "GET /static/css/modern-theme.css HTTP/1.1" 304 0
INFO 2025-10-01 02:30:44,664 basehttp 23640 15876 "GET /api/parking-status/ HTTP/1.1" 200 82
INFO 2025-10-01 02:30:49,681 basehttp 23640 15876 "GET /api/parking-status/ HTTP/1.1" 200 82
INFO 2025-10-01 02:30:54,680 basehttp 23640 15876 "GET /api/parking-status/ HTTP/1.1" 200 82
INFO 2025-10-01 02:31:00,438 basehttp 23640 15876 "GET /api/parking-status/ HTTP/1.1" 200 82
INFO 2025-10-01 02:31:05,429 basehttp 23640 15876 "GET /api/parking-status/ HTTP/1.1" 200 82
INFO 2025-10-01 02:31:10,443 basehttp 23640 15876 "GET /api/parking-status/ HTTP/1.1" 200 82
INFO 2025-10-01 02:31:15,441 basehttp 23640 15876 "GET /api/parking-status/ HTTP/1.1" 200 82
INFO 2025-10-01 02:31:20,439 basehttp 23640 15876 "GET /api/parking-status/ HTTP/1.1" 200 82
INFO 2025-10-01 02:31:25,442 basehttp 23640 15876 "GET /api/parking-status/ HTTP/1.1" 200 82
INFO 2025-10-01 02:31:30,435 basehttp 23640 15876 "GET /api/parking-status/ HTTP/1.1" 200 82
INFO 2025-10-01 02:31:35,434 basehttp 23640 15876 "GET /api/parking-status/ HTTP/1.1" 200 82
INFO 2025-10-01 02:31:40,443 basehttp 23640 15876 "GET /api/parking-status/ HTTP/1.1" 200 82
INFO 2025-10-01 02:31:45,438 basehttp 23640 15876 "GET /api/parking-status/ HTTP/1.1" 200 82
INFO 2025-10-01 02:31:50,429 basehttp 23640 15876 "GET /api/parking-status/ HTTP/1.1" 200 82
INFO 2025-10-01 02:31:55,445 basehttp 23640 15876 "GET /api/parking-status/ HTTP/1.1" 200 82
INFO 2025-10-01 02:32:14,441 basehttp 23640 15876 "GET /api/parking-status/ HTTP/1.1" 200 82
INFO 2025-10-01 02:33:14,432 basehttp 23640 15876 "GET /api/parking-status/ HTTP/1.1" 200 82
INFO 2025-10-01 02:34:14,440 basehttp 23640 15876 "GET /api/parking-status/ HTTP/1.1" 200 82
INFO 2025-10-01 02:34:26,515 basehttp 23640 15876 "GET /api/parking-status/ HTTP/1.1" 200 82
INFO 2025-10-01 02:34:30,436 basehttp 23640 15876 "GET /api/parking-status/ HTTP/1.1" 200 82
INFO 2025-10-01 02:34:35,439 basehttp 23640 15876 "GET /api/parking-status/ HTTP/1.1" 200 82
INFO 2025-10-01 02:34:40,434 basehttp 23640 15876 "GET /api/parking-status/ HTTP/1.1" 200 82
INFO 2025-10-01 02:34:45,434 basehttp 23640 15876 "GET /api/parking-status/ HTTP/1.1" 200 82
INFO 2025-10-01 02:36:55,585 autoreload 19724 17568 Watching for file changes with StatReloader
INFO 2025-10-01 02:36:55,941 basehttp 19724 26768 "GET /api/parking-status/ HTTP/1.1" 200 82
INFO 2025-10-01 02:36:58,077 basehttp 19724 26768 "GET / HTTP/1.1" 200 48551
INFO 2025-10-01 02:36:58,105 basehttp 19724 22752 "GET /static/js/dashboard.js HTTP/1.1" 304 0
INFO 2025-10-01 02:36:58,140 basehttp 19724 26768 "GET /static/css/dashboard.css HTTP/1.1" 200 11032
INFO 2025-10-01 02:36:58,179 basehttp 19724 26768 "GET /static/img/car.png HTTP/1.1" 304 0
INFO 2025-10-01 02:36:59,077 basehttp 19724 26768 "GET / HTTP/1.1" 200 48551
INFO 2025-10-01 02:37:14,131 basehttp 19724 26768 "GET / HTTP/1.1" 200 48611
INFO 2025-10-01 02:37:14,150 basehttp 19724 26768 "GET /static/css/modern-theme.css HTTP/1.1" 304 0
INFO 2025-10-01 02:37:15,495 basehttp 19724 26768 "GET / HTTP/1.1" 200 48611
INFO 2025-10-01 02:37:16,077 basehttp 19724 26768 "GET / HTTP/1.1" 200 48611
INFO 2025-10-01 02:37:22,474 autoreload 27492 20004 Watching for file changes with StatReloader
INFO 2025-10-01 02:37:23,439 basehttp 27492 10500 "GET / HTTP/1.1" 200 48611
INFO 2025-10-01 02:37:24,010 basehttp 27492 10500 "GET / HTTP/1.1" 200 48611
INFO 2025-10-01 02:37:24,309 basehttp 27492 10500 "GET / HTTP/1.1" 200 48611
INFO 2025-10-01 02:37:24,489 basehttp 27492 10500 "GET / HTTP/1.1" 200 48611
INFO 2025-10-01 02:37:24,620 basehttp 27492 10500 "GET / HTTP/1.1" 200 48611
INFO 2025-10-01 02:37:24,760 basehttp 27492 10500 "GET / HTTP/1.1" 200 48611
INFO 2025-10-01 02:37:26,729 basehttp 27492 10500 "GET / HTTP/1.1" 200 48611
INFO 2025-10-01 02:37:27,064 basehttp 27492 10500 "GET / HTTP/1.1" 200 48611
INFO 2025-10-01 02:37:38,748 basehttp 27492 10500 "GET / HTTP/1.1" 200 48611
INFO 2025-10-01 02:37:38,805 basehttp 27492 10500 "GET /static/css/dashboard.css HTTP/1.1" 200 26960
INFO 2025-10-01 02:37:41,009 basehttp 27492 10500 "GET /analytics/ HTTP/1.1" 200 43660
INFO 2025-10-01 02:37:41,034 basehttp 27492 10500 "GET /static/css/dashboard.css HTTP/1.1" 304 0
INFO 2025-10-01 02:37:41,555 basehttp 27492 10500 "GET /realtime/ HTTP/1.1" 200 27582
INFO 2025-10-01 02:37:41,589 basehttp 27492 10500 "GET /api/parking-status/ HTTP/1.1" 200 82
INFO 2025-10-01 02:37:41,918 basehttp 27492 10500 "GET / HTTP/1.1" 200 48611
INFO 2025-10-01 02:37:41,952 basehttp 27492 10500 "GET /static/css/dashboard.css HTTP/1.1" 304 0
INFO 2025-10-01 02:37:50,591 basehttp 27492 10500 "GET /analytics/ HTTP/1.1" 200 43660
INFO 2025-10-01 02:37:50,617 basehttp 27492 10500 "GET /static/css/dashboard.css HTTP/1.1" 304 0
INFO 2025-10-01 02:41:01,232 basehttp 27492 10500 "GET / HTTP/1.1" 200 48611
INFO 2025-10-01 02:41:01,261 basehttp 27492 10500 "GET /static/css/dashboard.css HTTP/1.1" 304 0
INFO 2025-10-01 02:41:01,261 basehttp 27492 14860 "GET /static/css/modern-theme.css HTTP/1.1" 304 0
INFO 2025-10-01 02:41:01,768 basehttp 27492 14860 "GET / HTTP/1.1" 200 48611
INFO 2025-10-01 02:46:30,985 autoreload 12572 21800 Watching for file changes with StatReloader
INFO 2025-10-01 02:46:33,024 basehttp 12572 15748 "GET / HTTP/1.1" 200 48733
INFO 2025-10-01 02:46:33,050 basehttp 12572 18244 "GET /static/js/dashboard.js HTTP/1.1" 304 0
INFO 2025-10-01 02:46:33,085 basehttp 12572 15748 "GET /static/css/dashboard.css HTTP/1.1" 200 15161
INFO 2025-10-01 02:46:54,949 basehttp 12572 15748 "GET / HTTP/1.1" 200 48611
INFO 2025-10-01 02:46:54,967 basehttp 12572 15748 "GET /static/css/modern-theme.css HTTP/1.1" 304 0
INFO 2025-10-01 02:46:55,739 basehttp 12572 15748 "GET / HTTP/1.1" 200 48611
INFO 2025-10-01 02:46:55,770 basehttp 12572 15748 "GET /static/css/dashboard.css HTTP/1.1" 200 26960
INFO 2025-10-01 02:46:55,943 basehttp 12572 15748 "GET / HTTP/1.1" 200 48611
INFO 2025-10-01 02:46:55,968 basehttp 12572 15748 "GET /static/css/dashboard.css HTTP/1.1" 304 0
INFO 2025-10-01 02:46:56,127 basehttp 12572 15748 "GET / HTTP/1.1" 200 48611
INFO 2025-10-01 02:46:56,145 basehttp 12572 15748 "GET /static/css/dashboard.css HTTP/1.1" 304 0
INFO 2025-10-01 02:46:56,301 basehttp 12572 15748 "GET / HTTP/1.1" 200 48611
INFO 2025-10-01 02:46:56,509 basehttp 12572 15748 "GET / HTTP/1.1" 200 48611
INFO 2025-10-01 02:46:56,528 basehttp 12572 15748 "GET /static/css/dashboard.css HTTP/1.1" 304 0
INFO 2025-10-01 02:51:27,043 basehttp 12572 15748 "GET / HTTP/1.1" 200 49930
INFO 2025-10-01 02:51:27,062 basehttp 12572 18244 "GET /static/css/modern-theme.css HTTP/1.1" 304 0
INFO 2025-10-01 02:51:27,074 basehttp 12572 15748 "GET /static/css/dashboard.css HTTP/1.1" 200 29871
INFO 2025-10-01 02:51:27,086 basehttp 12572 15748 "GET /static/img/car.png HTTP/1.1" 304 0
INFO 2025-10-01 02:51:48,526 basehttp 12572 15748 "GET /analytics/ HTTP/1.1" 200 44979
INFO 2025-10-01 02:51:48,549 basehttp 12572 15748 "GET /static/css/dashboard.css HTTP/1.1" 304 0
INFO 2025-10-01 02:51:54,408 basehttp 12572 15748 "GET /realtime/ HTTP/1.1" 200 28901
INFO 2025-10-01 02:51:54,435 basehttp 12572 15748 "GET /api/parking-status/ HTTP/1.1" 200 82
INFO 2025-10-01 02:51:56,652 basehttp 12572 15748 "GET / HTTP/1.1" 200 49930
INFO 2025-10-01 02:55:26,897 basehttp 12572 15748 "GET / HTTP/1.1" 200 49930
INFO 2025-10-01 02:55:26,921 basehttp 12572 18244 "GET /static/css/modern-theme.css HTTP/1.1" 304 0
INFO 2025-10-01 02:55:26,934 basehttp 12572 15748 "GET /static/css/dashboard.css HTTP/1.1" 200 28416
INFO 2025-10-01 02:55:35,022 basehttp 12572 15748 "GET /api/parking-status/ HTTP/1.1" 200 82
INFO 2025-10-01 02:55:38,226 basehttp 12572 15748 "GET /analytics/ HTTP/1.1" 200 44979
INFO 2025-10-01 02:55:38,250 basehttp 12572 15748 "GET /static/css/dashboard.css HTTP/1.1" 304 0
INFO 2025-10-01 02:55:38,250 basehttp 12572 18244 "GET /static/js/dashboard.js HTTP/1.1" 304 0
INFO 2025-10-01 02:55:39,289 basehttp 12572 18244 "GET / HTTP/1.1" 200 49930
INFO 2025-10-01 02:55:40,871 basehttp 12572 18244 "GET /analytics/ HTTP/1.1" 200 44979
INFO 2025-10-01 02:55:41,448 basehttp 12572 18244 "GET /realtime/ HTTP/1.1" 200 28901
INFO 2025-10-01 02:55:41,480 basehttp 12572 18244 "GET /api/parking-status/ HTTP/1.1" 200 82
INFO 2025-10-01 02:55:42,136 basehttp 12572 18244 "GET /analytics/ HTTP/1.1" 200 44979
INFO 2025-10-01 02:55:42,166 basehttp 12572 18244 "GET /static/css/dashboard.css HTTP/1.1" 304 0
INFO 2025-10-01 02:55:43,068 basehttp 12572 18244 "GET /analytics/ HTTP/1.1" 200 44979
INFO 2025-10-01 02:55:43,747 basehttp 12572 18244 "GET /realtime/ HTTP/1.1" 200 28901
INFO 2025-10-01 02:55:43,775 basehttp 12572 18244 "GET /api/parking-status/ HTTP/1.1" 200 82
INFO 2025-10-01 02:55:45,581 basehttp 12572 18244 "GET / HTTP/1.1" 200 49930
INFO 2025-10-01 02:55:55,150 basehttp 12572 18244 "GET /realtime/ HTTP/1.1" 200 28901
INFO 2025-10-01 02:55:55,184 basehttp 12572 18244 "GET /static/css/dashboard.css HTTP/1.1" 304 0
INFO 2025-10-01 02:55:55,196 basehttp 12572 18244 "GET /api/parking-status/ HTTP/1.1" 200 82
INFO 2025-10-01 02:55:57,256 basehttp 12572 18244 "GET / HTTP/1.1" 200 49930
INFO 2025-10-01 03:01:08,103 basehttp 12572 23588 "GET / HTTP/1.1" 200 49930
INFO 2025-10-01 03:01:08,128 basehttp 12572 21416 "GET /static/css/modern-theme.css HTTP/1.1" 304 0
INFO 2025-10-01 03:01:08,139 basehttp 12572 23588 "GET /static/css/dashboard.css HTTP/1.1" 200 31918
INFO 2025-10-01 03:01:55,046 basehttp 12572 23588 "GET / HTTP/1.1" 200 49930
INFO 2025-10-01 03:01:55,081 basehttp 12572 23588 "GET /static/css/dashboard.css HTTP/1.1" 200 33685
INFO 2025-10-01 03:02:04,917 autoreload 21548 20952 Watching for file changes with StatReloader
INFO 2025-10-01 03:02:06,197 basehttp 21548 2092 "GET / HTTP/1.1" 200 49930
INFO 2025-10-01 03:02:06,223 basehttp 21548 2092 "GET /static/css/dashboard.css HTTP/1.1" 304 0
INFO 2025-10-01 03:02:07,059 basehttp 21548 2092 "GET / HTTP/1.1" 200 49930
INFO 2025-10-01 03:02:07,315 basehttp 21548 2092 "GET / HTTP/1.1" 200 49930
INFO 2025-10-01 03:02:12,246 basehttp 21548 2092 "GET / HTTP/1.1" 200 49930
INFO 2025-10-01 03:02:12,270 basehttp 21548 2092 "GET /static/css/dashboard.css HTTP/1.1" 304 0
INFO 2025-10-01 03:02:12,420 basehttp 21548 2092 "GET / HTTP/1.1" 200 49930
INFO 2025-10-01 03:02:12,587 basehttp 21548 2092 "GET / HTTP/1.1" 200 49930
INFO 2025-10-01 03:02:12,739 basehttp 21548 2092 "GET / HTTP/1.1" 200 49930
INFO 2025-10-01 03:02:12,880 basehttp 21548 2092 "GET / HTTP/1.1" 200 49930
INFO 2025-10-01 03:02:13,041 basehttp 21548 2092 "GET / HTTP/1.1" 200 49930
INFO 2025-10-01 03:02:13,159 basehttp 21548 2092 "GET / HTTP/1.1" 200 49930
INFO 2025-10-01 03:02:13,305 basehttp 21548 2092 "GET / HTTP/1.1" 200 49930
INFO 2025-10-01 03:02:14,914 basehttp 21548 2092 "GET /realtime/ HTTP/1.1" 200 28901
INFO 2025-10-01 03:02:14,950 basehttp 21548 2092 "GET /api/parking-status/ HTTP/1.1" 200 82
INFO 2025-10-01 03:02:15,835 basehttp 21548 2092 "GET /analytics/ HTTP/1.1" 200 44979
INFO 2025-10-01 03:02:17,104 basehttp 21548 2092 "GET / HTTP/1.1" 200 49930
INFO 2025-10-01 03:02:17,130 basehttp 21548 2092 "GET /static/css/dashboard.css HTTP/1.1" 304 0
INFO 2025-10-01 03:02:21,476 basehttp 21548 2092 "GET / HTTP/1.1" 200 49930
INFO 2025-10-01 03:02:22,145 basehttp 21548 2092 "GET / HTTP/1.1" 200 49930
INFO 2025-10-01 03:02:22,235 basehttp 21548 2092 "GET /static/css/dashboard.css HTTP/1.1" 200 33685
INFO 2025-10-01 03:04:28,039 basehttp 21548 2092 "GET / HTTP/1.1" 200 49930
INFO 2025-10-01 03:04:28,072 basehttp 21548 19316 "GET /static/css/modern-theme.css HTTP/1.1" 304 0
INFO 2025-10-01 03:04:28,087 basehttp 21548 2092 "GET /static/css/dashboard.css HTTP/1.1" 200 34345
INFO 2025-10-01 03:04:35,048 basehttp 21548 2092 "GET / HTTP/1.1" 200 49930
INFO 2025-10-01 03:04:35,084 basehttp 21548 2092 "GET /static/css/dashboard.css HTTP/1.1" 200 34345
INFO 2025-10-01 03:05:04,620 basehttp 21548 2092 "GET / HTTP/1.1" 200 49930
INFO 2025-10-01 03:05:04,639 basehttp 21548 2092 "GET /static/css/dashboard.css HTTP/1.1" 304 0
INFO 2025-10-01 03:05:10,374 basehttp 21548 2092 "GET / HTTP/1.1" 200 49930
INFO 2025-10-01 03:05:10,395 basehttp 21548 2092 "GET /static/css/dashboard.css HTTP/1.1" 304 0
INFO 2025-10-01 03:05:10,727 basehttp 21548 2092 "GET / HTTP/1.1" 200 49930
INFO 2025-10-01 03:05:10,994 basehttp 21548 2092 "GET / HTTP/1.1" 200 49930
INFO 2025-10-01 03:09:28,597 basehttp 21548 14312 "GET / HTTP/1.1" 200 49930
INFO 2025-10-01 03:09:28,625 basehttp 21548 1916 "GET /static/js/dashboard.js HTTP/1.1" 304 0
INFO 2025-10-01 03:09:28,625 basehttp 21548 19724 "GET /static/css/modern-theme.css HTTP/1.1" 304 0
INFO 2025-10-01 03:09:28,641 basehttp 21548 14312 "GET /static/css/dashboard.css HTTP/1.1" 200 36088
INFO 2025-10-01 03:09:28,660 basehttp 21548 14312 "GET /static/img/car.png HTTP/1.1" 304 0
INFO 2025-10-01 03:09:37,127 basehttp 21548 14312 "GET / HTTP/1.1" 200 49930
INFO 2025-10-01 03:09:38,378 basehttp 21548 14312 "GET / HTTP/1.1" 200 49930
INFO 2025-10-01 03:11:07,963 basehttp 21548 14312 "GET / HTTP/1.1" 200 49930
INFO 2025-10-01 03:11:07,999 basehttp 21548 14312 "GET /static/css/dashboard.css HTTP/1.1" 200 36088
INFO 2025-10-01 03:11:18,535 basehttp 21548 14312 "GET / HTTP/1.1" 200 49930
INFO 2025-10-01 03:11:18,553 basehttp 21548 14312 "GET /static/css/dashboard.css HTTP/1.1" 304 0
INFO 2025-10-01 03:11:23,841 basehttp 21548 14312 "GET / HTTP/1.1" 200 49930
INFO 2025-10-01 03:11:27,246 basehttp 21548 14312 "GET / HTTP/1.1" 200 49930
INFO 2025-10-01 03:11:27,842 basehttp 21548 14312 "GET / HTTP/1.1" 200 49930
INFO 2025-10-01 03:11:28,230 basehttp 21548 14312 "GET / HTTP/1.1" 200 49930
INFO 2025-10-01 03:11:28,249 basehttp 21548 14312 "GET /static/css/dashboard.css HTTP/1.1" 304 0
INFO 2025-10-01 03:11:35,744 basehttp 21548 14312 "GET / HTTP/1.1" 200 49930
INFO 2025-10-01 03:11:36,207 basehttp 21548 14312 "GET / HTTP/1.1" 200 49930
INFO 2025-10-01 03:13:25,087 basehttp 21548 14312 "GET / HTTP/1.1" 200 49930
INFO 2025-10-01 03:13:25,124 basehttp 21548 19724 "GET /static/css/modern-theme.css HTTP/1.1" 304 0
INFO 2025-10-01 03:13:25,144 basehttp 21548 14312 "GET /static/css/dashboard.css HTTP/1.1" 200 36451
INFO 2025-10-01 03:13:33,639 basehttp 21548 14312 "GET / HTTP/1.1" 200 49930
INFO 2025-10-01 03:13:33,658 basehttp 21548 14312 "GET /static/css/dashboard.css HTTP/1.1" 304 0
INFO 2025-10-01 03:15:25,845 basehttp 21548 14312 "GET / HTTP/1.1" 200 49930
INFO 2025-10-01 03:15:25,881 basehttp 21548 14312 "GET /static/css/dashboard.css HTTP/1.1" 200 37255
INFO 2025-10-01 03:15:26,699 basehttp 21548 14312 "GET / HTTP/1.1" 200 49930
INFO 2025-10-01 03:15:26,724 basehttp 21548 14312 "GET /static/css/dashboard.css HTTP/1.1" 304 0
INFO 2025-10-01 03:15:27,276 basehttp 21548 14312 "GET / HTTP/1.1" 200 49930
INFO 2025-10-01 03:15:27,297 basehttp 21548 14312 "GET /static/css/dashboard.css HTTP/1.1" 304 0
INFO 2025-10-01 03:15:33,556 basehttp 21548 14312 "GET / HTTP/1.1" 200 49930
INFO 2025-10-01 03:15:33,579 basehttp 21548 14312 "GET /static/css/dashboard.css HTTP/1.1" 304 0
INFO 2025-10-01 03:15:34,424 basehttp 21548 14312 "GET / HTTP/1.1" 200 49930
INFO 2025-10-01 03:16:02,277 basehttp 21548 14312 "GET /realtime/ HTTP/1.1" 200 28901
INFO 2025-10-01 03:16:02,307 basehttp 21548 14312 "GET /static/css/dashboard.css HTTP/1.1" 200 37255
INFO 2025-10-01 03:16:02,331 basehttp 21548 14312 "GET /api/parking-status/ HTTP/1.1" 200 82
INFO 2025-10-01 03:16:03,751 basehttp 21548 14312 "GET /analytics/ HTTP/1.1" 200 44979
INFO 2025-10-01 03:16:03,781 basehttp 21548 14312 "GET /static/css/dashboard.css HTTP/1.1" 304 0
INFO 2025-10-01 03:16:06,542 basehttp 21548 14312 "GET /realtime/ HTTP/1.1" 200 28901
INFO 2025-10-01 03:16:06,569 basehttp 21548 14312 "GET /static/css/dashboard.css HTTP/1.1" 304 0
INFO 2025-10-01 03:16:06,601 basehttp 21548 14312 "GET /api/parking-status/ HTTP/1.1" 200 82
INFO 2025-10-01 03:16:11,616 basehttp 21548 14312 "GET /api/parking-status/ HTTP/1.1" 200 82
INFO 2025-10-01 03:16:16,611 basehttp 21548 14312 "GET /api/parking-status/ HTTP/1.1" 200 82
INFO 2025-10-01 03:16:21,611 basehttp 21548 14312 "GET /api/parking-status/ HTTP/1.1" 200 82
INFO 2025-10-01 03:16:26,611 basehttp 21548 14312 "GET /api/parking-status/ HTTP/1.1" 200 82
INFO 2025-10-01 03:16:31,611 basehttp 21548 14312 "GET /api/parking-status/ HTTP/1.1" 200 82
INFO 2025-10-01 03:16:37,432 basehttp 21548 14312 "GET /api/parking-status/ HTTP/1.1" 200 82
INFO 2025-10-01 03:16:42,611 autoreload 14324 26956 Watching for file changes with StatReloader
INFO 2025-10-01 03:16:42,954 basehttp 14324 476 "GET /api/parking-status/ HTTP/1.1" 200 82
INFO 2025-10-01 03:16:44,685 basehttp 14324 476 "GET /realtime/ HTTP/1.1" 200 28901
INFO 2025-10-01 03:16:44,703 basehttp 14324 476 "GET /static/css/dashboard.css HTTP/1.1" 304 0
INFO 2025-10-01 03:16:44,721 basehttp 14324 476 "GET /api/parking-status/ HTTP/1.1" 200 82
INFO 2025-10-01 03:16:45,437 basehttp 14324 476 "GET /realtime/ HTTP/1.1" 200 28901
INFO 2025-10-01 03:16:45,468 basehttp 14324 476 "GET /api/parking-status/ HTTP/1.1" 200 82
INFO 2025-10-01 03:16:48,424 basehttp 14324 476 "GET /analytics/ HTTP/1.1" 200 44979
INFO 2025-10-01 03:16:50,984 basehttp 14324 476 "GET / HTTP/1.1" 200 49930
INFO 2025-10-01 03:16:51,008 basehttp 14324 476 "GET /static/css/dashboard.css HTTP/1.1" 304 0
INFO 2025-10-01 03:17:34,348 basehttp 14324 476 "GET / HTTP/1.1" 200 49930
INFO 2025-10-01 03:17:34,428 basehttp 14324 476 "GET /static/css/dashboard.css HTTP/1.1" 200 37657
INFO 2025-10-01 03:18:06,572 basehttp 14324 476 "GET /analytics/ HTTP/1.1" 200 44979
INFO 2025-10-01 03:18:06,596 basehttp 14324 27176 "GET /static/css/modern-theme.css HTTP/1.1" 304 0
INFO 2025-10-01 03:18:06,608 basehttp 14324 476 "GET /static/css/dashboard.css HTTP/1.1" 200 37657
INFO 2025-10-01 03:18:08,548 basehttp 14324 476 "GET / HTTP/1.1" 200 49930
INFO 2025-10-01 03:18:08,577 basehttp 14324 476 "GET /static/css/dashboard.css HTTP/1.1" 304 0
INFO 2025-10-01 03:19:02,439 basehttp 14324 476 "GET / HTTP/1.1" 200 49930
INFO 2025-10-01 03:19:02,468 basehttp 14324 476 "GET /static/css/dashboard.css HTTP/1.1" 200 38060
INFO 2025-10-01 03:19:03,732 basehttp 14324 476 "GET / HTTP/1.1" 200 49930
INFO 2025-10-01 03:19:04,184 basehttp 14324 476 "GET / HTTP/1.1" 200 49930
INFO 2025-10-01 03:20:31,183 basehttp 14324 476 "GET / HTTP/1.1" 200 49930
INFO 2025-10-01 03:20:31,222 basehttp 14324 476 "GET /static/css/dashboard.css HTTP/1.1" 200 37657
INFO 2025-10-01 03:20:31,987 basehttp 14324 476 "GET / HTTP/1.1" 200 49930
INFO 2025-10-01 03:20:32,239 basehttp 14324 476 "GET / HTTP/1.1" 200 49930
INFO 2025-10-01 03:20:40,342 basehttp 14324 476 "GET /analytics/ HTTP/1.1" 200 44979
INFO 2025-10-01 03:20:40,375 basehttp 14324 476 "GET /static/css/dashboard.css HTTP/1.1" 304 0
INFO 2025-10-01 03:21:14,175 basehttp 14324 476 "GET / HTTP/1.1" 200 49930
INFO 2025-10-01 03:21:14,208 basehttp 14324 27176 "GET /static/js/dashboard.js HTTP/1.1" 304 0
INFO 2025-10-01 03:21:14,208 basehttp 14324 476 "GET /static/css/dashboard.css HTTP/1.1" 304 0
INFO 2025-10-01 03:21:16,304 basehttp 14324 476 "GET /analytics/ HTTP/1.1" 200 44979
INFO 2025-10-01 03:21:18,296 basehttp 14324 476 "GET /realtime/ HTTP/1.1" 200 28901
INFO 2025-10-01 03:21:18,324 basehttp 14324 476 "GET /api/parking-status/ HTTP/1.1" 200 82
INFO 2025-10-01 03:21:21,845 basehttp 14324 476 "GET / HTTP/1.1" 200 49930
INFO 2025-10-01 03:22:27,092 basehttp 14324 476 "GET / HTTP/1.1" 200 49930
INFO 2025-10-01 03:22:27,133 basehttp 14324 476 "GET /static/css/dashboard.css HTTP/1.1" 200 37452
INFO 2025-10-01 03:22:27,888 basehttp 14324 476 "GET / HTTP/1.1" 200 49930
INFO 2025-10-01 03:22:28,118 basehttp 14324 476 "GET / HTTP/1.1" 200 49930
INFO 2025-10-01 03:22:30,523 basehttp 14324 476 "GET / HTTP/1.1" 200 49930
INFO 2025-10-01 03:22:30,546 basehttp 14324 476 "GET /static/css/dashboard.css HTTP/1.1" 304 0
INFO 2025-10-01 03:22:30,899 basehttp 14324 476 "GET / HTTP/1.1" 200 49930
INFO 2025-10-01 03:22:31,262 basehttp 14324 476 "GET / HTTP/1.1" 200 49930
INFO 2025-10-01 03:22:32,050 basehttp 14324 476 "GET / HTTP/1.1" 200 49930
INFO 2025-10-01 03:22:32,433 basehttp 14324 476 "GET / HTTP/1.1" 200 49930
INFO 2025-10-01 03:22:32,454 basehttp 14324 476 "GET /static/css/dashboard.css HTTP/1.1" 304 0
INFO 2025-10-01 03:22:32,632 basehttp 14324 476 "GET / HTTP/1.1" 200 49930
INFO 2025-10-01 03:22:38,414 autoreload 21156 9652 Watching for file changes with StatReloader
INFO 2025-10-01 03:22:41,144 basehttp 21156 6824 "GET / HTTP/1.1" 200 49930
INFO 2025-10-01 03:22:41,200 basehttp 21156 6824 "GET /static/css/dashboard.css HTTP/1.1" 304 0
INFO 2025-10-01 03:22:56,589 basehttp 21156 6824 "GET / HTTP/1.1" 200 49930
INFO 2025-10-01 03:22:56,619 basehttp 21156 4704 "GET /static/css/modern-theme.css HTTP/1.1" 304 0
INFO 2025-10-01 03:22:56,678 basehttp 21156 6824 "GET /static/css/dashboard.css HTTP/1.1" 200 37657
INFO 2025-10-01 03:23:47,754 basehttp 21156 6824 "GET /realtime/ HTTP/1.1" 200 28901
INFO 2025-10-01 03:23:47,777 basehttp 21156 6824 "GET /static/css/dashboard.css HTTP/1.1" 304 0
INFO 2025-10-01 03:23:47,787 basehttp 21156 6824 "GET /api/parking-status/ HTTP/1.1" 200 82
INFO 2025-10-01 03:23:48,633 basehttp 21156 6824 "GET /analytics/ HTTP/1.1" 200 44979
INFO 2025-10-01 03:24:19,507 basehttp 21156 6824 "GET / HTTP/1.1" 200 49930
INFO 2025-10-01 03:24:19,543 basehttp 21156 6824 "GET /static/css/dashboard.css HTTP/1.1" 304 0
INFO 2025-10-01 03:24:57,811 basehttp 21156 6824 "GET / HTTP/1.1" 200 49930
INFO 2025-10-01 03:24:57,842 basehttp 21156 6824 "GET /static/css/dashboard.css HTTP/1.1" 200 37659
INFO 2025-10-01 03:24:58,672 basehttp 21156 6824 "GET / HTTP/1.1" 200 49930
INFO 2025-10-01 03:25:01,490 basehttp 21156 6824 "GET /analytics/ HTTP/1.1" 200 44979
INFO 2025-10-01 03:25:01,514 basehttp 21156 6824 "GET /static/css/dashboard.css HTTP/1.1" 304 0
INFO 2025-10-01 03:25:12,351 basehttp 21156 6824 "GET / HTTP/1.1" 200 49930
INFO 2025-10-01 03:25:12,384 basehttp 21156 6824 "GET /static/css/dashboard.css HTTP/1.1" 304 0
INFO 2025-10-01 03:25:33,063 basehttp 21156 6824 "GET / HTTP/1.1" 200 49930
INFO 2025-10-01 03:25:33,083 basehttp 21156 6824 "GET /static/css/dashboard.css HTTP/1.1" 304 0
INFO 2025-10-01 03:25:33,092 basehttp 21156 6824 "GET /static/img/car.png HTTP/1.1" 304 0
INFO 2025-10-01 03:26:04,694 basehttp 21156 6824 "GET /realtime/ HTTP/1.1" 200 28901
INFO 2025-10-01 03:26:04,721 basehttp 21156 6824 "GET /static/css/dashboard.css HTTP/1.1" 304 0
INFO 2025-10-01 03:26:04,738 basehttp 21156 6824 "GET /api/parking-status/ HTTP/1.1" 200 82
INFO 2025-10-01 03:26:05,839 basehttp 21156 6824 "GET /analytics/ HTTP/1.1" 200 61834
INFO 2025-10-01 03:26:14,837 basehttp 21156 6824 "GET /realtime/ HTTP/1.1" 200 28901
INFO 2025-10-01 03:26:14,878 basehttp 21156 6824 "GET /static/css/dashboard.css HTTP/1.1" 304 0
INFO 2025-10-01 03:26:14,905 basehttp 21156 6824 "GET /api/parking-status/ HTTP/1.1" 200 82
INFO 2025-10-01 03:26:19,923 basehttp 21156 6824 "GET /api/parking-status/ HTTP/1.1" 200 82
INFO 2025-10-01 03:26:20,755 basehttp 21156 6824 "GET /analytics/ HTTP/1.1" 200 61867
INFO 2025-10-01 03:26:22,293 basehttp 21156 6824 "GET /realtime/ HTTP/1.1" 200 28901
INFO 2025-10-01 03:26:22,325 basehttp 21156 6824 "GET /api/parking-status/ HTTP/1.1" 200 82
INFO 2025-10-01 03:26:22,614 basehttp 21156 6824 "GET /analytics/ HTTP/1.1" 200 61867
INFO 2025-10-01 03:26:50,926 basehttp 21156 6824 "GET /static/css/dashboard.css HTTP/1.1" 304 0
WARNING 2025-10-01 03:26:50,945 log 21156 6824 Not Found: /.well-known/appspecific/com.chrome.devtools.json
WARNING 2025-10-01 03:26:50,945 basehttp 21156 6824 "GET /.well-known/appspecific/com.chrome.devtools.json HTTP/1.1" 404 4096
INFO 2025-10-01 03:27:32,773 basehttp 21156 6824 "GET /analytics/ HTTP/1.1" 200 63026
INFO 2025-10-01 03:27:32,798 basehttp 21156 6824 "GET /static/css/dashboard.css HTTP/1.1" 304 0
INFO 2025-10-01 03:29:16,611 basehttp 21156 6824 "GET /analytics/ HTTP/1.1" 200 66435
INFO 2025-10-01 03:29:16,652 basehttp 21156 6824 "GET /static/css/dashboard.css HTTP/1.1" 200 37659
INFO 2025-10-01 03:29:26,875 basehttp 21156 6824 "GET / HTTP/1.1" 200 49930
INFO 2025-10-01 03:29:26,903 basehttp 21156 6824 "GET /static/css/dashboard.css HTTP/1.1" 304 0
INFO 2025-10-01 03:29:26,903 basehttp 21156 20836 "GET /static/css/modern-theme.css HTTP/1.1" 304 0
INFO 2025-10-01 03:29:29,136 basehttp 21156 20836 "GET / HTTP/1.1" 200 49930
INFO 2025-10-01 03:29:30,166 basehttp 21156 20836 "GET /analytics/ HTTP/1.1" 200 66435
INFO 2025-10-01 03:29:30,728 basehttp 21156 20836 "GET /realtime/ HTTP/1.1" 200 28901
INFO 2025-10-01 03:29:30,757 basehttp 21156 20836 "GET /api/parking-status/ HTTP/1.1" 200 82
INFO 2025-10-01 03:29:31,469 basehttp 21156 20836 "GET /analytics/ HTTP/1.1" 200 66435
INFO 2025-10-01 03:32:13,285 basehttp 21156 20836 "GET / HTTP/1.1" 200 70438
INFO 2025-10-01 03:32:13,311 basehttp 21156 20836 "GET /static/css/dashboard.css HTTP/1.1" 304 0
INFO 2025-10-01 03:32:16,343 basehttp 21156 20836 "GET / HTTP/1.1" 200 70438
INFO 2025-10-01 03:32:57,508 basehttp 21156 20836 "GET /analytics/ HTTP/1.1" 200 66435
INFO 2025-10-01 03:32:57,537 basehttp 21156 20836 "GET /static/css/dashboard.css HTTP/1.1" 304 0
INFO 2025-10-01 03:33:02,876 basehttp 21156 20836 "GET /realtime/ HTTP/1.1" 200 49409
INFO 2025-10-01 03:33:02,907 basehttp 21156 20836 "GET /api/parking-status/ HTTP/1.1" 200 82
INFO 2025-10-01 03:33:07,923 basehttp 21156 20836 "GET /api/parking-status/ HTTP/1.1" 200 82
INFO 2025-10-01 03:33:12,923 basehttp 21156 20836 "GET /api/parking-status/ HTTP/1.1" 200 82
INFO 2025-10-01 03:33:15,022 basehttp 21156 20836 "GET / HTTP/1.1" 200 69226
INFO 2025-10-01 03:33:44,802 basehttp 21156 20836 "GET / HTTP/1.1" 200 69226
INFO 2025-10-01 03:33:44,825 basehttp 21156 6824 "GET /static/js/dashboard.js HTTP/1.1" 304 0
INFO 2025-10-01 03:33:44,840 basehttp 21156 20836 "GET /static/css/dashboard.css HTTP/1.1" 200 37632
INFO 2025-10-01 03:33:53,501 basehttp 21156 20836 "GET /realtime/ HTTP/1.1" 200 48197
INFO 2025-10-01 03:33:53,532 basehttp 21156 20836 "GET /static/css/dashboard.css HTTP/1.1" 304 0
INFO 2025-10-01 03:33:53,556 basehttp 21156 20836 "GET /api/parking-status/ HTTP/1.1" 200 82
INFO 2025-10-01 03:33:55,523 basehttp 21156 20836 "GET /analytics/ HTTP/1.1" 200 65223
INFO 2025-10-01 03:34:06,110 basehttp 21156 20836 "GET /realtime/ HTTP/1.1" 200 48197
INFO 2025-10-01 03:34:06,145 basehttp 21156 20836 "GET /static/css/dashboard.css HTTP/1.1" 304 0
INFO 2025-10-01 03:34:06,165 basehttp 21156 20836 "GET /api/parking-status/ HTTP/1.1" 200 82
INFO 2025-10-01 03:34:07,042 basehttp 21156 20836 "GET /analytics/ HTTP/1.1" 200 65223
INFO 2025-10-01 03:34:07,525 basehttp 21156 20836 "GET / HTTP/1.1" 200 69226
INFO 2025-10-01 03:35:06,793 basehttp 21156 20836 "GET /realtime/ HTTP/1.1" 200 48197
INFO 2025-10-01 03:35:06,836 basehttp 21156 20836 "GET /static/css/dashboard.css HTTP/1.1" 200 37632
INFO 2025-10-01 03:35:06,856 basehttp 21156 20836 "GET /api/parking-status/ HTTP/1.1" 200 82
INFO 2025-10-01 03:35:07,462 basehttp 21156 20836 "GET /analytics/ HTTP/1.1" 200 65223
INFO 2025-10-01 03:36:36,912 basehttp 21156 15612 "GET / HTTP/1.1" 200 72115
INFO 2025-10-01 03:36:36,941 basehttp 21156 15612 "GET /static/css/dashboard.css HTTP/1.1" 304 0
INFO 2025-10-01 03:36:47,930 basehttp 21156 15612 "GET /analytics/ HTTP/1.1" 200 68112
INFO 2025-10-01 03:37:45,991 basehttp 21156 15612 "GET / HTTP/1.1" 200 72187
INFO 2025-10-01 03:37:46,015 basehttp 21156 15612 "GET /static/css/dashboard.css HTTP/1.1" 304 0
INFO 2025-10-01 03:38:11,332 basehttp 21156 15612 "GET / HTTP/1.1" 200 72187
INFO 2025-10-01 03:38:11,352 basehttp 21156 15612 "GET /static/css/dashboard.css HTTP/1.1" 304 0
INFO 2025-10-01 03:38:13,369 basehttp 21156 15612 "GET / HTTP/1.1" 200 72187
INFO 2025-10-01 03:38:15,775 basehttp 21156 15612 "GET /analytics/ HTTP/1.1" 200 68184
INFO 2025-10-01 03:39:28,817 basehttp 21156 15612 "GET / HTTP/1.1" 200 72187
INFO 2025-10-01 03:39:28,843 basehttp 21156 15612 "GET /static/css/dashboard.css HTTP/1.1" 304 0
INFO 2025-10-01 03:40:28,573 basehttp 21156 15612 "GET / HTTP/1.1" 200 72187
INFO 2025-10-01 03:40:28,595 basehttp 21156 15612 "GET /static/css/dashboard.css HTTP/1.1" 304 0
INFO 2025-10-01 03:40:30,308 basehttp 21156 15612 "GET /analytics/ HTTP/1.1" 200 68184
INFO 2025-10-01 03:40:31,740 basehttp 21156 15612 "GET / HTTP/1.1" 200 72187
INFO 2025-10-01 03:40:33,314 basehttp 21156 15612 "GET /analytics/ HTTP/1.1" 200 68184
INFO 2025-10-01 03:40:34,295 basehttp 21156 15612 "GET /analytics/ HTTP/1.1" 200 68184
INFO 2025-10-01 03:40:35,239 basehttp 21156 15612 "GET /realtime/ HTTP/1.1" 200 51158
INFO 2025-10-01 03:40:35,272 basehttp 21156 15612 "GET /api/parking-status/ HTTP/1.1" 200 82
INFO 2025-10-01 03:40:40,291 basehttp 21156 15612 "GET /api/parking-status/ HTTP/1.1" 200 82
INFO 2025-10-01 03:40:45,290 basehttp 21156 15612 "GET /api/parking-status/ HTTP/1.1" 200 82
INFO 2025-10-01 03:40:50,293 basehttp 21156 15612 "GET /api/parking-status/ HTTP/1.1" 200 82
INFO 2025-10-01 03:40:55,434 basehttp 21156 15612 "GET /api/parking-status/ HTTP/1.1" 200 82
INFO 2025-10-01 03:41:00,441 basehttp 21156 15612 "GET /api/parking-status/ HTTP/1.1" 200 82
INFO 2025-10-01 03:41:05,290 basehttp 21156 15612 "GET /api/parking-status/ HTTP/1.1" 200 82
INFO 2025-10-01 03:41:08,339 basehttp 21156 15612 "GET /analytics/ HTTP/1.1" 200 68184
INFO 2025-10-01 03:41:08,366 basehttp 21156 15612 "GET /static/css/dashboard.css HTTP/1.1" 304 0
INFO 2025-10-01 03:41:09,654 basehttp 21156 15612 "GET / HTTP/1.1" 200 72187
INFO 2025-10-01 03:41:40,943 autoreload 5752 22336 Watching for file changes with StatReloader
INFO 2025-10-01 03:42:55,155 basehttp 5752 23256 "GET / HTTP/1.1" 200 72187
INFO 2025-10-01 03:42:55,233 basehttp 5752 23256 "GET /static/css/dashboard.css HTTP/1.1" 200 37632
INFO 2025-10-01 03:43:05,190 basehttp 5752 23256 "GET /analytics/ HTTP/1.1" 200 68184
INFO 2025-10-01 03:43:05,219 basehttp 5752 23256 "GET /static/css/dashboard.css HTTP/1.1" 304 0
INFO 2025-10-01 03:43:06,408 basehttp 5752 23256 "GET /realtime/ HTTP/1.1" 200 51158
INFO 2025-10-01 03:43:06,441 basehttp 5752 23256 "GET /api/parking-status/ HTTP/1.1" 200 82
INFO 2025-10-01 03:43:09,990 basehttp 5752 23256 "GET /analytics/ HTTP/1.1" 200 68184
INFO 2025-10-01 03:43:10,016 basehttp 5752 23256 "GET /static/css/dashboard.css HTTP/1.1" 304 0
INFO 2025-10-01 03:43:17,254 basehttp 5752 23256 "GET /realtime/ HTTP/1.1" 200 51158
INFO 2025-10-01 03:43:17,282 basehttp 5752 23256 "GET /static/css/dashboard.css HTTP/1.1" 304 0
INFO 2025-10-01 03:43:17,303 basehttp 5752 23256 "GET /api/parking-status/ HTTP/1.1" 200 82
INFO 2025-10-01 03:43:22,322 basehttp 5752 23256 "GET /api/parking-status/ HTTP/1.1" 200 82
INFO 2025-10-01 03:43:24,073 basehttp 5752 23256 "GET / HTTP/1.1" 200 72187
INFO 2025-10-01 03:43:24,102 basehttp 5752 23256 "GET /static/css/dashboard.css HTTP/1.1" 304 0
INFO 2025-10-01 03:43:24,125 basehttp 5752 23256 "GET /static/img/car.png HTTP/1.1" 304 0
INFO 2025-10-01 03:43:28,592 basehttp 5752 23256 "GET /admin/logout/ HTTP/1.1" 302 0
INFO 2025-10-01 03:43:28,606 basehttp 5752 23256 "GET /admin/ HTTP/1.1" 302 0
INFO 2025-10-01 03:43:28,795 basehttp 5752 23256 "GET /admin/login/?next=/admin/ HTTP/1.1" 200 4200
INFO 2025-10-01 03:43:28,844 basehttp 5752 23256 "GET /static/admin/css/base.css HTTP/1.1" 200 21207
INFO 2025-10-01 03:43:28,849 basehttp 5752 9136 "GET /static/admin/css/nav_sidebar.css HTTP/1.1" 200 2694
INFO 2025-10-01 03:43:28,849 basehttp 5752 7608 "GET /static/admin/css/login.css HTTP/1.1" 200 958
INFO 2025-10-01 03:43:28,850 basehttp 5752 25496 "GET /static/admin/css/dark_mode.css HTTP/1.1" 200 2929
INFO 2025-10-01 03:43:28,851 basehttp 5752 10244 "GET /static/admin/css/responsive.css HTTP/1.1" 200 18533
INFO 2025-10-01 03:43:28,866 basehttp 5752 17188 "GET /static/admin/js/theme.js HTTP/1.1" 200 1943
INFO 2025-10-01 03:43:28,878 basehttp 5752 23256 "GET /static/admin/js/nav_sidebar.js HTTP/1.1" 200 3063
INFO 2025-10-01 03:45:14,710 basehttp 5752 23256 "GET / HTTP/1.1" 200 72187
INFO 2025-10-01 03:45:14,755 basehttp 5752 23256 "GET /static/css/dashboard.css HTTP/1.1" 200 37632
INFO 2025-10-01 03:45:15,487 basehttp 5752 23256 "GET / HTTP/1.1" 200 72187
INFO 2025-10-01 03:45:15,995 basehttp 5752 23256 "GET / HTTP/1.1" 200 72187
INFO 2025-10-01 03:45:16,525 basehttp 5752 23256 "GET / HTTP/1.1" 200 72187
INFO 2025-10-01 03:45:17,051 basehttp 5752 23256 "GET / HTTP/1.1" 200 72187
INFO 2025-10-01 03:45:17,532 basehttp 5752 23256 "GET / HTTP/1.1" 200 72187
INFO 2025-10-01 03:45:50,379 basehttp 5752 23256 "GET / HTTP/1.1" 200 71719
INFO 2025-10-01 03:45:50,407 basehttp 5752 23256 "GET /static/css/dashboard.css HTTP/1.1" 304 0
INFO 2025-10-01 03:46:48,961 basehttp 5752 23256 "GET /analytics/ HTTP/1.1" 200 67716
INFO 2025-10-01 03:46:48,986 basehttp 5752 23256 "GET /static/css/dashboard.css HTTP/1.1" 304 0
INFO 2025-10-01 03:46:49,515 basehttp 5752 23256 "GET /realtime/ HTTP/1.1" 200 50690
INFO 2025-10-01 03:46:49,552 basehttp 5752 23256 "GET /api/parking-status/ HTTP/1.1" 200 82
INFO 2025-10-01 03:46:51,764 basehttp 5752 23256 "GET / HTTP/1.1" 200 71719
INFO 2025-10-01 03:48:10,449 basehttp 5752 23256 "GET / HTTP/1.1" 200 71817
INFO 2025-10-01 03:48:10,469 basehttp 5752 23256 "GET /static/css/dashboard.css HTTP/1.1" 304 0
INFO 2025-10-01 03:48:10,469 basehttp 5752 17188 "GET /static/js/dashboard.js HTTP/1.1" 304 0
INFO 2025-10-01 03:48:14,303 basehttp 5752 23256 "GET /analytics/ HTTP/1.1" 200 67814
INFO 2025-10-01 03:48:15,209 basehttp 5752 23256 "GET /realtime/ HTTP/1.1" 200 50788
INFO 2025-10-01 03:48:15,246 basehttp 5752 23256 "GET /api/parking-status/ HTTP/1.1" 200 82
INFO 2025-10-01 03:48:16,707 basehttp 5752 23256 "GET / HTTP/1.1" 200 71817
INFO 2025-10-01 03:48:24,633 basehttp 5752 23256 "GET /analytics/ HTTP/1.1" 200 67814
INFO 2025-10-01 03:48:25,098 basehttp 5752 23256 "GET /realtime/ HTTP/1.1" 200 50788
INFO 2025-10-01 03:48:25,134 basehttp 5752 23256 "GET /api/parking-status/ HTTP/1.1" 200 82
INFO 2025-10-01 03:48:25,914 basehttp 5752 23256 "GET /analytics/ HTTP/1.1" 200 67814
INFO 2025-10-01 03:51:22,165 basehttp 5752 23256 "GET / HTTP/1.1" 200 71817
INFO 2025-10-01 03:51:22,196 basehttp 5752 23256 "GET /static/css/dashboard.css HTTP/1.1" 304 0
INFO 2025-10-01 03:51:45,597 basehttp 5752 23256 "GET / HTTP/1.1" 200 71830
INFO 2025-10-01 03:51:50,529 basehttp 5752 23256 "GET / HTTP/1.1" 200 71830
INFO 2025-10-01 03:52:31,195 autoreload 19276 18492 Watching for file changes with StatReloader
INFO 2025-10-01 03:54:10,428 basehttp 19276 19332 "GET / HTTP/1.1" 200 71895
INFO 2025-10-01 03:54:10,461 basehttp 19276 19332 "GET /static/css/dashboard.css HTTP/1.1" 304 0
INFO 2025-10-01 03:54:10,512 basehttp 19276 2832 "GET /static/css/unified-theme.css HTTP/1.1" 200 14538
INFO 2025-10-01 03:54:16,906 basehttp 19276 2832 "GET /analytics/ HTTP/1.1" 200 67975
INFO 2025-10-01 03:54:23,408 basehttp 19276 2832 "GET /realtime/ HTTP/1.1" 200 50866
INFO 2025-10-01 03:54:23,447 basehttp 19276 2832 "GET /api/parking-status/ HTTP/1.1" 200 82
INFO 2025-10-01 03:54:28,469 basehttp 19276 2832 "GET /api/parking-status/ HTTP/1.1" 200 82
INFO 2025-10-01 03:54:31,951 basehttp 19276 2832 "GET / HTTP/1.1" 200 71895
INFO 2025-10-01 03:54:31,984 basehttp 19276 2832 "GET /static/css/unified-theme.css HTTP/1.1" 304 0
INFO 2025-10-01 03:54:36,864 basehttp 19276 2832 "GET / HTTP/1.1" 200 71895
INFO 2025-10-01 03:54:38,738 basehttp 19276 2832 "GET /api/parking-status/ HTTP/1.1" 200 82
INFO 2025-10-01 03:54:48,831 basehttp 19276 2832 "GET /analytics/ HTTP/1.1" 200 67975
INFO 2025-10-01 03:54:49,555 basehttp 19276 2832 "GET /realtime/ HTTP/1.1" 200 50866
INFO 2025-10-01 03:54:49,586 basehttp 19276 2832 "GET /api/parking-status/ HTTP/1.1" 200 82
INFO 2025-10-01 03:54:50,376 basehttp 19276 2832 "GET / HTTP/1.1" 200 71895
INFO 2025-10-01 03:54:51,192 basehttp 19276 2832 "GET /analytics/ HTTP/1.1" 200 67975
INFO 2025-10-01 03:54:51,221 basehttp 19276 2832 "GET /static/css/unified-theme.css HTTP/1.1" 304 0
INFO 2025-10-01 03:55:07,973 basehttp 19276 2832 "GET / HTTP/1.1" 200 71895
INFO 2025-10-01 03:55:26,384 basehttp 19276 2832 "GET / HTTP/1.1" 200 71817
INFO 2025-10-01 03:55:26,408 basehttp 19276 2832 "GET /static/css/dashboard.css HTTP/1.1" 304 0
INFO 2025-10-01 03:55:27,459 basehttp 19276 2832 "GET /analytics/ HTTP/1.1" 200 67814
INFO 2025-10-01 03:55:28,734 basehttp 19276 2832 "GET / HTTP/1.1" 200 71817
INFO 2025-10-01 03:55:44,297 basehttp 19276 2832 "GET /realtime/ HTTP/1.1" 200 50788
INFO 2025-10-01 03:55:44,332 basehttp 19276 2832 "GET /api/parking-status/ HTTP/1.1" 200 82
INFO 2025-10-01 03:55:45,100 basehttp 19276 2832 "GET /analytics/ HTTP/1.1" 200 67814
INFO 2025-10-01 03:56:41,540 basehttp 19276 2832 "GET / HTTP/1.1" 200 71817
INFO 2025-10-01 03:56:41,569 basehttp 19276 2832 "GET /static/css/dashboard.css HTTP/1.1" 304 0
INFO 2025-10-01 03:58:29,097 basehttp 19276 2832 "GET / HTTP/1.1" 200 71817
INFO 2025-10-01 03:58:29,116 basehttp 19276 2832 "GET /static/css/dashboard.css HTTP/1.1" 304 0
INFO 2025-10-01 03:58:31,176 basehttp 19276 2832 "GET /analytics/ HTTP/1.1" 200 69965
INFO 2025-10-01 03:58:41,994 basehttp 19276 2832 "GET /analytics/ HTTP/1.1" 200 70048
INFO 2025-10-01 03:58:42,577 basehttp 19276 2832 "GET /analytics/ HTTP/1.1" 200 70048
INFO 2025-10-01 03:58:54,379 basehttp 19276 2832 "GET /realtime/ HTTP/1.1" 200 50788
INFO 2025-10-01 03:58:54,419 basehttp 19276 2832 "GET /api/parking-status/ HTTP/1.1" 200 82
INFO 2025-10-01 03:59:00,707 basehttp 19276 2832 "GET /api/parking-status/ HTTP/1.1" 200 82
INFO 2025-10-01 03:59:04,431 basehttp 19276 2832 "GET /api/parking-status/ HTTP/1.1" 200 82
INFO 2025-10-01 03:59:06,011 basehttp 19276 2832 "GET / HTTP/1.1" 200 71817
INFO 2025-10-01 03:59:06,572 basehttp 19276 2832 "GET /analytics/ HTTP/1.1" 200 70161
INFO 2025-10-01 03:59:08,331 basehttp 19276 2832 "GET /analytics/ HTTP/1.1" 200 70161
INFO 2025-10-01 03:59:25,302 autoreload 15772 10036 Watching for file changes with StatReloader
INFO 2025-10-01 03:59:29,166 basehttp 15772 24736 "GET /analytics/ HTTP/1.1" 200 69141
INFO 2025-10-01 03:59:33,694 basehttp 15772 24736 "GET / HTTP/1.1" 200 71817
INFO 2025-10-01 03:59:40,503 basehttp 15772 24736 "GET / HTTP/1.1" 200 71817
INFO 2025-10-01 03:59:43,982 basehttp 15772 24736 "GET / HTTP/1.1" 200 71817
INFO 2025-10-01 03:59:53,049 basehttp 15772 24736 "GET /analytics/ HTTP/1.1" 200 68812
INFO 2025-10-01 03:59:54,254 basehttp 15772 24736 "GET / HTTP/1.1" 200 71817
INFO 2025-10-01 03:59:54,731 basehttp 15772 24736 "GET /analytics/ HTTP/1.1" 200 68812
INFO 2025-10-01 04:00:02,948 basehttp 15772 24736 "GET /analytics/ HTTP/1.1" 200 66406
INFO 2025-10-01 04:00:02,977 basehttp 15772 24736 "GET /static/css/dashboard.css HTTP/1.1" 304 0
INFO 2025-10-01 04:00:12,255 basehttp 15772 24736 "GET /api/parking-status/ HTTP/1.1" 200 82
INFO 2025-10-01 04:00:32,050 basehttp 15772 24736 "GET /analytics/ HTTP/1.1" 200 66345
ERROR 2025-10-01 04:01:04,350 log 15772 24736 Internal Server Error: /analytics/
Traceback (most recent call last):
  File "C:\Users\athar\OneDrive\Desktop\TY - Sem 1\EDI\venv\Lib\site-packages\django\template\base.py", line 505, in parse
    compile_func = self.tags[command]
                   ~~~~~~~~~^^^^^^^^^
KeyError: 'endblock'

During handling of the above exception, another exception occurred:

Traceback (most recent call last):
  File "C:\Users\athar\OneDrive\Desktop\TY - Sem 1\EDI\venv\Lib\site-packages\django\core\handlers\exception.py", line 55, in inner
    response = get_response(request)
               ^^^^^^^^^^^^^^^^^^^^^
  File "C:\Users\athar\OneDrive\Desktop\TY - Sem 1\EDI\venv\Lib\site-packages\django\core\handlers\base.py", line 197, in _get_response
    response = wrapped_callback(request, *callback_args, **callback_kwargs)
               ^^^^^^^^^^^^^^^^^^^^^^^^^^^^^^^^^^^^^^^^^^^^^^^^^^^^^^^^^^^^
  File "C:\Users\athar\OneDrive\Desktop\TY - Sem 1\EDI\parking-system\dashboard\parking_app\views.py", line 69, in analytics_view
    return render(request, 'dashboard/analytics.html', context)
           ^^^^^^^^^^^^^^^^^^^^^^^^^^^^^^^^^^^^^^^^^^^^^^^^^^^^
  File "C:\Users\athar\OneDrive\Desktop\TY - Sem 1\EDI\venv\Lib\site-packages\django\shortcuts.py", line 24, in render
    content = loader.render_to_string(template_name, context, request, using=using)
              ^^^^^^^^^^^^^^^^^^^^^^^^^^^^^^^^^^^^^^^^^^^^^^^^^^^^^^^^^^^^^^^^^^^^^
  File "C:\Users\athar\OneDrive\Desktop\TY - Sem 1\EDI\venv\Lib\site-packages\django\template\loader.py", line 61, in render_to_string
    template = get_template(template_name, using=using)
               ^^^^^^^^^^^^^^^^^^^^^^^^^^^^^^^^^^^^^^^^
  File "C:\Users\athar\OneDrive\Desktop\TY - Sem 1\EDI\venv\Lib\site-packages\django\template\loader.py", line 15, in get_template
    return engine.get_template(template_name)
           ^^^^^^^^^^^^^^^^^^^^^^^^^^^^^^^^^^
  File "C:\Users\athar\OneDrive\Desktop\TY - Sem 1\EDI\venv\Lib\site-packages\django\template\backends\django.py", line 33, in get_template
    return Template(self.engine.get_template(template_name), self)
                    ^^^^^^^^^^^^^^^^^^^^^^^^^^^^^^^^^^^^^^^
  File "C:\Users\athar\OneDrive\Desktop\TY - Sem 1\EDI\venv\Lib\site-packages\django\template\engine.py", line 175, in get_template
    template, origin = self.find_template(template_name)
                       ^^^^^^^^^^^^^^^^^^^^^^^^^^^^^^^^^
  File "C:\Users\athar\OneDrive\Desktop\TY - Sem 1\EDI\venv\Lib\site-packages\django\template\engine.py", line 157, in find_template
    template = loader.get_template(name, skip=skip)
               ^^^^^^^^^^^^^^^^^^^^^^^^^^^^^^^^^^^^
  File "C:\Users\athar\OneDrive\Desktop\TY - Sem 1\EDI\venv\Lib\site-packages\django\template\loaders\cached.py", line 57, in get_template
    template = super().get_template(template_name, skip)
               ^^^^^^^^^^^^^^^^^^^^^^^^^^^^^^^^^^^^^^^^^
  File "C:\Users\athar\OneDrive\Desktop\TY - Sem 1\EDI\venv\Lib\site-packages\django\template\loaders\base.py", line 28, in get_template
    return Template(
           ^^^^^^^^^
  File "C:\Users\athar\OneDrive\Desktop\TY - Sem 1\EDI\venv\Lib\site-packages\django\template\base.py", line 154, in __init__
    self.nodelist = self.compile_nodelist()
                    ^^^^^^^^^^^^^^^^^^^^^^^
  File "C:\Users\athar\OneDrive\Desktop\TY - Sem 1\EDI\venv\Lib\site-packages\django\template\base.py", line 200, in compile_nodelist
    return parser.parse()
           ^^^^^^^^^^^^^^
  File "C:\Users\athar\OneDrive\Desktop\TY - Sem 1\EDI\venv\Lib\site-packages\django\template\base.py", line 513, in parse
    raise self.error(token, e)
  File "C:\Users\athar\OneDrive\Desktop\TY - Sem 1\EDI\venv\Lib\site-packages\django\template\base.py", line 511, in parse
    compiled_result = compile_func(self, token)
                      ^^^^^^^^^^^^^^^^^^^^^^^^^
  File "C:\Users\athar\OneDrive\Desktop\TY - Sem 1\EDI\venv\Lib\site-packages\django\template\loader_tags.py", line 293, in do_extends
    nodelist = parser.parse()
               ^^^^^^^^^^^^^^
  File "C:\Users\athar\OneDrive\Desktop\TY - Sem 1\EDI\venv\Lib\site-packages\django\template\base.py", line 507, in parse
    self.invalid_block_tag(token, command, parse_until)
  File "C:\Users\athar\OneDrive\Desktop\TY - Sem 1\EDI\venv\Lib\site-packages\django\template\base.py", line 568, in invalid_block_tag
    raise self.error(
django.template.exceptions.TemplateSyntaxError: Invalid block tag on line 685: 'endblock'. Did you forget to register or load this tag?
ERROR 2025-10-01 04:01:04,356 basehttp 15772 24736 "GET /analytics/ HTTP/1.1" 500 170246
ERROR 2025-10-01 04:01:05,101 log 15772 24736 Internal Server Error: /analytics/
Traceback (most recent call last):
  File "C:\Users\athar\OneDrive\Desktop\TY - Sem 1\EDI\venv\Lib\site-packages\django\template\base.py", line 505, in parse
    compile_func = self.tags[command]
                   ~~~~~~~~~^^^^^^^^^
KeyError: 'endblock'

During handling of the above exception, another exception occurred:

Traceback (most recent call last):
  File "C:\Users\athar\OneDrive\Desktop\TY - Sem 1\EDI\venv\Lib\site-packages\django\core\handlers\exception.py", line 55, in inner
    response = get_response(request)
               ^^^^^^^^^^^^^^^^^^^^^
  File "C:\Users\athar\OneDrive\Desktop\TY - Sem 1\EDI\venv\Lib\site-packages\django\core\handlers\base.py", line 197, in _get_response
    response = wrapped_callback(request, *callback_args, **callback_kwargs)
               ^^^^^^^^^^^^^^^^^^^^^^^^^^^^^^^^^^^^^^^^^^^^^^^^^^^^^^^^^^^^
  File "C:\Users\athar\OneDrive\Desktop\TY - Sem 1\EDI\parking-system\dashboard\parking_app\views.py", line 69, in analytics_view
    return render(request, 'dashboard/analytics.html', context)
           ^^^^^^^^^^^^^^^^^^^^^^^^^^^^^^^^^^^^^^^^^^^^^^^^^^^^
  File "C:\Users\athar\OneDrive\Desktop\TY - Sem 1\EDI\venv\Lib\site-packages\django\shortcuts.py", line 24, in render
    content = loader.render_to_string(template_name, context, request, using=using)
              ^^^^^^^^^^^^^^^^^^^^^^^^^^^^^^^^^^^^^^^^^^^^^^^^^^^^^^^^^^^^^^^^^^^^^
  File "C:\Users\athar\OneDrive\Desktop\TY - Sem 1\EDI\venv\Lib\site-packages\django\template\loader.py", line 61, in render_to_string
    template = get_template(template_name, using=using)
               ^^^^^^^^^^^^^^^^^^^^^^^^^^^^^^^^^^^^^^^^
  File "C:\Users\athar\OneDrive\Desktop\TY - Sem 1\EDI\venv\Lib\site-packages\django\template\loader.py", line 15, in get_template
    return engine.get_template(template_name)
           ^^^^^^^^^^^^^^^^^^^^^^^^^^^^^^^^^^
  File "C:\Users\athar\OneDrive\Desktop\TY - Sem 1\EDI\venv\Lib\site-packages\django\template\backends\django.py", line 33, in get_template
    return Template(self.engine.get_template(template_name), self)
                    ^^^^^^^^^^^^^^^^^^^^^^^^^^^^^^^^^^^^^^^
  File "C:\Users\athar\OneDrive\Desktop\TY - Sem 1\EDI\venv\Lib\site-packages\django\template\engine.py", line 175, in get_template
    template, origin = self.find_template(template_name)
                       ^^^^^^^^^^^^^^^^^^^^^^^^^^^^^^^^^
  File "C:\Users\athar\OneDrive\Desktop\TY - Sem 1\EDI\venv\Lib\site-packages\django\template\engine.py", line 157, in find_template
    template = loader.get_template(name, skip=skip)
               ^^^^^^^^^^^^^^^^^^^^^^^^^^^^^^^^^^^^
  File "C:\Users\athar\OneDrive\Desktop\TY - Sem 1\EDI\venv\Lib\site-packages\django\template\loaders\cached.py", line 57, in get_template
    template = super().get_template(template_name, skip)
               ^^^^^^^^^^^^^^^^^^^^^^^^^^^^^^^^^^^^^^^^^
  File "C:\Users\athar\OneDrive\Desktop\TY - Sem 1\EDI\venv\Lib\site-packages\django\template\loaders\base.py", line 28, in get_template
    return Template(
           ^^^^^^^^^
  File "C:\Users\athar\OneDrive\Desktop\TY - Sem 1\EDI\venv\Lib\site-packages\django\template\base.py", line 154, in __init__
    self.nodelist = self.compile_nodelist()
                    ^^^^^^^^^^^^^^^^^^^^^^^
  File "C:\Users\athar\OneDrive\Desktop\TY - Sem 1\EDI\venv\Lib\site-packages\django\template\base.py", line 200, in compile_nodelist
    return parser.parse()
           ^^^^^^^^^^^^^^
  File "C:\Users\athar\OneDrive\Desktop\TY - Sem 1\EDI\venv\Lib\site-packages\django\template\base.py", line 513, in parse
    raise self.error(token, e)
  File "C:\Users\athar\OneDrive\Desktop\TY - Sem 1\EDI\venv\Lib\site-packages\django\template\base.py", line 511, in parse
    compiled_result = compile_func(self, token)
                      ^^^^^^^^^^^^^^^^^^^^^^^^^
  File "C:\Users\athar\OneDrive\Desktop\TY - Sem 1\EDI\venv\Lib\site-packages\django\template\loader_tags.py", line 293, in do_extends
    nodelist = parser.parse()
               ^^^^^^^^^^^^^^
  File "C:\Users\athar\OneDrive\Desktop\TY - Sem 1\EDI\venv\Lib\site-packages\django\template\base.py", line 507, in parse
    self.invalid_block_tag(token, command, parse_until)
  File "C:\Users\athar\OneDrive\Desktop\TY - Sem 1\EDI\venv\Lib\site-packages\django\template\base.py", line 568, in invalid_block_tag
    raise self.error(
django.template.exceptions.TemplateSyntaxError: Invalid block tag on line 685: 'endblock'. Did you forget to register or load this tag?
ERROR 2025-10-01 04:01:05,107 basehttp 15772 24736 "GET /analytics/ HTTP/1.1" 500 170246
ERROR 2025-10-01 04:01:05,819 log 15772 24736 Internal Server Error: /analytics/
Traceback (most recent call last):
  File "C:\Users\athar\OneDrive\Desktop\TY - Sem 1\EDI\venv\Lib\site-packages\django\template\base.py", line 505, in parse
    compile_func = self.tags[command]
                   ~~~~~~~~~^^^^^^^^^
KeyError: 'endblock'

During handling of the above exception, another exception occurred:

Traceback (most recent call last):
  File "C:\Users\athar\OneDrive\Desktop\TY - Sem 1\EDI\venv\Lib\site-packages\django\core\handlers\exception.py", line 55, in inner
    response = get_response(request)
               ^^^^^^^^^^^^^^^^^^^^^
  File "C:\Users\athar\OneDrive\Desktop\TY - Sem 1\EDI\venv\Lib\site-packages\django\core\handlers\base.py", line 197, in _get_response
    response = wrapped_callback(request, *callback_args, **callback_kwargs)
               ^^^^^^^^^^^^^^^^^^^^^^^^^^^^^^^^^^^^^^^^^^^^^^^^^^^^^^^^^^^^
  File "C:\Users\athar\OneDrive\Desktop\TY - Sem 1\EDI\parking-system\dashboard\parking_app\views.py", line 69, in analytics_view
    return render(request, 'dashboard/analytics.html', context)
           ^^^^^^^^^^^^^^^^^^^^^^^^^^^^^^^^^^^^^^^^^^^^^^^^^^^^
  File "C:\Users\athar\OneDrive\Desktop\TY - Sem 1\EDI\venv\Lib\site-packages\django\shortcuts.py", line 24, in render
    content = loader.render_to_string(template_name, context, request, using=using)
              ^^^^^^^^^^^^^^^^^^^^^^^^^^^^^^^^^^^^^^^^^^^^^^^^^^^^^^^^^^^^^^^^^^^^^
  File "C:\Users\athar\OneDrive\Desktop\TY - Sem 1\EDI\venv\Lib\site-packages\django\template\loader.py", line 61, in render_to_string
    template = get_template(template_name, using=using)
               ^^^^^^^^^^^^^^^^^^^^^^^^^^^^^^^^^^^^^^^^
  File "C:\Users\athar\OneDrive\Desktop\TY - Sem 1\EDI\venv\Lib\site-packages\django\template\loader.py", line 15, in get_template
    return engine.get_template(template_name)
           ^^^^^^^^^^^^^^^^^^^^^^^^^^^^^^^^^^
  File "C:\Users\athar\OneDrive\Desktop\TY - Sem 1\EDI\venv\Lib\site-packages\django\template\backends\django.py", line 33, in get_template
    return Template(self.engine.get_template(template_name), self)
                    ^^^^^^^^^^^^^^^^^^^^^^^^^^^^^^^^^^^^^^^
  File "C:\Users\athar\OneDrive\Desktop\TY - Sem 1\EDI\venv\Lib\site-packages\django\template\engine.py", line 175, in get_template
    template, origin = self.find_template(template_name)
                       ^^^^^^^^^^^^^^^^^^^^^^^^^^^^^^^^^
  File "C:\Users\athar\OneDrive\Desktop\TY - Sem 1\EDI\venv\Lib\site-packages\django\template\engine.py", line 157, in find_template
    template = loader.get_template(name, skip=skip)
               ^^^^^^^^^^^^^^^^^^^^^^^^^^^^^^^^^^^^
  File "C:\Users\athar\OneDrive\Desktop\TY - Sem 1\EDI\venv\Lib\site-packages\django\template\loaders\cached.py", line 57, in get_template
    template = super().get_template(template_name, skip)
               ^^^^^^^^^^^^^^^^^^^^^^^^^^^^^^^^^^^^^^^^^
  File "C:\Users\athar\OneDrive\Desktop\TY - Sem 1\EDI\venv\Lib\site-packages\django\template\loaders\base.py", line 28, in get_template
    return Template(
           ^^^^^^^^^
  File "C:\Users\athar\OneDrive\Desktop\TY - Sem 1\EDI\venv\Lib\site-packages\django\template\base.py", line 154, in __init__
    self.nodelist = self.compile_nodelist()
                    ^^^^^^^^^^^^^^^^^^^^^^^
  File "C:\Users\athar\OneDrive\Desktop\TY - Sem 1\EDI\venv\Lib\site-packages\django\template\base.py", line 200, in compile_nodelist
    return parser.parse()
           ^^^^^^^^^^^^^^
  File "C:\Users\athar\OneDrive\Desktop\TY - Sem 1\EDI\venv\Lib\site-packages\django\template\base.py", line 513, in parse
    raise self.error(token, e)
  File "C:\Users\athar\OneDrive\Desktop\TY - Sem 1\EDI\venv\Lib\site-packages\django\template\base.py", line 511, in parse
    compiled_result = compile_func(self, token)
                      ^^^^^^^^^^^^^^^^^^^^^^^^^
  File "C:\Users\athar\OneDrive\Desktop\TY - Sem 1\EDI\venv\Lib\site-packages\django\template\loader_tags.py", line 293, in do_extends
    nodelist = parser.parse()
               ^^^^^^^^^^^^^^
  File "C:\Users\athar\OneDrive\Desktop\TY - Sem 1\EDI\venv\Lib\site-packages\django\template\base.py", line 507, in parse
    self.invalid_block_tag(token, command, parse_until)
  File "C:\Users\athar\OneDrive\Desktop\TY - Sem 1\EDI\venv\Lib\site-packages\django\template\base.py", line 568, in invalid_block_tag
    raise self.error(
django.template.exceptions.TemplateSyntaxError: Invalid block tag on line 685: 'endblock'. Did you forget to register or load this tag?
ERROR 2025-10-01 04:01:05,823 basehttp 15772 24736 "GET /analytics/ HTTP/1.1" 500 170246
ERROR 2025-10-01 04:01:05,978 log 15772 24736 Internal Server Error: /analytics/
Traceback (most recent call last):
  File "C:\Users\athar\OneDrive\Desktop\TY - Sem 1\EDI\venv\Lib\site-packages\django\template\base.py", line 505, in parse
    compile_func = self.tags[command]
                   ~~~~~~~~~^^^^^^^^^
KeyError: 'endblock'

During handling of the above exception, another exception occurred:

Traceback (most recent call last):
  File "C:\Users\athar\OneDrive\Desktop\TY - Sem 1\EDI\venv\Lib\site-packages\django\core\handlers\exception.py", line 55, in inner
    response = get_response(request)
               ^^^^^^^^^^^^^^^^^^^^^
  File "C:\Users\athar\OneDrive\Desktop\TY - Sem 1\EDI\venv\Lib\site-packages\django\core\handlers\base.py", line 197, in _get_response
    response = wrapped_callback(request, *callback_args, **callback_kwargs)
               ^^^^^^^^^^^^^^^^^^^^^^^^^^^^^^^^^^^^^^^^^^^^^^^^^^^^^^^^^^^^
  File "C:\Users\athar\OneDrive\Desktop\TY - Sem 1\EDI\parking-system\dashboard\parking_app\views.py", line 69, in analytics_view
    return render(request, 'dashboard/analytics.html', context)
           ^^^^^^^^^^^^^^^^^^^^^^^^^^^^^^^^^^^^^^^^^^^^^^^^^^^^
  File "C:\Users\athar\OneDrive\Desktop\TY - Sem 1\EDI\venv\Lib\site-packages\django\shortcuts.py", line 24, in render
    content = loader.render_to_string(template_name, context, request, using=using)
              ^^^^^^^^^^^^^^^^^^^^^^^^^^^^^^^^^^^^^^^^^^^^^^^^^^^^^^^^^^^^^^^^^^^^^
  File "C:\Users\athar\OneDrive\Desktop\TY - Sem 1\EDI\venv\Lib\site-packages\django\template\loader.py", line 61, in render_to_string
    template = get_template(template_name, using=using)
               ^^^^^^^^^^^^^^^^^^^^^^^^^^^^^^^^^^^^^^^^
  File "C:\Users\athar\OneDrive\Desktop\TY - Sem 1\EDI\venv\Lib\site-packages\django\template\loader.py", line 15, in get_template
    return engine.get_template(template_name)
           ^^^^^^^^^^^^^^^^^^^^^^^^^^^^^^^^^^
  File "C:\Users\athar\OneDrive\Desktop\TY - Sem 1\EDI\venv\Lib\site-packages\django\template\backends\django.py", line 33, in get_template
    return Template(self.engine.get_template(template_name), self)
                    ^^^^^^^^^^^^^^^^^^^^^^^^^^^^^^^^^^^^^^^
  File "C:\Users\athar\OneDrive\Desktop\TY - Sem 1\EDI\venv\Lib\site-packages\django\template\engine.py", line 175, in get_template
    template, origin = self.find_template(template_name)
                       ^^^^^^^^^^^^^^^^^^^^^^^^^^^^^^^^^
  File "C:\Users\athar\OneDrive\Desktop\TY - Sem 1\EDI\venv\Lib\site-packages\django\template\engine.py", line 157, in find_template
    template = loader.get_template(name, skip=skip)
               ^^^^^^^^^^^^^^^^^^^^^^^^^^^^^^^^^^^^
  File "C:\Users\athar\OneDrive\Desktop\TY - Sem 1\EDI\venv\Lib\site-packages\django\template\loaders\cached.py", line 57, in get_template
    template = super().get_template(template_name, skip)
               ^^^^^^^^^^^^^^^^^^^^^^^^^^^^^^^^^^^^^^^^^
  File "C:\Users\athar\OneDrive\Desktop\TY - Sem 1\EDI\venv\Lib\site-packages\django\template\loaders\base.py", line 28, in get_template
    return Template(
           ^^^^^^^^^
  File "C:\Users\athar\OneDrive\Desktop\TY - Sem 1\EDI\venv\Lib\site-packages\django\template\base.py", line 154, in __init__
    self.nodelist = self.compile_nodelist()
                    ^^^^^^^^^^^^^^^^^^^^^^^
  File "C:\Users\athar\OneDrive\Desktop\TY - Sem 1\EDI\venv\Lib\site-packages\django\template\base.py", line 200, in compile_nodelist
    return parser.parse()
           ^^^^^^^^^^^^^^
  File "C:\Users\athar\OneDrive\Desktop\TY - Sem 1\EDI\venv\Lib\site-packages\django\template\base.py", line 513, in parse
    raise self.error(token, e)
  File "C:\Users\athar\OneDrive\Desktop\TY - Sem 1\EDI\venv\Lib\site-packages\django\template\base.py", line 511, in parse
    compiled_result = compile_func(self, token)
                      ^^^^^^^^^^^^^^^^^^^^^^^^^
  File "C:\Users\athar\OneDrive\Desktop\TY - Sem 1\EDI\venv\Lib\site-packages\django\template\loader_tags.py", line 293, in do_extends
    nodelist = parser.parse()
               ^^^^^^^^^^^^^^
  File "C:\Users\athar\OneDrive\Desktop\TY - Sem 1\EDI\venv\Lib\site-packages\django\template\base.py", line 507, in parse
    self.invalid_block_tag(token, command, parse_until)
  File "C:\Users\athar\OneDrive\Desktop\TY - Sem 1\EDI\venv\Lib\site-packages\django\template\base.py", line 568, in invalid_block_tag
    raise self.error(
django.template.exceptions.TemplateSyntaxError: Invalid block tag on line 685: 'endblock'. Did you forget to register or load this tag?
ERROR 2025-10-01 04:01:05,982 basehttp 15772 24736 "GET /analytics/ HTTP/1.1" 500 170246
ERROR 2025-10-01 04:01:06,144 log 15772 24736 Internal Server Error: /analytics/
Traceback (most recent call last):
  File "C:\Users\athar\OneDrive\Desktop\TY - Sem 1\EDI\venv\Lib\site-packages\django\template\base.py", line 505, in parse
    compile_func = self.tags[command]
                   ~~~~~~~~~^^^^^^^^^
KeyError: 'endblock'

During handling of the above exception, another exception occurred:

Traceback (most recent call last):
  File "C:\Users\athar\OneDrive\Desktop\TY - Sem 1\EDI\venv\Lib\site-packages\django\core\handlers\exception.py", line 55, in inner
    response = get_response(request)
               ^^^^^^^^^^^^^^^^^^^^^
  File "C:\Users\athar\OneDrive\Desktop\TY - Sem 1\EDI\venv\Lib\site-packages\django\core\handlers\base.py", line 197, in _get_response
    response = wrapped_callback(request, *callback_args, **callback_kwargs)
               ^^^^^^^^^^^^^^^^^^^^^^^^^^^^^^^^^^^^^^^^^^^^^^^^^^^^^^^^^^^^
  File "C:\Users\athar\OneDrive\Desktop\TY - Sem 1\EDI\parking-system\dashboard\parking_app\views.py", line 69, in analytics_view
    return render(request, 'dashboard/analytics.html', context)
           ^^^^^^^^^^^^^^^^^^^^^^^^^^^^^^^^^^^^^^^^^^^^^^^^^^^^
  File "C:\Users\athar\OneDrive\Desktop\TY - Sem 1\EDI\venv\Lib\site-packages\django\shortcuts.py", line 24, in render
    content = loader.render_to_string(template_name, context, request, using=using)
              ^^^^^^^^^^^^^^^^^^^^^^^^^^^^^^^^^^^^^^^^^^^^^^^^^^^^^^^^^^^^^^^^^^^^^
  File "C:\Users\athar\OneDrive\Desktop\TY - Sem 1\EDI\venv\Lib\site-packages\django\template\loader.py", line 61, in render_to_string
    template = get_template(template_name, using=using)
               ^^^^^^^^^^^^^^^^^^^^^^^^^^^^^^^^^^^^^^^^
  File "C:\Users\athar\OneDrive\Desktop\TY - Sem 1\EDI\venv\Lib\site-packages\django\template\loader.py", line 15, in get_template
    return engine.get_template(template_name)
           ^^^^^^^^^^^^^^^^^^^^^^^^^^^^^^^^^^
  File "C:\Users\athar\OneDrive\Desktop\TY - Sem 1\EDI\venv\Lib\site-packages\django\template\backends\django.py", line 33, in get_template
    return Template(self.engine.get_template(template_name), self)
                    ^^^^^^^^^^^^^^^^^^^^^^^^^^^^^^^^^^^^^^^
  File "C:\Users\athar\OneDrive\Desktop\TY - Sem 1\EDI\venv\Lib\site-packages\django\template\engine.py", line 175, in get_template
    template, origin = self.find_template(template_name)
                       ^^^^^^^^^^^^^^^^^^^^^^^^^^^^^^^^^
  File "C:\Users\athar\OneDrive\Desktop\TY - Sem 1\EDI\venv\Lib\site-packages\django\template\engine.py", line 157, in find_template
    template = loader.get_template(name, skip=skip)
               ^^^^^^^^^^^^^^^^^^^^^^^^^^^^^^^^^^^^
  File "C:\Users\athar\OneDrive\Desktop\TY - Sem 1\EDI\venv\Lib\site-packages\django\template\loaders\cached.py", line 57, in get_template
    template = super().get_template(template_name, skip)
               ^^^^^^^^^^^^^^^^^^^^^^^^^^^^^^^^^^^^^^^^^
  File "C:\Users\athar\OneDrive\Desktop\TY - Sem 1\EDI\venv\Lib\site-packages\django\template\loaders\base.py", line 28, in get_template
    return Template(
           ^^^^^^^^^
  File "C:\Users\athar\OneDrive\Desktop\TY - Sem 1\EDI\venv\Lib\site-packages\django\template\base.py", line 154, in __init__
    self.nodelist = self.compile_nodelist()
                    ^^^^^^^^^^^^^^^^^^^^^^^
  File "C:\Users\athar\OneDrive\Desktop\TY - Sem 1\EDI\venv\Lib\site-packages\django\template\base.py", line 200, in compile_nodelist
    return parser.parse()
           ^^^^^^^^^^^^^^
  File "C:\Users\athar\OneDrive\Desktop\TY - Sem 1\EDI\venv\Lib\site-packages\django\template\base.py", line 513, in parse
    raise self.error(token, e)
  File "C:\Users\athar\OneDrive\Desktop\TY - Sem 1\EDI\venv\Lib\site-packages\django\template\base.py", line 511, in parse
    compiled_result = compile_func(self, token)
                      ^^^^^^^^^^^^^^^^^^^^^^^^^
  File "C:\Users\athar\OneDrive\Desktop\TY - Sem 1\EDI\venv\Lib\site-packages\django\template\loader_tags.py", line 293, in do_extends
    nodelist = parser.parse()
               ^^^^^^^^^^^^^^
  File "C:\Users\athar\OneDrive\Desktop\TY - Sem 1\EDI\venv\Lib\site-packages\django\template\base.py", line 507, in parse
    self.invalid_block_tag(token, command, parse_until)
  File "C:\Users\athar\OneDrive\Desktop\TY - Sem 1\EDI\venv\Lib\site-packages\django\template\base.py", line 568, in invalid_block_tag
    raise self.error(
django.template.exceptions.TemplateSyntaxError: Invalid block tag on line 685: 'endblock'. Did you forget to register or load this tag?
ERROR 2025-10-01 04:01:06,149 basehttp 15772 24736 "GET /analytics/ HTTP/1.1" 500 170246
INFO 2025-10-01 04:01:14,673 autoreload 26960 26288 Watching for file changes with StatReloader
INFO 2025-10-01 04:01:20,074 basehttp 26960 27328 "GET / HTTP/1.1" 200 71817
ERROR 2025-10-01 04:01:22,749 log 26960 27328 Internal Server Error: /analytics/
Traceback (most recent call last):
  File "C:\Users\athar\OneDrive\Desktop\TY - Sem 1\EDI\venv\Lib\site-packages\django\template\base.py", line 505, in parse
    compile_func = self.tags[command]
                   ~~~~~~~~~^^^^^^^^^
KeyError: 'endblock'

During handling of the above exception, another exception occurred:

Traceback (most recent call last):
  File "C:\Users\athar\OneDrive\Desktop\TY - Sem 1\EDI\venv\Lib\site-packages\django\core\handlers\exception.py", line 55, in inner
    response = get_response(request)
               ^^^^^^^^^^^^^^^^^^^^^
  File "C:\Users\athar\OneDrive\Desktop\TY - Sem 1\EDI\venv\Lib\site-packages\django\core\handlers\base.py", line 197, in _get_response
    response = wrapped_callback(request, *callback_args, **callback_kwargs)
               ^^^^^^^^^^^^^^^^^^^^^^^^^^^^^^^^^^^^^^^^^^^^^^^^^^^^^^^^^^^^
  File "C:\Users\athar\OneDrive\Desktop\TY - Sem 1\EDI\parking-system\dashboard\parking_app\views.py", line 69, in analytics_view
    return render(request, 'dashboard/analytics.html', context)
           ^^^^^^^^^^^^^^^^^^^^^^^^^^^^^^^^^^^^^^^^^^^^^^^^^^^^
  File "C:\Users\athar\OneDrive\Desktop\TY - Sem 1\EDI\venv\Lib\site-packages\django\shortcuts.py", line 24, in render
    content = loader.render_to_string(template_name, context, request, using=using)
              ^^^^^^^^^^^^^^^^^^^^^^^^^^^^^^^^^^^^^^^^^^^^^^^^^^^^^^^^^^^^^^^^^^^^^
  File "C:\Users\athar\OneDrive\Desktop\TY - Sem 1\EDI\venv\Lib\site-packages\django\template\loader.py", line 61, in render_to_string
    template = get_template(template_name, using=using)
               ^^^^^^^^^^^^^^^^^^^^^^^^^^^^^^^^^^^^^^^^
  File "C:\Users\athar\OneDrive\Desktop\TY - Sem 1\EDI\venv\Lib\site-packages\django\template\loader.py", line 15, in get_template
    return engine.get_template(template_name)
           ^^^^^^^^^^^^^^^^^^^^^^^^^^^^^^^^^^
  File "C:\Users\athar\OneDrive\Desktop\TY - Sem 1\EDI\venv\Lib\site-packages\django\template\backends\django.py", line 33, in get_template
    return Template(self.engine.get_template(template_name), self)
                    ^^^^^^^^^^^^^^^^^^^^^^^^^^^^^^^^^^^^^^^
  File "C:\Users\athar\OneDrive\Desktop\TY - Sem 1\EDI\venv\Lib\site-packages\django\template\engine.py", line 175, in get_template
    template, origin = self.find_template(template_name)
                       ^^^^^^^^^^^^^^^^^^^^^^^^^^^^^^^^^
  File "C:\Users\athar\OneDrive\Desktop\TY - Sem 1\EDI\venv\Lib\site-packages\django\template\engine.py", line 157, in find_template
    template = loader.get_template(name, skip=skip)
               ^^^^^^^^^^^^^^^^^^^^^^^^^^^^^^^^^^^^
  File "C:\Users\athar\OneDrive\Desktop\TY - Sem 1\EDI\venv\Lib\site-packages\django\template\loaders\cached.py", line 57, in get_template
    template = super().get_template(template_name, skip)
               ^^^^^^^^^^^^^^^^^^^^^^^^^^^^^^^^^^^^^^^^^
  File "C:\Users\athar\OneDrive\Desktop\TY - Sem 1\EDI\venv\Lib\site-packages\django\template\loaders\base.py", line 28, in get_template
    return Template(
           ^^^^^^^^^
  File "C:\Users\athar\OneDrive\Desktop\TY - Sem 1\EDI\venv\Lib\site-packages\django\template\base.py", line 154, in __init__
    self.nodelist = self.compile_nodelist()
                    ^^^^^^^^^^^^^^^^^^^^^^^
  File "C:\Users\athar\OneDrive\Desktop\TY - Sem 1\EDI\venv\Lib\site-packages\django\template\base.py", line 200, in compile_nodelist
    return parser.parse()
           ^^^^^^^^^^^^^^
  File "C:\Users\athar\OneDrive\Desktop\TY - Sem 1\EDI\venv\Lib\site-packages\django\template\base.py", line 513, in parse
    raise self.error(token, e)
  File "C:\Users\athar\OneDrive\Desktop\TY - Sem 1\EDI\venv\Lib\site-packages\django\template\base.py", line 511, in parse
    compiled_result = compile_func(self, token)
                      ^^^^^^^^^^^^^^^^^^^^^^^^^
  File "C:\Users\athar\OneDrive\Desktop\TY - Sem 1\EDI\venv\Lib\site-packages\django\template\loader_tags.py", line 293, in do_extends
    nodelist = parser.parse()
               ^^^^^^^^^^^^^^
  File "C:\Users\athar\OneDrive\Desktop\TY - Sem 1\EDI\venv\Lib\site-packages\django\template\base.py", line 507, in parse
    self.invalid_block_tag(token, command, parse_until)
  File "C:\Users\athar\OneDrive\Desktop\TY - Sem 1\EDI\venv\Lib\site-packages\django\template\base.py", line 568, in invalid_block_tag
    raise self.error(
django.template.exceptions.TemplateSyntaxError: Invalid block tag on line 685: 'endblock'. Did you forget to register or load this tag?
ERROR 2025-10-01 04:01:22,757 basehttp 26960 27328 "GET /analytics/ HTTP/1.1" 500 170109
ERROR 2025-10-01 04:01:26,668 log 26960 27328 Internal Server Error: /analytics/
Traceback (most recent call last):
  File "C:\Users\athar\OneDrive\Desktop\TY - Sem 1\EDI\venv\Lib\site-packages\django\template\base.py", line 505, in parse
    compile_func = self.tags[command]
                   ~~~~~~~~~^^^^^^^^^
KeyError: 'endblock'

During handling of the above exception, another exception occurred:

Traceback (most recent call last):
  File "C:\Users\athar\OneDrive\Desktop\TY - Sem 1\EDI\venv\Lib\site-packages\django\core\handlers\exception.py", line 55, in inner
    response = get_response(request)
               ^^^^^^^^^^^^^^^^^^^^^
  File "C:\Users\athar\OneDrive\Desktop\TY - Sem 1\EDI\venv\Lib\site-packages\django\core\handlers\base.py", line 197, in _get_response
    response = wrapped_callback(request, *callback_args, **callback_kwargs)
               ^^^^^^^^^^^^^^^^^^^^^^^^^^^^^^^^^^^^^^^^^^^^^^^^^^^^^^^^^^^^
  File "C:\Users\athar\OneDrive\Desktop\TY - Sem 1\EDI\parking-system\dashboard\parking_app\views.py", line 69, in analytics_view
    return render(request, 'dashboard/analytics.html', context)
           ^^^^^^^^^^^^^^^^^^^^^^^^^^^^^^^^^^^^^^^^^^^^^^^^^^^^
  File "C:\Users\athar\OneDrive\Desktop\TY - Sem 1\EDI\venv\Lib\site-packages\django\shortcuts.py", line 24, in render
    content = loader.render_to_string(template_name, context, request, using=using)
              ^^^^^^^^^^^^^^^^^^^^^^^^^^^^^^^^^^^^^^^^^^^^^^^^^^^^^^^^^^^^^^^^^^^^^
  File "C:\Users\athar\OneDrive\Desktop\TY - Sem 1\EDI\venv\Lib\site-packages\django\template\loader.py", line 61, in render_to_string
    template = get_template(template_name, using=using)
               ^^^^^^^^^^^^^^^^^^^^^^^^^^^^^^^^^^^^^^^^
  File "C:\Users\athar\OneDrive\Desktop\TY - Sem 1\EDI\venv\Lib\site-packages\django\template\loader.py", line 15, in get_template
    return engine.get_template(template_name)
           ^^^^^^^^^^^^^^^^^^^^^^^^^^^^^^^^^^
  File "C:\Users\athar\OneDrive\Desktop\TY - Sem 1\EDI\venv\Lib\site-packages\django\template\backends\django.py", line 33, in get_template
    return Template(self.engine.get_template(template_name), self)
                    ^^^^^^^^^^^^^^^^^^^^^^^^^^^^^^^^^^^^^^^
  File "C:\Users\athar\OneDrive\Desktop\TY - Sem 1\EDI\venv\Lib\site-packages\django\template\engine.py", line 175, in get_template
    template, origin = self.find_template(template_name)
                       ^^^^^^^^^^^^^^^^^^^^^^^^^^^^^^^^^
  File "C:\Users\athar\OneDrive\Desktop\TY - Sem 1\EDI\venv\Lib\site-packages\django\template\engine.py", line 157, in find_template
    template = loader.get_template(name, skip=skip)
               ^^^^^^^^^^^^^^^^^^^^^^^^^^^^^^^^^^^^
  File "C:\Users\athar\OneDrive\Desktop\TY - Sem 1\EDI\venv\Lib\site-packages\django\template\loaders\cached.py", line 57, in get_template
    template = super().get_template(template_name, skip)
               ^^^^^^^^^^^^^^^^^^^^^^^^^^^^^^^^^^^^^^^^^
  File "C:\Users\athar\OneDrive\Desktop\TY - Sem 1\EDI\venv\Lib\site-packages\django\template\loaders\base.py", line 28, in get_template
    return Template(
           ^^^^^^^^^
  File "C:\Users\athar\OneDrive\Desktop\TY - Sem 1\EDI\venv\Lib\site-packages\django\template\base.py", line 154, in __init__
    self.nodelist = self.compile_nodelist()
                    ^^^^^^^^^^^^^^^^^^^^^^^
  File "C:\Users\athar\OneDrive\Desktop\TY - Sem 1\EDI\venv\Lib\site-packages\django\template\base.py", line 200, in compile_nodelist
    return parser.parse()
           ^^^^^^^^^^^^^^
  File "C:\Users\athar\OneDrive\Desktop\TY - Sem 1\EDI\venv\Lib\site-packages\django\template\base.py", line 513, in parse
    raise self.error(token, e)
  File "C:\Users\athar\OneDrive\Desktop\TY - Sem 1\EDI\venv\Lib\site-packages\django\template\base.py", line 511, in parse
    compiled_result = compile_func(self, token)
                      ^^^^^^^^^^^^^^^^^^^^^^^^^
  File "C:\Users\athar\OneDrive\Desktop\TY - Sem 1\EDI\venv\Lib\site-packages\django\template\loader_tags.py", line 293, in do_extends
    nodelist = parser.parse()
               ^^^^^^^^^^^^^^
  File "C:\Users\athar\OneDrive\Desktop\TY - Sem 1\EDI\venv\Lib\site-packages\django\template\base.py", line 507, in parse
    self.invalid_block_tag(token, command, parse_until)
  File "C:\Users\athar\OneDrive\Desktop\TY - Sem 1\EDI\venv\Lib\site-packages\django\template\base.py", line 568, in invalid_block_tag
    raise self.error(
django.template.exceptions.TemplateSyntaxError: Invalid block tag on line 685: 'endblock'. Did you forget to register or load this tag?
ERROR 2025-10-01 04:01:26,673 basehttp 26960 27328 "GET /analytics/ HTTP/1.1" 500 170109
INFO 2025-10-01 04:01:33,111 basehttp 26960 27328 "GET /analytics/ HTTP/1.1" 200 67814
INFO 2025-10-01 04:01:34,631 basehttp 26960 27328 "GET /realtime/ HTTP/1.1" 200 50788
INFO 2025-10-01 04:01:34,698 basehttp 26960 27328 "GET /api/parking-status/ HTTP/1.1" 200 82
INFO 2025-10-01 04:01:35,337 basehttp 26960 27328 "GET / HTTP/1.1" 200 71817
INFO 2025-10-01 04:02:37,104 basehttp 26960 27328 "GET /analytics/ HTTP/1.1" 200 67814
INFO 2025-10-01 04:02:37,137 basehttp 26960 27328 "GET /static/css/dashboard.css HTTP/1.1" 304 0
INFO 2025-10-01 04:02:48,079 basehttp 26960 27328 "GET /admin/logout/ HTTP/1.1" 302 0
INFO 2025-10-01 04:02:48,089 basehttp 26960 27328 "GET /admin/ HTTP/1.1" 302 0
INFO 2025-10-01 04:02:48,114 basehttp 26960 27328 "GET /admin/login/?next=/admin/ HTTP/1.1" 200 4200
INFO 2025-10-01 04:02:55,209 basehttp 26960 27328 "POST /admin/login/?next=/admin/ HTTP/1.1" 200 4367
INFO 2025-10-01 04:02:58,197 basehttp 26960 27328 "GET /admin/login/?next=/admin/ HTTP/1.1" 200 4200
INFO 2025-10-01 04:05:15,425 basehttp 26960 27328 "GET / HTTP/1.1" 200 72978
INFO 2025-10-01 04:05:15,458 basehttp 26960 27328 "GET /static/css/dashboard.css HTTP/1.1" 304 0
INFO 2025-10-01 04:05:15,458 basehttp 26960 6676 "GET /static/js/dashboard.js HTTP/1.1" 304 0
INFO 2025-10-01 04:05:15,465 basehttp 26960 6676 "GET /static/img/car.png HTTP/1.1" 304 0
INFO 2025-10-01 04:05:16,331 basehttp 26960 6676 "GET / HTTP/1.1" 200 72978
INFO 2025-10-01 04:05:53,977 basehttp 26960 16000 "GET /analytics/ HTTP/1.1" 200 67814
INFO 2025-10-01 04:05:54,922 basehttp 26960 16000 "GET /realtime/ HTTP/1.1" 200 50788
INFO 2025-10-01 04:05:54,949 basehttp 26960 16000 "GET /api/parking-status/ HTTP/1.1" 200 82
INFO 2025-10-01 04:06:00,445 basehttp 26960 16000 "GET /api/parking-status/ HTTP/1.1" 200 82
INFO 2025-10-01 04:06:05,438 basehttp 26960 16000 "GET /api/parking-status/ HTTP/1.1" 200 82
INFO 2025-10-01 04:06:10,436 basehttp 26960 16000 "GET /api/parking-status/ HTTP/1.1" 200 82
INFO 2025-10-01 04:06:15,438 basehttp 26960 16000 "GET /api/parking-status/ HTTP/1.1" 200 82
INFO 2025-10-01 04:06:20,446 basehttp 26960 16000 "GET /api/parking-status/ HTTP/1.1" 200 82
INFO 2025-10-01 04:06:25,434 basehttp 26960 16000 "GET /api/parking-status/ HTTP/1.1" 200 82
INFO 2025-10-01 04:06:30,449 basehttp 26960 16000 "GET /api/parking-status/ HTTP/1.1" 200 82
INFO 2025-10-01 04:06:35,435 basehttp 26960 16000 "GET /api/parking-status/ HTTP/1.1" 200 82
INFO 2025-10-01 04:06:40,438 basehttp 26960 16000 "GET /api/parking-status/ HTTP/1.1" 200 82
INFO 2025-10-01 04:06:45,442 basehttp 26960 16000 "GET /api/parking-status/ HTTP/1.1" 200 82
INFO 2025-10-01 04:06:47,173 basehttp 26960 16000 "GET /realtime/ HTTP/1.1" 200 50788
INFO 2025-10-01 04:06:47,208 basehttp 26960 16000 "GET /api/parking-status/ HTTP/1.1" 200 82
INFO 2025-10-01 04:06:47,752 basehttp 26960 16000 "GET / HTTP/1.1" 200 73880
INFO 2025-10-01 04:07:27,440 basehttp 26960 16000 "GET / HTTP/1.1" 200 73880
INFO 2025-10-01 04:07:27,465 basehttp 26960 16000 "GET /static/css/dashboard.css HTTP/1.1" 304 0
INFO 2025-10-01 04:07:50,357 basehttp 26960 16000 "GET / HTTP/1.1" 200 73880
INFO 2025-10-01 04:08:08,733 basehttp 26960 16000 "GET /realtime/ HTTP/1.1" 200 50788
INFO 2025-10-01 04:08:08,766 basehttp 26960 16000 "GET /api/parking-status/ HTTP/1.1" 200 82
INFO 2025-10-01 04:08:09,459 basehttp 26960 16000 "GET /analytics/ HTTP/1.1" 200 67814
INFO 2025-10-01 10:08:49,609 autoreload 3200 6080 Watching for file changes with StatReloader
INFO 2025-10-01 10:08:52,045 basehttp 3200 5824 "GET / HTTP/1.1" 200 73880
INFO 2025-10-01 10:08:52,094 basehttp 3200 5824 "GET /static/css/dashboard.css HTTP/1.1" 304 0
INFO 2025-10-01 10:08:52,098 basehttp 3200 21728 "GET /static/js/dashboard.js HTTP/1.1" 304 0
INFO 2025-10-01 10:08:52,914 basehttp 3200 21728 "GET /static/img/car.png HTTP/1.1" 304 0
INFO 2025-10-01 10:10:25,735 basehttp 3200 21728 "GET / HTTP/1.1" 200 73880
WARNING 2025-10-01 10:10:58,442 log 3200 21728 Not Found: /d
WARNING 2025-10-01 10:10:58,442 basehttp 3200 21728 "GET /d HTTP/1.1" 404 3955
INFO 2025-10-01 10:10:58,494 basehttp 3200 21728 "GET /favicon.ico HTTP/1.1" 301 0
WARNING 2025-10-01 10:10:58,510 basehttp 3200 21728 "GET /static/img/favicon.ico HTTP/1.1" 404 1905
INFO 2025-10-01 10:11:45,611 basehttp 3200 5824 "GET / HTTP/1.1" 200 73880
INFO 2025-10-01 11:51:53,593 autoreload 26896 11648 Watching for file changes with StatReloader
INFO 2025-10-01 11:51:56,220 basehttp 26896 22636 "GET / HTTP/1.1" 200 73880
INFO 2025-10-01 11:51:56,281 basehttp 26896 22636 "GET /static/css/dashboard.css HTTP/1.1" 304 0
INFO 2025-10-01 11:51:56,293 basehttp 26896 22636 "GET /static/js/dashboard.js HTTP/1.1" 304 0
INFO 2025-10-01 11:51:57,448 basehttp 26896 22636 "GET /static/img/car.png HTTP/1.1" 304 0
INFO 2025-10-01 11:55:20,494 basehttp 26896 12820 "GET / HTTP/1.1" 200 73880
INFO 2025-10-04 19:09:17,388 autoreload 16668 9880 Watching for file changes with StatReloader
INFO 2025-10-04 19:09:18,634 basehttp 16668 15600 "GET / HTTP/1.1" 200 73880
INFO 2025-10-04 19:09:18,743 basehttp 16668 15600 "GET /static/css/dashboard.css HTTP/1.1" 200 37632
INFO 2025-10-04 19:09:18,743 basehttp 16668 24820 "GET /static/js/dashboard.js HTTP/1.1" 200 12549
INFO 2025-10-04 19:09:18,849 basehttp 16668 24820 "GET /static/img/car.png HTTP/1.1" 200 16116
WARNING 2025-10-04 19:09:31,388 log 16668 24820 Not Found: /.well-known/appspecific/com.chrome.devtools.json
WARNING 2025-10-04 19:09:31,388 basehttp 16668 24820 "GET /.well-known/appspecific/com.chrome.devtools.json HTTP/1.1" 404 4096
INFO 2025-10-04 19:28:57,485 basehttp 16668 23328 "GET / HTTP/1.1" 200 73880
INFO 2025-10-05 21:33:25,729 autoreload 24648 22740 Watching for file changes with StatReloader
INFO 2025-10-05 21:33:27,596 basehttp 24648 20224 "GET / HTTP/1.1" 200 46375
INFO 2025-10-05 21:33:27,694 basehttp 24648 20224 "GET /static/css/professional-theme.css HTTP/1.1" 200 16723
INFO 2025-10-05 21:33:41,288 basehttp 24648 20224 "GET /realtime/ HTTP/1.1" 200 45769
INFO 2025-10-05 21:33:42,075 basehttp 24648 20224 "GET /analytics/ HTTP/1.1" 200 40831
INFO 2025-10-05 21:33:52,114 basehttp 24648 20224 "GET / HTTP/1.1" 200 46375
INFO 2025-10-05 21:34:03,433 basehttp 24648 20224 "GET / HTTP/1.1" 200 46375
INFO 2025-10-05 21:34:21,660 basehttp 24648 20224 "GET / HTTP/1.1" 200 46375
INFO 2025-10-05 21:34:21,689 basehttp 24648 20224 "GET /static/css/professional-theme.css HTTP/1.1" 304 0
INFO 2025-10-05 21:34:22,612 basehttp 24648 20224 "GET / HTTP/1.1" 200 46375
INFO 2025-10-05 21:34:23,058 basehttp 24648 20224 "GET / HTTP/1.1" 200 46375
INFO 2025-10-05 21:34:23,290 basehttp 24648 20224 "GET / HTTP/1.1" 200 46375
INFO 2025-10-05 21:35:42,910 basehttp 24648 20224 "GET / HTTP/1.1" 200 46375
INFO 2025-10-05 21:35:42,929 basehttp 24648 20224 "GET /static/css/professional-theme.css HTTP/1.1" 304 0
INFO 2025-10-05 22:02:29,647 basehttp 24648 22524 "GET / HTTP/1.1" 200 46113
INFO 2025-10-05 22:02:29,688 basehttp 24648 22524 "GET /static/css/professional-theme.css HTTP/1.1" 200 16339
INFO 2025-10-05 22:02:30,395 basehttp 24648 22524 "GET / HTTP/1.1" 200 46113
INFO 2025-10-05 22:02:31,968 basehttp 24648 22524 "GET / HTTP/1.1" 200 46113
INFO 2025-10-05 22:02:37,611 basehttp 24648 22524 "GET /realtime/ HTTP/1.1" 200 45242
INFO 2025-10-05 22:02:38,307 basehttp 24648 22524 "GET /analytics/ HTTP/1.1" 200 40545
INFO 2025-10-05 22:02:38,713 basehttp 24648 22524 "GET /analytics/ HTTP/1.1" 200 40545
INFO 2025-10-05 22:35:32,586 basehttp 24648 10828 "GET /analytics/ HTTP/1.1" 200 40545
INFO 2025-10-05 22:35:32,629 basehttp 24648 10828 "GET /static/css/professional-theme.css HTTP/1.1" 200 18961
INFO 2025-10-05 22:35:35,005 basehttp 24648 10828 "GET / HTTP/1.1" 200 46113
INFO 2025-10-05 23:02:09,861 basehttp 24648 17464 "GET / HTTP/1.1" 200 46113
INFO 2025-10-05 23:02:09,884 basehttp 24648 17464 "GET /static/css/professional-theme.css HTTP/1.1" 304 0
INFO 2025-10-05 23:02:10,577 basehttp 24648 17464 "GET / HTTP/1.1" 200 46113
INFO 2025-10-05 23:02:10,783 basehttp 24648 17464 "GET / HTTP/1.1" 200 46113
INFO 2025-10-05 23:02:15,878 basehttp 24648 17464 "GET /realtime/ HTTP/1.1" 200 45242
INFO 2025-10-05 23:02:16,632 basehttp 24648 17464 "GET /analytics/ HTTP/1.1" 200 40545
INFO 2025-10-05 23:25:38,338 basehttp 24648 4132 "GET /analytics/ HTTP/1.1" 200 40545
INFO 2025-10-05 23:25:38,361 basehttp 24648 4132 "GET /static/css/professional-theme.css HTTP/1.1" 304 0
INFO 2025-10-05 23:25:41,797 basehttp 24648 4132 "GET / HTTP/1.1" 200 46113
INFO 2025-10-05 23:26:12,443 autoreload 24648 22740 C:\Users\athar\OneDrive\Desktop\TY - Sem 1\EDI\parking-system\dashboard\parking_app\views.py changed, reloading.
INFO 2025-10-05 23:26:13,510 autoreload 23724 1696 Watching for file changes with StatReloader
INFO 2025-10-05 23:27:22,661 basehttp 23724 19376 "GET / HTTP/1.1" 200 46113
INFO 2025-10-05 23:34:52,596 basehttp 23724 12784 "GET / HTTP/1.1" 200 46113
INFO 2025-10-05 23:34:52,675 basehttp 23724 12784 "GET /static/css/professional-theme.css HTTP/1.1" 200 26597
INFO 2025-10-05 23:35:02,551 autoreload 26144 12012 Watching for file changes with StatReloader
INFO 2025-10-05 23:35:03,120 basehttp 26144 23376 "GET / HTTP/1.1" 200 46113
INFO 2025-10-05 23:35:04,120 basehttp 26144 23376 "GET / HTTP/1.1" 200 46113
INFO 2025-10-05 23:38:42,126 basehttp 26144 23376 "GET / HTTP/1.1" 200 46113
INFO 2025-10-05 23:38:42,214 basehttp 26144 23376 "GET /static/css/professional-theme.css HTTP/1.1" 200 19568
INFO 2025-10-05 23:41:02,107 basehttp 26144 23376 "GET / HTTP/1.1" 200 46113
INFO 2025-10-05 23:41:02,144 basehttp 26144 23376 "GET /static/css/professional-theme.css HTTP/1.1" 200 21152
INFO 2025-10-05 23:42:46,658 basehttp 26144 23376 "GET / HTTP/1.1" 200 46113
INFO 2025-10-05 23:42:46,695 basehttp 26144 23376 "GET /static/css/professional-theme.css HTTP/1.1" 200 21753
INFO 2025-10-05 23:46:15,687 basehttp 26144 23376 "GET / HTTP/1.1" 200 46076
INFO 2025-10-05 23:46:15,716 basehttp 26144 23376 "GET /static/css/professional-theme.css HTTP/1.1" 200 21000
INFO 2025-10-05 23:46:28,933 basehttp 26144 23376 "GET /analytics/ HTTP/1.1" 200 40545
INFO 2025-10-05 23:46:28,958 basehttp 26144 23376 "GET /static/css/professional-theme.css HTTP/1.1" 304 0
INFO 2025-10-05 23:46:40,222 basehttp 26144 23376 "GET /realtime/ HTTP/1.1" 200 45242
INFO 2025-10-05 23:46:40,241 basehttp 26144 23376 "GET /static/css/professional-theme.css HTTP/1.1" 304 0
INFO 2025-10-05 23:46:48,376 basehttp 26144 23376 "GET / HTTP/1.1" 200 46076
INFO 2025-10-05 23:53:50,932 autoreload 24988 25476 Watching for file changes with StatReloader
INFO 2025-10-05 23:54:28,718 basehttp 24988 19724 "GET / HTTP/1.1" 200 46076
INFO 2025-10-05 23:54:28,799 basehttp 24988 19724 "GET /static/css/professional-theme.css HTTP/1.1" 200 19529
INFO 2025-10-05 23:54:35,147 basehttp 24988 19724 "GET / HTTP/1.1" 200 46076
INFO 2025-10-05 23:54:35,384 basehttp 24988 19724 "GET / HTTP/1.1" 200 46076
INFO 2025-10-05 23:54:35,553 basehttp 24988 19724 "GET / HTTP/1.1" 200 46076
INFO 2025-10-05 23:54:41,691 basehttp 24988 19724 "GET / HTTP/1.1" 200 46076
INFO 2025-10-05 23:54:42,412 basehttp 24988 19724 "GET / HTTP/1.1" 200 46076
INFO 2025-10-05 23:54:42,754 basehttp 24988 19724 "GET / HTTP/1.1" 200 46076
INFO 2025-10-05 23:54:42,912 basehttp 24988 19724 "GET / HTTP/1.1" 200 46076
INFO 2025-10-05 23:54:43,066 basehttp 24988 19724 "GET / HTTP/1.1" 200 46076
INFO 2025-10-05 23:54:52,280 autoreload 24372 17960 Watching for file changes with StatReloader
INFO 2025-10-05 23:54:53,408 basehttp 24372 16520 "GET / HTTP/1.1" 200 46076
INFO 2025-10-05 23:54:53,471 basehttp 24372 16520 "GET /static/css/professional-theme.css HTTP/1.1" 200 21000
INFO 2025-10-05 23:55:49,517 basehttp 24372 16520 "GET /realtime/ HTTP/1.1" 200 45242
INFO 2025-10-05 23:55:49,545 basehttp 24372 16520 "GET /static/css/professional-theme.css HTTP/1.1" 304 0
INFO 2025-10-05 23:55:50,811 basehttp 24372 16520 "GET /analytics/ HTTP/1.1" 200 40545
INFO 2025-10-05 23:55:52,020 basehttp 24372 16520 "GET /realtime/ HTTP/1.1" 200 45242
INFO 2025-10-05 23:56:20,194 basehttp 24372 16520 "GET / HTTP/1.1" 200 46076
INFO 2025-10-05 23:56:20,238 basehttp 24372 16520 "GET /static/css/professional-theme.css HTTP/1.1" 304 0
INFO 2025-10-05 23:56:21,279 basehttp 24372 16520 "GET /realtime/ HTTP/1.1" 200 45242
INFO 2025-10-05 23:56:31,454 basehttp 24372 16520 "GET / HTTP/1.1" 200 46076
INFO 2025-10-05 23:56:31,483 basehttp 24372 16520 "GET /static/css/professional-theme.css HTTP/1.1" 304 0
INFO 2025-10-05 23:56:34,861 basehttp 24372 16520 "GET /realtime/ HTTP/1.1" 200 45242
INFO 2025-10-05 23:56:37,266 basehttp 24372 16520 "GET /analytics/ HTTP/1.1" 200 40545
INFO 2025-10-05 23:57:16,160 basehttp 24372 16520 "GET / HTTP/1.1" 200 46076
INFO 2025-10-05 23:57:16,206 basehttp 24372 16520 "GET /static/css/professional-theme.css HTTP/1.1" 200 23588
INFO 2025-10-05 23:57:17,338 basehttp 24372 16520 "GET / HTTP/1.1" 200 46076
INFO 2025-10-05 23:57:17,635 basehttp 24372 16520 "GET / HTTP/1.1" 200 46076
INFO 2025-10-05 23:57:17,852 basehttp 24372 16520 "GET / HTTP/1.1" 200 46076
INFO 2025-10-06 00:04:14,626 autoreload 25640 21356 Watching for file changes with StatReloader
INFO 2025-10-06 00:04:17,174 basehttp 25640 25452 "GET / HTTP/1.1" 200 46076
INFO 2025-10-06 00:04:17,246 basehttp 25640 25452 "GET /static/css/professional-theme.css HTTP/1.1" 200 11432
INFO 2025-10-06 00:04:20,310 basehttp 25640 25452 "GET / HTTP/1.1" 200 46076
INFO 2025-10-06 00:04:20,679 basehttp 25640 25452 "GET / HTTP/1.1" 200 46076
INFO 2025-10-06 00:04:20,848 basehttp 25640 25452 "GET / HTTP/1.1" 200 46076
INFO 2025-10-06 00:04:21,005 basehttp 25640 25452 "GET / HTTP/1.1" 200 46076
INFO 2025-10-06 00:04:23,688 basehttp 25640 25452 "GET / HTTP/1.1" 200 46076
INFO 2025-10-06 00:04:24,329 basehttp 25640 25452 "GET / HTTP/1.1" 200 46076
INFO 2025-10-06 00:04:24,653 basehttp 25640 25452 "GET / HTTP/1.1" 200 46076
INFO 2025-10-06 00:04:24,835 basehttp 25640 25452 "GET / HTTP/1.1" 200 46076
INFO 2025-10-06 00:04:25,022 basehttp 25640 25452 "GET / HTTP/1.1" 200 46076
INFO 2025-10-06 00:04:26,102 basehttp 25640 25452 "GET / HTTP/1.1" 200 46076
INFO 2025-10-06 00:04:26,266 basehttp 25640 25452 "GET / HTTP/1.1" 200 46076
INFO 2025-10-06 00:04:26,465 basehttp 25640 25452 "GET / HTTP/1.1" 200 46076
INFO 2025-10-06 00:04:33,403 basehttp 25640 25452 "GET / HTTP/1.1" 200 46076
INFO 2025-10-06 00:04:33,978 basehttp 25640 25452 "GET / HTTP/1.1" 200 46076
INFO 2025-10-06 00:04:34,147 basehttp 25640 25452 "GET / HTTP/1.1" 200 46076
INFO 2025-10-06 00:04:34,279 basehttp 25640 25452 "GET / HTTP/1.1" 200 46076
INFO 2025-10-06 00:04:41,228 autoreload 17836 7856 Watching for file changes with StatReloader
INFO 2025-10-06 00:04:41,669 basehttp 17836 22756 "GET / HTTP/1.1" 200 46076
INFO 2025-10-06 00:04:42,176 basehttp 17836 22756 "GET / HTTP/1.1" 200 46076
INFO 2025-10-06 00:04:42,193 basehttp 17836 22756 "GET /static/css/professional-theme.css HTTP/1.1" 304 0
INFO 2025-10-06 00:04:42,362 basehttp 17836 22756 "GET / HTTP/1.1" 200 46076
INFO 2025-10-06 00:04:42,528 basehttp 17836 22756 "GET / HTTP/1.1" 200 46076
INFO 2025-10-06 00:05:08,463 autoreload 13820 25324 Watching for file changes with StatReloader
INFO 2025-10-06 00:05:11,890 basehttp 13820 21736 "GET / HTTP/1.1" 200 46076
INFO 2025-10-06 00:05:11,920 basehttp 13820 21736 "GET /static/css/professional-theme.css HTTP/1.1" 304 0
INFO 2025-10-06 00:05:27,594 basehttp 13820 21736 "GET / HTTP/1.1" 200 46076
INFO 2025-10-06 00:05:28,194 basehttp 13820 21736 "GET / HTTP/1.1" 200 46076
INFO 2025-10-06 00:05:28,374 basehttp 13820 21736 "GET / HTTP/1.1" 200 46076
INFO 2025-10-06 00:05:28,547 basehttp 13820 21736 "GET / HTTP/1.1" 200 46076
INFO 2025-10-06 00:05:28,684 basehttp 13820 21736 "GET / HTTP/1.1" 200 46076
INFO 2025-10-06 00:05:28,814 basehttp 13820 21736 "GET / HTTP/1.1" 200 46076
INFO 2025-10-06 00:05:28,951 basehttp 13820 21736 "GET / HTTP/1.1" 200 46076
INFO 2025-10-06 00:05:29,076 basehttp 13820 21736 "GET / HTTP/1.1" 200 46076
INFO 2025-10-06 00:05:29,332 basehttp 13820 21736 "GET / HTTP/1.1" 200 46076
INFO 2025-10-06 00:05:33,959 autoreload 9696 23544 Watching for file changes with StatReloader
INFO 2025-10-06 00:05:35,231 basehttp 9696 4116 "GET / HTTP/1.1" 200 46076
INFO 2025-10-06 00:05:38,285 basehttp 9696 4116 "GET / HTTP/1.1" 200 46076
INFO 2025-10-06 00:05:49,024 basehttp 9696 4116 "GET / HTTP/1.1" 200 46076
INFO 2025-10-06 00:05:49,110 basehttp 9696 4116 "GET /static/css/professional-theme.css HTTP/1.1" 200 23588
INFO 2025-10-06 00:05:56,592 basehttp 9696 4116 "GET / HTTP/1.1" 200 46076
INFO 2025-10-06 00:05:56,627 basehttp 9696 4116 "GET /static/css/professional-theme.css HTTP/1.1" 200 21000
INFO 2025-10-06 00:06:08,540 basehttp 9696 4116 "GET /realtime/ HTTP/1.1" 200 45242
INFO 2025-10-06 00:06:08,565 basehttp 9696 4116 "GET /static/css/professional-theme.css HTTP/1.1" 304 0
INFO 2025-10-06 00:06:26,432 basehttp 9696 4116 "GET / HTTP/1.1" 200 46076
INFO 2025-10-06 00:06:26,461 basehttp 9696 4116 "GET /static/css/professional-theme.css HTTP/1.1" 304 0
INFO 2025-10-06 00:16:41,319 basehttp 9696 26444 "GET / HTTP/1.1" 200 46308
INFO 2025-10-06 00:16:41,363 basehttp 9696 22872 "GET /static/css/professional-theme.css HTTP/1.1" 200 25808
INFO 2025-10-06 00:16:41,379 basehttp 9696 26444 "GET /static/js/dashboard.js HTTP/1.1" 200 24946
INFO 2025-10-06 00:21:23,453 basehttp 9696 23508 "GET /?id=0494c200-7cd4-4d5e-ad2c-0d2f3da7d803&vscodeBrowserReqId=1759690283086 HTTP/1.1" 200 45400
INFO 2025-10-06 00:21:36,746 basehttp 9696 26444 "GET / HTTP/1.1" 200 45400
INFO 2025-10-06 00:21:36,782 basehttp 9696 26444 "GET /static/css/professional-theme.css HTTP/1.1" 200 29246
INFO 2025-10-06 00:21:36,800 basehttp 9696 22872 "GET /static/js/dashboard.js HTTP/1.1" 200 28626
INFO 2025-10-06 00:22:01,384 basehttp 9696 22872 "GET / HTTP/1.1" 200 45400
INFO 2025-10-06 00:22:01,421 basehttp 9696 22872 "GET /static/css/professional-theme.css HTTP/1.1" 304 0
INFO 2025-10-06 00:22:01,421 basehttp 9696 26444 "GET /static/js/dashboard.js HTTP/1.1" 304 0
INFO 2025-10-06 00:22:03,070 basehttp 9696 26444 "GET / HTTP/1.1" 200 46308
INFO 2025-10-06 00:22:03,252 basehttp 9696 26444 "GET / HTTP/1.1" 200 46308
INFO 2025-10-06 00:22:03,402 basehttp 9696 26444 "GET / HTTP/1.1" 200 46308
INFO 2025-10-06 00:22:03,568 basehttp 9696 26444 "GET / HTTP/1.1" 200 46308
INFO 2025-10-06 00:22:07,945 basehttp 9696 26444 "GET / HTTP/1.1" 200 46308
INFO 2025-10-06 00:22:18,143 basehttp 9696 26444 "GET /realtime/ HTTP/1.1" 200 45474
INFO 2025-10-06 00:22:18,188 basehttp 9696 26444 "GET /static/css/professional-theme.css HTTP/1.1" 200 25808
INFO 2025-10-06 00:22:18,204 basehttp 9696 22872 "GET /static/js/dashboard.js HTTP/1.1" 200 24946
INFO 2025-10-06 00:22:19,490 basehttp 9696 22872 "GET /analytics/ HTTP/1.1" 200 40777
INFO 2025-10-06 00:22:19,519 basehttp 9696 22872 "GET /static/css/professional-theme.css HTTP/1.1" 304 0
INFO 2025-10-06 00:22:19,520 basehttp 9696 26444 "GET /static/js/dashboard.js HTTP/1.1" 304 0
INFO 2025-10-06 00:22:20,913 basehttp 9696 26444 "GET /realtime/ HTTP/1.1" 200 45474
INFO 2025-10-06 00:22:20,937 basehttp 9696 26444 "GET /static/css/professional-theme.css HTTP/1.1" 304 0
INFO 2025-10-06 00:22:20,937 basehttp 9696 22872 "GET /static/js/dashboard.js HTTP/1.1" 304 0
INFO 2025-10-06 00:22:41,266 basehttp 9696 7416 "GET / HTTP/1.1" 200 46308
INFO 2025-10-06 00:22:41,292 basehttp 9696 7416 "GET /static/css/professional-theme.css HTTP/1.1" 304 0
INFO 2025-10-06 00:22:41,293 basehttp 9696 22300 "GET /static/js/dashboard.js HTTP/1.1" 304 0
INFO 2025-10-06 00:27:05,951 autoreload 25564 10200 Watching for file changes with StatReloader
INFO 2025-10-06 00:27:08,818 basehttp 25564 5444 "GET / HTTP/1.1" 200 46308
INFO 2025-10-06 00:27:09,671 basehttp 25564 18644 "GET /static/css/professional-theme.css HTTP/1.1" 304 0
INFO 2025-10-06 00:27:09,682 basehttp 25564 18644 "GET /static/js/dashboard.js HTTP/1.1" 304 0
INFO 2025-10-06 00:34:03,290 basehttp 25564 18568 "GET / HTTP/1.1" 200 64298
INFO 2025-10-06 00:34:03,328 basehttp 25564 19928 "GET /static/js/dashboard.js HTTP/1.1" 304 0
INFO 2025-10-06 00:34:03,461 basehttp 25564 18568 "GET /static/css/professional-theme.css HTTP/1.1" 200 29633
INFO 2025-10-06 00:39:34,854 basehttp 25564 24300 "GET / HTTP/1.1" 200 81841
INFO 2025-10-06 00:39:34,898 basehttp 25564 24300 "GET /static/css/professional-theme.css HTTP/1.1" 304 0
INFO 2025-10-06 00:39:35,055 basehttp 25564 24300 "GET /static/js/dashboard.js HTTP/1.1" 304 0
INFO 2025-10-06 00:42:27,782 basehttp 25564 24300 "GET / HTTP/1.1" 200 79269
INFO 2025-10-06 00:42:27,823 basehttp 25564 24300 "GET /static/css/professional-theme.css HTTP/1.1" 304 0
INFO 2025-10-06 00:42:27,826 basehttp 25564 6904 "GET /static/js/dashboard.js HTTP/1.1" 304 0
INFO 2025-10-06 00:43:56,243 basehttp 25564 6904 "GET / HTTP/1.1" 200 79269
INFO 2025-10-06 00:43:56,286 basehttp 25564 6904 "GET /static/css/professional-theme.css HTTP/1.1" 304 0
INFO 2025-10-06 00:59:19,729 basehttp 25564 7632 "GET / HTTP/1.1" 200 110752
INFO 2025-10-06 00:59:19,754 basehttp 25564 7632 "GET /static/css/professional-theme.css HTTP/1.1" 304 0
INFO 2025-10-06 00:59:19,756 basehttp 25564 7632 "GET /static/js/dashboard.js HTTP/1.1" 304 0
INFO 2025-10-06 00:59:58,423 basehttp 25564 7632 "GET / HTTP/1.1" 200 110752
INFO 2025-10-06 01:09:50,904 basehttp 25564 13108 "GET / HTTP/1.1" 200 87489
INFO 2025-10-06 01:09:50,928 basehttp 25564 13108 "GET /static/css/professional-theme.css HTTP/1.1" 304 0
INFO 2025-10-06 01:09:50,930 basehttp 25564 13108 "GET /static/js/dashboard.js HTTP/1.1" 304 0
INFO 2025-10-06 01:09:53,927 basehttp 25564 13108 "GET / HTTP/1.1" 200 87489
INFO 2025-10-06 01:10:02,487 basehttp 25564 13108 "GET / HTTP/1.1" 200 46308
INFO 2025-10-06 01:19:12,225 basehttp 25564 24456 "GET / HTTP/1.1" 200 60583
INFO 2025-10-06 01:19:12,247 basehttp 25564 19664 "GET /static/js/dashboard.js HTTP/1.1" 304 0
INFO 2025-10-06 01:19:12,247 basehttp 25564 24456 "GET /static/css/professional-theme.css HTTP/1.1" 200 25808
INFO 2025-10-06 01:21:19,735 basehttp 25564 24456 "GET / HTTP/1.1" 200 60583
INFO 2025-10-06 01:21:19,756 basehttp 25564 24456 "GET /static/css/professional-theme.css HTTP/1.1" 304 0
INFO 2025-10-06 01:22:46,645 basehttp 25564 24456 "GET / HTTP/1.1" 200 59481
INFO 2025-10-06 01:22:46,666 basehttp 25564 24456 "GET /static/css/professional-theme.css HTTP/1.1" 304 0
INFO 2025-10-06 01:38:26,315 basehttp 25564 22028 "GET / HTTP/1.1" 200 59491
INFO 2025-10-06 01:38:26,333 basehttp 25564 22028 "GET /static/css/professional-theme.css HTTP/1.1" 304 0
INFO 2025-10-06 01:38:26,334 basehttp 25564 26336 "GET /static/js/dashboard.js HTTP/1.1" 304 0
INFO 2025-10-06 01:38:34,517 basehttp 25564 26336 "GET / HTTP/1.1" 200 59491
INFO 2025-10-06 01:38:35,176 basehttp 25564 26336 "GET / HTTP/1.1" 200 59491
INFO 2025-10-06 01:38:35,364 basehttp 25564 26336 "GET / HTTP/1.1" 200 59491
INFO 2025-10-06 01:38:35,565 basehttp 25564 26336 "GET / HTTP/1.1" 200 59491
INFO 2025-10-06 01:38:35,723 basehttp 25564 26336 "GET / HTTP/1.1" 200 59491
INFO 2025-10-06 01:38:46,233 basehttp 25564 26336 "GET / HTTP/1.1" 200 59491
INFO 2025-10-06 01:38:56,584 basehttp 25564 26336 "GET / HTTP/1.1" 200 60583
INFO 2025-10-06 01:46:17,053 basehttp 25564 25192 "GET / HTTP/1.1" 200 60598
INFO 2025-10-06 01:46:17,072 basehttp 25564 25192 "GET /static/css/professional-theme.css HTTP/1.1" 304 0
INFO 2025-10-06 01:46:17,072 basehttp 25564 11528 "GET /static/js/dashboard.js HTTP/1.1" 304 0
INFO 2025-10-06 01:46:33,933 basehttp 25564 11528 "GET / HTTP/1.1" 200 60600
INFO 2025-10-06 01:46:41,551 basehttp 25564 11528 "GET /realtime/ HTTP/1.1" 200 45474
INFO 2025-10-06 01:46:42,070 basehttp 25564 11528 "GET /analytics/ HTTP/1.1" 200 40777
INFO 2025-10-06 01:47:07,787 basehttp 25564 11528 "GET / HTTP/1.1" 200 60620
INFO 2025-10-06 01:47:19,208 basehttp 25564 11528 "GET / HTTP/1.1" 200 60620
INFO 2025-10-06 01:48:35,552 basehttp 25564 11528 "GET / HTTP/1.1" 200 60620
INFO 2025-10-06 01:49:03,600 basehttp 25564 11528 "GET / HTTP/1.1" 200 60620
INFO 2025-10-06 01:49:08,013 basehttp 25564 11528 "GET /realtime/ HTTP/1.1" 200 45474
INFO 2025-10-06 01:49:08,719 basehttp 25564 11528 "GET /analytics/ HTTP/1.1" 200 40777
INFO 2025-10-06 01:49:09,162 basehttp 25564 11528 "GET / HTTP/1.1" 200 60620
INFO 2025-10-06 01:50:17,924 basehttp 25564 11528 "GET / HTTP/1.1" 200 60620
INFO 2025-10-06 01:50:17,949 basehttp 25564 11528 "GET /static/css/professional-theme.css HTTP/1.1" 304 0
INFO 2025-10-06 01:50:20,019 basehttp 25564 11528 "GET / HTTP/1.1" 200 60620
INFO 2025-10-06 01:51:19,297 basehttp 25564 11528 "GET / HTTP/1.1" 200 60620
INFO 2025-10-06 01:53:06,319 basehttp 25564 11528 "GET / HTTP/1.1" 200 60597
INFO 2025-10-06 01:53:36,753 basehttp 25564 11528 "GET / HTTP/1.1" 200 60597
INFO 2025-10-06 01:53:39,708 basehttp 25564 11528 "GET /realtime/ HTTP/1.1" 200 45474
INFO 2025-10-06 01:53:40,561 basehttp 25564 11528 "GET / HTTP/1.1" 200 60597
INFO 2025-10-06 01:54:23,635 basehttp 25564 11528 "GET / HTTP/1.1" 200 60597
INFO 2025-10-06 01:54:23,652 basehttp 25564 11528 "GET /static/css/professional-theme.css HTTP/1.1" 304 0
INFO 2025-10-06 01:54:40,688 basehttp 25564 11528 "GET / HTTP/1.1" 200 60597
INFO 2025-10-06 01:56:07,171 basehttp 25564 11528 "GET / HTTP/1.1" 200 60597
INFO 2025-10-06 01:56:07,192 basehttp 25564 11528 "GET /static/js/dashboard.js HTTP/1.1" 304 0
INFO 2025-10-06 01:56:08,076 basehttp 25564 11528 "GET / HTTP/1.1" 200 60597
INFO 2025-10-06 01:56:08,262 basehttp 25564 11528 "GET / HTTP/1.1" 200 60597
INFO 2025-10-06 01:56:08,406 basehttp 25564 11528 "GET / HTTP/1.1" 200 60597
INFO 2025-10-06 01:56:08,554 basehttp 25564 11528 "GET / HTTP/1.1" 200 60597
INFO 2025-10-06 01:56:08,852 basehttp 25564 11528 "GET / HTTP/1.1" 200 60597
INFO 2025-10-06 01:56:09,034 basehttp 25564 11528 "GET / HTTP/1.1" 200 60597
INFO 2025-10-06 01:56:49,235 basehttp 25564 11528 "GET / HTTP/1.1" 200 60597
INFO 2025-10-06 01:57:36,612 basehttp 25564 8092 "GET / HTTP/1.1" 200 60597
INFO 2025-10-06 01:57:37,279 basehttp 25564 8092 "GET / HTTP/1.1" 200 60597
INFO 2025-10-06 01:57:37,528 basehttp 25564 8092 "GET / HTTP/1.1" 200 60119
INFO 2025-10-06 01:57:37,673 basehttp 25564 8092 "GET / HTTP/1.1" 200 60119
INFO 2025-10-06 01:57:37,844 basehttp 25564 8092 "GET / HTTP/1.1" 200 60119
INFO 2025-10-06 01:58:51,687 basehttp 25564 8092 "GET / HTTP/1.1" 200 57867
INFO 2025-10-06 01:58:51,710 basehttp 25564 8092 "GET /static/css/professional-theme.css HTTP/1.1" 304 0
INFO 2025-10-06 01:59:07,032 basehttp 25564 8092 "GET / HTTP/1.1" 200 57867
INFO 2025-10-07 20:35:37,923 autoreload 15288 4300 Watching for file changes with StatReloader
INFO 2025-10-07 20:35:39,603 basehttp 15288 24200 "GET / HTTP/1.1" 200 57867
INFO 2025-10-07 20:35:39,705 basehttp 15288 24200 "GET /static/css/professional-theme.css HTTP/1.1" 200 25808
INFO 2025-10-07 20:35:39,705 basehttp 15288 3932 "GET /static/js/dashboard.js HTTP/1.1" 200 24946
INFO 2025-10-07 20:35:47,883 basehttp 15288 3932 "GET /realtime/ HTTP/1.1" 200 45474
INFO 2025-10-07 20:35:50,275 basehttp 15288 3932 "GET /analytics/ HTTP/1.1" 200 40777
INFO 2025-10-07 20:36:30,500 basehttp 15288 3932 "GET /analytics/ HTTP/1.1" 200 40777
INFO 2025-10-07 20:37:08,840 basehttp 15288 3932 "GET / HTTP/1.1" 200 57867
INFO 2025-10-07 20:37:14,845 basehttp 15288 3932 "GET /realtime/ HTTP/1.1" 200 45474
INFO 2025-10-07 20:37:28,621 basehttp 15288 3932 "GET /realtime/ HTTP/1.1" 200 45474
INFO 2025-10-07 20:37:32,801 basehttp 15288 3932 "GET / HTTP/1.1" 200 57867
INFO 2025-10-07 20:37:35,185 basehttp 15288 3932 "GET /analytics/ HTTP/1.1" 200 40777
INFO 2025-10-07 20:37:46,652 basehttp 15288 3932 "GET / HTTP/1.1" 200 57867
INFO 2025-10-07 21:04:25,687 basehttp 15288 11792 "GET / HTTP/1.1" 200 63380
INFO 2025-10-07 21:13:24,643 basehttp 15288 2188 "GET / HTTP/1.1" 200 70850
INFO 2025-10-07 21:13:25,342 basehttp 15288 2188 "GET / HTTP/1.1" 200 70850
INFO 2025-10-07 21:14:37,807 basehttp 15288 2188 "GET / HTTP/1.1" 200 70850
INFO 2025-10-07 21:18:29,632 basehttp 15288 2188 "GET / HTTP/1.1" 200 63313
INFO 2025-10-07 21:18:30,270 basehttp 15288 2188 "GET / HTTP/1.1" 200 63313
INFO 2025-10-07 21:20:01,882 basehttp 15288 2188 "GET /realtime/ HTTP/1.1" 200 50920
INFO 2025-10-07 21:20:03,181 basehttp 15288 2188 "GET /analytics/ HTTP/1.1" 200 46223
INFO 2025-10-07 21:23:44,887 basehttp 15288 2188 "GET /analytics/ HTTP/1.1" 200 46223
INFO 2025-10-07 21:23:46,179 basehttp 15288 2188 "GET /analytics/ HTTP/1.1" 200 46223
INFO 2025-10-07 21:25:59,623 autoreload 15288 4300 C:\Users\athar\OneDrive\Desktop\TY - Sem 1\EDI\parking-system\dashboard\parking_app\signals.py changed, reloading.
INFO 2025-10-07 21:26:00,501 autoreload 12824 23672 Watching for file changes with StatReloader
INFO 2025-10-07 21:29:01,771 basehttp 12824 21632 "GET /analytics/ HTTP/1.1" 200 45789
INFO 2025-10-07 21:39:10,644 basehttp 12824 3332 "GET / HTTP/1.1" 200 63313
INFO 2025-10-07 21:39:11,035 basehttp 12824 3332 "GET /realtime/ HTTP/1.1" 200 50220
INFO 2025-10-07 22:33:00,515 basehttp 12824 14360 "GET /realtime/ HTTP/1.1" 200 50220
INFO 2025-10-07 22:33:02,460 basehttp 12824 14360 "GET /analytics/ HTTP/1.1" 200 45789
INFO 2025-10-07 22:33:06,083 autoreload 12824 23672 C:\Users\athar\OneDrive\Desktop\TY - Sem 1\EDI\parking-system\dashboard\parking_app\signals.py changed, reloading.
INFO 2025-10-07 22:33:06,771 autoreload 20356 10228 Watching for file changes with StatReloader
INFO 2025-10-07 22:33:19,871 autoreload 17124 3788 Watching for file changes with StatReloader
INFO 2025-10-07 22:33:21,263 basehttp 17124 1240 "GET / HTTP/1.1" 200 63313
INFO 2025-10-07 22:33:21,359 basehttp 17124 1240 "GET /static/css/professional-theme.css HTTP/1.1" 200 25808
INFO 2025-10-07 22:33:21,363 basehttp 17124 25444 "GET /static/js/dashboard.js HTTP/1.1" 200 24946
INFO 2025-10-07 22:48:17,801 autoreload 17124 3788 C:\Users\athar\OneDrive\Desktop\TY - Sem 1\EDI\parking-system\dashboard\core\settings.py changed, reloading.
INFO 2025-10-07 22:48:18,620 autoreload 15096 3488 Watching for file changes with StatReloader
INFO 2025-10-07 22:48:40,134 basehttp 15096 22740 "GET / HTTP/1.1" 200 63313
INFO 2025-10-07 22:48:40,801 basehttp 15096 22740 "GET / HTTP/1.1" 200 63313
INFO 2025-10-07 22:48:41,153 basehttp 15096 22740 "GET / HTTP/1.1" 200 63313
INFO 2025-10-07 22:48:41,416 basehttp 15096 22740 "GET / HTTP/1.1" 200 63313
INFO 2025-10-07 22:48:41,718 basehttp 15096 22740 "GET / HTTP/1.1" 200 63313
INFO 2025-10-07 22:48:41,984 basehttp 15096 22740 "GET / HTTP/1.1" 200 63313
INFO 2025-10-07 22:48:42,211 basehttp 15096 22740 "GET / HTTP/1.1" 200 63313
INFO 2025-10-07 22:48:42,503 basehttp 15096 22740 "GET / HTTP/1.1" 200 63313
INFO 2025-10-07 22:48:42,705 basehttp 15096 22740 "GET / HTTP/1.1" 200 63313
INFO 2025-10-07 22:48:42,949 basehttp 15096 22740 "GET / HTTP/1.1" 200 63313
INFO 2025-10-07 22:48:43,157 basehttp 15096 22740 "GET / HTTP/1.1" 200 63313
INFO 2025-10-07 22:48:43,345 basehttp 15096 22740 "GET / HTTP/1.1" 200 63313
INFO 2025-10-07 22:48:43,515 basehttp 15096 22740 "GET / HTTP/1.1" 200 63313
INFO 2025-10-07 22:51:20,582 autoreload 15096 3488 C:\Users\athar\OneDrive\Desktop\TY - Sem 1\EDI\parking-system\dashboard\core\urls.py changed, reloading.
INFO 2025-10-07 22:51:21,414 autoreload 7480 4936 Watching for file changes with StatReloader
INFO 2025-10-07 23:12:01,683 basehttp 7480 22624 "GET / HTTP/1.1" 200 63313
INFO 2025-10-07 23:12:07,127 basehttp 7480 22624 "GET /realtime/ HTTP/1.1" 200 50220
INFO 2025-10-07 23:12:14,090 basehttp 7480 22624 "GET / HTTP/1.1" 200 63313
INFO 2025-10-07 23:12:36,105 autoreload 18792 10732 Watching for file changes with StatReloader
INFO 2025-10-07 23:12:37,123 basehttp 18792 23416 "GET / HTTP/1.1" 200 63313
INFO 2025-10-07 23:12:39,308 basehttp 18792 23416 "GET / HTTP/1.1" 200 63313
INFO 2025-10-07 23:12:39,861 basehttp 18792 23416 "GET / HTTP/1.1" 200 63313
INFO 2025-10-07 23:12:40,046 basehttp 18792 23416 "GET / HTTP/1.1" 200 63313
INFO 2025-10-07 23:12:40,261 basehttp 18792 23416 "GET / HTTP/1.1" 200 63313
INFO 2025-10-07 23:12:44,651 basehttp 18792 23416 "GET / HTTP/1.1" 200 63313
INFO 2025-10-07 23:12:47,865 basehttp 18792 23416 "GET / HTTP/1.1" 200 63313
INFO 2025-10-07 23:13:38,609 autoreload 17728 18420 Watching for file changes with StatReloader
INFO 2025-10-07 23:13:41,302 basehttp 17728 9248 "GET / HTTP/1.1" 200 63313
INFO 2025-10-07 23:13:46,871 basehttp 17728 9248 "GET /realtime/ HTTP/1.1" 200 50220
INFO 2025-10-07 23:13:50,088 basehttp 17728 9248 "GET /analytics/ HTTP/1.1" 200 45789
INFO 2025-10-07 23:16:15,126 autoreload 16272 7740 Watching for file changes with StatReloader
INFO 2025-10-07 23:16:17,821 basehttp 17728 9248 "GET / HTTP/1.1" 200 63313
INFO 2025-10-07 23:17:20,543 autoreload 21808 24216 Watching for file changes with StatReloader
INFO 2025-10-07 23:17:23,824 basehttp 17728 9248 "GET / HTTP/1.1" 200 63313
INFO 2025-10-07 23:19:52,485 autoreload 17728 18420 C:\Users\athar\OneDrive\Desktop\TY - Sem 1\EDI\parking-system\dashboard\parking_app\views.py changed, reloading.
INFO 2025-10-07 23:19:53,238 autoreload 21808 24216 C:\Users\athar\OneDrive\Desktop\TY - Sem 1\EDI\parking-system\dashboard\parking_app\views.py changed, reloading.
INFO 2025-10-07 23:19:53,248 autoreload 16272 7740 C:\Users\athar\OneDrive\Desktop\TY - Sem 1\EDI\parking-system\dashboard\parking_app\views.py changed, reloading.
INFO 2025-10-07 23:19:53,559 autoreload 11100 4992 Watching for file changes with StatReloader
INFO 2025-10-07 23:19:54,136 autoreload 24916 18576 Watching for file changes with StatReloader
INFO 2025-10-07 23:19:54,148 autoreload 23756 20228 Watching for file changes with StatReloader
INFO 2025-10-07 23:23:56,149 autoreload 5748 18908 Watching for file changes with StatReloader
INFO 2025-10-07 23:23:57,982 basehttp 11100 6116 "GET / HTTP/1.1" 200 64683
INFO 2025-10-07 23:24:02,620 basehttp 11100 6116 "GET /driver/dashboard/ HTTP/1.1" 302 0
WARNING 2025-10-07 23:24:02,819 log 11100 6116 Not Found: /accounts/login/
WARNING 2025-10-07 23:24:02,820 basehttp 11100 6116 "GET /accounts/login/?next=/driver/dashboard/ HTTP/1.1" 404 4128
INFO 2025-10-07 23:24:02,863 basehttp 11100 6116 "GET /favicon.ico HTTP/1.1" 301 0
WARNING 2025-10-07 23:24:02,875 basehttp 11100 6116 "GET /static/img/favicon.ico HTTP/1.1" 404 1905
INFO 2025-10-07 23:24:05,191 basehttp 11100 13404 "GET /driver/apply/ HTTP/1.1" 200 48439
INFO 2025-10-07 23:24:05,258 basehttp 11100 13404 "GET /static/css/dashboard.css HTTP/1.1" 200 37675
INFO 2025-10-07 23:26:31,687 basehttp 11100 13404 "GET /driver/apply/ HTTP/1.1" 200 48439
INFO 2025-10-07 23:26:36,475 basehttp 11100 13404 "GET / HTTP/1.1" 200 64683
INFO 2025-10-07 23:28:44,726 basehttp 11100 13404 "GET / HTTP/1.1" 200 64683
INFO 2025-10-07 23:32:03,953 autoreload 23756 20228 C:\Users\athar\OneDrive\Desktop\TY - Sem 1\EDI\parking-system\dashboard\driver_applications\views.py changed, reloading.
INFO 2025-10-07 23:32:04,236 autoreload 5748 18908 C:\Users\athar\OneDrive\Desktop\TY - Sem 1\EDI\parking-system\dashboard\driver_applications\views.py changed, reloading.
INFO 2025-10-07 23:32:04,256 autoreload 11100 4992 C:\Users\athar\OneDrive\Desktop\TY - Sem 1\EDI\parking-system\dashboard\driver_applications\views.py changed, reloading.
INFO 2025-10-07 23:32:04,901 autoreload 4044 10856 Watching for file changes with StatReloader
INFO 2025-10-07 23:32:05,126 autoreload 24816 10680 Watching for file changes with StatReloader
INFO 2025-10-07 23:32:05,212 autoreload 25412 22492 Watching for file changes with StatReloader
INFO 2025-10-07 23:32:46,082 autoreload 4044 10856 C:\Users\athar\OneDrive\Desktop\TY - Sem 1\EDI\parking-system\dashboard\driver_applications\forms.py changed, reloading.
INFO 2025-10-07 23:32:46,265 autoreload 24816 10680 C:\Users\athar\OneDrive\Desktop\TY - Sem 1\EDI\parking-system\dashboard\driver_applications\forms.py changed, reloading.
INFO 2025-10-07 23:32:46,626 autoreload 25412 22492 C:\Users\athar\OneDrive\Desktop\TY - Sem 1\EDI\parking-system\dashboard\driver_applications\forms.py changed, reloading.
INFO 2025-10-07 23:32:46,966 autoreload 19600 9884 Watching for file changes with StatReloader
INFO 2025-10-07 23:32:47,161 autoreload 18656 1268 Watching for file changes with StatReloader
INFO 2025-10-07 23:32:47,559 autoreload 18352 25228 Watching for file changes with StatReloader
INFO 2025-10-07 23:33:05,296 autoreload 19600 9884 C:\Users\athar\OneDrive\Desktop\TY - Sem 1\EDI\parking-system\dashboard\driver_applications\views.py changed, reloading.
INFO 2025-10-07 23:33:05,417 autoreload 18656 1268 C:\Users\athar\OneDrive\Desktop\TY - Sem 1\EDI\parking-system\dashboard\driver_applications\views.py changed, reloading.
INFO 2025-10-07 23:33:05,955 autoreload 18352 25228 C:\Users\athar\OneDrive\Desktop\TY - Sem 1\EDI\parking-system\dashboard\driver_applications\views.py changed, reloading.
INFO 2025-10-07 23:33:06,176 autoreload 25348 14900 Watching for file changes with StatReloader
INFO 2025-10-07 23:33:06,302 autoreload 1172 14944 Watching for file changes with StatReloader
INFO 2025-10-07 23:33:06,896 autoreload 15744 17428 Watching for file changes with StatReloader
INFO 2025-10-07 23:33:12,004 autoreload 1172 14944 C:\Users\athar\OneDrive\Desktop\TY - Sem 1\EDI\parking-system\dashboard\driver_applications\views.py changed, reloading.
INFO 2025-10-07 23:33:12,625 autoreload 15744 17428 C:\Users\athar\OneDrive\Desktop\TY - Sem 1\EDI\parking-system\dashboard\driver_applications\views.py changed, reloading.
INFO 2025-10-07 23:33:12,834 autoreload 5856 25028 Watching for file changes with StatReloader
INFO 2025-10-07 23:33:12,980 autoreload 25348 14900 C:\Users\athar\OneDrive\Desktop\TY - Sem 1\EDI\parking-system\dashboard\driver_applications\views.py changed, reloading.
INFO 2025-10-07 23:33:13,489 autoreload 15516 18692 Watching for file changes with StatReloader
INFO 2025-10-07 23:33:13,804 autoreload 24168 20016 Watching for file changes with StatReloader
INFO 2025-10-07 23:33:18,232 autoreload 24168 20016 C:\Users\athar\OneDrive\Desktop\TY - Sem 1\EDI\parking-system\dashboard\driver_applications\views.py changed, reloading.
INFO 2025-10-07 23:33:18,333 autoreload 5856 25028 C:\Users\athar\OneDrive\Desktop\TY - Sem 1\EDI\parking-system\dashboard\driver_applications\views.py changed, reloading.
INFO 2025-10-07 23:33:18,999 autoreload 15516 18692 C:\Users\athar\OneDrive\Desktop\TY - Sem 1\EDI\parking-system\dashboard\driver_applications\views.py changed, reloading.
INFO 2025-10-07 23:33:19,085 autoreload 19580 25016 Watching for file changes with StatReloader
INFO 2025-10-07 23:33:19,179 autoreload 24632 17556 Watching for file changes with StatReloader
INFO 2025-10-07 23:33:19,885 autoreload 15784 9020 Watching for file changes with StatReloader
INFO 2025-10-07 23:33:25,401 autoreload 15784 9020 C:\Users\athar\OneDrive\Desktop\TY - Sem 1\EDI\parking-system\dashboard\driver_applications\views.py changed, reloading.
INFO 2025-10-07 23:33:25,631 autoreload 19580 25016 C:\Users\athar\OneDrive\Desktop\TY - Sem 1\EDI\parking-system\dashboard\driver_applications\views.py changed, reloading.
INFO 2025-10-07 23:33:25,667 autoreload 24632 17556 C:\Users\athar\OneDrive\Desktop\TY - Sem 1\EDI\parking-system\dashboard\driver_applications\views.py changed, reloading.
INFO 2025-10-07 23:33:26,261 autoreload 3572 22380 Watching for file changes with StatReloader
INFO 2025-10-07 23:33:26,476 autoreload 10516 24224 Watching for file changes with StatReloader
INFO 2025-10-07 23:33:26,517 autoreload 10084 24640 Watching for file changes with StatReloader
INFO 2025-10-07 23:33:32,870 autoreload 3572 22380 C:\Users\athar\OneDrive\Desktop\TY - Sem 1\EDI\parking-system\dashboard\driver_applications\views.py changed, reloading.
INFO 2025-10-07 23:33:33,039 autoreload 10516 24224 C:\Users\athar\OneDrive\Desktop\TY - Sem 1\EDI\parking-system\dashboard\driver_applications\views.py changed, reloading.
INFO 2025-10-07 23:33:33,075 autoreload 10084 24640 C:\Users\athar\OneDrive\Desktop\TY - Sem 1\EDI\parking-system\dashboard\driver_applications\views.py changed, reloading.
INFO 2025-10-07 23:33:33,725 autoreload 22496 19512 Watching for file changes with StatReloader
INFO 2025-10-07 23:33:33,883 autoreload 21628 4976 Watching for file changes with StatReloader
INFO 2025-10-07 23:33:33,920 autoreload 12244 23872 Watching for file changes with StatReloader
INFO 2025-10-07 23:36:47,670 autoreload 16976 2860 Watching for file changes with StatReloader
INFO 2025-10-07 23:37:57,777 autoreload 16976 2860 C:\Users\athar\OneDrive\Desktop\TY - Sem 1\EDI\parking-system\dashboard\driver_applications\views.py changed, reloading.
INFO 2025-10-07 23:37:57,880 autoreload 12244 23872 C:\Users\athar\OneDrive\Desktop\TY - Sem 1\EDI\parking-system\dashboard\driver_applications\views.py changed, reloading.
INFO 2025-10-07 23:37:57,884 autoreload 21628 4976 C:\Users\athar\OneDrive\Desktop\TY - Sem 1\EDI\parking-system\dashboard\driver_applications\views.py changed, reloading.
INFO 2025-10-07 23:37:58,653 autoreload 17692 22556 Watching for file changes with StatReloader
INFO 2025-10-07 23:37:58,764 autoreload 22260 20460 Watching for file changes with StatReloader
INFO 2025-10-07 23:37:58,766 autoreload 9392 11864 Watching for file changes with StatReloader
INFO 2025-10-07 23:38:06,695 autoreload 9392 11864 C:\Users\athar\OneDrive\Desktop\TY - Sem 1\EDI\parking-system\dashboard\driver_applications\views.py changed, reloading.
INFO 2025-10-07 23:38:06,699 autoreload 22260 20460 C:\Users\athar\OneDrive\Desktop\TY - Sem 1\EDI\parking-system\dashboard\driver_applications\views.py changed, reloading.
INFO 2025-10-07 23:38:06,719 autoreload 17692 22556 C:\Users\athar\OneDrive\Desktop\TY - Sem 1\EDI\parking-system\dashboard\driver_applications\views.py changed, reloading.
INFO 2025-10-07 23:38:07,581 autoreload 13000 22124 Watching for file changes with StatReloader
INFO 2025-10-07 23:38:07,584 autoreload 18824 21528 Watching for file changes with StatReloader
INFO 2025-10-07 23:38:07,615 autoreload 8668 3084 Watching for file changes with StatReloader
INFO 2025-10-07 23:38:18,612 autoreload 13000 22124 C:\Users\athar\OneDrive\Desktop\TY - Sem 1\EDI\parking-system\dashboard\driver_applications\views.py changed, reloading.
INFO 2025-10-07 23:38:18,613 autoreload 18824 21528 C:\Users\athar\OneDrive\Desktop\TY - Sem 1\EDI\parking-system\dashboard\driver_applications\views.py changed, reloading.
INFO 2025-10-07 23:38:18,717 autoreload 8668 3084 C:\Users\athar\OneDrive\Desktop\TY - Sem 1\EDI\parking-system\dashboard\driver_applications\views.py changed, reloading.
INFO 2025-10-07 23:38:19,498 autoreload 10988 10072 Watching for file changes with StatReloader
INFO 2025-10-07 23:38:19,500 autoreload 3056 14608 Watching for file changes with StatReloader
INFO 2025-10-07 23:38:19,627 autoreload 24588 25516 Watching for file changes with StatReloader
INFO 2025-10-07 23:38:25,299 autoreload 3056 14608 C:\Users\athar\OneDrive\Desktop\TY - Sem 1\EDI\parking-system\dashboard\driver_applications\views.py changed, reloading.
INFO 2025-10-07 23:38:25,320 autoreload 10988 10072 C:\Users\athar\OneDrive\Desktop\TY - Sem 1\EDI\parking-system\dashboard\driver_applications\views.py changed, reloading.
INFO 2025-10-07 23:38:25,446 autoreload 24588 25516 C:\Users\athar\OneDrive\Desktop\TY - Sem 1\EDI\parking-system\dashboard\driver_applications\views.py changed, reloading.
INFO 2025-10-07 23:38:26,169 autoreload 22356 24312 Watching for file changes with StatReloader
INFO 2025-10-07 23:38:26,185 autoreload 7924 14900 Watching for file changes with StatReloader
INFO 2025-10-07 23:38:26,339 autoreload 20016 25164 Watching for file changes with StatReloader
INFO 2025-10-07 23:38:33,025 autoreload 22356 24312 C:\Users\athar\OneDrive\Desktop\TY - Sem 1\EDI\parking-system\dashboard\driver_applications\views.py changed, reloading.
INFO 2025-10-07 23:38:33,037 autoreload 7924 14900 C:\Users\athar\OneDrive\Desktop\TY - Sem 1\EDI\parking-system\dashboard\driver_applications\views.py changed, reloading.
INFO 2025-10-07 23:38:33,221 autoreload 20016 25164 C:\Users\athar\OneDrive\Desktop\TY - Sem 1\EDI\parking-system\dashboard\driver_applications\views.py changed, reloading.
INFO 2025-10-07 23:38:33,893 autoreload 22648 21292 Watching for file changes with StatReloader
INFO 2025-10-07 23:38:33,903 autoreload 1188 15000 Watching for file changes with StatReloader
INFO 2025-10-07 23:38:34,090 autoreload 12572 4648 Watching for file changes with StatReloader
INFO 2025-10-07 23:38:40,973 autoreload 12572 4648 C:\Users\athar\OneDrive\Desktop\TY - Sem 1\EDI\parking-system\dashboard\driver_applications\views.py changed, reloading.
INFO 2025-10-07 23:38:41,778 autoreload 22648 21292 C:\Users\athar\OneDrive\Desktop\TY - Sem 1\EDI\parking-system\dashboard\driver_applications\views.py changed, reloading.
INFO 2025-10-07 23:38:41,783 autoreload 1188 15000 C:\Users\athar\OneDrive\Desktop\TY - Sem 1\EDI\parking-system\dashboard\driver_applications\views.py changed, reloading.
INFO 2025-10-07 23:38:41,840 autoreload 10112 18600 Watching for file changes with StatReloader
INFO 2025-10-07 23:38:42,655 autoreload 19680 4116 Watching for file changes with StatReloader

INFO 2025-10-07 23:41:58,111 autoreload 2540 24052 Watching for file changes with StatReloader
INFO 2025-10-07 23:42:03,301 basehttp 19680 14384 "GET / HTTP/1.1" 200 64683
INFO 2025-10-07 23:42:03,474 basehttp 19680 14384 "GET / HTTP/1.1" 200 64683
INFO 2025-10-07 23:42:05,792 basehttp 19680 14384 "GET /driver/dashboard/ HTTP/1.1" 302 0
WARNING 2025-10-07 23:42:05,835 log 19680 14384 Not Found: /accounts/login/
WARNING 2025-10-07 23:42:05,835 basehttp 19680 14384 "GET /accounts/login/?next=/driver/dashboard/ HTTP/1.1" 404 5086
INFO 2025-10-07 23:42:08,461 basehttp 19680 14384 "GET /driver/apply/ HTTP/1.1" 200 48927
INFO 2025-10-07 23:42:08,538 basehttp 19680 14384 "GET /static/css/dashboard.css HTTP/1.1" 200 37675
INFO 2025-10-07 23:43:16,384 basehttp 19680 10984 "GET /driver/apply/ HTTP/1.1" 200 48927
INFO 2025-10-07 23:44:34,745 basehttp 19680 10984 "POST /driver/apply/ HTTP/1.1" 200 49754
INFO 2025-10-07 23:44:37,214 basehttp 19680 10984 "GET / HTTP/1.1" 200 64683
INFO 2025-10-07 23:44:49,791 basehttp 19680 10984 "GET /driver/dashboard/ HTTP/1.1" 302 0
WARNING 2025-10-07 23:44:49,800 log 19680 10984 Not Found: /accounts/login/
WARNING 2025-10-07 23:44:49,801 basehttp 19680 10984 "GET /accounts/login/?next=/driver/dashboard/ HTTP/1.1" 404 5086
INFO 2025-10-07 23:51:00,953 autoreload 18588 24068 C:\Users\athar\OneDrive\Desktop\TY - Sem 1\EDI\parking-system\dashboard\driver_applications\views.py changed, reloading.
INFO 2025-10-07 23:51:01,009 autoreload 19680 4116 C:\Users\athar\OneDrive\Desktop\TY - Sem 1\EDI\parking-system\dashboard\driver_applications\views.py changed, reloading.
INFO 2025-10-07 23:51:01,851 autoreload 14700 16748 Watching for file changes with StatReloader
INFO 2025-10-07 23:51:01,894 autoreload 22368 21560 Watching for file changes with StatReloader
INFO 2025-10-07 23:51:12,913 autoreload 14700 16748 C:\Users\athar\OneDrive\Desktop\TY - Sem 1\EDI\parking-system\dashboard\driver_applications\urls.py changed, reloading.
INFO 2025-10-07 23:51:12,917 autoreload 22368 21560 C:\Users\athar\OneDrive\Desktop\TY - Sem 1\EDI\parking-system\dashboard\driver_applications\urls.py changed, reloading.
INFO 2025-10-07 23:51:13,759 autoreload 21548 22100 Watching for file changes with StatReloader
INFO 2025-10-07 23:51:13,759 autoreload 13984 12748 Watching for file changes with StatReloader
INFO 2025-10-07 23:58:22,690 autoreload 16416 9324 Watching for file changes with StatReloader
INFO 2025-10-07 23:58:25,516 basehttp 21548 16792 "GET / HTTP/1.1" 200 65020
INFO 2025-10-07 23:58:32,982 basehttp 21548 16792 "GET /driver/dashboard/ HTTP/1.1" 302 0
WARNING 2025-10-07 23:58:32,994 log 21548 16792 Not Found: /accounts/login/
WARNING 2025-10-07 23:58:32,995 basehttp 21548 16792 "GET /accounts/login/?next=/driver/dashboard/ HTTP/1.1" 404 5086
INFO 2025-10-07 23:58:35,943 basehttp 21548 16792 "GET /driver/apply/ HTTP/1.1" 200 48927
INFO 2025-10-07 23:58:35,971 basehttp 21548 16792 "GET /static/css/dashboard.css HTTP/1.1" 304 0
INFO 2025-10-07 23:58:38,483 basehttp 21548 16792 "GET /driver/dashboard/ HTTP/1.1" 302 0
WARNING 2025-10-07 23:58:38,491 log 21548 16792 Not Found: /accounts/login/
WARNING 2025-10-07 23:58:38,492 basehttp 21548 16792 "GET /accounts/login/?next=/driver/dashboard/ HTTP/1.1" 404 5086
INFO 2025-10-07 23:59:09,902 basehttp 21548 16792 "GET /driver/dashboard/ HTTP/1.1" 302 0
WARNING 2025-10-07 23:59:09,913 log 21548 16792 Not Found: /accounts/login/
WARNING 2025-10-07 23:59:09,914 basehttp 21548 16792 "GET /accounts/login/?next=/driver/dashboard/ HTTP/1.1" 404 5086
INFO 2025-10-07 23:59:30,670 basehttp 21548 16792 "GET /driver/dashboard/ HTTP/1.1" 302 0
WARNING 2025-10-07 23:59:30,680 log 21548 16792 Not Found: /accounts/login/
WARNING 2025-10-07 23:59:30,680 basehttp 21548 16792 "GET /accounts/login/?next=/driver/dashboard/ HTTP/1.1" 404 5086
INFO 2025-10-07 23:59:45,254 autoreload 13984 12748 C:\Users\athar\OneDrive\Desktop\TY - Sem 1\EDI\parking-system\dashboard\core\urls.py changed, reloading.
INFO 2025-10-07 23:59:45,508 autoreload 16416 9324 C:\Users\athar\OneDrive\Desktop\TY - Sem 1\EDI\parking-system\dashboard\core\urls.py changed, reloading.
INFO 2025-10-07 23:59:45,849 autoreload 21548 22100 C:\Users\athar\OneDrive\Desktop\TY - Sem 1\EDI\parking-system\dashboard\core\urls.py changed, reloading.
INFO 2025-10-07 23:59:46,209 autoreload 4116 6028 Watching for file changes with StatReloader
INFO 2025-10-07 23:59:46,439 autoreload 24744 1692 Watching for file changes with StatReloader
INFO 2025-10-07 23:59:46,801 autoreload 17936 23188 Watching for file changes with StatReloader
INFO 2025-10-08 00:00:11,928 autoreload 4116 6028 C:\Users\athar\OneDrive\Desktop\TY - Sem 1\EDI\parking-system\dashboard\core\settings.py changed, reloading.
INFO 2025-10-08 00:00:12,119 autoreload 24744 1692 C:\Users\athar\OneDrive\Desktop\TY - Sem 1\EDI\parking-system\dashboard\core\settings.py changed, reloading.
INFO 2025-10-08 00:00:12,477 autoreload 17936 23188 C:\Users\athar\OneDrive\Desktop\TY - Sem 1\EDI\parking-system\dashboard\core\settings.py changed, reloading.
INFO 2025-10-08 00:00:12,842 autoreload 5272 7412 Watching for file changes with StatReloader
INFO 2025-10-08 00:00:13,011 autoreload 21824 2516 Watching for file changes with StatReloader
INFO 2025-10-08 00:00:13,368 autoreload 10492 8728 Watching for file changes with StatReloader
INFO 2025-10-08 00:02:09,690 autoreload 21300 3572 Watching for file changes with StatReloader
INFO 2025-10-08 00:02:14,314 basehttp 21300 436 "GET / HTTP/1.1" 200 65020
INFO 2025-10-08 00:02:14,902 basehttp 21300 436 "GET / HTTP/1.1" 200 65020
INFO 2025-10-08 00:02:15,054 basehttp 21300 436 "GET / HTTP/1.1" 200 65020
INFO 2025-10-08 00:02:15,889 basehttp 21300 436 "GET /driver/dashboard/ HTTP/1.1" 302 0
INFO 2025-10-08 00:02:15,930 basehttp 21300 436 "GET /driver/security/login/?next=/driver/dashboard/ HTTP/1.1" 200 4308
INFO 2025-10-08 00:02:42,272 basehttp 21300 436 "POST /driver/security/login/?next=/driver/dashboard/ HTTP/1.1" 200 4753
INFO 2025-10-08 00:02:51,374 basehttp 21300 436 "POST /driver/security/login/?next=/driver/dashboard/ HTTP/1.1" 200 4753
INFO 2025-10-08 00:02:56,257 basehttp 21300 436 "GET /driver/security/login/?next=/driver/dashboard/ HTTP/1.1" 200 4444
INFO 2025-10-08 00:02:57,491 basehttp 21300 436 "GET / HTTP/1.1" 200 65020
INFO 2025-10-08 00:02:57,678 basehttp 21300 436 "GET / HTTP/1.1" 200 65020
INFO 2025-10-08 00:02:57,848 basehttp 21300 436 "GET / HTTP/1.1" 200 65020
INFO 2025-10-08 00:02:58,745 basehttp 21300 436 "GET /driver/dashboard/ HTTP/1.1" 302 0
INFO 2025-10-08 00:02:58,745 basehttp 21300 436 "GET /driver/security/login/?next=/driver/dashboard/ HTTP/1.1" 200 4444
INFO 2025-10-08 00:05:07,643 autoreload 21300 3572 C:\Users\athar\OneDrive\Desktop\TY - Sem 1\EDI\parking-system\dashboard\driver_applications\urls.py changed, reloading.
INFO 2025-10-08 00:05:08,554 autoreload 16032 23128 Watching for file changes with StatReloader
INFO 2025-10-08 00:05:17,283 autoreload 16032 23128 C:\Users\athar\OneDrive\Desktop\TY - Sem 1\EDI\parking-system\dashboard\driver_applications\views.py changed, reloading.
INFO 2025-10-08 00:05:18,133 autoreload 24044 12584 Watching for file changes with StatReloader
INFO 2025-10-08 00:05:24,795 autoreload 24044 12584 C:\Users\athar\OneDrive\Desktop\TY - Sem 1\EDI\parking-system\dashboard\core\settings.py changed, reloading.
INFO 2025-10-08 00:05:25,563 autoreload 24232 19136 Watching for file changes with StatReloader
INFO 2025-10-08 00:13:16,185 autoreload 25580 12884 Watching for file changes with StatReloader
INFO 2025-10-08 00:13:18,442 basehttp 25580 13692 "GET / HTTP/1.1" 200 65023
INFO 2025-10-08 00:13:18,722 basehttp 25580 13692 "GET / HTTP/1.1" 200 65023
INFO 2025-10-08 00:13:19,161 basehttp 25580 13692 "GET / HTTP/1.1" 200 65023
INFO 2025-10-08 00:13:19,554 basehttp 25580 13692 "GET / HTTP/1.1" 200 65023
INFO 2025-10-08 00:13:20,940 basehttp 25580 13692 "GET /driver/dashboard/ HTTP/1.1" 302 0
ERROR 2025-10-08 00:13:21,067 log 25580 13692 Internal Server Error: /accounts/login/
Traceback (most recent call last):
  File "C:\Users\athar\AppData\Local\Programs\Python\Python311\Lib\site-packages\django\core\handlers\exception.py", line 55, in inner
    response = get_response(request)
               ^^^^^^^^^^^^^^^^^^^^^
  File "C:\Users\athar\AppData\Local\Programs\Python\Python311\Lib\site-packages\django\core\handlers\base.py", line 220, in _get_response
    response = response.render()
               ^^^^^^^^^^^^^^^^^
  File "C:\Users\athar\AppData\Local\Programs\Python\Python311\Lib\site-packages\django\template\response.py", line 114, in render
    self.content = self.rendered_content
                   ^^^^^^^^^^^^^^^^^^^^^
  File "C:\Users\athar\AppData\Local\Programs\Python\Python311\Lib\site-packages\django\template\response.py", line 90, in rendered_content
    template = self.resolve_template(self.template_name)
               ^^^^^^^^^^^^^^^^^^^^^^^^^^^^^^^^^^^^^^^^^
  File "C:\Users\athar\AppData\Local\Programs\Python\Python311\Lib\site-packages\django\template\response.py", line 72, in resolve_template
    return select_template(template, using=self.using)
           ^^^^^^^^^^^^^^^^^^^^^^^^^^^^^^^^^^^^^^^^^^^
  File "C:\Users\athar\AppData\Local\Programs\Python\Python311\Lib\site-packages\django\template\loader.py", line 47, in select_template
    raise TemplateDoesNotExist(", ".join(template_name_list), chain=chain)
django.template.exceptions.TemplateDoesNotExist: registration/login.html
ERROR 2025-10-08 00:13:21,069 basehttp 25580 13692 "GET /accounts/login/?next=/driver/dashboard/ HTTP/1.1" 500 85405
INFO 2025-10-08 00:13:25,636 basehttp 25580 13692 "GET /driver/dashboard/ HTTP/1.1" 302 0
ERROR 2025-10-08 00:13:25,657 log 25580 13692 Internal Server Error: /accounts/login/
Traceback (most recent call last):
  File "C:\Users\athar\AppData\Local\Programs\Python\Python311\Lib\site-packages\django\core\handlers\exception.py", line 55, in inner
    response = get_response(request)
               ^^^^^^^^^^^^^^^^^^^^^
  File "C:\Users\athar\AppData\Local\Programs\Python\Python311\Lib\site-packages\django\core\handlers\base.py", line 220, in _get_response
    response = response.render()
               ^^^^^^^^^^^^^^^^^
  File "C:\Users\athar\AppData\Local\Programs\Python\Python311\Lib\site-packages\django\template\response.py", line 114, in render
    self.content = self.rendered_content
                   ^^^^^^^^^^^^^^^^^^^^^
  File "C:\Users\athar\AppData\Local\Programs\Python\Python311\Lib\site-packages\django\template\response.py", line 90, in rendered_content
    template = self.resolve_template(self.template_name)
               ^^^^^^^^^^^^^^^^^^^^^^^^^^^^^^^^^^^^^^^^^
  File "C:\Users\athar\AppData\Local\Programs\Python\Python311\Lib\site-packages\django\template\response.py", line 72, in resolve_template
    return select_template(template, using=self.using)
           ^^^^^^^^^^^^^^^^^^^^^^^^^^^^^^^^^^^^^^^^^^^
  File "C:\Users\athar\AppData\Local\Programs\Python\Python311\Lib\site-packages\django\template\loader.py", line 47, in select_template
    raise TemplateDoesNotExist(", ".join(template_name_list), chain=chain)
django.template.exceptions.TemplateDoesNotExist: registration/login.html
ERROR 2025-10-08 00:13:25,659 basehttp 25580 13692 "GET /accounts/login/?next=/driver/dashboard/ HTTP/1.1" 500 85405
INFO 2025-10-08 00:13:29,492 basehttp 25580 13692 "GET /realtime/ HTTP/1.1" 200 50560
INFO 2025-10-08 00:13:30,209 basehttp 25580 13692 "GET /analytics/ HTTP/1.1" 200 46129
INFO 2025-10-08 00:13:36,307 basehttp 25580 13692 "GET /driver/dashboard/ HTTP/1.1" 302 0
ERROR 2025-10-08 00:13:36,327 log 25580 13692 Internal Server Error: /accounts/login/
Traceback (most recent call last):
  File "C:\Users\athar\AppData\Local\Programs\Python\Python311\Lib\site-packages\django\core\handlers\exception.py", line 55, in inner
    response = get_response(request)
               ^^^^^^^^^^^^^^^^^^^^^
  File "C:\Users\athar\AppData\Local\Programs\Python\Python311\Lib\site-packages\django\core\handlers\base.py", line 220, in _get_response
    response = response.render()
               ^^^^^^^^^^^^^^^^^
  File "C:\Users\athar\AppData\Local\Programs\Python\Python311\Lib\site-packages\django\template\response.py", line 114, in render
    self.content = self.rendered_content
                   ^^^^^^^^^^^^^^^^^^^^^
  File "C:\Users\athar\AppData\Local\Programs\Python\Python311\Lib\site-packages\django\template\response.py", line 90, in rendered_content
    template = self.resolve_template(self.template_name)
               ^^^^^^^^^^^^^^^^^^^^^^^^^^^^^^^^^^^^^^^^^
  File "C:\Users\athar\AppData\Local\Programs\Python\Python311\Lib\site-packages\django\template\response.py", line 72, in resolve_template
    return select_template(template, using=self.using)
           ^^^^^^^^^^^^^^^^^^^^^^^^^^^^^^^^^^^^^^^^^^^
  File "C:\Users\athar\AppData\Local\Programs\Python\Python311\Lib\site-packages\django\template\loader.py", line 47, in select_template
    raise TemplateDoesNotExist(", ".join(template_name_list), chain=chain)
django.template.exceptions.TemplateDoesNotExist: registration/login.html
ERROR 2025-10-08 00:13:36,329 basehttp 25580 13692 "GET /accounts/login/?next=/driver/dashboard/ HTTP/1.1" 500 85415
INFO 2025-10-08 00:13:51,005 autoreload 23852 3260 Watching for file changes with StatReloader
INFO 2025-10-08 00:13:53,138 basehttp 23852 6688 "GET /analytics/ HTTP/1.1" 200 46129
INFO 2025-10-08 00:13:53,648 basehttp 23852 6688 "GET /analytics/ HTTP/1.1" 200 46129
INFO 2025-10-08 00:13:54,886 basehttp 23852 6688 "GET /driver/dashboard/ HTTP/1.1" 302 0
ERROR 2025-10-08 00:13:54,917 log 23852 6688 Internal Server Error: /accounts/login/
Traceback (most recent call last):
  File "C:\Users\athar\AppData\Local\Programs\Python\Python311\Lib\site-packages\django\core\handlers\exception.py", line 55, in inner
    response = get_response(request)
               ^^^^^^^^^^^^^^^^^^^^^
  File "C:\Users\athar\AppData\Local\Programs\Python\Python311\Lib\site-packages\django\core\handlers\base.py", line 220, in _get_response
    response = response.render()
               ^^^^^^^^^^^^^^^^^
  File "C:\Users\athar\AppData\Local\Programs\Python\Python311\Lib\site-packages\django\template\response.py", line 114, in render
    self.content = self.rendered_content
                   ^^^^^^^^^^^^^^^^^^^^^
  File "C:\Users\athar\AppData\Local\Programs\Python\Python311\Lib\site-packages\django\template\response.py", line 90, in rendered_content
    template = self.resolve_template(self.template_name)
               ^^^^^^^^^^^^^^^^^^^^^^^^^^^^^^^^^^^^^^^^^
  File "C:\Users\athar\AppData\Local\Programs\Python\Python311\Lib\site-packages\django\template\response.py", line 72, in resolve_template
    return select_template(template, using=self.using)
           ^^^^^^^^^^^^^^^^^^^^^^^^^^^^^^^^^^^^^^^^^^^
  File "C:\Users\athar\AppData\Local\Programs\Python\Python311\Lib\site-packages\django\template\loader.py", line 47, in select_template
    raise TemplateDoesNotExist(", ".join(template_name_list), chain=chain)
django.template.exceptions.TemplateDoesNotExist: registration/login.html
ERROR 2025-10-08 00:13:54,920 basehttp 23852 6688 "GET /accounts/login/?next=/driver/dashboard/ HTTP/1.1" 500 85415
INFO 2025-10-08 00:14:50,645 basehttp 23852 6688 "GET /driver/dashboard/ HTTP/1.1" 302 0
INFO 2025-10-08 00:14:50,690 basehttp 23852 6688 "GET /accounts/login/?next=/driver/dashboard/ HTTP/1.1" 200 6011
INFO 2025-10-08 00:15:35,741 basehttp 23852 6688 "GET /driver/dashboard/ HTTP/1.1" 302 0
INFO 2025-10-08 00:15:35,749 basehttp 23852 6688 "GET /accounts/login/?next=/driver/dashboard/ HTTP/1.1" 200 6011
INFO 2025-10-08 00:15:37,751 basehttp 23852 6688 "GET / HTTP/1.1" 200 65089
INFO 2025-10-08 00:20:32,077 autoreload 24792 6308 Watching for file changes with StatReloader
INFO 2025-10-08 00:20:33,206 basehttp 24792 20864 "GET / HTTP/1.1" 200 65023
INFO 2025-10-08 00:20:33,888 basehttp 24792 20864 "GET / HTTP/1.1" 200 65023
INFO 2025-10-08 00:20:34,755 basehttp 24792 20864 "GET / HTTP/1.1" 200 65023
INFO 2025-10-08 00:20:36,864 basehttp 24792 20864 "GET /driver/dashboard/ HTTP/1.1" 200 39362
INFO 2025-10-08 00:20:36,886 basehttp 24792 20864 "GET /static/css/dashboard.css HTTP/1.1" 304 0
INFO 2025-10-08 00:20:55,844 basehttp 24792 20864 "GET /analytics/ HTTP/1.1" 200 46129
INFO 2025-10-08 00:21:08,215 basehttp 24792 20864 "GET /driver/apply/ HTTP/1.1" 200 48927
INFO 2025-10-08 00:21:10,254 basehttp 24792 20864 "GET /driver/dashboard/ HTTP/1.1" 200 39362
INFO 2025-10-08 00:21:41,168 basehttp 24792 20864 "GET /driver/dashboard/ HTTP/1.1" 200 39362
INFO 2025-10-08 00:22:12,169 basehttp 24792 20864 "GET /driver/dashboard/ HTTP/1.1" 200 39362
INFO 2025-10-08 00:22:43,162 basehttp 24792 20864 "GET /driver/dashboard/ HTTP/1.1" 200 39362
INFO 2025-10-08 00:23:14,211 basehttp 24792 20864 "GET /driver/dashboard/ HTTP/1.1" 200 34864
INFO 2025-10-08 00:23:45,173 basehttp 24792 20864 "GET /driver/dashboard/ HTTP/1.1" 200 34864
INFO 2025-10-08 00:24:16,176 basehttp 24792 20864 "GET /driver/dashboard/ HTTP/1.1" 200 34864
INFO 2025-10-08 00:24:55,024 autoreload 2540 24708 Watching for file changes with StatReloader
INFO 2025-10-08 00:24:56,739 basehttp 2540 7144 "GET /driver/dashboard/ HTTP/1.1" 200 34864
INFO 2025-10-08 00:25:00,100 basehttp 2540 7144 "GET / HTTP/1.1" 200 65023
INFO 2025-10-08 00:25:01,156 basehttp 2540 7144 "GET /realtime/ HTTP/1.1" 200 50560
INFO 2025-10-08 00:25:02,375 basehttp 2540 7144 "GET / HTTP/1.1" 200 65023
INFO 2025-10-08 00:25:03,580 basehttp 2540 7144 "GET /driver/dashboard/ HTTP/1.1" 200 34864
INFO 2025-10-08 00:25:06,862 basehttp 2540 7144 "GET / HTTP/1.1" 200 65023
INFO 2025-10-08 00:25:08,600 basehttp 2540 7144 "GET /driver/dashboard/ HTTP/1.1" 200 34864
INFO 2025-10-08 00:25:09,756 basehttp 2540 7144 "GET / HTTP/1.1" 200 65023
INFO 2025-10-08 00:25:12,269 basehttp 2540 7144 "GET /driver/dashboard/ HTTP/1.1" 200 34864
INFO 2025-10-08 00:25:43,170 basehttp 2540 7144 "GET /driver/dashboard/ HTTP/1.1" 200 34864
INFO 2025-10-08 00:26:14,163 basehttp 2540 7144 "GET /driver/dashboard/ HTTP/1.1" 200 34864
INFO 2025-10-08 00:26:45,168 basehttp 2540 7144 "GET /driver/dashboard/ HTTP/1.1" 200 34864
INFO 2025-10-08 00:27:16,180 basehttp 2540 7144 "GET /driver/dashboard/ HTTP/1.1" 200 34864
INFO 2025-10-08 00:27:23,544 basehttp 2540 7144 "GET /driver/dashboard/ HTTP/1.1" 200 34864
INFO 2025-10-08 00:27:25,165 basehttp 2540 7144 "GET /driver/dashboard/ HTTP/1.1" 200 34864
INFO 2025-10-08 00:27:25,367 basehttp 2540 7144 "GET /driver/dashboard/ HTTP/1.1" 200 34864
INFO 2025-10-08 00:27:25,508 basehttp 2540 7144 "GET /driver/dashboard/ HTTP/1.1" 200 34864
INFO 2025-10-08 00:27:25,661 basehttp 2540 7144 "GET /driver/dashboard/ HTTP/1.1" 200 34864
INFO 2025-10-08 00:27:30,596 autoreload 22516 24964 Watching for file changes with StatReloader
INFO 2025-10-08 00:27:31,493 basehttp 22516 1584 "GET /driver/dashboard/ HTTP/1.1" 200 34864
INFO 2025-10-08 00:27:32,424 basehttp 22516 1584 "GET /driver/dashboard/ HTTP/1.1" 200 34864
INFO 2025-10-08 00:27:32,679 basehttp 22516 1584 "GET /driver/dashboard/ HTTP/1.1" 200 34864
INFO 2025-10-08 00:27:32,835 basehttp 22516 1584 "GET /driver/dashboard/ HTTP/1.1" 200 34864
INFO 2025-10-08 00:27:33,487 basehttp 22516 1584 "GET / HTTP/1.1" 200 65023
INFO 2025-10-08 00:27:34,041 basehttp 22516 1584 "GET /realtime/ HTTP/1.1" 200 50560
INFO 2025-10-08 00:27:34,534 basehttp 22516 1584 "GET /analytics/ HTTP/1.1" 200 46129
INFO 2025-10-08 00:27:36,946 basehttp 22516 1584 "GET /driver/dashboard/ HTTP/1.1" 200 34864
INFO 2025-10-08 00:28:07,165 basehttp 22516 1584 "GET /driver/dashboard/ HTTP/1.1" 200 34864
INFO 2025-10-08 00:28:38,170 basehttp 22516 1584 "GET /driver/dashboard/ HTTP/1.1" 200 34864
INFO 2025-10-08 00:29:09,177 basehttp 22516 1584 "GET /driver/dashboard/ HTTP/1.1" 200 34864
INFO 2025-10-08 00:29:40,199 basehttp 22516 1584 "GET /driver/dashboard/ HTTP/1.1" 200 34829
INFO 2025-10-08 00:30:11,163 basehttp 22516 1584 "GET /driver/dashboard/ HTTP/1.1" 200 34829
INFO 2025-10-08 00:30:42,216 basehttp 22516 1584 "GET /driver/dashboard/ HTTP/1.1" 200 36308
INFO 2025-10-08 00:31:13,174 basehttp 22516 1584 "GET /driver/dashboard/ HTTP/1.1" 200 36308
INFO 2025-10-08 00:31:44,171 basehttp 22516 1584 "GET /driver/dashboard/ HTTP/1.1" 200 36308
INFO 2025-10-08 00:32:15,163 basehttp 22516 1584 "GET /driver/dashboard/ HTTP/1.1" 200 36308
INFO 2025-10-08 00:32:46,173 basehttp 22516 1584 "GET /driver/dashboard/ HTTP/1.1" 200 36308
INFO 2025-10-08 00:33:11,251 autoreload 25092 17012 Watching for file changes with StatReloader
INFO 2025-10-08 00:33:13,643 basehttp 25092 19424 "GET /driver/dashboard/ HTTP/1.1" 200 36308
INFO 2025-10-08 00:33:14,317 basehttp 25092 19424 "GET /driver/dashboard/ HTTP/1.1" 200 36308
INFO 2025-10-08 00:33:14,496 basehttp 25092 19424 "GET /driver/dashboard/ HTTP/1.1" 200 36308
INFO 2025-10-08 00:33:20,297 basehttp 25092 19424 "GET /driver/dashboard/ HTTP/1.1" 200 36308
INFO 2025-10-08 00:33:20,455 basehttp 25092 19424 "GET /driver/dashboard/ HTTP/1.1" 200 36308
INFO 2025-10-08 00:33:20,626 basehttp 25092 19424 "GET /driver/dashboard/ HTTP/1.1" 200 36308
INFO 2025-10-08 00:33:21,280 basehttp 25092 19424 "GET / HTTP/1.1" 200 65023
INFO 2025-10-08 00:33:22,807 basehttp 25092 19424 "GET /driver/dashboard/ HTTP/1.1" 200 36308
INFO 2025-10-08 00:33:53,172 basehttp 25092 19424 "GET /driver/dashboard/ HTTP/1.1" 200 36308
INFO 2025-10-08 00:34:42,894 autoreload 19028 15224 Watching for file changes with StatReloader
INFO 2025-10-08 00:34:43,671 basehttp 19028 11512 "GET /driver/dashboard/ HTTP/1.1" 200 36928
INFO 2025-10-08 00:34:49,628 basehttp 19028 11512 "GET / HTTP/1.1" 200 65023
INFO 2025-10-08 00:35:12,158 basehttp 19028 11512 "GET /driver/dashboard/ HTTP/1.1" 200 36928
INFO 2025-10-08 00:35:26,008 basehttp 19028 11512 "GET /driver/dashboard/?search_query=&status=&urgency=&material_type= HTTP/1.1" 200 37164
INFO 2025-10-08 00:35:27,237 basehttp 19028 11512 "GET /driver/dashboard/ HTTP/1.1" 200 36928
INFO 2025-10-08 00:35:58,169 basehttp 19028 11512 "GET /driver/dashboard/ HTTP/1.1" 200 36928
INFO 2025-10-08 00:36:29,159 basehttp 19028 11512 "GET /driver/dashboard/ HTTP/1.1" 200 36928
INFO 2025-10-08 00:37:00,200 basehttp 19028 11512 "GET /driver/dashboard/ HTTP/1.1" 200 37781
INFO 2025-10-08 00:37:31,216 basehttp 19028 11512 "GET /driver/dashboard/ HTTP/1.1" 200 38220
INFO 2025-10-08 00:38:02,199 basehttp 19028 11512 "GET /driver/dashboard/ HTTP/1.1" 200 37880
INFO 2025-10-08 00:38:33,199 basehttp 19028 11512 "GET /driver/dashboard/ HTTP/1.1" 200 38016
INFO 2025-10-08 00:39:04,171 basehttp 19028 11512 "GET /driver/dashboard/ HTTP/1.1" 200 38016
INFO 2025-10-08 00:39:14,124 basehttp 19028 11512 "GET /driver/dashboard/ HTTP/1.1" 200 38016
INFO 2025-10-08 00:39:14,834 basehttp 19028 11512 "GET /driver/dashboard/ HTTP/1.1" 200 38016
INFO 2025-10-08 00:39:21,440 autoreload 19028 15224 C:\Users\athar\OneDrive\Desktop\TY - Sem 1\EDI\parking-system\dashboard\driver_applications\models.py changed, reloading.
INFO 2025-10-08 00:39:22,105 autoreload 14600 17064 Watching for file changes with StatReloader
INFO 2025-10-09 10:51:30,694 autoreload 5136 14908 Watching for file changes with StatReloader
INFO 2025-10-09 10:51:38,334 basehttp 5136 19676 "GET / HTTP/1.1" 200 65023
INFO 2025-10-09 10:51:38,411 basehttp 5136 19676 "GET /static/css/professional-theme.css HTTP/1.1" 304 0
INFO 2025-10-09 10:51:38,427 basehttp 5136 19676 "GET /static/js/dashboard.js HTTP/1.1" 304 0
INFO 2025-10-09 10:51:44,956 basehttp 5136 19676 "GET /realtime/ HTTP/1.1" 200 50560
INFO 2025-10-09 10:51:45,819 basehttp 5136 19676 "GET /analytics/ HTTP/1.1" 200 46129
INFO 2025-10-09 10:51:48,728 basehttp 5136 19676 "GET /driver/dashboard/ HTTP/1.1" 200 38016
INFO 2025-10-09 10:52:19,290 basehttp 5136 19676 "GET /driver/dashboard/ HTTP/1.1" 200 38016
INFO 2025-10-09 10:52:50,283 basehttp 5136 19676 "GET /driver/dashboard/ HTTP/1.1" 200 38016
INFO 2025-10-09 10:53:21,302 basehttp 5136 19676 "GET /driver/dashboard/ HTTP/1.1" 200 38016
INFO 2025-10-09 10:53:52,341 basehttp 5136 19676 "GET /driver/dashboard/ HTTP/1.1" 200 38055
INFO 2025-10-09 10:54:23,334 basehttp 5136 19676 "GET /driver/dashboard/ HTTP/1.1" 200 38055
INFO 2025-10-09 10:54:54,275 basehttp 5136 19676 "GET /driver/dashboard/ HTTP/1.1" 200 38055
INFO 2025-10-09 10:55:11,929 basehttp 5136 19676 "GET / HTTP/1.1" 200 65023
INFO 2025-10-09 10:55:34,701 basehttp 5136 19676 "GET /driver/dashboard/ HTTP/1.1" 200 38055
INFO 2025-10-09 10:56:05,289 basehttp 5136 19676 "GET /driver/dashboard/ HTTP/1.1" 200 38055
INFO 2025-10-09 10:56:36,301 basehttp 5136 19676 "GET /driver/dashboard/ HTTP/1.1" 200 38055
INFO 2025-10-09 10:56:53,768 basehttp 5136 19676 "GET /driver/dashboard/ HTTP/1.1" 200 38284
INFO 2025-10-09 10:57:00,055 basehttp 5136 19676 "GET /driver/dashboard/ HTTP/1.1" 200 38284
INFO 2025-10-09 10:57:08,404 basehttp 5136 19676 "GET /driver/dashboard/ HTTP/1.1" 200 38284
INFO 2025-10-09 10:57:39,384 basehttp 5136 19676 "GET /driver/dashboard/ HTTP/1.1" 200 38284
INFO 2025-10-09 10:58:10,284 basehttp 5136 19676 "GET /driver/dashboard/ HTTP/1.1" 200 38284
INFO 2025-10-09 10:58:41,287 basehttp 5136 19676 "GET /driver/dashboard/ HTTP/1.1" 200 38284
INFO 2025-10-09 10:59:12,275 basehttp 5136 19676 "GET /driver/dashboard/ HTTP/1.1" 200 38284
INFO 2025-10-09 10:59:43,301 basehttp 5136 19676 "GET /driver/dashboard/ HTTP/1.1" 200 38284
INFO 2025-10-09 11:00:14,291 basehttp 5136 19676 "GET /driver/dashboard/ HTTP/1.1" 200 38284
INFO 2025-10-09 11:00:45,297 basehttp 5136 19676 "GET /driver/dashboard/ HTTP/1.1" 200 38284
INFO 2025-10-09 11:01:16,271 basehttp 5136 19676 "GET /driver/dashboard/ HTTP/1.1" 200 38284
INFO 2025-10-09 11:01:47,287 basehttp 5136 19676 "GET /driver/dashboard/ HTTP/1.1" 200 38284
INFO 2025-10-09 11:02:18,272 basehttp 5136 19676 "GET /driver/dashboard/ HTTP/1.1" 200 38284
INFO 2025-10-09 11:02:49,294 basehttp 5136 19676 "GET /driver/dashboard/ HTTP/1.1" 200 38284
INFO 2025-10-09 11:41:43,652 autoreload 17252 14076 Watching for file changes with StatReloader
INFO 2025-10-09 11:41:55,444 basehttp 17252 12940 "GET / HTTP/1.1" 200 65343
INFO 2025-10-09 11:42:00,499 basehttp 17252 12940 "GET /driver/dashboard/ HTTP/1.1" 200 38604
INFO 2025-10-09 11:42:03,446 basehttp 17252 12940 "GET / HTTP/1.1" 200 65343
INFO 2025-10-09 11:42:20,761 autoreload 17252 14076 C:\Users\athar\OneDrive\Desktop\TY - Sem 1\EDI\parking-system\dashboard\parking_app\views.py changed, reloading.
INFO 2025-10-09 11:42:22,273 autoreload 24304 19140 Watching for file changes with StatReloader
INFO 2025-10-09 11:59:34,746 autoreload 23788 27404 Watching for file changes with StatReloader
INFO 2025-10-09 11:59:35,877 basehttp 23788 17724 "GET / HTTP/1.1" 200 65023
INFO 2025-10-11 18:47:26,264 autoreload 17008 11040 Watching for file changes with StatReloader
INFO 2025-10-11 18:47:28,446 basehttp 17008 24868 "GET / HTTP/1.1" 200 65023
INFO 2025-10-11 18:47:28,734 basehttp 17008 24868 "GET /static/css/professional-theme.css HTTP/1.1" 304 0
INFO 2025-10-11 18:47:28,736 basehttp 17008 24868 "GET /static/js/dashboard.js HTTP/1.1" 304 0
INFO 2025-10-11 18:47:34,561 basehttp 17008 17028 "GET /realtime/ HTTP/1.1" 200 50560
INFO 2025-10-11 18:47:35,127 basehttp 17008 17028 "GET /analytics/ HTTP/1.1" 200 46129
INFO 2025-10-11 18:47:38,882 basehttp 17008 17028 "GET /driver/dashboard/ HTTP/1.1" 200 38284
INFO 2025-10-11 18:48:09,181 basehttp 17008 17028 "GET /driver/dashboard/ HTTP/1.1" 200 38284
INFO 2025-10-11 18:48:14,762 basehttp 17008 17028 "GET / HTTP/1.1" 200 65023
INFO 2025-10-11 18:58:47,099 basehttp 17008 25332 "GET /realtime/ HTTP/1.1" 200 50560
INFO 2025-10-11 18:58:47,427 basehttp 17008 25332 "GET /analytics/ HTTP/1.1" 200 46129
INFO 2025-10-11 18:59:06,842 basehttp 17008 25332 "GET /driver/dashboard/ HTTP/1.1" 200 38284
INFO 2025-10-11 18:59:36,877 basehttp 17008 25332 "GET /driver/dashboard/ HTTP/1.1" 200 38284
INFO 2025-10-11 18:59:44,996 basehttp 17008 25332 "GET / HTTP/1.1" 200 65023
INFO 2025-10-11 20:08:47,768 autoreload 24180 19988 Watching for file changes with StatReloader
INFO 2025-10-11 20:10:40,694 basehttp 24180 24524 "GET / HTTP/1.1" 200 65023
INFO 2025-10-11 20:11:56,324 autoreload 24180 19988 C:\Users\athar\OneDrive\Desktop\TY - Sem 1\EDI\parking-system\dashboard\parking_app\views.py changed, reloading.
INFO 2025-10-11 20:11:57,333 autoreload 23564 18572 Watching for file changes with StatReloader
INFO 2025-10-11 20:12:12,653 autoreload 23564 18572 C:\Users\athar\OneDrive\Desktop\TY - Sem 1\EDI\parking-system\dashboard\parking_app\views.py changed, reloading.
INFO 2025-10-11 20:12:13,603 autoreload 24040 18884 Watching for file changes with StatReloader
INFO 2025-10-11 20:16:10,189 basehttp 24040 2596 "GET / HTTP/1.1" 200 65023
INFO 2025-10-11 20:16:14,649 basehttp 24040 2596 "GET / HTTP/1.1" 200 65023
INFO 2025-10-11 20:16:14,847 basehttp 24040 2596 "GET / HTTP/1.1" 200 65023
INFO 2025-10-11 20:16:15,024 basehttp 24040 2596 "GET / HTTP/1.1" 200 65023
INFO 2025-10-11 20:16:20,165 autoreload 12008 25080 Watching for file changes with StatReloader
INFO 2025-10-11 20:16:25,334 basehttp 12008 1612 "GET / HTTP/1.1" 200 65023
INFO 2025-10-12 02:52:28,156 autoreload 13216 23472 Watching for file changes with StatReloader
INFO 2025-10-12 02:52:52,655 autoreload 24300 9784 Watching for file changes with StatReloader
INFO 2025-10-12 02:52:55,041 basehttp 24300 17872 "GET / HTTP/1.1" 200 65023
INFO 2025-10-12 03:00:54,832 autoreload 10540 25916 Watching for file changes with StatReloader
INFO 2025-10-12 03:01:54,730 autoreload 24780 26156 Watching for file changes with StatReloader
INFO 2025-10-12 03:02:19,064 basehttp 24780 15068 "GET / HTTP/1.1" 200 65023
INFO 2025-10-12 03:02:19,548 basehttp 24780 15068 "GET / HTTP/1.1" 200 65023
INFO 2025-10-12 03:02:19,963 basehttp 24780 15068 "GET / HTTP/1.1" 200 65023
WARNING 2025-10-12 03:02:34,121 log 24780 9048 Not Found: /gate/
WARNING 2025-10-12 03:02:34,121 basehttp 24780 9048 "GET /gate/?id=7440b3ae-8e92-4095-9265-674a5ffc450c&vscodeBrowserReqId=1760218354090 HTTP/1.1" 404 5109
INFO 2025-10-12 03:04:10,978 autoreload 22932 21500 Watching for file changes with StatReloader
INFO 2025-10-12 03:04:13,193 basehttp 22932 26172 "GET / HTTP/1.1" 200 65023
INFO 2025-10-12 03:13:11,397 autoreload 13216 23472 C:\Users\athar\OneDrive\Desktop\TY - Sem 1\EDI\parking-system\dashboard\parking_app\views.py changed, reloading.
INFO 2025-10-12 03:13:11,702 autoreload 10540 25916 C:\Users\athar\OneDrive\Desktop\TY - Sem 1\EDI\parking-system\dashboard\parking_app\views.py changed, reloading.
INFO 2025-10-12 03:13:12,216 autoreload 26424 16988 Watching for file changes with StatReloader
INFO 2025-10-12 03:13:12,531 autoreload 23708 20308 Watching for file changes with StatReloader
INFO 2025-10-12 03:13:28,706 autoreload 23708 20308 C:\Users\athar\OneDrive\Desktop\TY - Sem 1\EDI\parking-system\dashboard\parking_app\views.py changed, reloading.
INFO 2025-10-12 03:13:29,355 autoreload 26424 16988 C:\Users\athar\OneDrive\Desktop\TY - Sem 1\EDI\parking-system\dashboard\parking_app\views.py changed, reloading.
INFO 2025-10-12 03:13:29,589 autoreload 23464 14804 Watching for file changes with StatReloader
INFO 2025-10-12 03:13:30,180 autoreload 25084 17216 Watching for file changes with StatReloader
INFO 2025-10-12 03:13:42,690 autoreload 23464 14804 C:\Users\athar\OneDrive\Desktop\TY - Sem 1\EDI\parking-system\dashboard\parking_app\views.py changed, reloading.
INFO 2025-10-12 03:13:43,100 autoreload 25084 17216 C:\Users\athar\OneDrive\Desktop\TY - Sem 1\EDI\parking-system\dashboard\parking_app\views.py changed, reloading.
INFO 2025-10-12 03:13:43,495 autoreload 25620 16896 Watching for file changes with StatReloader
INFO 2025-10-12 03:13:43,890 autoreload 15092 10184 Watching for file changes with StatReloader
INFO 2025-10-12 03:14:02,051 autoreload 15092 10184 C:\Users\athar\OneDrive\Desktop\TY - Sem 1\EDI\parking-system\dashboard\parking_app\views.py changed, reloading.
INFO 2025-10-12 03:14:02,837 autoreload 21068 23988 Watching for file changes with StatReloader
INFO 2025-10-12 03:14:02,858 autoreload 25620 16896 C:\Users\athar\OneDrive\Desktop\TY - Sem 1\EDI\parking-system\dashboard\parking_app\views.py changed, reloading.
INFO 2025-10-12 03:14:03,704 autoreload 11848 16212 Watching for file changes with StatReloader
INFO 2025-10-12 03:14:18,798 autoreload 11848 16212 C:\Users\athar\OneDrive\Desktop\TY - Sem 1\EDI\parking-system\dashboard\parking_app\views.py changed, reloading.
INFO 2025-10-12 03:14:18,923 autoreload 21068 23988 C:\Users\athar\OneDrive\Desktop\TY - Sem 1\EDI\parking-system\dashboard\parking_app\views.py changed, reloading.
INFO 2025-10-12 03:14:19,464 autoreload 16768 11468 Watching for file changes with StatReloader
INFO 2025-10-12 03:14:19,574 autoreload 9708 23424 Watching for file changes with StatReloader
INFO 2025-10-12 03:14:42,800 autoreload 9708 23424 C:\Users\athar\OneDrive\Desktop\TY - Sem 1\EDI\parking-system\dashboard\parking_app\views.py changed, reloading.
INFO 2025-10-12 03:14:42,833 autoreload 16768 11468 C:\Users\athar\OneDrive\Desktop\TY - Sem 1\EDI\parking-system\dashboard\parking_app\views.py changed, reloading.
INFO 2025-10-12 03:14:43,607 autoreload 26044 8432 Watching for file changes with StatReloader
INFO 2025-10-12 03:14:43,660 autoreload 11396 15484 Watching for file changes with StatReloader
INFO 2025-10-12 03:14:55,609 autoreload 26044 8432 C:\Users\athar\OneDrive\Desktop\TY - Sem 1\EDI\parking-system\dashboard\parking_app\views.py changed, reloading.
INFO 2025-10-12 03:14:55,731 autoreload 11396 15484 C:\Users\athar\OneDrive\Desktop\TY - Sem 1\EDI\parking-system\dashboard\parking_app\views.py changed, reloading.
INFO 2025-10-12 03:14:56,413 autoreload 24368 13524 Watching for file changes with StatReloader
INFO 2025-10-12 03:14:56,573 autoreload 26376 20984 Watching for file changes with StatReloader
INFO 2025-10-12 03:17:14,383 autoreload 26376 20984 C:\Users\athar\OneDrive\Desktop\TY - Sem 1\EDI\parking-system\dashboard\parking_app\signals.py changed, reloading.
INFO 2025-10-12 03:17:14,752 autoreload 24368 13524 C:\Users\athar\OneDrive\Desktop\TY - Sem 1\EDI\parking-system\dashboard\parking_app\signals.py changed, reloading.
INFO 2025-10-12 03:17:15,245 autoreload 10460 26268 Watching for file changes with StatReloader
INFO 2025-10-12 03:17:15,547 autoreload 17548 16284 Watching for file changes with StatReloader
INFO 2025-10-12 03:17:30,445 autoreload 10460 26268 C:\Users\athar\OneDrive\Desktop\TY - Sem 1\EDI\parking-system\dashboard\parking_app\signals.py changed, reloading.
INFO 2025-10-12 03:17:30,553 autoreload 17548 16284 C:\Users\athar\OneDrive\Desktop\TY - Sem 1\EDI\parking-system\dashboard\parking_app\signals.py changed, reloading.
INFO 2025-10-12 03:17:31,272 autoreload 17320 3320 Watching for file changes with StatReloader
INFO 2025-10-12 03:17:31,336 autoreload 15244 16988 Watching for file changes with StatReloader
INFO 2025-10-12 03:17:42,357 autoreload 17320 3320 C:\Users\athar\OneDrive\Desktop\TY - Sem 1\EDI\parking-system\dashboard\parking_app\signals.py changed, reloading.
INFO 2025-10-12 03:17:43,172 autoreload 16700 25064 Watching for file changes with StatReloader
INFO 2025-10-12 03:17:43,369 autoreload 15244 16988 C:\Users\athar\OneDrive\Desktop\TY - Sem 1\EDI\parking-system\dashboard\parking_app\signals.py changed, reloading.
INFO 2025-10-12 03:17:44,203 autoreload 26024 26452 Watching for file changes with StatReloader
INFO 2025-10-12 03:17:54,197 autoreload 16700 25064 C:\Users\athar\OneDrive\Desktop\TY - Sem 1\EDI\parking-system\dashboard\parking_app\signals.py changed, reloading.
INFO 2025-10-12 03:17:55,044 autoreload 21112 4988 Watching for file changes with StatReloader
INFO 2025-10-12 03:17:55,103 autoreload 26024 26452 C:\Users\athar\OneDrive\Desktop\TY - Sem 1\EDI\parking-system\dashboard\parking_app\signals.py changed, reloading.
INFO 2025-10-12 03:17:55,862 autoreload 4372 25972 Watching for file changes with StatReloader
INFO 2025-10-12 03:18:06,755 autoreload 4372 25972 C:\Users\athar\OneDrive\Desktop\TY - Sem 1\EDI\parking-system\dashboard\parking_app\signals.py changed, reloading.
INFO 2025-10-12 03:18:07,082 autoreload 21112 4988 C:\Users\athar\OneDrive\Desktop\TY - Sem 1\EDI\parking-system\dashboard\parking_app\signals.py changed, reloading.
INFO 2025-10-12 03:18:07,545 autoreload 17732 26168 Watching for file changes with StatReloader
INFO 2025-10-12 03:18:07,872 autoreload 7408 10176 Watching for file changes with StatReloader
INFO 2025-10-12 03:18:48,108 autoreload 25764 5572 Watching for file changes with StatReloader
ERROR 2025-10-12 03:18:57,398 log 25764 17128 Internal Server Error: /
Traceback (most recent call last):
  File "C:\Users\athar\AppData\Local\Programs\Python\Python311\Lib\site-packages\django\core\handlers\exception.py", line 55, in inner
    response = get_response(request)
               ^^^^^^^^^^^^^^^^^^^^^
  File "C:\Users\athar\AppData\Local\Programs\Python\Python311\Lib\site-packages\django\core\handlers\base.py", line 197, in _get_response
    response = wrapped_callback(request, *callback_args, **callback_kwargs)
               ^^^^^^^^^^^^^^^^^^^^^^^^^^^^^^^^^^^^^^^^^^^^^^^^^^^^^^^^^^^^
  File "C:\Users\athar\OneDrive\Desktop\TY - Sem 1\EDI\parking-system\dashboard\parking_app\views.py", line 50, in dashboard
    context['recent_vehicles'] = Vehicle.objects.order_by('-registered_at')[:5]
                                 ^^^^^^^^^^^^^^^^^^^^^^^^^^^^^^^^^^^^^^^^^^
  File "C:\Users\athar\AppData\Local\Programs\Python\Python311\Lib\site-packages\django\db\models\manager.py", line 87, in manager_method
    return getattr(self.get_queryset(), name)(*args, **kwargs)
           ^^^^^^^^^^^^^^^^^^^^^^^^^^^^^^^^^^^^^^^^^^^^^^^^^^^
  File "C:\Users\athar\AppData\Local\Programs\Python\Python311\Lib\site-packages\django\db\models\query.py", line 1722, in order_by
    obj.query.add_ordering(*field_names)
  File "C:\Users\athar\AppData\Local\Programs\Python\Python311\Lib\site-packages\django\db\models\sql\query.py", line 2291, in add_ordering
    self.names_to_path(item.split(LOOKUP_SEP), self.model._meta)
  File "C:\Users\athar\AppData\Local\Programs\Python\Python311\Lib\site-packages\django\db\models\sql\query.py", line 1805, in names_to_path
    raise FieldError(
django.core.exceptions.FieldError: Cannot resolve keyword 'registered_at' into field. Choices are: created_at, id, license_plate, owner_contact, owner_name, parkingsession, vehicle_type
ERROR 2025-10-12 03:18:57,399 basehttp 25764 17128 "GET / HTTP/1.1" 500 92882
INFO 2025-10-12 03:18:57,497 basehttp 25764 17128 "GET /favicon.ico HTTP/1.1" 301 0
WARNING 2025-10-12 03:18:57,507 basehttp 25764 17128 "GET /static/img/favicon.ico HTTP/1.1" 404 1972
ERROR 2025-10-12 03:18:59,201 log 25764 26072 Internal Server Error: /
Traceback (most recent call last):
  File "C:\Users\athar\AppData\Local\Programs\Python\Python311\Lib\site-packages\django\core\handlers\exception.py", line 55, in inner
    response = get_response(request)
               ^^^^^^^^^^^^^^^^^^^^^
  File "C:\Users\athar\AppData\Local\Programs\Python\Python311\Lib\site-packages\django\core\handlers\base.py", line 197, in _get_response
    response = wrapped_callback(request, *callback_args, **callback_kwargs)
               ^^^^^^^^^^^^^^^^^^^^^^^^^^^^^^^^^^^^^^^^^^^^^^^^^^^^^^^^^^^^
  File "C:\Users\athar\OneDrive\Desktop\TY - Sem 1\EDI\parking-system\dashboard\parking_app\views.py", line 50, in dashboard
    context['recent_vehicles'] = Vehicle.objects.order_by('-registered_at')[:5]
                                 ^^^^^^^^^^^^^^^^^^^^^^^^^^^^^^^^^^^^^^^^^^
  File "C:\Users\athar\AppData\Local\Programs\Python\Python311\Lib\site-packages\django\db\models\manager.py", line 87, in manager_method
    return getattr(self.get_queryset(), name)(*args, **kwargs)
           ^^^^^^^^^^^^^^^^^^^^^^^^^^^^^^^^^^^^^^^^^^^^^^^^^^^
  File "C:\Users\athar\AppData\Local\Programs\Python\Python311\Lib\site-packages\django\db\models\query.py", line 1722, in order_by
    obj.query.add_ordering(*field_names)
  File "C:\Users\athar\AppData\Local\Programs\Python\Python311\Lib\site-packages\django\db\models\sql\query.py", line 2291, in add_ordering
    self.names_to_path(item.split(LOOKUP_SEP), self.model._meta)
  File "C:\Users\athar\AppData\Local\Programs\Python\Python311\Lib\site-packages\django\db\models\sql\query.py", line 1805, in names_to_path
    raise FieldError(
django.core.exceptions.FieldError: Cannot resolve keyword 'registered_at' into field. Choices are: created_at, id, license_plate, owner_contact, owner_name, parkingsession, vehicle_type
ERROR 2025-10-12 03:18:59,205 basehttp 25764 26072 "GET / HTTP/1.1" 500 92882
ERROR 2025-10-12 03:18:59,414 log 25764 26072 Internal Server Error: /
Traceback (most recent call last):
  File "C:\Users\athar\AppData\Local\Programs\Python\Python311\Lib\site-packages\django\core\handlers\exception.py", line 55, in inner
    response = get_response(request)
               ^^^^^^^^^^^^^^^^^^^^^
  File "C:\Users\athar\AppData\Local\Programs\Python\Python311\Lib\site-packages\django\core\handlers\base.py", line 197, in _get_response
    response = wrapped_callback(request, *callback_args, **callback_kwargs)
               ^^^^^^^^^^^^^^^^^^^^^^^^^^^^^^^^^^^^^^^^^^^^^^^^^^^^^^^^^^^^
  File "C:\Users\athar\OneDrive\Desktop\TY - Sem 1\EDI\parking-system\dashboard\parking_app\views.py", line 50, in dashboard
    context['recent_vehicles'] = Vehicle.objects.order_by('-registered_at')[:5]
                                 ^^^^^^^^^^^^^^^^^^^^^^^^^^^^^^^^^^^^^^^^^^
  File "C:\Users\athar\AppData\Local\Programs\Python\Python311\Lib\site-packages\django\db\models\manager.py", line 87, in manager_method
    return getattr(self.get_queryset(), name)(*args, **kwargs)
           ^^^^^^^^^^^^^^^^^^^^^^^^^^^^^^^^^^^^^^^^^^^^^^^^^^^
  File "C:\Users\athar\AppData\Local\Programs\Python\Python311\Lib\site-packages\django\db\models\query.py", line 1722, in order_by
    obj.query.add_ordering(*field_names)
  File "C:\Users\athar\AppData\Local\Programs\Python\Python311\Lib\site-packages\django\db\models\sql\query.py", line 2291, in add_ordering
    self.names_to_path(item.split(LOOKUP_SEP), self.model._meta)
  File "C:\Users\athar\AppData\Local\Programs\Python\Python311\Lib\site-packages\django\db\models\sql\query.py", line 1805, in names_to_path
    raise FieldError(
django.core.exceptions.FieldError: Cannot resolve keyword 'registered_at' into field. Choices are: created_at, id, license_plate, owner_contact, owner_name, parkingsession, vehicle_type
ERROR 2025-10-12 03:18:59,417 basehttp 25764 26072 "GET / HTTP/1.1" 500 92882
INFO 2025-10-12 03:19:10,107 autoreload 17732 26168 C:\Users\athar\OneDrive\Desktop\TY - Sem 1\EDI\parking-system\dashboard\parking_app\views.py changed, reloading.
INFO 2025-10-12 03:19:10,582 autoreload 25764 5572 C:\Users\athar\OneDrive\Desktop\TY - Sem 1\EDI\parking-system\dashboard\parking_app\views.py changed, reloading.
INFO 2025-10-12 03:19:10,699 autoreload 7408 10176 C:\Users\athar\OneDrive\Desktop\TY - Sem 1\EDI\parking-system\dashboard\parking_app\views.py changed, reloading.
INFO 2025-10-12 03:19:10,841 autoreload 16916 23860 Watching for file changes with StatReloader
INFO 2025-10-12 03:19:11,389 autoreload 6188 1564 Watching for file changes with StatReloader
INFO 2025-10-12 03:19:11,497 autoreload 23312 22516 Watching for file changes with StatReloader
INFO 2025-10-12 03:19:14,310 basehttp 6188 25196 "GET / HTTP/1.1" 200 65023
INFO 2025-10-12 03:34:04,482 basehttp 6188 24800 "GET / HTTP/1.1" 200 65023
INFO 2025-10-12 03:34:11,227 basehttp 6188 13076 "GET /?id=f15901f5-39e0-4937-a9c9-9b1781c51925&vscodeBrowserReqId=1760220251150 HTTP/1.1" 200 65023
WARNING 2025-10-12 03:34:19,888 log 6188 13076 Not Found: /gate/
WARNING 2025-10-12 03:34:19,889 basehttp 6188 13076 "GET /gate/?id=f15901f5-39e0-4937-a9c9-9b1781c51925&vscodeBrowserReqId=1760220259877 HTTP/1.1" 404 5109
INFO 2025-10-12 03:34:24,625 basehttp 6188 24800 "GET / HTTP/1.1" 200 65023
INFO 2025-10-12 03:37:08,865 autoreload 13208 4432 Watching for file changes with StatReloader
INFO 2025-10-12 03:37:11,800 basehttp 13208 22548 "GET / HTTP/1.1" 200 65023
INFO 2025-10-12 03:37:12,895 basehttp 13208 22548 "GET / HTTP/1.1" 200 65023
INFO 2025-10-12 03:37:13,265 basehttp 13208 22548 "GET / HTTP/1.1" 200 65023
INFO 2025-10-12 03:37:13,487 basehttp 13208 22548 "GET / HTTP/1.1" 200 65023
INFO 2025-10-12 03:37:13,657 basehttp 13208 22548 "GET / HTTP/1.1" 200 65023
INFO 2025-10-12 03:37:17,939 basehttp 13208 22548 "GET / HTTP/1.1" 200 65023
INFO 2025-10-12 03:38:00,951 basehttp 13208 22548 "GET / HTTP/1.1" 200 65023
INFO 2025-10-12 03:38:01,836 basehttp 13208 22548 "GET / HTTP/1.1" 200 65023
INFO 2025-10-12 03:39:21,359 basehttp 13208 26504 "GET /?id=f15901f5-39e0-4937-a9c9-9b1781c51925&vscodeBrowserReqId=1760220561302 HTTP/1.1" 200 65023
INFO 2025-10-12 03:41:41,004 basehttp 13208 26504 "GET /?id=f15901f5-39e0-4937-a9c9-9b1781c51925&vscodeBrowserReqId=1760220700913 HTTP/1.1" 200 69542
INFO 2025-10-12 03:42:26,837 basehttp 13208 26504 "GET /api/parking-status/?id=f15901f5-39e0-4937-a9c9-9b1781c51925&vscodeBrowserReqId=1760220746768 HTTP/1.1" 200 528
INFO 2025-10-12 03:49:32,176 autoreload 13772 16744 Watching for file changes with StatReloader
INFO 2025-10-12 03:49:35,629 basehttp 13772 26488 "GET / HTTP/1.1" 200 69542
INFO 2025-10-12 03:49:35,751 basehttp 13772 26488 "GET /api/parking-status/ HTTP/1.1" 200 528
INFO 2025-10-12 03:49:35,880 basehttp 13772 25956 "GET /api/parking-data/ HTTP/1.1" 200 12613
INFO 2025-10-12 03:50:06,046 basehttp 13772 25956 "GET /api/parking-status/ HTTP/1.1" 200 528
INFO 2025-10-12 03:50:06,078 basehttp 13772 26488 "GET /api/parking-data/ HTTP/1.1" 200 12613
INFO 2025-10-12 03:50:36,063 basehttp 13772 25956 "GET /api/parking-data/ HTTP/1.1" 200 12613
INFO 2025-10-12 03:50:36,064 basehttp 13772 26488 "GET /api/parking-status/ HTTP/1.1" 200 528
INFO 2025-10-12 03:50:43,316 basehttp 13772 17600 "GET /?id=f15901f5-39e0-4937-a9c9-9b1781c51925&vscodeBrowserReqId=1760221243265 HTTP/1.1" 200 69542
INFO 2025-10-12 03:51:02,454 basehttp 13772 26488 "GET / HTTP/1.1" 200 69542
INFO 2025-10-12 03:51:02,568 basehttp 13772 26488 "GET /api/parking-status/ HTTP/1.1" 200 528
INFO 2025-10-12 03:51:02,607 basehttp 13772 25956 "GET /api/parking-data/ HTTP/1.1" 200 12613
INFO 2025-10-12 03:51:33,043 basehttp 13772 25956 "GET /api/parking-status/ HTTP/1.1" 200 528
INFO 2025-10-12 03:51:33,077 basehttp 13772 26488 "GET /api/parking-data/ HTTP/1.1" 200 12613
INFO 2025-10-12 03:52:03,067 basehttp 13772 25956 "GET /api/parking-data/ HTTP/1.1" 200 12613
INFO 2025-10-12 03:52:03,068 basehttp 13772 26488 "GET /api/parking-status/ HTTP/1.1" 200 528
INFO 2025-10-12 03:52:33,059 basehttp 13772 26488 "GET /api/parking-status/ HTTP/1.1" 200 528
INFO 2025-10-12 03:52:33,090 basehttp 13772 25956 "GET /api/parking-data/ HTTP/1.1" 200 12613
INFO 2025-10-12 03:53:03,039 basehttp 13772 25956 "GET /api/parking-status/ HTTP/1.1" 200 528
INFO 2025-10-12 03:53:03,070 basehttp 13772 26488 "GET /api/parking-data/ HTTP/1.1" 200 12613
INFO 2025-10-12 03:53:33,063 basehttp 13772 25956 "GET /api/parking-data/ HTTP/1.1" 200 12613
INFO 2025-10-12 03:53:33,066 basehttp 13772 26488 "GET /api/parking-status/ HTTP/1.1" 200 528
INFO 2025-10-12 03:54:03,044 basehttp 13772 26488 "GET /api/parking-status/ HTTP/1.1" 200 528
INFO 2025-10-12 03:54:03,077 basehttp 13772 25956 "GET /api/parking-data/ HTTP/1.1" 200 12613
INFO 2025-10-12 03:54:55,059 basehttp 13772 26488 "GET /api/parking-data/ HTTP/1.1" 200 12613
INFO 2025-10-12 03:54:55,064 basehttp 13772 25956 "GET /api/parking-status/ HTTP/1.1" 200 528
INFO 2025-10-12 03:55:55,070 basehttp 13772 26488 "GET /api/parking-data/ HTTP/1.1" 200 12613
INFO 2025-10-12 03:55:55,072 basehttp 13772 25956 "GET /api/parking-status/ HTTP/1.1" 200 528
INFO 2025-10-12 03:56:49,298 basehttp 13772 25956 "GET /api/parking-status/ HTTP/1.1" 200 528
INFO 2025-10-12 03:56:49,344 basehttp 13772 26488 "GET /api/parking-data/ HTTP/1.1" 200 12613
INFO 2025-10-12 03:56:50,911 basehttp 13772 26488 "GET / HTTP/1.1" 200 69542
INFO 2025-10-12 03:56:51,035 basehttp 13772 25956 "GET /api/parking-data/ HTTP/1.1" 200 12613
INFO 2025-10-12 03:56:51,050 basehttp 13772 26488 "GET /api/parking-status/ HTTP/1.1" 200 528
INFO 2025-10-12 03:57:02,259 autoreload 16916 23860 C:\Users\athar\OneDrive\Desktop\TY - Sem 1\EDI\parking-system\dashboard\core\settings.py changed, reloading.
INFO 2025-10-12 03:57:02,847 autoreload 23312 22516 C:\Users\athar\OneDrive\Desktop\TY - Sem 1\EDI\parking-system\dashboard\parking_app\signals.py changed, reloading.
INFO 2025-10-12 03:57:02,993 autoreload 13856 11576 Watching for file changes with StatReloader
INFO 2025-10-12 03:57:03,493 autoreload 13964 11848 Watching for file changes with StatReloader
INFO 2025-10-12 23:39:19,640 autoreload 19364 3744 Watching for file changes with StatReloader
INFO 2025-10-12 23:41:50,531 basehttp 19364 3212 "GET / HTTP/1.1" 200 69542
INFO 2025-10-12 23:41:50,571 basehttp 19364 3212 "GET /static/css/professional-theme.css HTTP/1.1" 304 0
INFO 2025-10-12 23:41:50,572 basehttp 19364 25580 "GET /static/js/dashboard.js HTTP/1.1" 304 0
INFO 2025-10-12 23:41:50,828 basehttp 19364 3212 "GET /api/parking-status/ HTTP/1.1" 200 528
INFO 2025-10-12 23:41:50,905 basehttp 19364 25580 "GET /api/parking-data/ HTTP/1.1" 200 12631
INFO 2025-10-12 23:42:20,820 basehttp 19364 25580 "GET /api/parking-status/ HTTP/1.1" 200 528
INFO 2025-10-12 23:42:20,851 basehttp 19364 3212 "GET /api/parking-data/ HTTP/1.1" 200 12631
INFO 2025-10-12 23:42:50,845 basehttp 19364 25580 "GET /api/parking-data/ HTTP/1.1" 200 12631
INFO 2025-10-12 23:42:50,850 basehttp 19364 3212 "GET /api/parking-status/ HTTP/1.1" 200 528
INFO 2025-10-12 23:43:20,810 basehttp 19364 3212 "GET /api/parking-status/ HTTP/1.1" 200 528
INFO 2025-10-12 23:43:20,845 basehttp 19364 25580 "GET /api/parking-data/ HTTP/1.1" 200 12631
INFO 2025-10-12 23:43:50,839 basehttp 19364 3212 "GET /api/parking-data/ HTTP/1.1" 200 12631
INFO 2025-10-12 23:43:50,839 basehttp 19364 25580 "GET /api/parking-status/ HTTP/1.1" 200 528
INFO 2025-10-12 23:44:20,816 basehttp 19364 25580 "GET /api/parking-status/ HTTP/1.1" 200 528
INFO 2025-10-12 23:44:20,853 basehttp 19364 3212 "GET /api/parking-data/ HTTP/1.1" 200 12631
INFO 2025-10-12 23:44:50,845 basehttp 19364 3212 "GET /api/parking-status/ HTTP/1.1" 200 528
INFO 2025-10-12 23:44:50,859 basehttp 19364 25580 "GET /api/parking-data/ HTTP/1.1" 200 12631
INFO 2025-10-12 23:45:20,839 basehttp 19364 3212 "GET /api/parking-data/ HTTP/1.1" 200 12631
INFO 2025-10-12 23:45:20,844 basehttp 19364 25580 "GET /api/parking-status/ HTTP/1.1" 200 528
INFO 2025-10-12 23:45:50,816 basehttp 19364 25580 "GET /api/parking-status/ HTTP/1.1" 200 528
INFO 2025-10-12 23:45:50,853 basehttp 19364 3212 "GET /api/parking-data/ HTTP/1.1" 200 12631
INFO 2025-10-12 23:46:20,815 basehttp 19364 3212 "GET /api/parking-status/ HTTP/1.1" 200 528
INFO 2025-10-12 23:46:20,852 basehttp 19364 25580 "GET /api/parking-data/ HTTP/1.1" 200 12631
INFO 2025-10-12 23:46:50,839 basehttp 19364 3212 "GET /api/parking-data/ HTTP/1.1" 200 12631
INFO 2025-10-12 23:46:50,839 basehttp 19364 25580 "GET /api/parking-status/ HTTP/1.1" 200 528
INFO 2025-10-12 23:47:20,827 basehttp 19364 25580 "GET /api/parking-status/ HTTP/1.1" 200 528
INFO 2025-10-12 23:47:20,863 basehttp 19364 3212 "GET /api/parking-data/ HTTP/1.1" 200 12631
INFO 2025-10-12 23:47:50,815 basehttp 19364 3212 "GET /api/parking-status/ HTTP/1.1" 200 528
INFO 2025-10-12 23:47:50,852 basehttp 19364 25580 "GET /api/parking-data/ HTTP/1.1" 200 12631
INFO 2025-10-12 23:48:09,833 basehttp 19364 25580 "GET /realtime/ HTTP/1.1" 200 50560
INFO 2025-10-12 23:48:59,688 basehttp 19364 25580 "GET / HTTP/1.1" 200 69542
INFO 2025-10-12 23:48:59,798 basehttp 19364 25580 "GET /api/parking-status/ HTTP/1.1" 200 528
INFO 2025-10-12 23:48:59,800 basehttp 19364 3212 "GET /api/parking-data/ HTTP/1.1" 200 12631
INFO 2025-10-12 23:49:29,841 basehttp 19364 25580 "GET /api/parking-data/ HTTP/1.1" 200 12631
INFO 2025-10-12 23:49:29,844 basehttp 19364 3212 "GET /api/parking-status/ HTTP/1.1" 200 528
INFO 2025-10-12 23:49:57,411 autoreload 19364 3744 C:\Users\athar\OneDrive\Desktop\TY - Sem 1\EDI\parking-system\dashboard\parking_app\models.py changed, reloading.
INFO 2025-10-12 23:49:58,135 autoreload 8324 23180 Watching for file changes with StatReloader
INFO 2025-10-12 23:49:59,806 basehttp 8324 22416 "GET /api/parking-status/ HTTP/1.1" 200 528
INFO 2025-10-12 23:49:59,882 basehttp 8324 18760 "GET /api/parking-data/ HTTP/1.1" 200 12631
INFO 2025-10-12 23:50:15,230 autoreload 8324 23180 C:\Users\athar\OneDrive\Desktop\TY - Sem 1\EDI\parking-system\dashboard\parking_app\models.py changed, reloading.
INFO 2025-10-12 23:50:15,963 autoreload 10956 17596 Watching for file changes with StatReloader
INFO 2025-10-12 23:50:29,832 basehttp 10956 13148 "GET /api/parking-status/ HTTP/1.1" 200 528
INFO 2025-10-12 23:50:29,894 basehttp 10956 20000 "GET /api/parking-data/ HTTP/1.1" 200 12631
INFO 2025-10-12 23:50:37,436 autoreload 10956 17596 C:\Users\athar\OneDrive\Desktop\TY - Sem 1\EDI\parking-system\dashboard\parking_app\views.py changed, reloading.
INFO 2025-10-12 23:50:38,285 autoreload 17480 20616 Watching for file changes with StatReloader
INFO 2025-10-12 23:50:59,809 basehttp 17480 8044 "GET /api/parking-status/ HTTP/1.1" 200 528
INFO 2025-10-12 23:50:59,872 basehttp 17480 22156 "GET /api/parking-data/ HTTP/1.1" 200 12631
INFO 2025-10-12 23:51:29,816 basehttp 17480 22156 "GET /api/parking-status/ HTTP/1.1" 200 528
INFO 2025-10-12 23:51:29,841 basehttp 17480 8044 "GET /api/parking-data/ HTTP/1.1" 200 12631
INFO 2025-10-12 23:51:59,820 basehttp 17480 8044 "GET /api/parking-status/ HTTP/1.1" 200 528
INFO 2025-10-12 23:51:59,855 basehttp 17480 22156 "GET /api/parking-data/ HTTP/1.1" 200 12631
INFO 2025-10-12 23:52:49,845 basehttp 17480 22156 "GET /api/parking-status/ HTTP/1.1" 200 528
INFO 2025-10-12 23:52:49,849 basehttp 17480 8044 "GET /api/parking-data/ HTTP/1.1" 200 12631
INFO 2025-10-12 23:53:09,605 basehttp 17480 8044 "GET /api/parking-status/ HTTP/1.1" 200 528
INFO 2025-10-12 23:53:09,652 basehttp 17480 22156 "GET /api/parking-data/ HTTP/1.1" 200 12631
INFO 2025-10-12 23:53:11,472 basehttp 17480 22156 "GET / HTTP/1.1" 200 69591
INFO 2025-10-12 23:53:11,579 basehttp 17480 22156 "GET /api/parking-status/ HTTP/1.1" 200 528
INFO 2025-10-12 23:53:11,623 basehttp 17480 8044 "GET /api/parking-data/ HTTP/1.1" 200 12631
INFO 2025-10-12 23:53:41,814 basehttp 17480 8044 "GET /api/parking-status/ HTTP/1.1" 200 528
INFO 2025-10-12 23:53:41,839 basehttp 17480 22156 "GET /api/parking-data/ HTTP/1.1" 200 12631
INFO 2025-10-12 23:54:11,828 basehttp 17480 12576 "GET /api/parking-status/ HTTP/1.1" 200 528
INFO 2025-10-12 23:54:11,898 basehttp 17480 6916 "GET /api/parking-data/ HTTP/1.1" 200 12631
INFO 2025-10-12 23:54:41,605 basehttp 17480 12576 "GET /api/parking-data/ HTTP/1.1" 200 12631
INFO 2025-10-12 23:54:41,605 basehttp 17480 6916 "GET /api/parking-status/ HTTP/1.1" 200 528
INFO 2025-10-12 23:55:11,823 basehttp 17480 6916 "GET /api/parking-status/ HTTP/1.1" 200 528
INFO 2025-10-12 23:55:11,846 basehttp 17480 12576 "GET /api/parking-data/ HTTP/1.1" 200 12631
INFO 2025-10-12 23:55:41,856 basehttp 17480 12576 "GET /api/parking-status/ HTTP/1.1" 200 528
INFO 2025-10-12 23:55:41,860 basehttp 17480 6916 "GET /api/parking-data/ HTTP/1.1" 200 12631
INFO 2025-10-12 23:56:11,816 basehttp 17480 6916 "GET /api/parking-status/ HTTP/1.1" 200 528
INFO 2025-10-12 23:56:11,848 basehttp 17480 12576 "GET /api/parking-data/ HTTP/1.1" 200 12631
INFO 2025-10-12 23:56:49,843 basehttp 17480 6916 "GET /api/parking-data/ HTTP/1.1" 200 12631
INFO 2025-10-12 23:56:49,843 basehttp 17480 12576 "GET /api/parking-status/ HTTP/1.1" 200 528
INFO 2025-10-12 23:57:49,827 basehttp 17480 6916 "GET /api/parking-data/ HTTP/1.1" 200 12631
INFO 2025-10-12 23:57:49,827 basehttp 17480 12576 "GET /api/parking-status/ HTTP/1.1" 200 528
INFO 2025-10-12 23:58:49,835 basehttp 17480 12576 "GET /api/parking-status/ HTTP/1.1" 200 528
INFO 2025-10-12 23:58:49,835 basehttp 17480 6916 "GET /api/parking-data/ HTTP/1.1" 200 12631
INFO 2025-10-12 23:59:49,830 basehttp 17480 12576 "GET /api/parking-data/ HTTP/1.1" 200 12631
INFO 2025-10-12 23:59:49,836 basehttp 17480 6916 "GET /api/parking-status/ HTTP/1.1" 200 528
INFO 2025-10-13 00:00:49,838 basehttp 17480 6916 "GET /api/parking-status/ HTTP/1.1" 200 528
INFO 2025-10-13 00:00:49,854 basehttp 17480 12576 "GET /api/parking-data/ HTTP/1.1" 200 12631
INFO 2025-10-13 00:07:17,609 autoreload 12192 3924 Watching for file changes with StatReloader
INFO 2025-10-13 00:07:39,179 autoreload 4692 12064 Watching for file changes with StatReloader
INFO 2025-10-13 00:07:41,643 basehttp 4692 21292 "GET / HTTP/1.1" 200 69609
INFO 2025-10-13 00:07:41,923 basehttp 4692 21292 "GET /api/parking-status/ HTTP/1.1" 200 528
INFO 2025-10-13 00:07:41,994 basehttp 4692 19808 "GET /api/parking-data/ HTTP/1.1" 200 12631
INFO 2025-10-13 00:07:44,596 basehttp 4692 19808 "GET / HTTP/1.1" 200 69609
INFO 2025-10-13 00:07:44,694 basehttp 4692 19808 "GET /api/parking-status/ HTTP/1.1" 200 528
INFO 2025-10-13 00:07:44,737 basehttp 4692 21292 "GET /api/parking-data/ HTTP/1.1" 200 12631
INFO 2025-10-13 00:08:10,238 basehttp 4692 21292 "GET /realtime/ HTTP/1.1" 200 50560
INFO 2025-10-13 00:08:14,414 basehttp 4692 21292 "GET /driver/dashboard/ HTTP/1.1" 200 38284
INFO 2025-10-13 00:08:16,949 basehttp 4692 21292 "GET /analytics/ HTTP/1.1" 200 46135
INFO 2025-10-13 00:10:40,362 autoreload 23040 14860 Watching for file changes with StatReloader
INFO 2025-10-13 00:10:48,384 basehttp 23040 15852 "GET /analytics/ HTTP/1.1" 200 46135
INFO 2025-10-13 00:10:49,403 basehttp 23040 15852 "GET / HTTP/1.1" 200 69609
INFO 2025-10-13 00:10:49,483 basehttp 23040 15852 "GET /api/parking-status/ HTTP/1.1" 200 530
INFO 2025-10-13 00:10:49,557 basehttp 23040 22056 "GET /api/parking-data/ HTTP/1.1" 200 12663
INFO 2025-10-13 00:10:50,112 basehttp 23040 22056 "GET / HTTP/1.1" 200 69609
INFO 2025-10-13 00:10:50,217 basehttp 23040 15852 "GET /api/parking-data/ HTTP/1.1" 200 12663
INFO 2025-10-13 00:10:50,217 basehttp 23040 22056 "GET /api/parking-status/ HTTP/1.1" 200 530
INFO 2025-10-13 00:15:29,441 autoreload 9404 23048 Watching for file changes with StatReloader
INFO 2025-10-13 00:15:31,169 basehttp 9404 26420 "GET / HTTP/1.1" 200 69609
INFO 2025-10-13 00:15:31,283 basehttp 9404 26420 "GET /api/parking-status/ HTTP/1.1" 200 530
INFO 2025-10-13 00:15:31,356 basehttp 9404 24820 "GET /api/parking-data/ HTTP/1.1" 200 12663
INFO 2025-10-13 00:15:43,629 autoreload 9404 23048 C:\Users\athar\OneDrive\Desktop\TY - Sem 1\EDI\parking-system\dashboard\parking_app\models.py changed, reloading.
INFO 2025-10-13 00:15:44,339 autoreload 3340 16604 Watching for file changes with StatReloader
INFO 2025-10-13 00:16:01,843 basehttp 3340 2724 "GET /api/parking-status/ HTTP/1.1" 200 530
INFO 2025-10-13 00:16:01,871 basehttp 3340 12260 "GET /api/parking-data/ HTTP/1.1" 200 12663
INFO 2025-10-13 00:16:31,814 basehttp 3340 12260 "GET /api/parking-status/ HTTP/1.1" 200 530
INFO 2025-10-13 00:16:31,840 basehttp 3340 2724 "GET /api/parking-data/ HTTP/1.1" 200 12663
INFO 2025-10-13 00:17:01,811 basehttp 3340 2724 "GET /api/parking-status/ HTTP/1.1" 200 530
INFO 2025-10-13 00:17:01,835 basehttp 3340 12260 "GET /api/parking-data/ HTTP/1.1" 200 12663
INFO 2025-10-13 00:17:31,820 basehttp 3340 12260 "GET /api/parking-status/ HTTP/1.1" 200 530
INFO 2025-10-13 00:17:31,845 basehttp 3340 2724 "GET /api/parking-data/ HTTP/1.1" 200 12663
INFO 2025-10-13 00:18:01,828 basehttp 3340 12260 "GET /api/parking-data/ HTTP/1.1" 200 12663
INFO 2025-10-13 00:18:01,831 basehttp 3340 2724 "GET /api/parking-status/ HTTP/1.1" 200 530
INFO 2025-10-13 00:18:31,814 basehttp 3340 2724 "GET /api/parking-status/ HTTP/1.1" 200 530
INFO 2025-10-13 00:18:31,840 basehttp 3340 12260 "GET /api/parking-data/ HTTP/1.1" 200 12663
INFO 2025-10-13 00:19:49,814 basehttp 3340 12260 "GET /api/parking-status/ HTTP/1.1" 200 530
INFO 2025-10-13 00:19:49,852 basehttp 3340 2724 "GET /api/parking-data/ HTTP/1.1" 200 12663
INFO 2025-10-13 00:20:17,690 basehttp 3340 2724 "GET /api/parking-status/ HTTP/1.1" 200 530
INFO 2025-10-13 00:20:17,726 basehttp 3340 12260 "GET /api/parking-data/ HTTP/1.1" 200 12663
INFO 2025-10-13 00:20:31,839 basehttp 3340 12260 "GET /api/parking-status/ HTTP/1.1" 200 530
INFO 2025-10-13 00:20:31,839 basehttp 3340 2724 "GET /api/parking-data/ HTTP/1.1" 200 12663
INFO 2025-10-13 00:21:01,823 basehttp 3340 2724 "GET /api/parking-status/ HTTP/1.1" 200 530
INFO 2025-10-13 00:21:01,842 basehttp 3340 12260 "GET /api/parking-data/ HTTP/1.1" 200 12663
INFO 2025-10-13 00:21:49,826 basehttp 3340 12260 "GET /api/parking-status/ HTTP/1.1" 200 530
INFO 2025-10-13 00:21:49,862 basehttp 3340 2724 "GET /api/parking-data/ HTTP/1.1" 200 12663
INFO 2025-10-13 00:22:49,816 basehttp 3340 2724 "GET /api/parking-status/ HTTP/1.1" 200 530
INFO 2025-10-13 00:22:49,853 basehttp 3340 12260 "GET /api/parking-data/ HTTP/1.1" 200 12663
INFO 2025-10-13 00:23:49,815 basehttp 3340 12260 "GET /api/parking-status/ HTTP/1.1" 200 530
INFO 2025-10-13 00:23:49,851 basehttp 3340 2724 "GET /api/parking-data/ HTTP/1.1" 200 12663
INFO 2025-10-13 00:24:49,835 basehttp 3340 23492 "GET /api/parking-status/ HTTP/1.1" 200 530
INFO 2025-10-13 00:24:49,868 basehttp 3340 25176 "GET /api/parking-data/ HTTP/1.1" 200 12663
INFO 2025-10-13 00:25:49,845 basehttp 3340 23492 "GET /api/parking-data/ HTTP/1.1" 200 12663
INFO 2025-10-13 00:25:49,845 basehttp 3340 25176 "GET /api/parking-status/ HTTP/1.1" 200 530
INFO 2025-10-13 00:26:49,854 basehttp 3340 23492 "GET /api/parking-status/ HTTP/1.1" 200 530
INFO 2025-10-13 00:26:49,858 basehttp 3340 25176 "GET /api/parking-data/ HTTP/1.1" 200 12663
INFO 2025-10-13 00:27:49,914 basehttp 3340 25176 "GET /api/parking-status/ HTTP/1.1" 200 530
INFO 2025-10-13 00:27:49,948 basehttp 3340 23492 "GET /api/parking-data/ HTTP/1.1" 200 12663
INFO 2025-10-13 00:28:49,830 basehttp 3340 25176 "GET /api/parking-data/ HTTP/1.1" 200 12663
INFO 2025-10-13 00:28:49,833 basehttp 3340 23492 "GET /api/parking-status/ HTTP/1.1" 200 530
INFO 2025-10-13 00:29:49,820 basehttp 3340 23492 "GET /api/parking-status/ HTTP/1.1" 200 530
INFO 2025-10-13 00:29:49,857 basehttp 3340 25176 "GET /api/parking-data/ HTTP/1.1" 200 12663
INFO 2025-10-13 00:30:49,842 basehttp 3340 23492 "GET /api/parking-data/ HTTP/1.1" 200 12663
INFO 2025-10-13 00:30:49,848 basehttp 3340 25176 "GET /api/parking-status/ HTTP/1.1" 200 530
INFO 2025-10-13 00:31:49,822 basehttp 3340 25176 "GET /api/parking-status/ HTTP/1.1" 200 530
INFO 2025-10-13 00:31:49,848 basehttp 3340 23492 "GET /api/parking-data/ HTTP/1.1" 200 12663
INFO 2025-10-13 00:32:49,828 basehttp 3340 23492 "GET /api/parking-status/ HTTP/1.1" 200 530
INFO 2025-10-13 00:32:49,843 basehttp 3340 25176 "GET /api/parking-data/ HTTP/1.1" 200 12663
INFO 2025-10-13 00:33:49,822 basehttp 3340 25176 "GET /api/parking-status/ HTTP/1.1" 200 530
INFO 2025-10-13 00:33:49,851 basehttp 3340 23492 "GET /api/parking-data/ HTTP/1.1" 200 12663
INFO 2025-10-13 00:34:49,816 basehttp 3340 23492 "GET /api/parking-status/ HTTP/1.1" 200 530
INFO 2025-10-13 00:34:49,849 basehttp 3340 25176 "GET /api/parking-data/ HTTP/1.1" 200 12663
INFO 2025-10-13 00:35:49,811 basehttp 3340 25176 "GET /api/parking-status/ HTTP/1.1" 200 530
INFO 2025-10-13 00:35:49,844 basehttp 3340 23492 "GET /api/parking-data/ HTTP/1.1" 200 12663
INFO 2025-10-13 00:36:49,828 basehttp 3340 25176 "GET /api/parking-data/ HTTP/1.1" 200 12663
INFO 2025-10-13 00:36:49,842 basehttp 3340 23492 "GET /api/parking-status/ HTTP/1.1" 200 530
INFO 2025-10-13 00:37:03,233 basehttp 3340 23492 "GET /api/parking-status/ HTTP/1.1" 200 530
INFO 2025-10-13 00:37:03,269 basehttp 3340 25176 "GET /api/parking-data/ HTTP/1.1" 200 12663
INFO 2025-10-13 00:37:31,832 basehttp 3340 23492 "GET /api/parking-data/ HTTP/1.1" 200 12663
INFO 2025-10-13 00:37:31,835 basehttp 3340 25176 "GET /api/parking-status/ HTTP/1.1" 200 530
INFO 2025-10-13 00:52:19,263 autoreload 10312 21712 Watching for file changes with StatReloader
ERROR 2025-10-13 00:52:20,817 log 10312 1464 Internal Server Error: /
Traceback (most recent call last):
  File "C:\Users\athar\OneDrive\Desktop\TY - Sem 1\EDI\venv\Lib\site-packages\django\db\backends\utils.py", line 105, in _execute
    return self.cursor.execute(sql, params)
           ^^^^^^^^^^^^^^^^^^^^^^^^^^^^^^^^
  File "C:\Users\athar\OneDrive\Desktop\TY - Sem 1\EDI\venv\Lib\site-packages\django\db\backends\oracle\base.py", line 633, in execute
    return self.cursor.execute(query, self._param_generator(params))
           ^^^^^^^^^^^^^^^^^^^^^^^^^^^^^^^^^^^^^^^^^^^^^^^^^^^^^^^^^
cx_Oracle.DatabaseError: ORA-00904: "PARKING_APP_PARKINGSLOT"."IS_OCCUPIED": invalid identifier

The above exception was the direct cause of the following exception:

Traceback (most recent call last):
  File "C:\Users\athar\OneDrive\Desktop\TY - Sem 1\EDI\venv\Lib\site-packages\django\core\handlers\exception.py", line 55, in inner
    response = get_response(request)
               ^^^^^^^^^^^^^^^^^^^^^
  File "C:\Users\athar\OneDrive\Desktop\TY - Sem 1\EDI\venv\Lib\site-packages\django\core\handlers\base.py", line 197, in _get_response
    response = wrapped_callback(request, *callback_args, **callback_kwargs)
               ^^^^^^^^^^^^^^^^^^^^^^^^^^^^^^^^^^^^^^^^^^^^^^^^^^^^^^^^^^^^
  File "C:\Users\athar\OneDrive\Desktop\TY - Sem 1\EDI\parking-system\dashboard\parking_app\views.py", line 13, in dashboard
    occupied_slots = ParkingSlot.objects.filter(is_occupied=True).count()
                     ^^^^^^^^^^^^^^^^^^^^^^^^^^^^^^^^^^^^^^^^^^^^^^^^^^^^
  File "C:\Users\athar\OneDrive\Desktop\TY - Sem 1\EDI\venv\Lib\site-packages\django\db\models\query.py", line 604, in count
    return self.query.get_count(using=self.db)
           ^^^^^^^^^^^^^^^^^^^^^^^^^^^^^^^^^^^
  File "C:\Users\athar\OneDrive\Desktop\TY - Sem 1\EDI\venv\Lib\site-packages\django\db\models\sql\query.py", line 644, in get_count
    return obj.get_aggregation(using, {"__count": Count("*")})["__count"]
           ^^^^^^^^^^^^^^^^^^^^^^^^^^^^^^^^^^^^^^^^^^^^^^^^^^^
  File "C:\Users\athar\OneDrive\Desktop\TY - Sem 1\EDI\venv\Lib\site-packages\django\db\models\sql\query.py", line 626, in get_aggregation
    result = compiler.execute_sql(SINGLE)
             ^^^^^^^^^^^^^^^^^^^^^^^^^^^^
  File "C:\Users\athar\OneDrive\Desktop\TY - Sem 1\EDI\venv\Lib\site-packages\django\db\models\sql\compiler.py", line 1623, in execute_sql
    cursor.execute(sql, params)
  File "C:\Users\athar\OneDrive\Desktop\TY - Sem 1\EDI\venv\Lib\site-packages\django\db\backends\utils.py", line 122, in execute
    return super().execute(sql, params)
           ^^^^^^^^^^^^^^^^^^^^^^^^^^^^
  File "C:\Users\athar\OneDrive\Desktop\TY - Sem 1\EDI\venv\Lib\site-packages\django\db\backends\utils.py", line 79, in execute
    return self._execute_with_wrappers(
           ^^^^^^^^^^^^^^^^^^^^^^^^^^^^
  File "C:\Users\athar\OneDrive\Desktop\TY - Sem 1\EDI\venv\Lib\site-packages\django\db\backends\utils.py", line 92, in _execute_with_wrappers
    return executor(sql, params, many, context)
           ^^^^^^^^^^^^^^^^^^^^^^^^^^^^^^^^^^^^
  File "C:\Users\athar\OneDrive\Desktop\TY - Sem 1\EDI\venv\Lib\site-packages\django\db\backends\utils.py", line 100, in _execute
    with self.db.wrap_database_errors:
  File "C:\Users\athar\OneDrive\Desktop\TY - Sem 1\EDI\venv\Lib\site-packages\django\db\utils.py", line 91, in __exit__
    raise dj_exc_value.with_traceback(traceback) from exc_value
  File "C:\Users\athar\OneDrive\Desktop\TY - Sem 1\EDI\venv\Lib\site-packages\django\db\backends\utils.py", line 105, in _execute
    return self.cursor.execute(sql, params)
           ^^^^^^^^^^^^^^^^^^^^^^^^^^^^^^^^
  File "C:\Users\athar\OneDrive\Desktop\TY - Sem 1\EDI\venv\Lib\site-packages\django\db\backends\oracle\base.py", line 633, in execute
    return self.cursor.execute(query, self._param_generator(params))
           ^^^^^^^^^^^^^^^^^^^^^^^^^^^^^^^^^^^^^^^^^^^^^^^^^^^^^^^^^
django.db.utils.DatabaseError: ORA-00904: "PARKING_APP_PARKINGSLOT"."IS_OCCUPIED": invalid identifier
ERROR 2025-10-13 00:52:20,826 basehttp 10312 1464 "GET / HTTP/1.1" 500 136072
INFO 2025-10-13 00:52:20,928 basehttp 10312 1464 "GET /favicon.ico HTTP/1.1" 301 0
WARNING 2025-10-13 00:52:20,957 basehttp 10312 1464 "GET /static/img/favicon.ico HTTP/1.1" 404 1972
INFO 2025-10-13 00:52:24,300 autoreload 10312 21712 C:\Users\athar\OneDrive\Desktop\TY - Sem 1\EDI\parking-system\dashboard\parking_app\views.py changed, reloading.
INFO 2025-10-13 00:52:25,077 autoreload 24548 13740 Watching for file changes with StatReloader
ERROR 2025-10-13 00:52:26,235 log 24548 26452 Internal Server Error: /
Traceback (most recent call last):
  File "C:\Users\athar\OneDrive\Desktop\TY - Sem 1\EDI\venv\Lib\site-packages\django\db\backends\utils.py", line 105, in _execute
    return self.cursor.execute(sql, params)
           ^^^^^^^^^^^^^^^^^^^^^^^^^^^^^^^^
  File "C:\Users\athar\OneDrive\Desktop\TY - Sem 1\EDI\venv\Lib\site-packages\django\db\backends\oracle\base.py", line 633, in execute
    return self.cursor.execute(query, self._param_generator(params))
           ^^^^^^^^^^^^^^^^^^^^^^^^^^^^^^^^^^^^^^^^^^^^^^^^^^^^^^^^^
cx_Oracle.DatabaseError: ORA-00904: "PARKING_APP_PARKINGSLOT"."IS_OCCUPIED": invalid identifier

The above exception was the direct cause of the following exception:

Traceback (most recent call last):
  File "C:\Users\athar\OneDrive\Desktop\TY - Sem 1\EDI\venv\Lib\site-packages\django\core\handlers\exception.py", line 55, in inner
    response = get_response(request)
               ^^^^^^^^^^^^^^^^^^^^^
  File "C:\Users\athar\OneDrive\Desktop\TY - Sem 1\EDI\venv\Lib\site-packages\django\core\handlers\base.py", line 197, in _get_response
    response = wrapped_callback(request, *callback_args, **callback_kwargs)
               ^^^^^^^^^^^^^^^^^^^^^^^^^^^^^^^^^^^^^^^^^^^^^^^^^^^^^^^^^^^^
  File "C:\Users\athar\OneDrive\Desktop\TY - Sem 1\EDI\parking-system\dashboard\parking_app\views.py", line 13, in dashboard
    occupied_slots = ParkingSlot.objects.filter(is_occupied=True).count()
                     ^^^^^^^^^^^^^^^^^^^^^^^^^^^^^^^^^^^^^^^^^^^^^^^^^^^^
  File "C:\Users\athar\OneDrive\Desktop\TY - Sem 1\EDI\venv\Lib\site-packages\django\db\models\query.py", line 604, in count
    return self.query.get_count(using=self.db)
           ^^^^^^^^^^^^^^^^^^^^^^^^^^^^^^^^^^^
  File "C:\Users\athar\OneDrive\Desktop\TY - Sem 1\EDI\venv\Lib\site-packages\django\db\models\sql\query.py", line 644, in get_count
    return obj.get_aggregation(using, {"__count": Count("*")})["__count"]
           ^^^^^^^^^^^^^^^^^^^^^^^^^^^^^^^^^^^^^^^^^^^^^^^^^^^
  File "C:\Users\athar\OneDrive\Desktop\TY - Sem 1\EDI\venv\Lib\site-packages\django\db\models\sql\query.py", line 626, in get_aggregation
    result = compiler.execute_sql(SINGLE)
             ^^^^^^^^^^^^^^^^^^^^^^^^^^^^
  File "C:\Users\athar\OneDrive\Desktop\TY - Sem 1\EDI\venv\Lib\site-packages\django\db\models\sql\compiler.py", line 1623, in execute_sql
    cursor.execute(sql, params)
  File "C:\Users\athar\OneDrive\Desktop\TY - Sem 1\EDI\venv\Lib\site-packages\django\db\backends\utils.py", line 122, in execute
    return super().execute(sql, params)
           ^^^^^^^^^^^^^^^^^^^^^^^^^^^^
  File "C:\Users\athar\OneDrive\Desktop\TY - Sem 1\EDI\venv\Lib\site-packages\django\db\backends\utils.py", line 79, in execute
    return self._execute_with_wrappers(
           ^^^^^^^^^^^^^^^^^^^^^^^^^^^^
  File "C:\Users\athar\OneDrive\Desktop\TY - Sem 1\EDI\venv\Lib\site-packages\django\db\backends\utils.py", line 92, in _execute_with_wrappers
    return executor(sql, params, many, context)
           ^^^^^^^^^^^^^^^^^^^^^^^^^^^^^^^^^^^^
  File "C:\Users\athar\OneDrive\Desktop\TY - Sem 1\EDI\venv\Lib\site-packages\django\db\backends\utils.py", line 100, in _execute
    with self.db.wrap_database_errors:
  File "C:\Users\athar\OneDrive\Desktop\TY - Sem 1\EDI\venv\Lib\site-packages\django\db\utils.py", line 91, in __exit__
    raise dj_exc_value.with_traceback(traceback) from exc_value
  File "C:\Users\athar\OneDrive\Desktop\TY - Sem 1\EDI\venv\Lib\site-packages\django\db\backends\utils.py", line 105, in _execute
    return self.cursor.execute(sql, params)
           ^^^^^^^^^^^^^^^^^^^^^^^^^^^^^^^^
  File "C:\Users\athar\OneDrive\Desktop\TY - Sem 1\EDI\venv\Lib\site-packages\django\db\backends\oracle\base.py", line 633, in execute
    return self.cursor.execute(query, self._param_generator(params))
           ^^^^^^^^^^^^^^^^^^^^^^^^^^^^^^^^^^^^^^^^^^^^^^^^^^^^^^^^^
django.db.utils.DatabaseError: ORA-00904: "PARKING_APP_PARKINGSLOT"."IS_OCCUPIED": invalid identifier
ERROR 2025-10-13 00:52:26,244 basehttp 24548 26452 "GET / HTTP/1.1" 500 136072
ERROR 2025-10-13 00:52:26,553 log 24548 26452 Internal Server Error: /
Traceback (most recent call last):
  File "C:\Users\athar\OneDrive\Desktop\TY - Sem 1\EDI\venv\Lib\site-packages\django\db\backends\utils.py", line 105, in _execute
    return self.cursor.execute(sql, params)
           ^^^^^^^^^^^^^^^^^^^^^^^^^^^^^^^^
  File "C:\Users\athar\OneDrive\Desktop\TY - Sem 1\EDI\venv\Lib\site-packages\django\db\backends\oracle\base.py", line 633, in execute
    return self.cursor.execute(query, self._param_generator(params))
           ^^^^^^^^^^^^^^^^^^^^^^^^^^^^^^^^^^^^^^^^^^^^^^^^^^^^^^^^^
cx_Oracle.DatabaseError: ORA-00904: "PARKING_APP_PARKINGSLOT"."IS_OCCUPIED": invalid identifier

The above exception was the direct cause of the following exception:

Traceback (most recent call last):
  File "C:\Users\athar\OneDrive\Desktop\TY - Sem 1\EDI\venv\Lib\site-packages\django\core\handlers\exception.py", line 55, in inner
    response = get_response(request)
               ^^^^^^^^^^^^^^^^^^^^^
  File "C:\Users\athar\OneDrive\Desktop\TY - Sem 1\EDI\venv\Lib\site-packages\django\core\handlers\base.py", line 197, in _get_response
    response = wrapped_callback(request, *callback_args, **callback_kwargs)
               ^^^^^^^^^^^^^^^^^^^^^^^^^^^^^^^^^^^^^^^^^^^^^^^^^^^^^^^^^^^^
  File "C:\Users\athar\OneDrive\Desktop\TY - Sem 1\EDI\parking-system\dashboard\parking_app\views.py", line 13, in dashboard
    occupied_slots = ParkingSlot.objects.filter(is_occupied=True).count()
                     ^^^^^^^^^^^^^^^^^^^^^^^^^^^^^^^^^^^^^^^^^^^^^^^^^^^^
  File "C:\Users\athar\OneDrive\Desktop\TY - Sem 1\EDI\venv\Lib\site-packages\django\db\models\query.py", line 604, in count
    return self.query.get_count(using=self.db)
           ^^^^^^^^^^^^^^^^^^^^^^^^^^^^^^^^^^^
  File "C:\Users\athar\OneDrive\Desktop\TY - Sem 1\EDI\venv\Lib\site-packages\django\db\models\sql\query.py", line 644, in get_count
    return obj.get_aggregation(using, {"__count": Count("*")})["__count"]
           ^^^^^^^^^^^^^^^^^^^^^^^^^^^^^^^^^^^^^^^^^^^^^^^^^^^
  File "C:\Users\athar\OneDrive\Desktop\TY - Sem 1\EDI\venv\Lib\site-packages\django\db\models\sql\query.py", line 626, in get_aggregation
    result = compiler.execute_sql(SINGLE)
             ^^^^^^^^^^^^^^^^^^^^^^^^^^^^
  File "C:\Users\athar\OneDrive\Desktop\TY - Sem 1\EDI\venv\Lib\site-packages\django\db\models\sql\compiler.py", line 1623, in execute_sql
    cursor.execute(sql, params)
  File "C:\Users\athar\OneDrive\Desktop\TY - Sem 1\EDI\venv\Lib\site-packages\django\db\backends\utils.py", line 122, in execute
    return super().execute(sql, params)
           ^^^^^^^^^^^^^^^^^^^^^^^^^^^^
  File "C:\Users\athar\OneDrive\Desktop\TY - Sem 1\EDI\venv\Lib\site-packages\django\db\backends\utils.py", line 79, in execute
    return self._execute_with_wrappers(
           ^^^^^^^^^^^^^^^^^^^^^^^^^^^^
  File "C:\Users\athar\OneDrive\Desktop\TY - Sem 1\EDI\venv\Lib\site-packages\django\db\backends\utils.py", line 92, in _execute_with_wrappers
    return executor(sql, params, many, context)
           ^^^^^^^^^^^^^^^^^^^^^^^^^^^^^^^^^^^^
  File "C:\Users\athar\OneDrive\Desktop\TY - Sem 1\EDI\venv\Lib\site-packages\django\db\backends\utils.py", line 100, in _execute
    with self.db.wrap_database_errors:
  File "C:\Users\athar\OneDrive\Desktop\TY - Sem 1\EDI\venv\Lib\site-packages\django\db\utils.py", line 91, in __exit__
    raise dj_exc_value.with_traceback(traceback) from exc_value
  File "C:\Users\athar\OneDrive\Desktop\TY - Sem 1\EDI\venv\Lib\site-packages\django\db\backends\utils.py", line 105, in _execute
    return self.cursor.execute(sql, params)
           ^^^^^^^^^^^^^^^^^^^^^^^^^^^^^^^^
  File "C:\Users\athar\OneDrive\Desktop\TY - Sem 1\EDI\venv\Lib\site-packages\django\db\backends\oracle\base.py", line 633, in execute
    return self.cursor.execute(query, self._param_generator(params))
           ^^^^^^^^^^^^^^^^^^^^^^^^^^^^^^^^^^^^^^^^^^^^^^^^^^^^^^^^^
django.db.utils.DatabaseError: ORA-00904: "PARKING_APP_PARKINGSLOT"."IS_OCCUPIED": invalid identifier
ERROR 2025-10-13 00:52:26,558 basehttp 24548 26452 "GET / HTTP/1.1" 500 136072
ERROR 2025-10-13 00:52:26,735 log 24548 26452 Internal Server Error: /
Traceback (most recent call last):
  File "C:\Users\athar\OneDrive\Desktop\TY - Sem 1\EDI\venv\Lib\site-packages\django\db\backends\utils.py", line 105, in _execute
    return self.cursor.execute(sql, params)
           ^^^^^^^^^^^^^^^^^^^^^^^^^^^^^^^^
  File "C:\Users\athar\OneDrive\Desktop\TY - Sem 1\EDI\venv\Lib\site-packages\django\db\backends\oracle\base.py", line 633, in execute
    return self.cursor.execute(query, self._param_generator(params))
           ^^^^^^^^^^^^^^^^^^^^^^^^^^^^^^^^^^^^^^^^^^^^^^^^^^^^^^^^^
cx_Oracle.DatabaseError: ORA-00904: "PARKING_APP_PARKINGSLOT"."IS_OCCUPIED": invalid identifier

The above exception was the direct cause of the following exception:

Traceback (most recent call last):
  File "C:\Users\athar\OneDrive\Desktop\TY - Sem 1\EDI\venv\Lib\site-packages\django\core\handlers\exception.py", line 55, in inner
    response = get_response(request)
               ^^^^^^^^^^^^^^^^^^^^^
  File "C:\Users\athar\OneDrive\Desktop\TY - Sem 1\EDI\venv\Lib\site-packages\django\core\handlers\base.py", line 197, in _get_response
    response = wrapped_callback(request, *callback_args, **callback_kwargs)
               ^^^^^^^^^^^^^^^^^^^^^^^^^^^^^^^^^^^^^^^^^^^^^^^^^^^^^^^^^^^^
  File "C:\Users\athar\OneDrive\Desktop\TY - Sem 1\EDI\parking-system\dashboard\parking_app\views.py", line 13, in dashboard
    occupied_slots = ParkingSlot.objects.filter(is_occupied=True).count()
                     ^^^^^^^^^^^^^^^^^^^^^^^^^^^^^^^^^^^^^^^^^^^^^^^^^^^^
  File "C:\Users\athar\OneDrive\Desktop\TY - Sem 1\EDI\venv\Lib\site-packages\django\db\models\query.py", line 604, in count
    return self.query.get_count(using=self.db)
           ^^^^^^^^^^^^^^^^^^^^^^^^^^^^^^^^^^^
  File "C:\Users\athar\OneDrive\Desktop\TY - Sem 1\EDI\venv\Lib\site-packages\django\db\models\sql\query.py", line 644, in get_count
    return obj.get_aggregation(using, {"__count": Count("*")})["__count"]
           ^^^^^^^^^^^^^^^^^^^^^^^^^^^^^^^^^^^^^^^^^^^^^^^^^^^
  File "C:\Users\athar\OneDrive\Desktop\TY - Sem 1\EDI\venv\Lib\site-packages\django\db\models\sql\query.py", line 626, in get_aggregation
    result = compiler.execute_sql(SINGLE)
             ^^^^^^^^^^^^^^^^^^^^^^^^^^^^
  File "C:\Users\athar\OneDrive\Desktop\TY - Sem 1\EDI\venv\Lib\site-packages\django\db\models\sql\compiler.py", line 1623, in execute_sql
    cursor.execute(sql, params)
  File "C:\Users\athar\OneDrive\Desktop\TY - Sem 1\EDI\venv\Lib\site-packages\django\db\backends\utils.py", line 122, in execute
    return super().execute(sql, params)
           ^^^^^^^^^^^^^^^^^^^^^^^^^^^^
  File "C:\Users\athar\OneDrive\Desktop\TY - Sem 1\EDI\venv\Lib\site-packages\django\db\backends\utils.py", line 79, in execute
    return self._execute_with_wrappers(
           ^^^^^^^^^^^^^^^^^^^^^^^^^^^^
  File "C:\Users\athar\OneDrive\Desktop\TY - Sem 1\EDI\venv\Lib\site-packages\django\db\backends\utils.py", line 92, in _execute_with_wrappers
    return executor(sql, params, many, context)
           ^^^^^^^^^^^^^^^^^^^^^^^^^^^^^^^^^^^^
  File "C:\Users\athar\OneDrive\Desktop\TY - Sem 1\EDI\venv\Lib\site-packages\django\db\backends\utils.py", line 100, in _execute
    with self.db.wrap_database_errors:
  File "C:\Users\athar\OneDrive\Desktop\TY - Sem 1\EDI\venv\Lib\site-packages\django\db\utils.py", line 91, in __exit__
    raise dj_exc_value.with_traceback(traceback) from exc_value
  File "C:\Users\athar\OneDrive\Desktop\TY - Sem 1\EDI\venv\Lib\site-packages\django\db\backends\utils.py", line 105, in _execute
    return self.cursor.execute(sql, params)
           ^^^^^^^^^^^^^^^^^^^^^^^^^^^^^^^^
  File "C:\Users\athar\OneDrive\Desktop\TY - Sem 1\EDI\venv\Lib\site-packages\django\db\backends\oracle\base.py", line 633, in execute
    return self.cursor.execute(query, self._param_generator(params))
           ^^^^^^^^^^^^^^^^^^^^^^^^^^^^^^^^^^^^^^^^^^^^^^^^^^^^^^^^^
django.db.utils.DatabaseError: ORA-00904: "PARKING_APP_PARKINGSLOT"."IS_OCCUPIED": invalid identifier
ERROR 2025-10-13 00:52:26,740 basehttp 24548 26452 "GET / HTTP/1.1" 500 136072
INFO 2025-10-13 00:52:41,328 autoreload 24548 13740 C:\Users\athar\OneDrive\Desktop\TY - Sem 1\EDI\parking-system\dashboard\parking_app\views.py changed, reloading.
INFO 2025-10-13 00:52:42,566 autoreload 15812 20360 Watching for file changes with StatReloader
INFO 2025-10-13 00:52:58,799 autoreload 15812 20360 C:\Users\athar\OneDrive\Desktop\TY - Sem 1\EDI\parking-system\dashboard\parking_app\views.py changed, reloading.
INFO 2025-10-13 00:52:59,654 autoreload 25952 20256 Watching for file changes with StatReloader
INFO 2025-10-13 00:53:34,534 autoreload 25952 20256 C:\Users\athar\OneDrive\Desktop\TY - Sem 1\EDI\parking-system\dashboard\parking_app\views.py changed, reloading.
INFO 2025-10-13 00:53:35,445 autoreload 8124 3096 Watching for file changes with StatReloader
ERROR 2025-10-13 00:53:53,155 log 8124 19364 Internal Server Error: /
Traceback (most recent call last):
  File "C:\Users\athar\OneDrive\Desktop\TY - Sem 1\EDI\venv\Lib\site-packages\django\db\backends\utils.py", line 105, in _execute
    return self.cursor.execute(sql, params)
           ^^^^^^^^^^^^^^^^^^^^^^^^^^^^^^^^
  File "C:\Users\athar\OneDrive\Desktop\TY - Sem 1\EDI\venv\Lib\site-packages\django\db\backends\oracle\base.py", line 633, in execute
    return self.cursor.execute(query, self._param_generator(params))
           ^^^^^^^^^^^^^^^^^^^^^^^^^^^^^^^^^^^^^^^^^^^^^^^^^^^^^^^^^
cx_Oracle.DatabaseError: ORA-00904: "PARKING_APP_PARKINGSLOT"."IS_OCCUPIED": invalid identifier

The above exception was the direct cause of the following exception:

Traceback (most recent call last):
  File "C:\Users\athar\OneDrive\Desktop\TY - Sem 1\EDI\venv\Lib\site-packages\django\core\handlers\exception.py", line 55, in inner
    response = get_response(request)
               ^^^^^^^^^^^^^^^^^^^^^
  File "C:\Users\athar\OneDrive\Desktop\TY - Sem 1\EDI\venv\Lib\site-packages\django\core\handlers\base.py", line 197, in _get_response
    response = wrapped_callback(request, *callback_args, **callback_kwargs)
               ^^^^^^^^^^^^^^^^^^^^^^^^^^^^^^^^^^^^^^^^^^^^^^^^^^^^^^^^^^^^
  File "C:\Users\athar\OneDrive\Desktop\TY - Sem 1\EDI\parking-system\dashboard\parking_app\views.py", line 13, in dashboard
    occupied_slots = ParkingSlot.objects.filter(is_occupied=True).count()
                     ^^^^^^^^^^^^^^^^^^^^^^^^^^^^^^^^^^^^^^^^^^^^^^^^^^^^
  File "C:\Users\athar\OneDrive\Desktop\TY - Sem 1\EDI\venv\Lib\site-packages\django\db\models\query.py", line 604, in count
    return self.query.get_count(using=self.db)
           ^^^^^^^^^^^^^^^^^^^^^^^^^^^^^^^^^^^
  File "C:\Users\athar\OneDrive\Desktop\TY - Sem 1\EDI\venv\Lib\site-packages\django\db\models\sql\query.py", line 644, in get_count
    return obj.get_aggregation(using, {"__count": Count("*")})["__count"]
           ^^^^^^^^^^^^^^^^^^^^^^^^^^^^^^^^^^^^^^^^^^^^^^^^^^^
  File "C:\Users\athar\OneDrive\Desktop\TY - Sem 1\EDI\venv\Lib\site-packages\django\db\models\sql\query.py", line 626, in get_aggregation
    result = compiler.execute_sql(SINGLE)
             ^^^^^^^^^^^^^^^^^^^^^^^^^^^^
  File "C:\Users\athar\OneDrive\Desktop\TY - Sem 1\EDI\venv\Lib\site-packages\django\db\models\sql\compiler.py", line 1623, in execute_sql
    cursor.execute(sql, params)
  File "C:\Users\athar\OneDrive\Desktop\TY - Sem 1\EDI\venv\Lib\site-packages\django\db\backends\utils.py", line 122, in execute
    return super().execute(sql, params)
           ^^^^^^^^^^^^^^^^^^^^^^^^^^^^
  File "C:\Users\athar\OneDrive\Desktop\TY - Sem 1\EDI\venv\Lib\site-packages\django\db\backends\utils.py", line 79, in execute
    return self._execute_with_wrappers(
           ^^^^^^^^^^^^^^^^^^^^^^^^^^^^
  File "C:\Users\athar\OneDrive\Desktop\TY - Sem 1\EDI\venv\Lib\site-packages\django\db\backends\utils.py", line 92, in _execute_with_wrappers
    return executor(sql, params, many, context)
           ^^^^^^^^^^^^^^^^^^^^^^^^^^^^^^^^^^^^
  File "C:\Users\athar\OneDrive\Desktop\TY - Sem 1\EDI\venv\Lib\site-packages\django\db\backends\utils.py", line 100, in _execute
    with self.db.wrap_database_errors:
  File "C:\Users\athar\OneDrive\Desktop\TY - Sem 1\EDI\venv\Lib\site-packages\django\db\utils.py", line 91, in __exit__
    raise dj_exc_value.with_traceback(traceback) from exc_value
  File "C:\Users\athar\OneDrive\Desktop\TY - Sem 1\EDI\venv\Lib\site-packages\django\db\backends\utils.py", line 105, in _execute
    return self.cursor.execute(sql, params)
           ^^^^^^^^^^^^^^^^^^^^^^^^^^^^^^^^
  File "C:\Users\athar\OneDrive\Desktop\TY - Sem 1\EDI\venv\Lib\site-packages\django\db\backends\oracle\base.py", line 633, in execute
    return self.cursor.execute(query, self._param_generator(params))
           ^^^^^^^^^^^^^^^^^^^^^^^^^^^^^^^^^^^^^^^^^^^^^^^^^^^^^^^^^
django.db.utils.DatabaseError: ORA-00904: "PARKING_APP_PARKINGSLOT"."IS_OCCUPIED": invalid identifier
ERROR 2025-10-13 00:53:53,159 basehttp 8124 19364 "GET / HTTP/1.1" 500 136072
ERROR 2025-10-13 00:53:53,766 log 8124 19364 Internal Server Error: /
Traceback (most recent call last):
  File "C:\Users\athar\OneDrive\Desktop\TY - Sem 1\EDI\venv\Lib\site-packages\django\db\backends\utils.py", line 105, in _execute
    return self.cursor.execute(sql, params)
           ^^^^^^^^^^^^^^^^^^^^^^^^^^^^^^^^
  File "C:\Users\athar\OneDrive\Desktop\TY - Sem 1\EDI\venv\Lib\site-packages\django\db\backends\oracle\base.py", line 633, in execute
    return self.cursor.execute(query, self._param_generator(params))
           ^^^^^^^^^^^^^^^^^^^^^^^^^^^^^^^^^^^^^^^^^^^^^^^^^^^^^^^^^
cx_Oracle.DatabaseError: ORA-00904: "PARKING_APP_PARKINGSLOT"."IS_OCCUPIED": invalid identifier

The above exception was the direct cause of the following exception:

Traceback (most recent call last):
  File "C:\Users\athar\OneDrive\Desktop\TY - Sem 1\EDI\venv\Lib\site-packages\django\core\handlers\exception.py", line 55, in inner
    response = get_response(request)
               ^^^^^^^^^^^^^^^^^^^^^
  File "C:\Users\athar\OneDrive\Desktop\TY - Sem 1\EDI\venv\Lib\site-packages\django\core\handlers\base.py", line 197, in _get_response
    response = wrapped_callback(request, *callback_args, **callback_kwargs)
               ^^^^^^^^^^^^^^^^^^^^^^^^^^^^^^^^^^^^^^^^^^^^^^^^^^^^^^^^^^^^
  File "C:\Users\athar\OneDrive\Desktop\TY - Sem 1\EDI\parking-system\dashboard\parking_app\views.py", line 13, in dashboard
    occupied_slots = ParkingSlot.objects.filter(is_occupied=True).count()
                     ^^^^^^^^^^^^^^^^^^^^^^^^^^^^^^^^^^^^^^^^^^^^^^^^^^^^
  File "C:\Users\athar\OneDrive\Desktop\TY - Sem 1\EDI\venv\Lib\site-packages\django\db\models\query.py", line 604, in count
    return self.query.get_count(using=self.db)
           ^^^^^^^^^^^^^^^^^^^^^^^^^^^^^^^^^^^
  File "C:\Users\athar\OneDrive\Desktop\TY - Sem 1\EDI\venv\Lib\site-packages\django\db\models\sql\query.py", line 644, in get_count
    return obj.get_aggregation(using, {"__count": Count("*")})["__count"]
           ^^^^^^^^^^^^^^^^^^^^^^^^^^^^^^^^^^^^^^^^^^^^^^^^^^^
  File "C:\Users\athar\OneDrive\Desktop\TY - Sem 1\EDI\venv\Lib\site-packages\django\db\models\sql\query.py", line 626, in get_aggregation
    result = compiler.execute_sql(SINGLE)
             ^^^^^^^^^^^^^^^^^^^^^^^^^^^^
  File "C:\Users\athar\OneDrive\Desktop\TY - Sem 1\EDI\venv\Lib\site-packages\django\db\models\sql\compiler.py", line 1623, in execute_sql
    cursor.execute(sql, params)
  File "C:\Users\athar\OneDrive\Desktop\TY - Sem 1\EDI\venv\Lib\site-packages\django\db\backends\utils.py", line 122, in execute
    return super().execute(sql, params)
           ^^^^^^^^^^^^^^^^^^^^^^^^^^^^
  File "C:\Users\athar\OneDrive\Desktop\TY - Sem 1\EDI\venv\Lib\site-packages\django\db\backends\utils.py", line 79, in execute
    return self._execute_with_wrappers(
           ^^^^^^^^^^^^^^^^^^^^^^^^^^^^
  File "C:\Users\athar\OneDrive\Desktop\TY - Sem 1\EDI\venv\Lib\site-packages\django\db\backends\utils.py", line 92, in _execute_with_wrappers
    return executor(sql, params, many, context)
           ^^^^^^^^^^^^^^^^^^^^^^^^^^^^^^^^^^^^
  File "C:\Users\athar\OneDrive\Desktop\TY - Sem 1\EDI\venv\Lib\site-packages\django\db\backends\utils.py", line 100, in _execute
    with self.db.wrap_database_errors:
  File "C:\Users\athar\OneDrive\Desktop\TY - Sem 1\EDI\venv\Lib\site-packages\django\db\utils.py", line 91, in __exit__
    raise dj_exc_value.with_traceback(traceback) from exc_value
  File "C:\Users\athar\OneDrive\Desktop\TY - Sem 1\EDI\venv\Lib\site-packages\django\db\backends\utils.py", line 105, in _execute
    return self.cursor.execute(sql, params)
           ^^^^^^^^^^^^^^^^^^^^^^^^^^^^^^^^
  File "C:\Users\athar\OneDrive\Desktop\TY - Sem 1\EDI\venv\Lib\site-packages\django\db\backends\oracle\base.py", line 633, in execute
    return self.cursor.execute(query, self._param_generator(params))
           ^^^^^^^^^^^^^^^^^^^^^^^^^^^^^^^^^^^^^^^^^^^^^^^^^^^^^^^^^
django.db.utils.DatabaseError: ORA-00904: "PARKING_APP_PARKINGSLOT"."IS_OCCUPIED": invalid identifier
ERROR 2025-10-13 00:53:53,770 basehttp 8124 19364 "GET / HTTP/1.1" 500 136072
ERROR 2025-10-13 00:53:53,914 log 8124 19364 Internal Server Error: /
Traceback (most recent call last):
  File "C:\Users\athar\OneDrive\Desktop\TY - Sem 1\EDI\venv\Lib\site-packages\django\db\backends\utils.py", line 105, in _execute
    return self.cursor.execute(sql, params)
           ^^^^^^^^^^^^^^^^^^^^^^^^^^^^^^^^
  File "C:\Users\athar\OneDrive\Desktop\TY - Sem 1\EDI\venv\Lib\site-packages\django\db\backends\oracle\base.py", line 633, in execute
    return self.cursor.execute(query, self._param_generator(params))
           ^^^^^^^^^^^^^^^^^^^^^^^^^^^^^^^^^^^^^^^^^^^^^^^^^^^^^^^^^
cx_Oracle.DatabaseError: ORA-00904: "PARKING_APP_PARKINGSLOT"."IS_OCCUPIED": invalid identifier

The above exception was the direct cause of the following exception:

Traceback (most recent call last):
  File "C:\Users\athar\OneDrive\Desktop\TY - Sem 1\EDI\venv\Lib\site-packages\django\core\handlers\exception.py", line 55, in inner
    response = get_response(request)
               ^^^^^^^^^^^^^^^^^^^^^
  File "C:\Users\athar\OneDrive\Desktop\TY - Sem 1\EDI\venv\Lib\site-packages\django\core\handlers\base.py", line 197, in _get_response
    response = wrapped_callback(request, *callback_args, **callback_kwargs)
               ^^^^^^^^^^^^^^^^^^^^^^^^^^^^^^^^^^^^^^^^^^^^^^^^^^^^^^^^^^^^
  File "C:\Users\athar\OneDrive\Desktop\TY - Sem 1\EDI\parking-system\dashboard\parking_app\views.py", line 13, in dashboard
    occupied_slots = ParkingSlot.objects.filter(is_occupied=True).count()
                     ^^^^^^^^^^^^^^^^^^^^^^^^^^^^^^^^^^^^^^^^^^^^^^^^^^^^
  File "C:\Users\athar\OneDrive\Desktop\TY - Sem 1\EDI\venv\Lib\site-packages\django\db\models\query.py", line 604, in count
    return self.query.get_count(using=self.db)
           ^^^^^^^^^^^^^^^^^^^^^^^^^^^^^^^^^^^
  File "C:\Users\athar\OneDrive\Desktop\TY - Sem 1\EDI\venv\Lib\site-packages\django\db\models\sql\query.py", line 644, in get_count
    return obj.get_aggregation(using, {"__count": Count("*")})["__count"]
           ^^^^^^^^^^^^^^^^^^^^^^^^^^^^^^^^^^^^^^^^^^^^^^^^^^^
  File "C:\Users\athar\OneDrive\Desktop\TY - Sem 1\EDI\venv\Lib\site-packages\django\db\models\sql\query.py", line 626, in get_aggregation
    result = compiler.execute_sql(SINGLE)
             ^^^^^^^^^^^^^^^^^^^^^^^^^^^^
  File "C:\Users\athar\OneDrive\Desktop\TY - Sem 1\EDI\venv\Lib\site-packages\django\db\models\sql\compiler.py", line 1623, in execute_sql
    cursor.execute(sql, params)
  File "C:\Users\athar\OneDrive\Desktop\TY - Sem 1\EDI\venv\Lib\site-packages\django\db\backends\utils.py", line 122, in execute
    return super().execute(sql, params)
           ^^^^^^^^^^^^^^^^^^^^^^^^^^^^
  File "C:\Users\athar\OneDrive\Desktop\TY - Sem 1\EDI\venv\Lib\site-packages\django\db\backends\utils.py", line 79, in execute
    return self._execute_with_wrappers(
           ^^^^^^^^^^^^^^^^^^^^^^^^^^^^
  File "C:\Users\athar\OneDrive\Desktop\TY - Sem 1\EDI\venv\Lib\site-packages\django\db\backends\utils.py", line 92, in _execute_with_wrappers
    return executor(sql, params, many, context)
           ^^^^^^^^^^^^^^^^^^^^^^^^^^^^^^^^^^^^
  File "C:\Users\athar\OneDrive\Desktop\TY - Sem 1\EDI\venv\Lib\site-packages\django\db\backends\utils.py", line 100, in _execute
    with self.db.wrap_database_errors:
  File "C:\Users\athar\OneDrive\Desktop\TY - Sem 1\EDI\venv\Lib\site-packages\django\db\utils.py", line 91, in __exit__
    raise dj_exc_value.with_traceback(traceback) from exc_value
  File "C:\Users\athar\OneDrive\Desktop\TY - Sem 1\EDI\venv\Lib\site-packages\django\db\backends\utils.py", line 105, in _execute
    return self.cursor.execute(sql, params)
           ^^^^^^^^^^^^^^^^^^^^^^^^^^^^^^^^
  File "C:\Users\athar\OneDrive\Desktop\TY - Sem 1\EDI\venv\Lib\site-packages\django\db\backends\oracle\base.py", line 633, in execute
    return self.cursor.execute(query, self._param_generator(params))
           ^^^^^^^^^^^^^^^^^^^^^^^^^^^^^^^^^^^^^^^^^^^^^^^^^^^^^^^^^
django.db.utils.DatabaseError: ORA-00904: "PARKING_APP_PARKINGSLOT"."IS_OCCUPIED": invalid identifier
ERROR 2025-10-13 00:53:53,918 basehttp 8124 19364 "GET / HTTP/1.1" 500 136072
ERROR 2025-10-13 00:53:54,065 log 8124 19364 Internal Server Error: /
Traceback (most recent call last):
  File "C:\Users\athar\OneDrive\Desktop\TY - Sem 1\EDI\venv\Lib\site-packages\django\db\backends\utils.py", line 105, in _execute
    return self.cursor.execute(sql, params)
           ^^^^^^^^^^^^^^^^^^^^^^^^^^^^^^^^
  File "C:\Users\athar\OneDrive\Desktop\TY - Sem 1\EDI\venv\Lib\site-packages\django\db\backends\oracle\base.py", line 633, in execute
    return self.cursor.execute(query, self._param_generator(params))
           ^^^^^^^^^^^^^^^^^^^^^^^^^^^^^^^^^^^^^^^^^^^^^^^^^^^^^^^^^
cx_Oracle.DatabaseError: ORA-00904: "PARKING_APP_PARKINGSLOT"."IS_OCCUPIED": invalid identifier

The above exception was the direct cause of the following exception:

Traceback (most recent call last):
  File "C:\Users\athar\OneDrive\Desktop\TY - Sem 1\EDI\venv\Lib\site-packages\django\core\handlers\exception.py", line 55, in inner
    response = get_response(request)
               ^^^^^^^^^^^^^^^^^^^^^
  File "C:\Users\athar\OneDrive\Desktop\TY - Sem 1\EDI\venv\Lib\site-packages\django\core\handlers\base.py", line 197, in _get_response
    response = wrapped_callback(request, *callback_args, **callback_kwargs)
               ^^^^^^^^^^^^^^^^^^^^^^^^^^^^^^^^^^^^^^^^^^^^^^^^^^^^^^^^^^^^
  File "C:\Users\athar\OneDrive\Desktop\TY - Sem 1\EDI\parking-system\dashboard\parking_app\views.py", line 13, in dashboard
    occupied_slots = ParkingSlot.objects.filter(is_occupied=True).count()
                     ^^^^^^^^^^^^^^^^^^^^^^^^^^^^^^^^^^^^^^^^^^^^^^^^^^^^
  File "C:\Users\athar\OneDrive\Desktop\TY - Sem 1\EDI\venv\Lib\site-packages\django\db\models\query.py", line 604, in count
    return self.query.get_count(using=self.db)
           ^^^^^^^^^^^^^^^^^^^^^^^^^^^^^^^^^^^
  File "C:\Users\athar\OneDrive\Desktop\TY - Sem 1\EDI\venv\Lib\site-packages\django\db\models\sql\query.py", line 644, in get_count
    return obj.get_aggregation(using, {"__count": Count("*")})["__count"]
           ^^^^^^^^^^^^^^^^^^^^^^^^^^^^^^^^^^^^^^^^^^^^^^^^^^^
  File "C:\Users\athar\OneDrive\Desktop\TY - Sem 1\EDI\venv\Lib\site-packages\django\db\models\sql\query.py", line 626, in get_aggregation
    result = compiler.execute_sql(SINGLE)
             ^^^^^^^^^^^^^^^^^^^^^^^^^^^^
  File "C:\Users\athar\OneDrive\Desktop\TY - Sem 1\EDI\venv\Lib\site-packages\django\db\models\sql\compiler.py", line 1623, in execute_sql
    cursor.execute(sql, params)
  File "C:\Users\athar\OneDrive\Desktop\TY - Sem 1\EDI\venv\Lib\site-packages\django\db\backends\utils.py", line 122, in execute
    return super().execute(sql, params)
           ^^^^^^^^^^^^^^^^^^^^^^^^^^^^
  File "C:\Users\athar\OneDrive\Desktop\TY - Sem 1\EDI\venv\Lib\site-packages\django\db\backends\utils.py", line 79, in execute
    return self._execute_with_wrappers(
           ^^^^^^^^^^^^^^^^^^^^^^^^^^^^
  File "C:\Users\athar\OneDrive\Desktop\TY - Sem 1\EDI\venv\Lib\site-packages\django\db\backends\utils.py", line 92, in _execute_with_wrappers
    return executor(sql, params, many, context)
           ^^^^^^^^^^^^^^^^^^^^^^^^^^^^^^^^^^^^
  File "C:\Users\athar\OneDrive\Desktop\TY - Sem 1\EDI\venv\Lib\site-packages\django\db\backends\utils.py", line 100, in _execute
    with self.db.wrap_database_errors:
  File "C:\Users\athar\OneDrive\Desktop\TY - Sem 1\EDI\venv\Lib\site-packages\django\db\utils.py", line 91, in __exit__
    raise dj_exc_value.with_traceback(traceback) from exc_value
  File "C:\Users\athar\OneDrive\Desktop\TY - Sem 1\EDI\venv\Lib\site-packages\django\db\backends\utils.py", line 105, in _execute
    return self.cursor.execute(sql, params)
           ^^^^^^^^^^^^^^^^^^^^^^^^^^^^^^^^
  File "C:\Users\athar\OneDrive\Desktop\TY - Sem 1\EDI\venv\Lib\site-packages\django\db\backends\oracle\base.py", line 633, in execute
    return self.cursor.execute(query, self._param_generator(params))
           ^^^^^^^^^^^^^^^^^^^^^^^^^^^^^^^^^^^^^^^^^^^^^^^^^^^^^^^^^
django.db.utils.DatabaseError: ORA-00904: "PARKING_APP_PARKINGSLOT"."IS_OCCUPIED": invalid identifier
ERROR 2025-10-13 00:53:54,069 basehttp 8124 19364 "GET / HTTP/1.1" 500 136072
INFO 2025-10-13 00:55:43,711 autoreload 8124 3096 C:\Users\athar\OneDrive\Desktop\TY - Sem 1\EDI\parking-system\dashboard\parking_app\views.py changed, reloading.
INFO 2025-10-13 00:55:44,631 autoreload 240 17084 Watching for file changes with StatReloader
ERROR 2025-10-13 00:55:45,334 log 240 17460 Internal Server Error: /
Traceback (most recent call last):
  File "C:\Users\athar\OneDrive\Desktop\TY - Sem 1\EDI\venv\Lib\site-packages\django\db\backends\utils.py", line 105, in _execute
    return self.cursor.execute(sql, params)
           ^^^^^^^^^^^^^^^^^^^^^^^^^^^^^^^^
  File "C:\Users\athar\OneDrive\Desktop\TY - Sem 1\EDI\venv\Lib\site-packages\django\db\backends\oracle\base.py", line 633, in execute
    return self.cursor.execute(query, self._param_generator(params))
           ^^^^^^^^^^^^^^^^^^^^^^^^^^^^^^^^^^^^^^^^^^^^^^^^^^^^^^^^^
cx_Oracle.DatabaseError: ORA-00904: "PARKING_APP_PARKINGSLOT"."IS_OCCUPIED": invalid identifier

The above exception was the direct cause of the following exception:

Traceback (most recent call last):
  File "C:\Users\athar\OneDrive\Desktop\TY - Sem 1\EDI\venv\Lib\site-packages\django\core\handlers\exception.py", line 55, in inner
    response = get_response(request)
               ^^^^^^^^^^^^^^^^^^^^^
  File "C:\Users\athar\OneDrive\Desktop\TY - Sem 1\EDI\venv\Lib\site-packages\django\core\handlers\base.py", line 197, in _get_response
    response = wrapped_callback(request, *callback_args, **callback_kwargs)
               ^^^^^^^^^^^^^^^^^^^^^^^^^^^^^^^^^^^^^^^^^^^^^^^^^^^^^^^^^^^^
  File "C:\Users\athar\OneDrive\Desktop\TY - Sem 1\EDI\parking-system\dashboard\parking_app\views.py", line 13, in dashboard
    occupied_slots = ParkingSlot.objects.filter(is_occupied=True).count()
                     ^^^^^^^^^^^^^^^^^^^^^^^^^^^^^^^^^^^^^^^^^^^^^^^^^^^^
  File "C:\Users\athar\OneDrive\Desktop\TY - Sem 1\EDI\venv\Lib\site-packages\django\db\models\query.py", line 604, in count
    return self.query.get_count(using=self.db)
           ^^^^^^^^^^^^^^^^^^^^^^^^^^^^^^^^^^^
  File "C:\Users\athar\OneDrive\Desktop\TY - Sem 1\EDI\venv\Lib\site-packages\django\db\models\sql\query.py", line 644, in get_count
    return obj.get_aggregation(using, {"__count": Count("*")})["__count"]
           ^^^^^^^^^^^^^^^^^^^^^^^^^^^^^^^^^^^^^^^^^^^^^^^^^^^
  File "C:\Users\athar\OneDrive\Desktop\TY - Sem 1\EDI\venv\Lib\site-packages\django\db\models\sql\query.py", line 626, in get_aggregation
    result = compiler.execute_sql(SINGLE)
             ^^^^^^^^^^^^^^^^^^^^^^^^^^^^
  File "C:\Users\athar\OneDrive\Desktop\TY - Sem 1\EDI\venv\Lib\site-packages\django\db\models\sql\compiler.py", line 1623, in execute_sql
    cursor.execute(sql, params)
  File "C:\Users\athar\OneDrive\Desktop\TY - Sem 1\EDI\venv\Lib\site-packages\django\db\backends\utils.py", line 122, in execute
    return super().execute(sql, params)
           ^^^^^^^^^^^^^^^^^^^^^^^^^^^^
  File "C:\Users\athar\OneDrive\Desktop\TY - Sem 1\EDI\venv\Lib\site-packages\django\db\backends\utils.py", line 79, in execute
    return self._execute_with_wrappers(
           ^^^^^^^^^^^^^^^^^^^^^^^^^^^^
  File "C:\Users\athar\OneDrive\Desktop\TY - Sem 1\EDI\venv\Lib\site-packages\django\db\backends\utils.py", line 92, in _execute_with_wrappers
    return executor(sql, params, many, context)
           ^^^^^^^^^^^^^^^^^^^^^^^^^^^^^^^^^^^^
  File "C:\Users\athar\OneDrive\Desktop\TY - Sem 1\EDI\venv\Lib\site-packages\django\db\backends\utils.py", line 100, in _execute
    with self.db.wrap_database_errors:
  File "C:\Users\athar\OneDrive\Desktop\TY - Sem 1\EDI\venv\Lib\site-packages\django\db\utils.py", line 91, in __exit__
    raise dj_exc_value.with_traceback(traceback) from exc_value
  File "C:\Users\athar\OneDrive\Desktop\TY - Sem 1\EDI\venv\Lib\site-packages\django\db\backends\utils.py", line 105, in _execute
    return self.cursor.execute(sql, params)
           ^^^^^^^^^^^^^^^^^^^^^^^^^^^^^^^^
  File "C:\Users\athar\OneDrive\Desktop\TY - Sem 1\EDI\venv\Lib\site-packages\django\db\backends\oracle\base.py", line 633, in execute
    return self.cursor.execute(query, self._param_generator(params))
           ^^^^^^^^^^^^^^^^^^^^^^^^^^^^^^^^^^^^^^^^^^^^^^^^^^^^^^^^^
django.db.utils.DatabaseError: ORA-00904: "PARKING_APP_PARKINGSLOT"."IS_OCCUPIED": invalid identifier
ERROR 2025-10-13 00:55:45,342 basehttp 240 17460 "GET / HTTP/1.1" 500 136072
ERROR 2025-10-13 00:56:22,392 log 240 17460 Internal Server Error: /
Traceback (most recent call last):
  File "C:\Users\athar\OneDrive\Desktop\TY - Sem 1\EDI\venv\Lib\site-packages\django\db\backends\utils.py", line 105, in _execute
    return self.cursor.execute(sql, params)
           ^^^^^^^^^^^^^^^^^^^^^^^^^^^^^^^^
  File "C:\Users\athar\OneDrive\Desktop\TY - Sem 1\EDI\venv\Lib\site-packages\django\db\backends\oracle\base.py", line 633, in execute
    return self.cursor.execute(query, self._param_generator(params))
           ^^^^^^^^^^^^^^^^^^^^^^^^^^^^^^^^^^^^^^^^^^^^^^^^^^^^^^^^^
cx_Oracle.DatabaseError: ORA-00904: "PARKING_APP_PARKINGSLOT"."IS_OCCUPIED": invalid identifier

The above exception was the direct cause of the following exception:

Traceback (most recent call last):
  File "C:\Users\athar\OneDrive\Desktop\TY - Sem 1\EDI\venv\Lib\site-packages\django\core\handlers\exception.py", line 55, in inner
    response = get_response(request)
               ^^^^^^^^^^^^^^^^^^^^^
  File "C:\Users\athar\OneDrive\Desktop\TY - Sem 1\EDI\venv\Lib\site-packages\django\core\handlers\base.py", line 197, in _get_response
    response = wrapped_callback(request, *callback_args, **callback_kwargs)
               ^^^^^^^^^^^^^^^^^^^^^^^^^^^^^^^^^^^^^^^^^^^^^^^^^^^^^^^^^^^^
  File "C:\Users\athar\OneDrive\Desktop\TY - Sem 1\EDI\parking-system\dashboard\parking_app\views.py", line 13, in dashboard
    occupied_slots = ParkingSlot.objects.filter(is_occupied=True).count()
                     ^^^^^^^^^^^^^^^^^^^^^^^^^^^^^^^^^^^^^^^^^^^^^^^^^^^^
  File "C:\Users\athar\OneDrive\Desktop\TY - Sem 1\EDI\venv\Lib\site-packages\django\db\models\query.py", line 604, in count
    return self.query.get_count(using=self.db)
           ^^^^^^^^^^^^^^^^^^^^^^^^^^^^^^^^^^^
  File "C:\Users\athar\OneDrive\Desktop\TY - Sem 1\EDI\venv\Lib\site-packages\django\db\models\sql\query.py", line 644, in get_count
    return obj.get_aggregation(using, {"__count": Count("*")})["__count"]
           ^^^^^^^^^^^^^^^^^^^^^^^^^^^^^^^^^^^^^^^^^^^^^^^^^^^
  File "C:\Users\athar\OneDrive\Desktop\TY - Sem 1\EDI\venv\Lib\site-packages\django\db\models\sql\query.py", line 626, in get_aggregation
    result = compiler.execute_sql(SINGLE)
             ^^^^^^^^^^^^^^^^^^^^^^^^^^^^
  File "C:\Users\athar\OneDrive\Desktop\TY - Sem 1\EDI\venv\Lib\site-packages\django\db\models\sql\compiler.py", line 1623, in execute_sql
    cursor.execute(sql, params)
  File "C:\Users\athar\OneDrive\Desktop\TY - Sem 1\EDI\venv\Lib\site-packages\django\db\backends\utils.py", line 122, in execute
    return super().execute(sql, params)
           ^^^^^^^^^^^^^^^^^^^^^^^^^^^^
  File "C:\Users\athar\OneDrive\Desktop\TY - Sem 1\EDI\venv\Lib\site-packages\django\db\backends\utils.py", line 79, in execute
    return self._execute_with_wrappers(
           ^^^^^^^^^^^^^^^^^^^^^^^^^^^^
  File "C:\Users\athar\OneDrive\Desktop\TY - Sem 1\EDI\venv\Lib\site-packages\django\db\backends\utils.py", line 92, in _execute_with_wrappers
    return executor(sql, params, many, context)
           ^^^^^^^^^^^^^^^^^^^^^^^^^^^^^^^^^^^^
  File "C:\Users\athar\OneDrive\Desktop\TY - Sem 1\EDI\venv\Lib\site-packages\django\db\backends\utils.py", line 100, in _execute
    with self.db.wrap_database_errors:
  File "C:\Users\athar\OneDrive\Desktop\TY - Sem 1\EDI\venv\Lib\site-packages\django\db\utils.py", line 91, in __exit__
    raise dj_exc_value.with_traceback(traceback) from exc_value
  File "C:\Users\athar\OneDrive\Desktop\TY - Sem 1\EDI\venv\Lib\site-packages\django\db\backends\utils.py", line 105, in _execute
    return self.cursor.execute(sql, params)
           ^^^^^^^^^^^^^^^^^^^^^^^^^^^^^^^^
  File "C:\Users\athar\OneDrive\Desktop\TY - Sem 1\EDI\venv\Lib\site-packages\django\db\backends\oracle\base.py", line 633, in execute
    return self.cursor.execute(query, self._param_generator(params))
           ^^^^^^^^^^^^^^^^^^^^^^^^^^^^^^^^^^^^^^^^^^^^^^^^^^^^^^^^^
django.db.utils.DatabaseError: ORA-00904: "PARKING_APP_PARKINGSLOT"."IS_OCCUPIED": invalid identifier
ERROR 2025-10-13 00:56:22,397 basehttp 240 17460 "GET / HTTP/1.1" 500 136072
INFO 2025-10-13 00:56:44,057 autoreload 17012 13608 Watching for file changes with StatReloader
ERROR 2025-10-13 00:56:45,972 log 17012 17932 Internal Server Error: /
Traceback (most recent call last):
  File "C:\Users\athar\OneDrive\Desktop\TY - Sem 1\EDI\venv\Lib\site-packages\django\core\handlers\exception.py", line 55, in inner
    response = get_response(request)
               ^^^^^^^^^^^^^^^^^^^^^
  File "C:\Users\athar\OneDrive\Desktop\TY - Sem 1\EDI\venv\Lib\site-packages\django\core\handlers\base.py", line 197, in _get_response
    response = wrapped_callback(request, *callback_args, **callback_kwargs)
               ^^^^^^^^^^^^^^^^^^^^^^^^^^^^^^^^^^^^^^^^^^^^^^^^^^^^^^^^^^^^
  File "C:\Users\athar\OneDrive\Desktop\TY - Sem 1\EDI\parking-system\dashboard\parking_app\views.py", line 13, in dashboard
    occupied_slots = ParkingSlot.objects.filter(status='occupied').count()
                     ^^^^^^^^^^^^^^^^^^^^^^^^^^^^^^^^^^^^^^^^^^^^^
  File "C:\Users\athar\OneDrive\Desktop\TY - Sem 1\EDI\venv\Lib\site-packages\django\db\models\manager.py", line 87, in manager_method
    return getattr(self.get_queryset(), name)(*args, **kwargs)
           ^^^^^^^^^^^^^^^^^^^^^^^^^^^^^^^^^^^^^^^^^^^^^^^^^^^
  File "C:\Users\athar\OneDrive\Desktop\TY - Sem 1\EDI\venv\Lib\site-packages\django\db\models\query.py", line 1493, in filter
    return self._filter_or_exclude(False, args, kwargs)
           ^^^^^^^^^^^^^^^^^^^^^^^^^^^^^^^^^^^^^^^^^^^^
  File "C:\Users\athar\OneDrive\Desktop\TY - Sem 1\EDI\venv\Lib\site-packages\django\db\models\query.py", line 1511, in _filter_or_exclude
    clone._filter_or_exclude_inplace(negate, args, kwargs)
  File "C:\Users\athar\OneDrive\Desktop\TY - Sem 1\EDI\venv\Lib\site-packages\django\db\models\query.py", line 1518, in _filter_or_exclude_inplace
    self._query.add_q(Q(*args, **kwargs))
  File "C:\Users\athar\OneDrive\Desktop\TY - Sem 1\EDI\venv\Lib\site-packages\django\db\models\sql\query.py", line 1646, in add_q
    clause, _ = self._add_q(q_object, can_reuse)
                ^^^^^^^^^^^^^^^^^^^^^^^^^^^^^^^^
  File "C:\Users\athar\OneDrive\Desktop\TY - Sem 1\EDI\venv\Lib\site-packages\django\db\models\sql\query.py", line 1678, in _add_q
    child_clause, needed_inner = self.build_filter(
                                 ^^^^^^^^^^^^^^^^^^
  File "C:\Users\athar\OneDrive\Desktop\TY - Sem 1\EDI\venv\Lib\site-packages\django\db\models\sql\query.py", line 1526, in build_filter
    lookups, parts, reffed_expression = self.solve_lookup_type(arg, summarize)
                                        ^^^^^^^^^^^^^^^^^^^^^^^^^^^^^^^^^^^^^^
  File "C:\Users\athar\OneDrive\Desktop\TY - Sem 1\EDI\venv\Lib\site-packages\django\db\models\sql\query.py", line 1333, in solve_lookup_type
    _, field, _, lookup_parts = self.names_to_path(lookup_splitted, self.get_meta())
                                ^^^^^^^^^^^^^^^^^^^^^^^^^^^^^^^^^^^^^^^^^^^^^^^^^^^^
  File "C:\Users\athar\OneDrive\Desktop\TY - Sem 1\EDI\venv\Lib\site-packages\django\db\models\sql\query.py", line 1805, in names_to_path
    raise FieldError(
django.core.exceptions.FieldError: Cannot resolve keyword 'status' into field. Choices are: created_at, floor_level, id, is_occupied, last_updated, parkingsession, slot_number, slot_type
INFO 2025-10-13 00:56:45,985 basehttp 17012 17932 - Broken pipe from ('127.0.0.1', 61241)
ERROR 2025-10-13 00:56:46,518 log 17012 3836 Internal Server Error: /
Traceback (most recent call last):
  File "C:\Users\athar\OneDrive\Desktop\TY - Sem 1\EDI\venv\Lib\site-packages\django\core\handlers\exception.py", line 55, in inner
    response = get_response(request)
               ^^^^^^^^^^^^^^^^^^^^^
  File "C:\Users\athar\OneDrive\Desktop\TY - Sem 1\EDI\venv\Lib\site-packages\django\core\handlers\base.py", line 197, in _get_response
    response = wrapped_callback(request, *callback_args, **callback_kwargs)
               ^^^^^^^^^^^^^^^^^^^^^^^^^^^^^^^^^^^^^^^^^^^^^^^^^^^^^^^^^^^^
  File "C:\Users\athar\OneDrive\Desktop\TY - Sem 1\EDI\parking-system\dashboard\parking_app\views.py", line 13, in dashboard
    occupied_slots = ParkingSlot.objects.filter(status='occupied').count()
                     ^^^^^^^^^^^^^^^^^^^^^^^^^^^^^^^^^^^^^^^^^^^^^
  File "C:\Users\athar\OneDrive\Desktop\TY - Sem 1\EDI\venv\Lib\site-packages\django\db\models\manager.py", line 87, in manager_method
    return getattr(self.get_queryset(), name)(*args, **kwargs)
           ^^^^^^^^^^^^^^^^^^^^^^^^^^^^^^^^^^^^^^^^^^^^^^^^^^^
  File "C:\Users\athar\OneDrive\Desktop\TY - Sem 1\EDI\venv\Lib\site-packages\django\db\models\query.py", line 1493, in filter
    return self._filter_or_exclude(False, args, kwargs)
           ^^^^^^^^^^^^^^^^^^^^^^^^^^^^^^^^^^^^^^^^^^^^
  File "C:\Users\athar\OneDrive\Desktop\TY - Sem 1\EDI\venv\Lib\site-packages\django\db\models\query.py", line 1511, in _filter_or_exclude
    clone._filter_or_exclude_inplace(negate, args, kwargs)
  File "C:\Users\athar\OneDrive\Desktop\TY - Sem 1\EDI\venv\Lib\site-packages\django\db\models\query.py", line 1518, in _filter_or_exclude_inplace
    self._query.add_q(Q(*args, **kwargs))
  File "C:\Users\athar\OneDrive\Desktop\TY - Sem 1\EDI\venv\Lib\site-packages\django\db\models\sql\query.py", line 1646, in add_q
    clause, _ = self._add_q(q_object, can_reuse)
                ^^^^^^^^^^^^^^^^^^^^^^^^^^^^^^^^
  File "C:\Users\athar\OneDrive\Desktop\TY - Sem 1\EDI\venv\Lib\site-packages\django\db\models\sql\query.py", line 1678, in _add_q
    child_clause, needed_inner = self.build_filter(
                                 ^^^^^^^^^^^^^^^^^^
  File "C:\Users\athar\OneDrive\Desktop\TY - Sem 1\EDI\venv\Lib\site-packages\django\db\models\sql\query.py", line 1526, in build_filter
    lookups, parts, reffed_expression = self.solve_lookup_type(arg, summarize)
                                        ^^^^^^^^^^^^^^^^^^^^^^^^^^^^^^^^^^^^^^
  File "C:\Users\athar\OneDrive\Desktop\TY - Sem 1\EDI\venv\Lib\site-packages\django\db\models\sql\query.py", line 1333, in solve_lookup_type
    _, field, _, lookup_parts = self.names_to_path(lookup_splitted, self.get_meta())
                                ^^^^^^^^^^^^^^^^^^^^^^^^^^^^^^^^^^^^^^^^^^^^^^^^^^^^
  File "C:\Users\athar\OneDrive\Desktop\TY - Sem 1\EDI\venv\Lib\site-packages\django\db\models\sql\query.py", line 1805, in names_to_path
    raise FieldError(
django.core.exceptions.FieldError: Cannot resolve keyword 'status' into field. Choices are: created_at, floor_level, id, is_occupied, last_updated, parkingsession, slot_number, slot_type
ERROR 2025-10-13 00:56:46,524 basehttp 17012 3836 "GET / HTTP/1.1" 500 117415
ERROR 2025-10-13 00:56:47,097 log 17012 3836 Internal Server Error: /
Traceback (most recent call last):
  File "C:\Users\athar\OneDrive\Desktop\TY - Sem 1\EDI\venv\Lib\site-packages\django\core\handlers\exception.py", line 55, in inner
    response = get_response(request)
               ^^^^^^^^^^^^^^^^^^^^^
  File "C:\Users\athar\OneDrive\Desktop\TY - Sem 1\EDI\venv\Lib\site-packages\django\core\handlers\base.py", line 197, in _get_response
    response = wrapped_callback(request, *callback_args, **callback_kwargs)
               ^^^^^^^^^^^^^^^^^^^^^^^^^^^^^^^^^^^^^^^^^^^^^^^^^^^^^^^^^^^^
  File "C:\Users\athar\OneDrive\Desktop\TY - Sem 1\EDI\parking-system\dashboard\parking_app\views.py", line 13, in dashboard
    occupied_slots = ParkingSlot.objects.filter(status='occupied').count()
                     ^^^^^^^^^^^^^^^^^^^^^^^^^^^^^^^^^^^^^^^^^^^^^
  File "C:\Users\athar\OneDrive\Desktop\TY - Sem 1\EDI\venv\Lib\site-packages\django\db\models\manager.py", line 87, in manager_method
    return getattr(self.get_queryset(), name)(*args, **kwargs)
           ^^^^^^^^^^^^^^^^^^^^^^^^^^^^^^^^^^^^^^^^^^^^^^^^^^^
  File "C:\Users\athar\OneDrive\Desktop\TY - Sem 1\EDI\venv\Lib\site-packages\django\db\models\query.py", line 1493, in filter
    return self._filter_or_exclude(False, args, kwargs)
           ^^^^^^^^^^^^^^^^^^^^^^^^^^^^^^^^^^^^^^^^^^^^
  File "C:\Users\athar\OneDrive\Desktop\TY - Sem 1\EDI\venv\Lib\site-packages\django\db\models\query.py", line 1511, in _filter_or_exclude
    clone._filter_or_exclude_inplace(negate, args, kwargs)
  File "C:\Users\athar\OneDrive\Desktop\TY - Sem 1\EDI\venv\Lib\site-packages\django\db\models\query.py", line 1518, in _filter_or_exclude_inplace
    self._query.add_q(Q(*args, **kwargs))
  File "C:\Users\athar\OneDrive\Desktop\TY - Sem 1\EDI\venv\Lib\site-packages\django\db\models\sql\query.py", line 1646, in add_q
    clause, _ = self._add_q(q_object, can_reuse)
                ^^^^^^^^^^^^^^^^^^^^^^^^^^^^^^^^
  File "C:\Users\athar\OneDrive\Desktop\TY - Sem 1\EDI\venv\Lib\site-packages\django\db\models\sql\query.py", line 1678, in _add_q
    child_clause, needed_inner = self.build_filter(
                                 ^^^^^^^^^^^^^^^^^^
  File "C:\Users\athar\OneDrive\Desktop\TY - Sem 1\EDI\venv\Lib\site-packages\django\db\models\sql\query.py", line 1526, in build_filter
    lookups, parts, reffed_expression = self.solve_lookup_type(arg, summarize)
                                        ^^^^^^^^^^^^^^^^^^^^^^^^^^^^^^^^^^^^^^
  File "C:\Users\athar\OneDrive\Desktop\TY - Sem 1\EDI\venv\Lib\site-packages\django\db\models\sql\query.py", line 1333, in solve_lookup_type
    _, field, _, lookup_parts = self.names_to_path(lookup_splitted, self.get_meta())
                                ^^^^^^^^^^^^^^^^^^^^^^^^^^^^^^^^^^^^^^^^^^^^^^^^^^^^
  File "C:\Users\athar\OneDrive\Desktop\TY - Sem 1\EDI\venv\Lib\site-packages\django\db\models\sql\query.py", line 1805, in names_to_path
    raise FieldError(
django.core.exceptions.FieldError: Cannot resolve keyword 'status' into field. Choices are: created_at, floor_level, id, is_occupied, last_updated, parkingsession, slot_number, slot_type
ERROR 2025-10-13 00:56:47,099 basehttp 17012 3836 "GET / HTTP/1.1" 500 117415
ERROR 2025-10-13 00:56:47,281 log 17012 3836 Internal Server Error: /
Traceback (most recent call last):
  File "C:\Users\athar\OneDrive\Desktop\TY - Sem 1\EDI\venv\Lib\site-packages\django\core\handlers\exception.py", line 55, in inner
    response = get_response(request)
               ^^^^^^^^^^^^^^^^^^^^^
  File "C:\Users\athar\OneDrive\Desktop\TY - Sem 1\EDI\venv\Lib\site-packages\django\core\handlers\base.py", line 197, in _get_response
    response = wrapped_callback(request, *callback_args, **callback_kwargs)
               ^^^^^^^^^^^^^^^^^^^^^^^^^^^^^^^^^^^^^^^^^^^^^^^^^^^^^^^^^^^^
  File "C:\Users\athar\OneDrive\Desktop\TY - Sem 1\EDI\parking-system\dashboard\parking_app\views.py", line 13, in dashboard
    occupied_slots = ParkingSlot.objects.filter(status='occupied').count()
                     ^^^^^^^^^^^^^^^^^^^^^^^^^^^^^^^^^^^^^^^^^^^^^
  File "C:\Users\athar\OneDrive\Desktop\TY - Sem 1\EDI\venv\Lib\site-packages\django\db\models\manager.py", line 87, in manager_method
    return getattr(self.get_queryset(), name)(*args, **kwargs)
           ^^^^^^^^^^^^^^^^^^^^^^^^^^^^^^^^^^^^^^^^^^^^^^^^^^^
  File "C:\Users\athar\OneDrive\Desktop\TY - Sem 1\EDI\venv\Lib\site-packages\django\db\models\query.py", line 1493, in filter
    return self._filter_or_exclude(False, args, kwargs)
           ^^^^^^^^^^^^^^^^^^^^^^^^^^^^^^^^^^^^^^^^^^^^
  File "C:\Users\athar\OneDrive\Desktop\TY - Sem 1\EDI\venv\Lib\site-packages\django\db\models\query.py", line 1511, in _filter_or_exclude
    clone._filter_or_exclude_inplace(negate, args, kwargs)
  File "C:\Users\athar\OneDrive\Desktop\TY - Sem 1\EDI\venv\Lib\site-packages\django\db\models\query.py", line 1518, in _filter_or_exclude_inplace
    self._query.add_q(Q(*args, **kwargs))
  File "C:\Users\athar\OneDrive\Desktop\TY - Sem 1\EDI\venv\Lib\site-packages\django\db\models\sql\query.py", line 1646, in add_q
    clause, _ = self._add_q(q_object, can_reuse)
                ^^^^^^^^^^^^^^^^^^^^^^^^^^^^^^^^
  File "C:\Users\athar\OneDrive\Desktop\TY - Sem 1\EDI\venv\Lib\site-packages\django\db\models\sql\query.py", line 1678, in _add_q
    child_clause, needed_inner = self.build_filter(
                                 ^^^^^^^^^^^^^^^^^^
  File "C:\Users\athar\OneDrive\Desktop\TY - Sem 1\EDI\venv\Lib\site-packages\django\db\models\sql\query.py", line 1526, in build_filter
    lookups, parts, reffed_expression = self.solve_lookup_type(arg, summarize)
                                        ^^^^^^^^^^^^^^^^^^^^^^^^^^^^^^^^^^^^^^
  File "C:\Users\athar\OneDrive\Desktop\TY - Sem 1\EDI\venv\Lib\site-packages\django\db\models\sql\query.py", line 1333, in solve_lookup_type
    _, field, _, lookup_parts = self.names_to_path(lookup_splitted, self.get_meta())
                                ^^^^^^^^^^^^^^^^^^^^^^^^^^^^^^^^^^^^^^^^^^^^^^^^^^^^
  File "C:\Users\athar\OneDrive\Desktop\TY - Sem 1\EDI\venv\Lib\site-packages\django\db\models\sql\query.py", line 1805, in names_to_path
    raise FieldError(
django.core.exceptions.FieldError: Cannot resolve keyword 'status' into field. Choices are: created_at, floor_level, id, is_occupied, last_updated, parkingsession, slot_number, slot_type
ERROR 2025-10-13 00:56:47,281 basehttp 17012 3836 "GET / HTTP/1.1" 500 117415
ERROR 2025-10-13 00:56:47,415 log 17012 3836 Internal Server Error: /
Traceback (most recent call last):
  File "C:\Users\athar\OneDrive\Desktop\TY - Sem 1\EDI\venv\Lib\site-packages\django\core\handlers\exception.py", line 55, in inner
    response = get_response(request)
               ^^^^^^^^^^^^^^^^^^^^^
  File "C:\Users\athar\OneDrive\Desktop\TY - Sem 1\EDI\venv\Lib\site-packages\django\core\handlers\base.py", line 197, in _get_response
    response = wrapped_callback(request, *callback_args, **callback_kwargs)
               ^^^^^^^^^^^^^^^^^^^^^^^^^^^^^^^^^^^^^^^^^^^^^^^^^^^^^^^^^^^^
  File "C:\Users\athar\OneDrive\Desktop\TY - Sem 1\EDI\parking-system\dashboard\parking_app\views.py", line 13, in dashboard
    occupied_slots = ParkingSlot.objects.filter(status='occupied').count()
                     ^^^^^^^^^^^^^^^^^^^^^^^^^^^^^^^^^^^^^^^^^^^^^
  File "C:\Users\athar\OneDrive\Desktop\TY - Sem 1\EDI\venv\Lib\site-packages\django\db\models\manager.py", line 87, in manager_method
    return getattr(self.get_queryset(), name)(*args, **kwargs)
           ^^^^^^^^^^^^^^^^^^^^^^^^^^^^^^^^^^^^^^^^^^^^^^^^^^^
  File "C:\Users\athar\OneDrive\Desktop\TY - Sem 1\EDI\venv\Lib\site-packages\django\db\models\query.py", line 1493, in filter
    return self._filter_or_exclude(False, args, kwargs)
           ^^^^^^^^^^^^^^^^^^^^^^^^^^^^^^^^^^^^^^^^^^^^
  File "C:\Users\athar\OneDrive\Desktop\TY - Sem 1\EDI\venv\Lib\site-packages\django\db\models\query.py", line 1511, in _filter_or_exclude
    clone._filter_or_exclude_inplace(negate, args, kwargs)
  File "C:\Users\athar\OneDrive\Desktop\TY - Sem 1\EDI\venv\Lib\site-packages\django\db\models\query.py", line 1518, in _filter_or_exclude_inplace
    self._query.add_q(Q(*args, **kwargs))
  File "C:\Users\athar\OneDrive\Desktop\TY - Sem 1\EDI\venv\Lib\site-packages\django\db\models\sql\query.py", line 1646, in add_q
    clause, _ = self._add_q(q_object, can_reuse)
                ^^^^^^^^^^^^^^^^^^^^^^^^^^^^^^^^
  File "C:\Users\athar\OneDrive\Desktop\TY - Sem 1\EDI\venv\Lib\site-packages\django\db\models\sql\query.py", line 1678, in _add_q
    child_clause, needed_inner = self.build_filter(
                                 ^^^^^^^^^^^^^^^^^^
  File "C:\Users\athar\OneDrive\Desktop\TY - Sem 1\EDI\venv\Lib\site-packages\django\db\models\sql\query.py", line 1526, in build_filter
    lookups, parts, reffed_expression = self.solve_lookup_type(arg, summarize)
                                        ^^^^^^^^^^^^^^^^^^^^^^^^^^^^^^^^^^^^^^
  File "C:\Users\athar\OneDrive\Desktop\TY - Sem 1\EDI\venv\Lib\site-packages\django\db\models\sql\query.py", line 1333, in solve_lookup_type
    _, field, _, lookup_parts = self.names_to_path(lookup_splitted, self.get_meta())
                                ^^^^^^^^^^^^^^^^^^^^^^^^^^^^^^^^^^^^^^^^^^^^^^^^^^^^
  File "C:\Users\athar\OneDrive\Desktop\TY - Sem 1\EDI\venv\Lib\site-packages\django\db\models\sql\query.py", line 1805, in names_to_path
    raise FieldError(
django.core.exceptions.FieldError: Cannot resolve keyword 'status' into field. Choices are: created_at, floor_level, id, is_occupied, last_updated, parkingsession, slot_number, slot_type
ERROR 2025-10-13 00:56:47,421 basehttp 17012 3836 "GET / HTTP/1.1" 500 117415
ERROR 2025-10-13 00:56:47,563 log 17012 3836 Internal Server Error: /
Traceback (most recent call last):
  File "C:\Users\athar\OneDrive\Desktop\TY - Sem 1\EDI\venv\Lib\site-packages\django\core\handlers\exception.py", line 55, in inner
    response = get_response(request)
               ^^^^^^^^^^^^^^^^^^^^^
  File "C:\Users\athar\OneDrive\Desktop\TY - Sem 1\EDI\venv\Lib\site-packages\django\core\handlers\base.py", line 197, in _get_response
    response = wrapped_callback(request, *callback_args, **callback_kwargs)
               ^^^^^^^^^^^^^^^^^^^^^^^^^^^^^^^^^^^^^^^^^^^^^^^^^^^^^^^^^^^^
  File "C:\Users\athar\OneDrive\Desktop\TY - Sem 1\EDI\parking-system\dashboard\parking_app\views.py", line 13, in dashboard
    occupied_slots = ParkingSlot.objects.filter(status='occupied').count()
                     ^^^^^^^^^^^^^^^^^^^^^^^^^^^^^^^^^^^^^^^^^^^^^
  File "C:\Users\athar\OneDrive\Desktop\TY - Sem 1\EDI\venv\Lib\site-packages\django\db\models\manager.py", line 87, in manager_method
    return getattr(self.get_queryset(), name)(*args, **kwargs)
           ^^^^^^^^^^^^^^^^^^^^^^^^^^^^^^^^^^^^^^^^^^^^^^^^^^^
  File "C:\Users\athar\OneDrive\Desktop\TY - Sem 1\EDI\venv\Lib\site-packages\django\db\models\query.py", line 1493, in filter
    return self._filter_or_exclude(False, args, kwargs)
           ^^^^^^^^^^^^^^^^^^^^^^^^^^^^^^^^^^^^^^^^^^^^
  File "C:\Users\athar\OneDrive\Desktop\TY - Sem 1\EDI\venv\Lib\site-packages\django\db\models\query.py", line 1511, in _filter_or_exclude
    clone._filter_or_exclude_inplace(negate, args, kwargs)
  File "C:\Users\athar\OneDrive\Desktop\TY - Sem 1\EDI\venv\Lib\site-packages\django\db\models\query.py", line 1518, in _filter_or_exclude_inplace
    self._query.add_q(Q(*args, **kwargs))
  File "C:\Users\athar\OneDrive\Desktop\TY - Sem 1\EDI\venv\Lib\site-packages\django\db\models\sql\query.py", line 1646, in add_q
    clause, _ = self._add_q(q_object, can_reuse)
                ^^^^^^^^^^^^^^^^^^^^^^^^^^^^^^^^
  File "C:\Users\athar\OneDrive\Desktop\TY - Sem 1\EDI\venv\Lib\site-packages\django\db\models\sql\query.py", line 1678, in _add_q
    child_clause, needed_inner = self.build_filter(
                                 ^^^^^^^^^^^^^^^^^^
  File "C:\Users\athar\OneDrive\Desktop\TY - Sem 1\EDI\venv\Lib\site-packages\django\db\models\sql\query.py", line 1526, in build_filter
    lookups, parts, reffed_expression = self.solve_lookup_type(arg, summarize)
                                        ^^^^^^^^^^^^^^^^^^^^^^^^^^^^^^^^^^^^^^
  File "C:\Users\athar\OneDrive\Desktop\TY - Sem 1\EDI\venv\Lib\site-packages\django\db\models\sql\query.py", line 1333, in solve_lookup_type
    _, field, _, lookup_parts = self.names_to_path(lookup_splitted, self.get_meta())
                                ^^^^^^^^^^^^^^^^^^^^^^^^^^^^^^^^^^^^^^^^^^^^^^^^^^^^
  File "C:\Users\athar\OneDrive\Desktop\TY - Sem 1\EDI\venv\Lib\site-packages\django\db\models\sql\query.py", line 1805, in names_to_path
    raise FieldError(
django.core.exceptions.FieldError: Cannot resolve keyword 'status' into field. Choices are: created_at, floor_level, id, is_occupied, last_updated, parkingsession, slot_number, slot_type
ERROR 2025-10-13 00:56:47,566 basehttp 17012 3836 "GET / HTTP/1.1" 500 117415
ERROR 2025-10-13 00:56:47,775 log 17012 3836 Internal Server Error: /
Traceback (most recent call last):
  File "C:\Users\athar\OneDrive\Desktop\TY - Sem 1\EDI\venv\Lib\site-packages\django\core\handlers\exception.py", line 55, in inner
    response = get_response(request)
               ^^^^^^^^^^^^^^^^^^^^^
  File "C:\Users\athar\OneDrive\Desktop\TY - Sem 1\EDI\venv\Lib\site-packages\django\core\handlers\base.py", line 197, in _get_response
    response = wrapped_callback(request, *callback_args, **callback_kwargs)
               ^^^^^^^^^^^^^^^^^^^^^^^^^^^^^^^^^^^^^^^^^^^^^^^^^^^^^^^^^^^^
  File "C:\Users\athar\OneDrive\Desktop\TY - Sem 1\EDI\parking-system\dashboard\parking_app\views.py", line 13, in dashboard
    occupied_slots = ParkingSlot.objects.filter(status='occupied').count()
                     ^^^^^^^^^^^^^^^^^^^^^^^^^^^^^^^^^^^^^^^^^^^^^
  File "C:\Users\athar\OneDrive\Desktop\TY - Sem 1\EDI\venv\Lib\site-packages\django\db\models\manager.py", line 87, in manager_method
    return getattr(self.get_queryset(), name)(*args, **kwargs)
           ^^^^^^^^^^^^^^^^^^^^^^^^^^^^^^^^^^^^^^^^^^^^^^^^^^^
  File "C:\Users\athar\OneDrive\Desktop\TY - Sem 1\EDI\venv\Lib\site-packages\django\db\models\query.py", line 1493, in filter
    return self._filter_or_exclude(False, args, kwargs)
           ^^^^^^^^^^^^^^^^^^^^^^^^^^^^^^^^^^^^^^^^^^^^
  File "C:\Users\athar\OneDrive\Desktop\TY - Sem 1\EDI\venv\Lib\site-packages\django\db\models\query.py", line 1511, in _filter_or_exclude
    clone._filter_or_exclude_inplace(negate, args, kwargs)
  File "C:\Users\athar\OneDrive\Desktop\TY - Sem 1\EDI\venv\Lib\site-packages\django\db\models\query.py", line 1518, in _filter_or_exclude_inplace
    self._query.add_q(Q(*args, **kwargs))
  File "C:\Users\athar\OneDrive\Desktop\TY - Sem 1\EDI\venv\Lib\site-packages\django\db\models\sql\query.py", line 1646, in add_q
    clause, _ = self._add_q(q_object, can_reuse)
                ^^^^^^^^^^^^^^^^^^^^^^^^^^^^^^^^
  File "C:\Users\athar\OneDrive\Desktop\TY - Sem 1\EDI\venv\Lib\site-packages\django\db\models\sql\query.py", line 1678, in _add_q
    child_clause, needed_inner = self.build_filter(
                                 ^^^^^^^^^^^^^^^^^^
  File "C:\Users\athar\OneDrive\Desktop\TY - Sem 1\EDI\venv\Lib\site-packages\django\db\models\sql\query.py", line 1526, in build_filter
    lookups, parts, reffed_expression = self.solve_lookup_type(arg, summarize)
                                        ^^^^^^^^^^^^^^^^^^^^^^^^^^^^^^^^^^^^^^
  File "C:\Users\athar\OneDrive\Desktop\TY - Sem 1\EDI\venv\Lib\site-packages\django\db\models\sql\query.py", line 1333, in solve_lookup_type
    _, field, _, lookup_parts = self.names_to_path(lookup_splitted, self.get_meta())
                                ^^^^^^^^^^^^^^^^^^^^^^^^^^^^^^^^^^^^^^^^^^^^^^^^^^^^
  File "C:\Users\athar\OneDrive\Desktop\TY - Sem 1\EDI\venv\Lib\site-packages\django\db\models\sql\query.py", line 1805, in names_to_path
    raise FieldError(
django.core.exceptions.FieldError: Cannot resolve keyword 'status' into field. Choices are: created_at, floor_level, id, is_occupied, last_updated, parkingsession, slot_number, slot_type
ERROR 2025-10-13 00:56:47,778 basehttp 17012 3836 "GET / HTTP/1.1" 500 117415
INFO 2025-10-13 00:56:47,944 autoreload 17012 13608 C:\Users\athar\OneDrive\Desktop\TY - Sem 1\EDI\parking-system\dashboard\parking_app\views.py changed, reloading.
INFO 2025-10-13 00:56:48,925 autoreload 15780 22384 Watching for file changes with StatReloader
INFO 2025-10-13 01:01:04,000 autoreload 14680 25492 Watching for file changes with StatReloader
ERROR 2025-10-13 01:01:06,942 log 14680 16688 Internal Server Error: /
Traceback (most recent call last):
  File "C:\Users\athar\OneDrive\Desktop\TY - Sem 1\EDI\venv\Lib\site-packages\django\core\handlers\exception.py", line 55, in inner
    response = get_response(request)
               ^^^^^^^^^^^^^^^^^^^^^
  File "C:\Users\athar\OneDrive\Desktop\TY - Sem 1\EDI\venv\Lib\site-packages\django\core\handlers\base.py", line 197, in _get_response
    response = wrapped_callback(request, *callback_args, **callback_kwargs)
               ^^^^^^^^^^^^^^^^^^^^^^^^^^^^^^^^^^^^^^^^^^^^^^^^^^^^^^^^^^^^
  File "C:\Users\athar\OneDrive\Desktop\TY - Sem 1\EDI\parking-system\dashboard\parking_app\views.py", line 13, in dashboard
    occupied_slots = ParkingSlot.objects.filter(status='occupied').count()
                     ^^^^^^^^^^^^^^^^^^^^^^^^^^^^^^^^^^^^^^^^^^^^^
  File "C:\Users\athar\OneDrive\Desktop\TY - Sem 1\EDI\venv\Lib\site-packages\django\db\models\manager.py", line 87, in manager_method
    return getattr(self.get_queryset(), name)(*args, **kwargs)
           ^^^^^^^^^^^^^^^^^^^^^^^^^^^^^^^^^^^^^^^^^^^^^^^^^^^
  File "C:\Users\athar\OneDrive\Desktop\TY - Sem 1\EDI\venv\Lib\site-packages\django\db\models\query.py", line 1493, in filter
    return self._filter_or_exclude(False, args, kwargs)
           ^^^^^^^^^^^^^^^^^^^^^^^^^^^^^^^^^^^^^^^^^^^^
  File "C:\Users\athar\OneDrive\Desktop\TY - Sem 1\EDI\venv\Lib\site-packages\django\db\models\query.py", line 1511, in _filter_or_exclude
    clone._filter_or_exclude_inplace(negate, args, kwargs)
  File "C:\Users\athar\OneDrive\Desktop\TY - Sem 1\EDI\venv\Lib\site-packages\django\db\models\query.py", line 1518, in _filter_or_exclude_inplace
    self._query.add_q(Q(*args, **kwargs))
  File "C:\Users\athar\OneDrive\Desktop\TY - Sem 1\EDI\venv\Lib\site-packages\django\db\models\sql\query.py", line 1646, in add_q
    clause, _ = self._add_q(q_object, can_reuse)
                ^^^^^^^^^^^^^^^^^^^^^^^^^^^^^^^^
  File "C:\Users\athar\OneDrive\Desktop\TY - Sem 1\EDI\venv\Lib\site-packages\django\db\models\sql\query.py", line 1678, in _add_q
    child_clause, needed_inner = self.build_filter(
                                 ^^^^^^^^^^^^^^^^^^
  File "C:\Users\athar\OneDrive\Desktop\TY - Sem 1\EDI\venv\Lib\site-packages\django\db\models\sql\query.py", line 1526, in build_filter
    lookups, parts, reffed_expression = self.solve_lookup_type(arg, summarize)
                                        ^^^^^^^^^^^^^^^^^^^^^^^^^^^^^^^^^^^^^^
  File "C:\Users\athar\OneDrive\Desktop\TY - Sem 1\EDI\venv\Lib\site-packages\django\db\models\sql\query.py", line 1333, in solve_lookup_type
    _, field, _, lookup_parts = self.names_to_path(lookup_splitted, self.get_meta())
                                ^^^^^^^^^^^^^^^^^^^^^^^^^^^^^^^^^^^^^^^^^^^^^^^^^^^^
  File "C:\Users\athar\OneDrive\Desktop\TY - Sem 1\EDI\venv\Lib\site-packages\django\db\models\sql\query.py", line 1805, in names_to_path
    raise FieldError(
django.core.exceptions.FieldError: Cannot resolve keyword 'status' into field. Choices are: created_at, floor_level, id, is_occupied, last_updated, parkingsession, slot_number, slot_type
ERROR 2025-10-13 01:01:06,947 basehttp 14680 16688 "GET / HTTP/1.1" 500 117415
ERROR 2025-10-13 01:01:07,817 log 14680 16688 Internal Server Error: /
Traceback (most recent call last):
  File "C:\Users\athar\OneDrive\Desktop\TY - Sem 1\EDI\venv\Lib\site-packages\django\core\handlers\exception.py", line 55, in inner
    response = get_response(request)
               ^^^^^^^^^^^^^^^^^^^^^
  File "C:\Users\athar\OneDrive\Desktop\TY - Sem 1\EDI\venv\Lib\site-packages\django\core\handlers\base.py", line 197, in _get_response
    response = wrapped_callback(request, *callback_args, **callback_kwargs)
               ^^^^^^^^^^^^^^^^^^^^^^^^^^^^^^^^^^^^^^^^^^^^^^^^^^^^^^^^^^^^
  File "C:\Users\athar\OneDrive\Desktop\TY - Sem 1\EDI\parking-system\dashboard\parking_app\views.py", line 13, in dashboard
    occupied_slots = ParkingSlot.objects.filter(status='occupied').count()
                     ^^^^^^^^^^^^^^^^^^^^^^^^^^^^^^^^^^^^^^^^^^^^^
  File "C:\Users\athar\OneDrive\Desktop\TY - Sem 1\EDI\venv\Lib\site-packages\django\db\models\manager.py", line 87, in manager_method
    return getattr(self.get_queryset(), name)(*args, **kwargs)
           ^^^^^^^^^^^^^^^^^^^^^^^^^^^^^^^^^^^^^^^^^^^^^^^^^^^
  File "C:\Users\athar\OneDrive\Desktop\TY - Sem 1\EDI\venv\Lib\site-packages\django\db\models\query.py", line 1493, in filter
    return self._filter_or_exclude(False, args, kwargs)
           ^^^^^^^^^^^^^^^^^^^^^^^^^^^^^^^^^^^^^^^^^^^^
  File "C:\Users\athar\OneDrive\Desktop\TY - Sem 1\EDI\venv\Lib\site-packages\django\db\models\query.py", line 1511, in _filter_or_exclude
    clone._filter_or_exclude_inplace(negate, args, kwargs)
  File "C:\Users\athar\OneDrive\Desktop\TY - Sem 1\EDI\venv\Lib\site-packages\django\db\models\query.py", line 1518, in _filter_or_exclude_inplace
    self._query.add_q(Q(*args, **kwargs))
  File "C:\Users\athar\OneDrive\Desktop\TY - Sem 1\EDI\venv\Lib\site-packages\django\db\models\sql\query.py", line 1646, in add_q
    clause, _ = self._add_q(q_object, can_reuse)
                ^^^^^^^^^^^^^^^^^^^^^^^^^^^^^^^^
  File "C:\Users\athar\OneDrive\Desktop\TY - Sem 1\EDI\venv\Lib\site-packages\django\db\models\sql\query.py", line 1678, in _add_q
    child_clause, needed_inner = self.build_filter(
                                 ^^^^^^^^^^^^^^^^^^
  File "C:\Users\athar\OneDrive\Desktop\TY - Sem 1\EDI\venv\Lib\site-packages\django\db\models\sql\query.py", line 1526, in build_filter
    lookups, parts, reffed_expression = self.solve_lookup_type(arg, summarize)
                                        ^^^^^^^^^^^^^^^^^^^^^^^^^^^^^^^^^^^^^^
  File "C:\Users\athar\OneDrive\Desktop\TY - Sem 1\EDI\venv\Lib\site-packages\django\db\models\sql\query.py", line 1333, in solve_lookup_type
    _, field, _, lookup_parts = self.names_to_path(lookup_splitted, self.get_meta())
                                ^^^^^^^^^^^^^^^^^^^^^^^^^^^^^^^^^^^^^^^^^^^^^^^^^^^^
  File "C:\Users\athar\OneDrive\Desktop\TY - Sem 1\EDI\venv\Lib\site-packages\django\db\models\sql\query.py", line 1805, in names_to_path
    raise FieldError(
django.core.exceptions.FieldError: Cannot resolve keyword 'status' into field. Choices are: created_at, floor_level, id, is_occupied, last_updated, parkingsession, slot_number, slot_type
ERROR 2025-10-13 01:01:07,821 basehttp 14680 16688 "GET / HTTP/1.1" 500 117415
ERROR 2025-10-13 01:01:08,027 log 14680 16688 Internal Server Error: /
Traceback (most recent call last):
  File "C:\Users\athar\OneDrive\Desktop\TY - Sem 1\EDI\venv\Lib\site-packages\django\core\handlers\exception.py", line 55, in inner
    response = get_response(request)
               ^^^^^^^^^^^^^^^^^^^^^
  File "C:\Users\athar\OneDrive\Desktop\TY - Sem 1\EDI\venv\Lib\site-packages\django\core\handlers\base.py", line 197, in _get_response
    response = wrapped_callback(request, *callback_args, **callback_kwargs)
               ^^^^^^^^^^^^^^^^^^^^^^^^^^^^^^^^^^^^^^^^^^^^^^^^^^^^^^^^^^^^
  File "C:\Users\athar\OneDrive\Desktop\TY - Sem 1\EDI\parking-system\dashboard\parking_app\views.py", line 13, in dashboard
    occupied_slots = ParkingSlot.objects.filter(status='occupied').count()
                     ^^^^^^^^^^^^^^^^^^^^^^^^^^^^^^^^^^^^^^^^^^^^^
  File "C:\Users\athar\OneDrive\Desktop\TY - Sem 1\EDI\venv\Lib\site-packages\django\db\models\manager.py", line 87, in manager_method
    return getattr(self.get_queryset(), name)(*args, **kwargs)
           ^^^^^^^^^^^^^^^^^^^^^^^^^^^^^^^^^^^^^^^^^^^^^^^^^^^
  File "C:\Users\athar\OneDrive\Desktop\TY - Sem 1\EDI\venv\Lib\site-packages\django\db\models\query.py", line 1493, in filter
    return self._filter_or_exclude(False, args, kwargs)
           ^^^^^^^^^^^^^^^^^^^^^^^^^^^^^^^^^^^^^^^^^^^^
  File "C:\Users\athar\OneDrive\Desktop\TY - Sem 1\EDI\venv\Lib\site-packages\django\db\models\query.py", line 1511, in _filter_or_exclude
    clone._filter_or_exclude_inplace(negate, args, kwargs)
  File "C:\Users\athar\OneDrive\Desktop\TY - Sem 1\EDI\venv\Lib\site-packages\django\db\models\query.py", line 1518, in _filter_or_exclude_inplace
    self._query.add_q(Q(*args, **kwargs))
  File "C:\Users\athar\OneDrive\Desktop\TY - Sem 1\EDI\venv\Lib\site-packages\django\db\models\sql\query.py", line 1646, in add_q
    clause, _ = self._add_q(q_object, can_reuse)
                ^^^^^^^^^^^^^^^^^^^^^^^^^^^^^^^^
  File "C:\Users\athar\OneDrive\Desktop\TY - Sem 1\EDI\venv\Lib\site-packages\django\db\models\sql\query.py", line 1678, in _add_q
    child_clause, needed_inner = self.build_filter(
                                 ^^^^^^^^^^^^^^^^^^
  File "C:\Users\athar\OneDrive\Desktop\TY - Sem 1\EDI\venv\Lib\site-packages\django\db\models\sql\query.py", line 1526, in build_filter
    lookups, parts, reffed_expression = self.solve_lookup_type(arg, summarize)
                                        ^^^^^^^^^^^^^^^^^^^^^^^^^^^^^^^^^^^^^^
  File "C:\Users\athar\OneDrive\Desktop\TY - Sem 1\EDI\venv\Lib\site-packages\django\db\models\sql\query.py", line 1333, in solve_lookup_type
    _, field, _, lookup_parts = self.names_to_path(lookup_splitted, self.get_meta())
                                ^^^^^^^^^^^^^^^^^^^^^^^^^^^^^^^^^^^^^^^^^^^^^^^^^^^^
  File "C:\Users\athar\OneDrive\Desktop\TY - Sem 1\EDI\venv\Lib\site-packages\django\db\models\sql\query.py", line 1805, in names_to_path
    raise FieldError(
django.core.exceptions.FieldError: Cannot resolve keyword 'status' into field. Choices are: created_at, floor_level, id, is_occupied, last_updated, parkingsession, slot_number, slot_type
ERROR 2025-10-13 01:01:08,029 basehttp 14680 16688 "GET / HTTP/1.1" 500 117415
ERROR 2025-10-13 01:01:08,177 log 14680 16688 Internal Server Error: /
Traceback (most recent call last):
  File "C:\Users\athar\OneDrive\Desktop\TY - Sem 1\EDI\venv\Lib\site-packages\django\core\handlers\exception.py", line 55, in inner
    response = get_response(request)
               ^^^^^^^^^^^^^^^^^^^^^
  File "C:\Users\athar\OneDrive\Desktop\TY - Sem 1\EDI\venv\Lib\site-packages\django\core\handlers\base.py", line 197, in _get_response
    response = wrapped_callback(request, *callback_args, **callback_kwargs)
               ^^^^^^^^^^^^^^^^^^^^^^^^^^^^^^^^^^^^^^^^^^^^^^^^^^^^^^^^^^^^
  File "C:\Users\athar\OneDrive\Desktop\TY - Sem 1\EDI\parking-system\dashboard\parking_app\views.py", line 13, in dashboard
    occupied_slots = ParkingSlot.objects.filter(status='occupied').count()
                     ^^^^^^^^^^^^^^^^^^^^^^^^^^^^^^^^^^^^^^^^^^^^^
  File "C:\Users\athar\OneDrive\Desktop\TY - Sem 1\EDI\venv\Lib\site-packages\django\db\models\manager.py", line 87, in manager_method
    return getattr(self.get_queryset(), name)(*args, **kwargs)
           ^^^^^^^^^^^^^^^^^^^^^^^^^^^^^^^^^^^^^^^^^^^^^^^^^^^
  File "C:\Users\athar\OneDrive\Desktop\TY - Sem 1\EDI\venv\Lib\site-packages\django\db\models\query.py", line 1493, in filter
    return self._filter_or_exclude(False, args, kwargs)
           ^^^^^^^^^^^^^^^^^^^^^^^^^^^^^^^^^^^^^^^^^^^^
  File "C:\Users\athar\OneDrive\Desktop\TY - Sem 1\EDI\venv\Lib\site-packages\django\db\models\query.py", line 1511, in _filter_or_exclude
    clone._filter_or_exclude_inplace(negate, args, kwargs)
  File "C:\Users\athar\OneDrive\Desktop\TY - Sem 1\EDI\venv\Lib\site-packages\django\db\models\query.py", line 1518, in _filter_or_exclude_inplace
    self._query.add_q(Q(*args, **kwargs))
  File "C:\Users\athar\OneDrive\Desktop\TY - Sem 1\EDI\venv\Lib\site-packages\django\db\models\sql\query.py", line 1646, in add_q
    clause, _ = self._add_q(q_object, can_reuse)
                ^^^^^^^^^^^^^^^^^^^^^^^^^^^^^^^^
  File "C:\Users\athar\OneDrive\Desktop\TY - Sem 1\EDI\venv\Lib\site-packages\django\db\models\sql\query.py", line 1678, in _add_q
    child_clause, needed_inner = self.build_filter(
                                 ^^^^^^^^^^^^^^^^^^
  File "C:\Users\athar\OneDrive\Desktop\TY - Sem 1\EDI\venv\Lib\site-packages\django\db\models\sql\query.py", line 1526, in build_filter
    lookups, parts, reffed_expression = self.solve_lookup_type(arg, summarize)
                                        ^^^^^^^^^^^^^^^^^^^^^^^^^^^^^^^^^^^^^^
  File "C:\Users\athar\OneDrive\Desktop\TY - Sem 1\EDI\venv\Lib\site-packages\django\db\models\sql\query.py", line 1333, in solve_lookup_type
    _, field, _, lookup_parts = self.names_to_path(lookup_splitted, self.get_meta())
                                ^^^^^^^^^^^^^^^^^^^^^^^^^^^^^^^^^^^^^^^^^^^^^^^^^^^^
  File "C:\Users\athar\OneDrive\Desktop\TY - Sem 1\EDI\venv\Lib\site-packages\django\db\models\sql\query.py", line 1805, in names_to_path
    raise FieldError(
django.core.exceptions.FieldError: Cannot resolve keyword 'status' into field. Choices are: created_at, floor_level, id, is_occupied, last_updated, parkingsession, slot_number, slot_type
ERROR 2025-10-13 01:01:08,180 basehttp 14680 16688 "GET / HTTP/1.1" 500 117415
ERROR 2025-10-13 01:01:08,269 log 14680 16688 Internal Server Error: /
Traceback (most recent call last):
  File "C:\Users\athar\OneDrive\Desktop\TY - Sem 1\EDI\venv\Lib\site-packages\django\core\handlers\exception.py", line 55, in inner
    response = get_response(request)
               ^^^^^^^^^^^^^^^^^^^^^
  File "C:\Users\athar\OneDrive\Desktop\TY - Sem 1\EDI\venv\Lib\site-packages\django\core\handlers\base.py", line 197, in _get_response
    response = wrapped_callback(request, *callback_args, **callback_kwargs)
               ^^^^^^^^^^^^^^^^^^^^^^^^^^^^^^^^^^^^^^^^^^^^^^^^^^^^^^^^^^^^
  File "C:\Users\athar\OneDrive\Desktop\TY - Sem 1\EDI\parking-system\dashboard\parking_app\views.py", line 13, in dashboard
    occupied_slots = ParkingSlot.objects.filter(status='occupied').count()
                     ^^^^^^^^^^^^^^^^^^^^^^^^^^^^^^^^^^^^^^^^^^^^^
  File "C:\Users\athar\OneDrive\Desktop\TY - Sem 1\EDI\venv\Lib\site-packages\django\db\models\manager.py", line 87, in manager_method
    return getattr(self.get_queryset(), name)(*args, **kwargs)
           ^^^^^^^^^^^^^^^^^^^^^^^^^^^^^^^^^^^^^^^^^^^^^^^^^^^
  File "C:\Users\athar\OneDrive\Desktop\TY - Sem 1\EDI\venv\Lib\site-packages\django\db\models\query.py", line 1493, in filter
    return self._filter_or_exclude(False, args, kwargs)
           ^^^^^^^^^^^^^^^^^^^^^^^^^^^^^^^^^^^^^^^^^^^^
  File "C:\Users\athar\OneDrive\Desktop\TY - Sem 1\EDI\venv\Lib\site-packages\django\db\models\query.py", line 1511, in _filter_or_exclude
    clone._filter_or_exclude_inplace(negate, args, kwargs)
  File "C:\Users\athar\OneDrive\Desktop\TY - Sem 1\EDI\venv\Lib\site-packages\django\db\models\query.py", line 1518, in _filter_or_exclude_inplace
    self._query.add_q(Q(*args, **kwargs))
  File "C:\Users\athar\OneDrive\Desktop\TY - Sem 1\EDI\venv\Lib\site-packages\django\db\models\sql\query.py", line 1646, in add_q
    clause, _ = self._add_q(q_object, can_reuse)
                ^^^^^^^^^^^^^^^^^^^^^^^^^^^^^^^^
  File "C:\Users\athar\OneDrive\Desktop\TY - Sem 1\EDI\venv\Lib\site-packages\django\db\models\sql\query.py", line 1678, in _add_q
    child_clause, needed_inner = self.build_filter(
                                 ^^^^^^^^^^^^^^^^^^
  File "C:\Users\athar\OneDrive\Desktop\TY - Sem 1\EDI\venv\Lib\site-packages\django\db\models\sql\query.py", line 1526, in build_filter
    lookups, parts, reffed_expression = self.solve_lookup_type(arg, summarize)
                                        ^^^^^^^^^^^^^^^^^^^^^^^^^^^^^^^^^^^^^^
  File "C:\Users\athar\OneDrive\Desktop\TY - Sem 1\EDI\venv\Lib\site-packages\django\db\models\sql\query.py", line 1333, in solve_lookup_type
    _, field, _, lookup_parts = self.names_to_path(lookup_splitted, self.get_meta())
                                ^^^^^^^^^^^^^^^^^^^^^^^^^^^^^^^^^^^^^^^^^^^^^^^^^^^^
  File "C:\Users\athar\OneDrive\Desktop\TY - Sem 1\EDI\venv\Lib\site-packages\django\db\models\sql\query.py", line 1805, in names_to_path
    raise FieldError(
django.core.exceptions.FieldError: Cannot resolve keyword 'status' into field. Choices are: created_at, floor_level, id, is_occupied, last_updated, parkingsession, slot_number, slot_type
ERROR 2025-10-13 01:01:08,271 basehttp 14680 16688 "GET / HTTP/1.1" 500 117415
ERROR 2025-10-13 01:01:08,396 log 14680 16688 Internal Server Error: /
Traceback (most recent call last):
  File "C:\Users\athar\OneDrive\Desktop\TY - Sem 1\EDI\venv\Lib\site-packages\django\core\handlers\exception.py", line 55, in inner
    response = get_response(request)
               ^^^^^^^^^^^^^^^^^^^^^
  File "C:\Users\athar\OneDrive\Desktop\TY - Sem 1\EDI\venv\Lib\site-packages\django\core\handlers\base.py", line 197, in _get_response
    response = wrapped_callback(request, *callback_args, **callback_kwargs)
               ^^^^^^^^^^^^^^^^^^^^^^^^^^^^^^^^^^^^^^^^^^^^^^^^^^^^^^^^^^^^
  File "C:\Users\athar\OneDrive\Desktop\TY - Sem 1\EDI\parking-system\dashboard\parking_app\views.py", line 13, in dashboard
    occupied_slots = ParkingSlot.objects.filter(status='occupied').count()
                     ^^^^^^^^^^^^^^^^^^^^^^^^^^^^^^^^^^^^^^^^^^^^^
  File "C:\Users\athar\OneDrive\Desktop\TY - Sem 1\EDI\venv\Lib\site-packages\django\db\models\manager.py", line 87, in manager_method
    return getattr(self.get_queryset(), name)(*args, **kwargs)
           ^^^^^^^^^^^^^^^^^^^^^^^^^^^^^^^^^^^^^^^^^^^^^^^^^^^
  File "C:\Users\athar\OneDrive\Desktop\TY - Sem 1\EDI\venv\Lib\site-packages\django\db\models\query.py", line 1493, in filter
    return self._filter_or_exclude(False, args, kwargs)
           ^^^^^^^^^^^^^^^^^^^^^^^^^^^^^^^^^^^^^^^^^^^^
  File "C:\Users\athar\OneDrive\Desktop\TY - Sem 1\EDI\venv\Lib\site-packages\django\db\models\query.py", line 1511, in _filter_or_exclude
    clone._filter_or_exclude_inplace(negate, args, kwargs)
  File "C:\Users\athar\OneDrive\Desktop\TY - Sem 1\EDI\venv\Lib\site-packages\django\db\models\query.py", line 1518, in _filter_or_exclude_inplace
    self._query.add_q(Q(*args, **kwargs))
  File "C:\Users\athar\OneDrive\Desktop\TY - Sem 1\EDI\venv\Lib\site-packages\django\db\models\sql\query.py", line 1646, in add_q
    clause, _ = self._add_q(q_object, can_reuse)
                ^^^^^^^^^^^^^^^^^^^^^^^^^^^^^^^^
  File "C:\Users\athar\OneDrive\Desktop\TY - Sem 1\EDI\venv\Lib\site-packages\django\db\models\sql\query.py", line 1678, in _add_q
    child_clause, needed_inner = self.build_filter(
                                 ^^^^^^^^^^^^^^^^^^
  File "C:\Users\athar\OneDrive\Desktop\TY - Sem 1\EDI\venv\Lib\site-packages\django\db\models\sql\query.py", line 1526, in build_filter
    lookups, parts, reffed_expression = self.solve_lookup_type(arg, summarize)
                                        ^^^^^^^^^^^^^^^^^^^^^^^^^^^^^^^^^^^^^^
  File "C:\Users\athar\OneDrive\Desktop\TY - Sem 1\EDI\venv\Lib\site-packages\django\db\models\sql\query.py", line 1333, in solve_lookup_type
    _, field, _, lookup_parts = self.names_to_path(lookup_splitted, self.get_meta())
                                ^^^^^^^^^^^^^^^^^^^^^^^^^^^^^^^^^^^^^^^^^^^^^^^^^^^^
  File "C:\Users\athar\OneDrive\Desktop\TY - Sem 1\EDI\venv\Lib\site-packages\django\db\models\sql\query.py", line 1805, in names_to_path
    raise FieldError(
django.core.exceptions.FieldError: Cannot resolve keyword 'status' into field. Choices are: created_at, floor_level, id, is_occupied, last_updated, parkingsession, slot_number, slot_type
ERROR 2025-10-13 01:01:08,399 basehttp 14680 16688 "GET / HTTP/1.1" 500 117415
INFO 2025-10-13 01:01:16,691 autoreload 8324 14856 Watching for file changes with StatReloader
INFO 2025-10-13 01:01:38,748 autoreload 7612 25724 Watching for file changes with StatReloader
ERROR 2025-10-13 01:01:40,468 log 7612 22132 Internal Server Error: /
Traceback (most recent call last):
  File "C:\Users\athar\OneDrive\Desktop\TY - Sem 1\EDI\venv\Lib\site-packages\django\core\handlers\exception.py", line 55, in inner
    response = get_response(request)
               ^^^^^^^^^^^^^^^^^^^^^
  File "C:\Users\athar\OneDrive\Desktop\TY - Sem 1\EDI\venv\Lib\site-packages\django\core\handlers\base.py", line 197, in _get_response
    response = wrapped_callback(request, *callback_args, **callback_kwargs)
               ^^^^^^^^^^^^^^^^^^^^^^^^^^^^^^^^^^^^^^^^^^^^^^^^^^^^^^^^^^^^
  File "C:\Users\athar\OneDrive\Desktop\TY - Sem 1\EDI\parking-system\dashboard\parking_app\views.py", line 13, in dashboard
    occupied_slots = ParkingSlot.objects.filter(status='occupied').count()
                     ^^^^^^^^^^^^^^^^^^^^^^^^^^^^^^^^^^^^^^^^^^^^^
  File "C:\Users\athar\OneDrive\Desktop\TY - Sem 1\EDI\venv\Lib\site-packages\django\db\models\manager.py", line 87, in manager_method
    return getattr(self.get_queryset(), name)(*args, **kwargs)
           ^^^^^^^^^^^^^^^^^^^^^^^^^^^^^^^^^^^^^^^^^^^^^^^^^^^
  File "C:\Users\athar\OneDrive\Desktop\TY - Sem 1\EDI\venv\Lib\site-packages\django\db\models\query.py", line 1493, in filter
    return self._filter_or_exclude(False, args, kwargs)
           ^^^^^^^^^^^^^^^^^^^^^^^^^^^^^^^^^^^^^^^^^^^^
  File "C:\Users\athar\OneDrive\Desktop\TY - Sem 1\EDI\venv\Lib\site-packages\django\db\models\query.py", line 1511, in _filter_or_exclude
    clone._filter_or_exclude_inplace(negate, args, kwargs)
  File "C:\Users\athar\OneDrive\Desktop\TY - Sem 1\EDI\venv\Lib\site-packages\django\db\models\query.py", line 1518, in _filter_or_exclude_inplace
    self._query.add_q(Q(*args, **kwargs))
  File "C:\Users\athar\OneDrive\Desktop\TY - Sem 1\EDI\venv\Lib\site-packages\django\db\models\sql\query.py", line 1646, in add_q
    clause, _ = self._add_q(q_object, can_reuse)
                ^^^^^^^^^^^^^^^^^^^^^^^^^^^^^^^^
  File "C:\Users\athar\OneDrive\Desktop\TY - Sem 1\EDI\venv\Lib\site-packages\django\db\models\sql\query.py", line 1678, in _add_q
    child_clause, needed_inner = self.build_filter(
                                 ^^^^^^^^^^^^^^^^^^
  File "C:\Users\athar\OneDrive\Desktop\TY - Sem 1\EDI\venv\Lib\site-packages\django\db\models\sql\query.py", line 1526, in build_filter
    lookups, parts, reffed_expression = self.solve_lookup_type(arg, summarize)
                                        ^^^^^^^^^^^^^^^^^^^^^^^^^^^^^^^^^^^^^^
  File "C:\Users\athar\OneDrive\Desktop\TY - Sem 1\EDI\venv\Lib\site-packages\django\db\models\sql\query.py", line 1333, in solve_lookup_type
    _, field, _, lookup_parts = self.names_to_path(lookup_splitted, self.get_meta())
                                ^^^^^^^^^^^^^^^^^^^^^^^^^^^^^^^^^^^^^^^^^^^^^^^^^^^^
  File "C:\Users\athar\OneDrive\Desktop\TY - Sem 1\EDI\venv\Lib\site-packages\django\db\models\sql\query.py", line 1805, in names_to_path
    raise FieldError(
django.core.exceptions.FieldError: Cannot resolve keyword 'status' into field. Choices are: created_at, floor_level, id, is_occupied, last_updated, parkingsession, slot_number, slot_type
ERROR 2025-10-13 01:01:40,473 basehttp 7612 22132 "GET / HTTP/1.1" 500 120599
ERROR 2025-10-13 01:01:40,830 log 7612 22132 Internal Server Error: /
Traceback (most recent call last):
  File "C:\Users\athar\OneDrive\Desktop\TY - Sem 1\EDI\venv\Lib\site-packages\django\core\handlers\exception.py", line 55, in inner
    response = get_response(request)
               ^^^^^^^^^^^^^^^^^^^^^
  File "C:\Users\athar\OneDrive\Desktop\TY - Sem 1\EDI\venv\Lib\site-packages\django\core\handlers\base.py", line 197, in _get_response
    response = wrapped_callback(request, *callback_args, **callback_kwargs)
               ^^^^^^^^^^^^^^^^^^^^^^^^^^^^^^^^^^^^^^^^^^^^^^^^^^^^^^^^^^^^
  File "C:\Users\athar\OneDrive\Desktop\TY - Sem 1\EDI\parking-system\dashboard\parking_app\views.py", line 13, in dashboard
    occupied_slots = ParkingSlot.objects.filter(status='occupied').count()
                     ^^^^^^^^^^^^^^^^^^^^^^^^^^^^^^^^^^^^^^^^^^^^^
  File "C:\Users\athar\OneDrive\Desktop\TY - Sem 1\EDI\venv\Lib\site-packages\django\db\models\manager.py", line 87, in manager_method
    return getattr(self.get_queryset(), name)(*args, **kwargs)
           ^^^^^^^^^^^^^^^^^^^^^^^^^^^^^^^^^^^^^^^^^^^^^^^^^^^
  File "C:\Users\athar\OneDrive\Desktop\TY - Sem 1\EDI\venv\Lib\site-packages\django\db\models\query.py", line 1493, in filter
    return self._filter_or_exclude(False, args, kwargs)
           ^^^^^^^^^^^^^^^^^^^^^^^^^^^^^^^^^^^^^^^^^^^^
  File "C:\Users\athar\OneDrive\Desktop\TY - Sem 1\EDI\venv\Lib\site-packages\django\db\models\query.py", line 1511, in _filter_or_exclude
    clone._filter_or_exclude_inplace(negate, args, kwargs)
  File "C:\Users\athar\OneDrive\Desktop\TY - Sem 1\EDI\venv\Lib\site-packages\django\db\models\query.py", line 1518, in _filter_or_exclude_inplace
    self._query.add_q(Q(*args, **kwargs))
  File "C:\Users\athar\OneDrive\Desktop\TY - Sem 1\EDI\venv\Lib\site-packages\django\db\models\sql\query.py", line 1646, in add_q
    clause, _ = self._add_q(q_object, can_reuse)
                ^^^^^^^^^^^^^^^^^^^^^^^^^^^^^^^^
  File "C:\Users\athar\OneDrive\Desktop\TY - Sem 1\EDI\venv\Lib\site-packages\django\db\models\sql\query.py", line 1678, in _add_q
    child_clause, needed_inner = self.build_filter(
                                 ^^^^^^^^^^^^^^^^^^
  File "C:\Users\athar\OneDrive\Desktop\TY - Sem 1\EDI\venv\Lib\site-packages\django\db\models\sql\query.py", line 1526, in build_filter
    lookups, parts, reffed_expression = self.solve_lookup_type(arg, summarize)
                                        ^^^^^^^^^^^^^^^^^^^^^^^^^^^^^^^^^^^^^^
  File "C:\Users\athar\OneDrive\Desktop\TY - Sem 1\EDI\venv\Lib\site-packages\django\db\models\sql\query.py", line 1333, in solve_lookup_type
    _, field, _, lookup_parts = self.names_to_path(lookup_splitted, self.get_meta())
                                ^^^^^^^^^^^^^^^^^^^^^^^^^^^^^^^^^^^^^^^^^^^^^^^^^^^^
  File "C:\Users\athar\OneDrive\Desktop\TY - Sem 1\EDI\venv\Lib\site-packages\django\db\models\sql\query.py", line 1805, in names_to_path
    raise FieldError(
django.core.exceptions.FieldError: Cannot resolve keyword 'status' into field. Choices are: created_at, floor_level, id, is_occupied, last_updated, parkingsession, slot_number, slot_type
ERROR 2025-10-13 01:01:40,833 basehttp 7612 22132 "GET / HTTP/1.1" 500 120599
ERROR 2025-10-13 01:01:41,033 log 7612 22132 Internal Server Error: /
Traceback (most recent call last):
  File "C:\Users\athar\OneDrive\Desktop\TY - Sem 1\EDI\venv\Lib\site-packages\django\core\handlers\exception.py", line 55, in inner
    response = get_response(request)
               ^^^^^^^^^^^^^^^^^^^^^
  File "C:\Users\athar\OneDrive\Desktop\TY - Sem 1\EDI\venv\Lib\site-packages\django\core\handlers\base.py", line 197, in _get_response
    response = wrapped_callback(request, *callback_args, **callback_kwargs)
               ^^^^^^^^^^^^^^^^^^^^^^^^^^^^^^^^^^^^^^^^^^^^^^^^^^^^^^^^^^^^
  File "C:\Users\athar\OneDrive\Desktop\TY - Sem 1\EDI\parking-system\dashboard\parking_app\views.py", line 13, in dashboard
    occupied_slots = ParkingSlot.objects.filter(status='occupied').count()
                     ^^^^^^^^^^^^^^^^^^^^^^^^^^^^^^^^^^^^^^^^^^^^^
  File "C:\Users\athar\OneDrive\Desktop\TY - Sem 1\EDI\venv\Lib\site-packages\django\db\models\manager.py", line 87, in manager_method
    return getattr(self.get_queryset(), name)(*args, **kwargs)
           ^^^^^^^^^^^^^^^^^^^^^^^^^^^^^^^^^^^^^^^^^^^^^^^^^^^
  File "C:\Users\athar\OneDrive\Desktop\TY - Sem 1\EDI\venv\Lib\site-packages\django\db\models\query.py", line 1493, in filter
    return self._filter_or_exclude(False, args, kwargs)
           ^^^^^^^^^^^^^^^^^^^^^^^^^^^^^^^^^^^^^^^^^^^^
  File "C:\Users\athar\OneDrive\Desktop\TY - Sem 1\EDI\venv\Lib\site-packages\django\db\models\query.py", line 1511, in _filter_or_exclude
    clone._filter_or_exclude_inplace(negate, args, kwargs)
  File "C:\Users\athar\OneDrive\Desktop\TY - Sem 1\EDI\venv\Lib\site-packages\django\db\models\query.py", line 1518, in _filter_or_exclude_inplace
    self._query.add_q(Q(*args, **kwargs))
  File "C:\Users\athar\OneDrive\Desktop\TY - Sem 1\EDI\venv\Lib\site-packages\django\db\models\sql\query.py", line 1646, in add_q
    clause, _ = self._add_q(q_object, can_reuse)
                ^^^^^^^^^^^^^^^^^^^^^^^^^^^^^^^^
  File "C:\Users\athar\OneDrive\Desktop\TY - Sem 1\EDI\venv\Lib\site-packages\django\db\models\sql\query.py", line 1678, in _add_q
    child_clause, needed_inner = self.build_filter(
                                 ^^^^^^^^^^^^^^^^^^
  File "C:\Users\athar\OneDrive\Desktop\TY - Sem 1\EDI\venv\Lib\site-packages\django\db\models\sql\query.py", line 1526, in build_filter
    lookups, parts, reffed_expression = self.solve_lookup_type(arg, summarize)
                                        ^^^^^^^^^^^^^^^^^^^^^^^^^^^^^^^^^^^^^^
  File "C:\Users\athar\OneDrive\Desktop\TY - Sem 1\EDI\venv\Lib\site-packages\django\db\models\sql\query.py", line 1333, in solve_lookup_type
    _, field, _, lookup_parts = self.names_to_path(lookup_splitted, self.get_meta())
                                ^^^^^^^^^^^^^^^^^^^^^^^^^^^^^^^^^^^^^^^^^^^^^^^^^^^^
  File "C:\Users\athar\OneDrive\Desktop\TY - Sem 1\EDI\venv\Lib\site-packages\django\db\models\sql\query.py", line 1805, in names_to_path
    raise FieldError(
django.core.exceptions.FieldError: Cannot resolve keyword 'status' into field. Choices are: created_at, floor_level, id, is_occupied, last_updated, parkingsession, slot_number, slot_type
ERROR 2025-10-13 01:01:41,040 basehttp 7612 22132 "GET / HTTP/1.1" 500 120599
INFO 2025-10-13 01:01:47,694 autoreload 21184 2064 Watching for file changes with StatReloader
ERROR 2025-10-13 01:01:49,696 log 21184 14640 Internal Server Error: /
Traceback (most recent call last):
  File "C:\Users\athar\OneDrive\Desktop\TY - Sem 1\EDI\venv\Lib\site-packages\django\core\handlers\exception.py", line 55, in inner
    response = get_response(request)
               ^^^^^^^^^^^^^^^^^^^^^
  File "C:\Users\athar\OneDrive\Desktop\TY - Sem 1\EDI\venv\Lib\site-packages\django\core\handlers\base.py", line 197, in _get_response
    response = wrapped_callback(request, *callback_args, **callback_kwargs)
               ^^^^^^^^^^^^^^^^^^^^^^^^^^^^^^^^^^^^^^^^^^^^^^^^^^^^^^^^^^^^
  File "C:\Users\athar\OneDrive\Desktop\TY - Sem 1\EDI\parking-system\dashboard\parking_app\views.py", line 13, in dashboard
    occupied_slots = ParkingSlot.objects.filter(status='occupied').count()
                     ^^^^^^^^^^^^^^^^^^^^^^^^^^^^^^^^^^^^^^^^^^^^^
  File "C:\Users\athar\OneDrive\Desktop\TY - Sem 1\EDI\venv\Lib\site-packages\django\db\models\manager.py", line 87, in manager_method
    return getattr(self.get_queryset(), name)(*args, **kwargs)
           ^^^^^^^^^^^^^^^^^^^^^^^^^^^^^^^^^^^^^^^^^^^^^^^^^^^
  File "C:\Users\athar\OneDrive\Desktop\TY - Sem 1\EDI\venv\Lib\site-packages\django\db\models\query.py", line 1493, in filter
    return self._filter_or_exclude(False, args, kwargs)
           ^^^^^^^^^^^^^^^^^^^^^^^^^^^^^^^^^^^^^^^^^^^^
  File "C:\Users\athar\OneDrive\Desktop\TY - Sem 1\EDI\venv\Lib\site-packages\django\db\models\query.py", line 1511, in _filter_or_exclude
    clone._filter_or_exclude_inplace(negate, args, kwargs)
  File "C:\Users\athar\OneDrive\Desktop\TY - Sem 1\EDI\venv\Lib\site-packages\django\db\models\query.py", line 1518, in _filter_or_exclude_inplace
    self._query.add_q(Q(*args, **kwargs))
  File "C:\Users\athar\OneDrive\Desktop\TY - Sem 1\EDI\venv\Lib\site-packages\django\db\models\sql\query.py", line 1646, in add_q
    clause, _ = self._add_q(q_object, can_reuse)
                ^^^^^^^^^^^^^^^^^^^^^^^^^^^^^^^^
  File "C:\Users\athar\OneDrive\Desktop\TY - Sem 1\EDI\venv\Lib\site-packages\django\db\models\sql\query.py", line 1678, in _add_q
    child_clause, needed_inner = self.build_filter(
                                 ^^^^^^^^^^^^^^^^^^
  File "C:\Users\athar\OneDrive\Desktop\TY - Sem 1\EDI\venv\Lib\site-packages\django\db\models\sql\query.py", line 1526, in build_filter
    lookups, parts, reffed_expression = self.solve_lookup_type(arg, summarize)
                                        ^^^^^^^^^^^^^^^^^^^^^^^^^^^^^^^^^^^^^^
  File "C:\Users\athar\OneDrive\Desktop\TY - Sem 1\EDI\venv\Lib\site-packages\django\db\models\sql\query.py", line 1333, in solve_lookup_type
    _, field, _, lookup_parts = self.names_to_path(lookup_splitted, self.get_meta())
                                ^^^^^^^^^^^^^^^^^^^^^^^^^^^^^^^^^^^^^^^^^^^^^^^^^^^^
  File "C:\Users\athar\OneDrive\Desktop\TY - Sem 1\EDI\venv\Lib\site-packages\django\db\models\sql\query.py", line 1805, in names_to_path
    raise FieldError(
django.core.exceptions.FieldError: Cannot resolve keyword 'status' into field. Choices are: created_at, floor_level, id, is_occupied, last_updated, parkingsession, slot_number, slot_type
ERROR 2025-10-13 01:01:49,702 basehttp 21184 14640 "GET / HTTP/1.1" 500 120599
INFO 2025-10-13 01:02:11,158 autoreload 21184 2064 C:\Users\athar\OneDrive\Desktop\TY - Sem 1\EDI\parking-system\dashboard\parking_app\views.py changed, reloading.
INFO 2025-10-13 01:02:12,015 autoreload 18700 25176 Watching for file changes with StatReloader
INFO 2025-10-13 01:02:25,068 autoreload 18700 25176 C:\Users\athar\OneDrive\Desktop\TY - Sem 1\EDI\parking-system\dashboard\parking_app\views.py changed, reloading.
INFO 2025-10-13 01:02:26,077 autoreload 1912 15272 Watching for file changes with StatReloader
INFO 2025-10-13 01:02:39,181 autoreload 1912 15272 C:\Users\athar\OneDrive\Desktop\TY - Sem 1\EDI\parking-system\dashboard\parking_app\views.py changed, reloading.
INFO 2025-10-13 01:02:40,200 autoreload 18996 25048 Watching for file changes with StatReloader
INFO 2025-10-13 01:02:58,481 autoreload 18996 25048 C:\Users\athar\OneDrive\Desktop\TY - Sem 1\EDI\parking-system\dashboard\parking_app\views.py changed, reloading.
INFO 2025-10-13 01:02:59,436 autoreload 4152 10320 Watching for file changes with StatReloader
INFO 2025-10-13 01:03:15,168 basehttp 4152 26352 "GET / HTTP/1.1" 200 69605
ERROR 2025-10-13 01:03:15,451 log 4152 26352 Internal Server Error: /api/parking-status/
Traceback (most recent call last):
  File "C:\Users\athar\OneDrive\Desktop\TY - Sem 1\EDI\venv\Lib\site-packages\django\core\handlers\exception.py", line 55, in inner
    response = get_response(request)
               ^^^^^^^^^^^^^^^^^^^^^
  File "C:\Users\athar\OneDrive\Desktop\TY - Sem 1\EDI\venv\Lib\site-packages\django\core\handlers\base.py", line 197, in _get_response
    response = wrapped_callback(request, *callback_args, **callback_kwargs)
               ^^^^^^^^^^^^^^^^^^^^^^^^^^^^^^^^^^^^^^^^^^^^^^^^^^^^^^^^^^^^
  File "C:\Users\athar\OneDrive\Desktop\TY - Sem 1\EDI\parking-system\dashboard\parking_app\views.py", line 365, in api_parking_status
    occupied_slots = ParkingSlot.objects.filter(status='occupied').count()
                     ^^^^^^^^^^^^^^^^^^^^^^^^^^^^^^^^^^^^^^^^^^^^^
  File "C:\Users\athar\OneDrive\Desktop\TY - Sem 1\EDI\venv\Lib\site-packages\django\db\models\manager.py", line 87, in manager_method
    return getattr(self.get_queryset(), name)(*args, **kwargs)
           ^^^^^^^^^^^^^^^^^^^^^^^^^^^^^^^^^^^^^^^^^^^^^^^^^^^
  File "C:\Users\athar\OneDrive\Desktop\TY - Sem 1\EDI\venv\Lib\site-packages\django\db\models\query.py", line 1493, in filter
    return self._filter_or_exclude(False, args, kwargs)
           ^^^^^^^^^^^^^^^^^^^^^^^^^^^^^^^^^^^^^^^^^^^^
  File "C:\Users\athar\OneDrive\Desktop\TY - Sem 1\EDI\venv\Lib\site-packages\django\db\models\query.py", line 1511, in _filter_or_exclude
    clone._filter_or_exclude_inplace(negate, args, kwargs)
  File "C:\Users\athar\OneDrive\Desktop\TY - Sem 1\EDI\venv\Lib\site-packages\django\db\models\query.py", line 1518, in _filter_or_exclude_inplace
    self._query.add_q(Q(*args, **kwargs))
  File "C:\Users\athar\OneDrive\Desktop\TY - Sem 1\EDI\venv\Lib\site-packages\django\db\models\sql\query.py", line 1646, in add_q
    clause, _ = self._add_q(q_object, can_reuse)
                ^^^^^^^^^^^^^^^^^^^^^^^^^^^^^^^^
  File "C:\Users\athar\OneDrive\Desktop\TY - Sem 1\EDI\venv\Lib\site-packages\django\db\models\sql\query.py", line 1678, in _add_q
    child_clause, needed_inner = self.build_filter(
                                 ^^^^^^^^^^^^^^^^^^
  File "C:\Users\athar\OneDrive\Desktop\TY - Sem 1\EDI\venv\Lib\site-packages\django\db\models\sql\query.py", line 1526, in build_filter
    lookups, parts, reffed_expression = self.solve_lookup_type(arg, summarize)
                                        ^^^^^^^^^^^^^^^^^^^^^^^^^^^^^^^^^^^^^^
  File "C:\Users\athar\OneDrive\Desktop\TY - Sem 1\EDI\venv\Lib\site-packages\django\db\models\sql\query.py", line 1333, in solve_lookup_type
    _, field, _, lookup_parts = self.names_to_path(lookup_splitted, self.get_meta())
                                ^^^^^^^^^^^^^^^^^^^^^^^^^^^^^^^^^^^^^^^^^^^^^^^^^^^^
  File "C:\Users\athar\OneDrive\Desktop\TY - Sem 1\EDI\venv\Lib\site-packages\django\db\models\sql\query.py", line 1805, in names_to_path
    raise FieldError(
django.core.exceptions.FieldError: Cannot resolve keyword 'status' into field. Choices are: created_at, floor_level, id, is_occupied, last_updated, parkingsession, slot_number, slot_type
ERROR 2025-10-13 01:03:15,455 basehttp 4152 26352 "GET /api/parking-status/ HTTP/1.1" 500 120431
INFO 2025-10-13 01:03:15,493 basehttp 4152 19884 "GET /api/parking-data/ HTTP/1.1" 200 12818
INFO 2025-10-13 01:03:45,807 basehttp 4152 26352 "GET /api/parking-data/ HTTP/1.1" 200 12818
ERROR 2025-10-13 01:03:45,846 log 4152 19884 Internal Server Error: /api/parking-status/
Traceback (most recent call last):
  File "C:\Users\athar\OneDrive\Desktop\TY - Sem 1\EDI\venv\Lib\site-packages\django\core\handlers\exception.py", line 55, in inner
    response = get_response(request)
               ^^^^^^^^^^^^^^^^^^^^^
  File "C:\Users\athar\OneDrive\Desktop\TY - Sem 1\EDI\venv\Lib\site-packages\django\core\handlers\base.py", line 197, in _get_response
    response = wrapped_callback(request, *callback_args, **callback_kwargs)
               ^^^^^^^^^^^^^^^^^^^^^^^^^^^^^^^^^^^^^^^^^^^^^^^^^^^^^^^^^^^^
  File "C:\Users\athar\OneDrive\Desktop\TY - Sem 1\EDI\parking-system\dashboard\parking_app\views.py", line 365, in api_parking_status
    occupied_slots = ParkingSlot.objects.filter(status='occupied').count()
                     ^^^^^^^^^^^^^^^^^^^^^^^^^^^^^^^^^^^^^^^^^^^^^
  File "C:\Users\athar\OneDrive\Desktop\TY - Sem 1\EDI\venv\Lib\site-packages\django\db\models\manager.py", line 87, in manager_method
    return getattr(self.get_queryset(), name)(*args, **kwargs)
           ^^^^^^^^^^^^^^^^^^^^^^^^^^^^^^^^^^^^^^^^^^^^^^^^^^^
  File "C:\Users\athar\OneDrive\Desktop\TY - Sem 1\EDI\venv\Lib\site-packages\django\db\models\query.py", line 1493, in filter
    return self._filter_or_exclude(False, args, kwargs)
           ^^^^^^^^^^^^^^^^^^^^^^^^^^^^^^^^^^^^^^^^^^^^
  File "C:\Users\athar\OneDrive\Desktop\TY - Sem 1\EDI\venv\Lib\site-packages\django\db\models\query.py", line 1511, in _filter_or_exclude
    clone._filter_or_exclude_inplace(negate, args, kwargs)
  File "C:\Users\athar\OneDrive\Desktop\TY - Sem 1\EDI\venv\Lib\site-packages\django\db\models\query.py", line 1518, in _filter_or_exclude_inplace
    self._query.add_q(Q(*args, **kwargs))
  File "C:\Users\athar\OneDrive\Desktop\TY - Sem 1\EDI\venv\Lib\site-packages\django\db\models\sql\query.py", line 1646, in add_q
    clause, _ = self._add_q(q_object, can_reuse)
                ^^^^^^^^^^^^^^^^^^^^^^^^^^^^^^^^
  File "C:\Users\athar\OneDrive\Desktop\TY - Sem 1\EDI\venv\Lib\site-packages\django\db\models\sql\query.py", line 1678, in _add_q
    child_clause, needed_inner = self.build_filter(
                                 ^^^^^^^^^^^^^^^^^^
  File "C:\Users\athar\OneDrive\Desktop\TY - Sem 1\EDI\venv\Lib\site-packages\django\db\models\sql\query.py", line 1526, in build_filter
    lookups, parts, reffed_expression = self.solve_lookup_type(arg, summarize)
                                        ^^^^^^^^^^^^^^^^^^^^^^^^^^^^^^^^^^^^^^
  File "C:\Users\athar\OneDrive\Desktop\TY - Sem 1\EDI\venv\Lib\site-packages\django\db\models\sql\query.py", line 1333, in solve_lookup_type
    _, field, _, lookup_parts = self.names_to_path(lookup_splitted, self.get_meta())
                                ^^^^^^^^^^^^^^^^^^^^^^^^^^^^^^^^^^^^^^^^^^^^^^^^^^^^
  File "C:\Users\athar\OneDrive\Desktop\TY - Sem 1\EDI\venv\Lib\site-packages\django\db\models\sql\query.py", line 1805, in names_to_path
    raise FieldError(
django.core.exceptions.FieldError: Cannot resolve keyword 'status' into field. Choices are: created_at, floor_level, id, is_occupied, last_updated, parkingsession, slot_number, slot_type
ERROR 2025-10-13 01:03:45,848 basehttp 4152 19884 "GET /api/parking-status/ HTTP/1.1" 500 120431
INFO 2025-10-13 01:04:15,805 basehttp 4152 26352 "GET /api/parking-data/ HTTP/1.1" 200 12818
ERROR 2025-10-13 01:04:15,844 log 4152 19884 Internal Server Error: /api/parking-status/
Traceback (most recent call last):
  File "C:\Users\athar\OneDrive\Desktop\TY - Sem 1\EDI\venv\Lib\site-packages\django\core\handlers\exception.py", line 55, in inner
    response = get_response(request)
               ^^^^^^^^^^^^^^^^^^^^^
  File "C:\Users\athar\OneDrive\Desktop\TY - Sem 1\EDI\venv\Lib\site-packages\django\core\handlers\base.py", line 197, in _get_response
    response = wrapped_callback(request, *callback_args, **callback_kwargs)
               ^^^^^^^^^^^^^^^^^^^^^^^^^^^^^^^^^^^^^^^^^^^^^^^^^^^^^^^^^^^^
  File "C:\Users\athar\OneDrive\Desktop\TY - Sem 1\EDI\parking-system\dashboard\parking_app\views.py", line 365, in api_parking_status
    occupied_slots = ParkingSlot.objects.filter(status='occupied').count()
                     ^^^^^^^^^^^^^^^^^^^^^^^^^^^^^^^^^^^^^^^^^^^^^
  File "C:\Users\athar\OneDrive\Desktop\TY - Sem 1\EDI\venv\Lib\site-packages\django\db\models\manager.py", line 87, in manager_method
    return getattr(self.get_queryset(), name)(*args, **kwargs)
           ^^^^^^^^^^^^^^^^^^^^^^^^^^^^^^^^^^^^^^^^^^^^^^^^^^^
  File "C:\Users\athar\OneDrive\Desktop\TY - Sem 1\EDI\venv\Lib\site-packages\django\db\models\query.py", line 1493, in filter
    return self._filter_or_exclude(False, args, kwargs)
           ^^^^^^^^^^^^^^^^^^^^^^^^^^^^^^^^^^^^^^^^^^^^
  File "C:\Users\athar\OneDrive\Desktop\TY - Sem 1\EDI\venv\Lib\site-packages\django\db\models\query.py", line 1511, in _filter_or_exclude
    clone._filter_or_exclude_inplace(negate, args, kwargs)
  File "C:\Users\athar\OneDrive\Desktop\TY - Sem 1\EDI\venv\Lib\site-packages\django\db\models\query.py", line 1518, in _filter_or_exclude_inplace
    self._query.add_q(Q(*args, **kwargs))
  File "C:\Users\athar\OneDrive\Desktop\TY - Sem 1\EDI\venv\Lib\site-packages\django\db\models\sql\query.py", line 1646, in add_q
    clause, _ = self._add_q(q_object, can_reuse)
                ^^^^^^^^^^^^^^^^^^^^^^^^^^^^^^^^
  File "C:\Users\athar\OneDrive\Desktop\TY - Sem 1\EDI\venv\Lib\site-packages\django\db\models\sql\query.py", line 1678, in _add_q
    child_clause, needed_inner = self.build_filter(
                                 ^^^^^^^^^^^^^^^^^^
  File "C:\Users\athar\OneDrive\Desktop\TY - Sem 1\EDI\venv\Lib\site-packages\django\db\models\sql\query.py", line 1526, in build_filter
    lookups, parts, reffed_expression = self.solve_lookup_type(arg, summarize)
                                        ^^^^^^^^^^^^^^^^^^^^^^^^^^^^^^^^^^^^^^
  File "C:\Users\athar\OneDrive\Desktop\TY - Sem 1\EDI\venv\Lib\site-packages\django\db\models\sql\query.py", line 1333, in solve_lookup_type
    _, field, _, lookup_parts = self.names_to_path(lookup_splitted, self.get_meta())
                                ^^^^^^^^^^^^^^^^^^^^^^^^^^^^^^^^^^^^^^^^^^^^^^^^^^^^
  File "C:\Users\athar\OneDrive\Desktop\TY - Sem 1\EDI\venv\Lib\site-packages\django\db\models\sql\query.py", line 1805, in names_to_path
    raise FieldError(
django.core.exceptions.FieldError: Cannot resolve keyword 'status' into field. Choices are: created_at, floor_level, id, is_occupied, last_updated, parkingsession, slot_number, slot_type
ERROR 2025-10-13 01:04:15,846 basehttp 4152 19884 "GET /api/parking-status/ HTTP/1.1" 500 120431
ERROR 2025-10-13 01:04:45,829 log 4152 19884 Internal Server Error: /api/parking-status/
Traceback (most recent call last):
  File "C:\Users\athar\OneDrive\Desktop\TY - Sem 1\EDI\venv\Lib\site-packages\django\core\handlers\exception.py", line 55, in inner
    response = get_response(request)
               ^^^^^^^^^^^^^^^^^^^^^
  File "C:\Users\athar\OneDrive\Desktop\TY - Sem 1\EDI\venv\Lib\site-packages\django\core\handlers\base.py", line 197, in _get_response
    response = wrapped_callback(request, *callback_args, **callback_kwargs)
               ^^^^^^^^^^^^^^^^^^^^^^^^^^^^^^^^^^^^^^^^^^^^^^^^^^^^^^^^^^^^
  File "C:\Users\athar\OneDrive\Desktop\TY - Sem 1\EDI\parking-system\dashboard\parking_app\views.py", line 365, in api_parking_status
    occupied_slots = ParkingSlot.objects.filter(status='occupied').count()
                     ^^^^^^^^^^^^^^^^^^^^^^^^^^^^^^^^^^^^^^^^^^^^^
  File "C:\Users\athar\OneDrive\Desktop\TY - Sem 1\EDI\venv\Lib\site-packages\django\db\models\manager.py", line 87, in manager_method
    return getattr(self.get_queryset(), name)(*args, **kwargs)
           ^^^^^^^^^^^^^^^^^^^^^^^^^^^^^^^^^^^^^^^^^^^^^^^^^^^
  File "C:\Users\athar\OneDrive\Desktop\TY - Sem 1\EDI\venv\Lib\site-packages\django\db\models\query.py", line 1493, in filter
    return self._filter_or_exclude(False, args, kwargs)
           ^^^^^^^^^^^^^^^^^^^^^^^^^^^^^^^^^^^^^^^^^^^^
  File "C:\Users\athar\OneDrive\Desktop\TY - Sem 1\EDI\venv\Lib\site-packages\django\db\models\query.py", line 1511, in _filter_or_exclude
    clone._filter_or_exclude_inplace(negate, args, kwargs)
  File "C:\Users\athar\OneDrive\Desktop\TY - Sem 1\EDI\venv\Lib\site-packages\django\db\models\query.py", line 1518, in _filter_or_exclude_inplace
    self._query.add_q(Q(*args, **kwargs))
  File "C:\Users\athar\OneDrive\Desktop\TY - Sem 1\EDI\venv\Lib\site-packages\django\db\models\sql\query.py", line 1646, in add_q
    clause, _ = self._add_q(q_object, can_reuse)
                ^^^^^^^^^^^^^^^^^^^^^^^^^^^^^^^^
  File "C:\Users\athar\OneDrive\Desktop\TY - Sem 1\EDI\venv\Lib\site-packages\django\db\models\sql\query.py", line 1678, in _add_q
    child_clause, needed_inner = self.build_filter(
                                 ^^^^^^^^^^^^^^^^^^
  File "C:\Users\athar\OneDrive\Desktop\TY - Sem 1\EDI\venv\Lib\site-packages\django\db\models\sql\query.py", line 1526, in build_filter
    lookups, parts, reffed_expression = self.solve_lookup_type(arg, summarize)
                                        ^^^^^^^^^^^^^^^^^^^^^^^^^^^^^^^^^^^^^^
  File "C:\Users\athar\OneDrive\Desktop\TY - Sem 1\EDI\venv\Lib\site-packages\django\db\models\sql\query.py", line 1333, in solve_lookup_type
    _, field, _, lookup_parts = self.names_to_path(lookup_splitted, self.get_meta())
                                ^^^^^^^^^^^^^^^^^^^^^^^^^^^^^^^^^^^^^^^^^^^^^^^^^^^^
  File "C:\Users\athar\OneDrive\Desktop\TY - Sem 1\EDI\venv\Lib\site-packages\django\db\models\sql\query.py", line 1805, in names_to_path
    raise FieldError(
django.core.exceptions.FieldError: Cannot resolve keyword 'status' into field. Choices are: created_at, floor_level, id, is_occupied, last_updated, parkingsession, slot_number, slot_type
INFO 2025-10-13 01:04:45,832 basehttp 4152 26352 "GET /api/parking-data/ HTTP/1.1" 200 12818
ERROR 2025-10-13 01:04:45,832 basehttp 4152 19884 "GET /api/parking-status/ HTTP/1.1" 500 120431
INFO 2025-10-13 01:05:15,804 basehttp 4152 19884 "GET /api/parking-data/ HTTP/1.1" 200 12818
ERROR 2025-10-13 01:05:15,841 log 4152 26352 Internal Server Error: /api/parking-status/
Traceback (most recent call last):
  File "C:\Users\athar\OneDrive\Desktop\TY - Sem 1\EDI\venv\Lib\site-packages\django\core\handlers\exception.py", line 55, in inner
    response = get_response(request)
               ^^^^^^^^^^^^^^^^^^^^^
  File "C:\Users\athar\OneDrive\Desktop\TY - Sem 1\EDI\venv\Lib\site-packages\django\core\handlers\base.py", line 197, in _get_response
    response = wrapped_callback(request, *callback_args, **callback_kwargs)
               ^^^^^^^^^^^^^^^^^^^^^^^^^^^^^^^^^^^^^^^^^^^^^^^^^^^^^^^^^^^^
  File "C:\Users\athar\OneDrive\Desktop\TY - Sem 1\EDI\parking-system\dashboard\parking_app\views.py", line 365, in api_parking_status
    occupied_slots = ParkingSlot.objects.filter(status='occupied').count()
                     ^^^^^^^^^^^^^^^^^^^^^^^^^^^^^^^^^^^^^^^^^^^^^
  File "C:\Users\athar\OneDrive\Desktop\TY - Sem 1\EDI\venv\Lib\site-packages\django\db\models\manager.py", line 87, in manager_method
    return getattr(self.get_queryset(), name)(*args, **kwargs)
           ^^^^^^^^^^^^^^^^^^^^^^^^^^^^^^^^^^^^^^^^^^^^^^^^^^^
  File "C:\Users\athar\OneDrive\Desktop\TY - Sem 1\EDI\venv\Lib\site-packages\django\db\models\query.py", line 1493, in filter
    return self._filter_or_exclude(False, args, kwargs)
           ^^^^^^^^^^^^^^^^^^^^^^^^^^^^^^^^^^^^^^^^^^^^
  File "C:\Users\athar\OneDrive\Desktop\TY - Sem 1\EDI\venv\Lib\site-packages\django\db\models\query.py", line 1511, in _filter_or_exclude
    clone._filter_or_exclude_inplace(negate, args, kwargs)
  File "C:\Users\athar\OneDrive\Desktop\TY - Sem 1\EDI\venv\Lib\site-packages\django\db\models\query.py", line 1518, in _filter_or_exclude_inplace
    self._query.add_q(Q(*args, **kwargs))
  File "C:\Users\athar\OneDrive\Desktop\TY - Sem 1\EDI\venv\Lib\site-packages\django\db\models\sql\query.py", line 1646, in add_q
    clause, _ = self._add_q(q_object, can_reuse)
                ^^^^^^^^^^^^^^^^^^^^^^^^^^^^^^^^
  File "C:\Users\athar\OneDrive\Desktop\TY - Sem 1\EDI\venv\Lib\site-packages\django\db\models\sql\query.py", line 1678, in _add_q
    child_clause, needed_inner = self.build_filter(
                                 ^^^^^^^^^^^^^^^^^^
  File "C:\Users\athar\OneDrive\Desktop\TY - Sem 1\EDI\venv\Lib\site-packages\django\db\models\sql\query.py", line 1526, in build_filter
    lookups, parts, reffed_expression = self.solve_lookup_type(arg, summarize)
                                        ^^^^^^^^^^^^^^^^^^^^^^^^^^^^^^^^^^^^^^
  File "C:\Users\athar\OneDrive\Desktop\TY - Sem 1\EDI\venv\Lib\site-packages\django\db\models\sql\query.py", line 1333, in solve_lookup_type
    _, field, _, lookup_parts = self.names_to_path(lookup_splitted, self.get_meta())
                                ^^^^^^^^^^^^^^^^^^^^^^^^^^^^^^^^^^^^^^^^^^^^^^^^^^^^
  File "C:\Users\athar\OneDrive\Desktop\TY - Sem 1\EDI\venv\Lib\site-packages\django\db\models\sql\query.py", line 1805, in names_to_path
    raise FieldError(
django.core.exceptions.FieldError: Cannot resolve keyword 'status' into field. Choices are: created_at, floor_level, id, is_occupied, last_updated, parkingsession, slot_number, slot_type
ERROR 2025-10-13 01:05:15,843 basehttp 4152 26352 "GET /api/parking-status/ HTTP/1.1" 500 120431
ERROR 2025-10-13 01:05:45,816 log 4152 26352 Internal Server Error: /api/parking-status/
Traceback (most recent call last):
  File "C:\Users\athar\OneDrive\Desktop\TY - Sem 1\EDI\venv\Lib\site-packages\django\core\handlers\exception.py", line 55, in inner
    response = get_response(request)
               ^^^^^^^^^^^^^^^^^^^^^
  File "C:\Users\athar\OneDrive\Desktop\TY - Sem 1\EDI\venv\Lib\site-packages\django\core\handlers\base.py", line 197, in _get_response
    response = wrapped_callback(request, *callback_args, **callback_kwargs)
               ^^^^^^^^^^^^^^^^^^^^^^^^^^^^^^^^^^^^^^^^^^^^^^^^^^^^^^^^^^^^
  File "C:\Users\athar\OneDrive\Desktop\TY - Sem 1\EDI\parking-system\dashboard\parking_app\views.py", line 365, in api_parking_status
    occupied_slots = ParkingSlot.objects.filter(status='occupied').count()
                     ^^^^^^^^^^^^^^^^^^^^^^^^^^^^^^^^^^^^^^^^^^^^^
  File "C:\Users\athar\OneDrive\Desktop\TY - Sem 1\EDI\venv\Lib\site-packages\django\db\models\manager.py", line 87, in manager_method
    return getattr(self.get_queryset(), name)(*args, **kwargs)
           ^^^^^^^^^^^^^^^^^^^^^^^^^^^^^^^^^^^^^^^^^^^^^^^^^^^
  File "C:\Users\athar\OneDrive\Desktop\TY - Sem 1\EDI\venv\Lib\site-packages\django\db\models\query.py", line 1493, in filter
    return self._filter_or_exclude(False, args, kwargs)
           ^^^^^^^^^^^^^^^^^^^^^^^^^^^^^^^^^^^^^^^^^^^^
  File "C:\Users\athar\OneDrive\Desktop\TY - Sem 1\EDI\venv\Lib\site-packages\django\db\models\query.py", line 1511, in _filter_or_exclude
    clone._filter_or_exclude_inplace(negate, args, kwargs)
  File "C:\Users\athar\OneDrive\Desktop\TY - Sem 1\EDI\venv\Lib\site-packages\django\db\models\query.py", line 1518, in _filter_or_exclude_inplace
    self._query.add_q(Q(*args, **kwargs))
  File "C:\Users\athar\OneDrive\Desktop\TY - Sem 1\EDI\venv\Lib\site-packages\django\db\models\sql\query.py", line 1646, in add_q
    clause, _ = self._add_q(q_object, can_reuse)
                ^^^^^^^^^^^^^^^^^^^^^^^^^^^^^^^^
  File "C:\Users\athar\OneDrive\Desktop\TY - Sem 1\EDI\venv\Lib\site-packages\django\db\models\sql\query.py", line 1678, in _add_q
    child_clause, needed_inner = self.build_filter(
                                 ^^^^^^^^^^^^^^^^^^
  File "C:\Users\athar\OneDrive\Desktop\TY - Sem 1\EDI\venv\Lib\site-packages\django\db\models\sql\query.py", line 1526, in build_filter
    lookups, parts, reffed_expression = self.solve_lookup_type(arg, summarize)
                                        ^^^^^^^^^^^^^^^^^^^^^^^^^^^^^^^^^^^^^^
  File "C:\Users\athar\OneDrive\Desktop\TY - Sem 1\EDI\venv\Lib\site-packages\django\db\models\sql\query.py", line 1333, in solve_lookup_type
    _, field, _, lookup_parts = self.names_to_path(lookup_splitted, self.get_meta())
                                ^^^^^^^^^^^^^^^^^^^^^^^^^^^^^^^^^^^^^^^^^^^^^^^^^^^^
  File "C:\Users\athar\OneDrive\Desktop\TY - Sem 1\EDI\venv\Lib\site-packages\django\db\models\sql\query.py", line 1805, in names_to_path
    raise FieldError(
django.core.exceptions.FieldError: Cannot resolve keyword 'status' into field. Choices are: created_at, floor_level, id, is_occupied, last_updated, parkingsession, slot_number, slot_type
INFO 2025-10-13 01:05:45,818 basehttp 4152 19884 "GET /api/parking-data/ HTTP/1.1" 200 12818
ERROR 2025-10-13 01:05:45,818 basehttp 4152 26352 "GET /api/parking-status/ HTTP/1.1" 500 120431
INFO 2025-10-13 01:06:15,798 basehttp 4152 19884 "GET /api/parking-data/ HTTP/1.1" 200 12818
ERROR 2025-10-13 01:06:15,845 log 4152 26352 Internal Server Error: /api/parking-status/
Traceback (most recent call last):
  File "C:\Users\athar\OneDrive\Desktop\TY - Sem 1\EDI\venv\Lib\site-packages\django\core\handlers\exception.py", line 55, in inner
    response = get_response(request)
               ^^^^^^^^^^^^^^^^^^^^^
  File "C:\Users\athar\OneDrive\Desktop\TY - Sem 1\EDI\venv\Lib\site-packages\django\core\handlers\base.py", line 197, in _get_response
    response = wrapped_callback(request, *callback_args, **callback_kwargs)
               ^^^^^^^^^^^^^^^^^^^^^^^^^^^^^^^^^^^^^^^^^^^^^^^^^^^^^^^^^^^^
  File "C:\Users\athar\OneDrive\Desktop\TY - Sem 1\EDI\parking-system\dashboard\parking_app\views.py", line 365, in api_parking_status
    occupied_slots = ParkingSlot.objects.filter(status='occupied').count()
                     ^^^^^^^^^^^^^^^^^^^^^^^^^^^^^^^^^^^^^^^^^^^^^
  File "C:\Users\athar\OneDrive\Desktop\TY - Sem 1\EDI\venv\Lib\site-packages\django\db\models\manager.py", line 87, in manager_method
    return getattr(self.get_queryset(), name)(*args, **kwargs)
           ^^^^^^^^^^^^^^^^^^^^^^^^^^^^^^^^^^^^^^^^^^^^^^^^^^^
  File "C:\Users\athar\OneDrive\Desktop\TY - Sem 1\EDI\venv\Lib\site-packages\django\db\models\query.py", line 1493, in filter
    return self._filter_or_exclude(False, args, kwargs)
           ^^^^^^^^^^^^^^^^^^^^^^^^^^^^^^^^^^^^^^^^^^^^
  File "C:\Users\athar\OneDrive\Desktop\TY - Sem 1\EDI\venv\Lib\site-packages\django\db\models\query.py", line 1511, in _filter_or_exclude
    clone._filter_or_exclude_inplace(negate, args, kwargs)
  File "C:\Users\athar\OneDrive\Desktop\TY - Sem 1\EDI\venv\Lib\site-packages\django\db\models\query.py", line 1518, in _filter_or_exclude_inplace
    self._query.add_q(Q(*args, **kwargs))
  File "C:\Users\athar\OneDrive\Desktop\TY - Sem 1\EDI\venv\Lib\site-packages\django\db\models\sql\query.py", line 1646, in add_q
    clause, _ = self._add_q(q_object, can_reuse)
                ^^^^^^^^^^^^^^^^^^^^^^^^^^^^^^^^
  File "C:\Users\athar\OneDrive\Desktop\TY - Sem 1\EDI\venv\Lib\site-packages\django\db\models\sql\query.py", line 1678, in _add_q
    child_clause, needed_inner = self.build_filter(
                                 ^^^^^^^^^^^^^^^^^^
  File "C:\Users\athar\OneDrive\Desktop\TY - Sem 1\EDI\venv\Lib\site-packages\django\db\models\sql\query.py", line 1526, in build_filter
    lookups, parts, reffed_expression = self.solve_lookup_type(arg, summarize)
                                        ^^^^^^^^^^^^^^^^^^^^^^^^^^^^^^^^^^^^^^
  File "C:\Users\athar\OneDrive\Desktop\TY - Sem 1\EDI\venv\Lib\site-packages\django\db\models\sql\query.py", line 1333, in solve_lookup_type
    _, field, _, lookup_parts = self.names_to_path(lookup_splitted, self.get_meta())
                                ^^^^^^^^^^^^^^^^^^^^^^^^^^^^^^^^^^^^^^^^^^^^^^^^^^^^
  File "C:\Users\athar\OneDrive\Desktop\TY - Sem 1\EDI\venv\Lib\site-packages\django\db\models\sql\query.py", line 1805, in names_to_path
    raise FieldError(
django.core.exceptions.FieldError: Cannot resolve keyword 'status' into field. Choices are: created_at, floor_level, id, is_occupied, last_updated, parkingsession, slot_number, slot_type
ERROR 2025-10-13 01:06:15,847 basehttp 4152 26352 "GET /api/parking-status/ HTTP/1.1" 500 120431
ERROR 2025-10-13 01:06:49,820 log 4152 26352 Internal Server Error: /api/parking-status/
Traceback (most recent call last):
  File "C:\Users\athar\OneDrive\Desktop\TY - Sem 1\EDI\venv\Lib\site-packages\django\core\handlers\exception.py", line 55, in inner
    response = get_response(request)
               ^^^^^^^^^^^^^^^^^^^^^
  File "C:\Users\athar\OneDrive\Desktop\TY - Sem 1\EDI\venv\Lib\site-packages\django\core\handlers\base.py", line 197, in _get_response
    response = wrapped_callback(request, *callback_args, **callback_kwargs)
               ^^^^^^^^^^^^^^^^^^^^^^^^^^^^^^^^^^^^^^^^^^^^^^^^^^^^^^^^^^^^
  File "C:\Users\athar\OneDrive\Desktop\TY - Sem 1\EDI\parking-system\dashboard\parking_app\views.py", line 365, in api_parking_status
    occupied_slots = ParkingSlot.objects.filter(status='occupied').count()
                     ^^^^^^^^^^^^^^^^^^^^^^^^^^^^^^^^^^^^^^^^^^^^^
  File "C:\Users\athar\OneDrive\Desktop\TY - Sem 1\EDI\venv\Lib\site-packages\django\db\models\manager.py", line 87, in manager_method
    return getattr(self.get_queryset(), name)(*args, **kwargs)
           ^^^^^^^^^^^^^^^^^^^^^^^^^^^^^^^^^^^^^^^^^^^^^^^^^^^
  File "C:\Users\athar\OneDrive\Desktop\TY - Sem 1\EDI\venv\Lib\site-packages\django\db\models\query.py", line 1493, in filter
    return self._filter_or_exclude(False, args, kwargs)
           ^^^^^^^^^^^^^^^^^^^^^^^^^^^^^^^^^^^^^^^^^^^^
  File "C:\Users\athar\OneDrive\Desktop\TY - Sem 1\EDI\venv\Lib\site-packages\django\db\models\query.py", line 1511, in _filter_or_exclude
    clone._filter_or_exclude_inplace(negate, args, kwargs)
  File "C:\Users\athar\OneDrive\Desktop\TY - Sem 1\EDI\venv\Lib\site-packages\django\db\models\query.py", line 1518, in _filter_or_exclude_inplace
    self._query.add_q(Q(*args, **kwargs))
  File "C:\Users\athar\OneDrive\Desktop\TY - Sem 1\EDI\venv\Lib\site-packages\django\db\models\sql\query.py", line 1646, in add_q
    clause, _ = self._add_q(q_object, can_reuse)
                ^^^^^^^^^^^^^^^^^^^^^^^^^^^^^^^^
  File "C:\Users\athar\OneDrive\Desktop\TY - Sem 1\EDI\venv\Lib\site-packages\django\db\models\sql\query.py", line 1678, in _add_q
    child_clause, needed_inner = self.build_filter(
                                 ^^^^^^^^^^^^^^^^^^
  File "C:\Users\athar\OneDrive\Desktop\TY - Sem 1\EDI\venv\Lib\site-packages\django\db\models\sql\query.py", line 1526, in build_filter
    lookups, parts, reffed_expression = self.solve_lookup_type(arg, summarize)
                                        ^^^^^^^^^^^^^^^^^^^^^^^^^^^^^^^^^^^^^^
  File "C:\Users\athar\OneDrive\Desktop\TY - Sem 1\EDI\venv\Lib\site-packages\django\db\models\sql\query.py", line 1333, in solve_lookup_type
    _, field, _, lookup_parts = self.names_to_path(lookup_splitted, self.get_meta())
                                ^^^^^^^^^^^^^^^^^^^^^^^^^^^^^^^^^^^^^^^^^^^^^^^^^^^^
  File "C:\Users\athar\OneDrive\Desktop\TY - Sem 1\EDI\venv\Lib\site-packages\django\db\models\sql\query.py", line 1805, in names_to_path
    raise FieldError(
django.core.exceptions.FieldError: Cannot resolve keyword 'status' into field. Choices are: created_at, floor_level, id, is_occupied, last_updated, parkingsession, slot_number, slot_type
INFO 2025-10-13 01:06:49,823 basehttp 4152 19884 "GET /api/parking-data/ HTTP/1.1" 200 12818
ERROR 2025-10-13 01:06:49,823 basehttp 4152 26352 "GET /api/parking-status/ HTTP/1.1" 500 120431
INFO 2025-10-13 01:07:49,802 basehttp 4152 26352 "GET /api/parking-data/ HTTP/1.1" 200 12818
ERROR 2025-10-13 01:07:49,854 log 4152 19884 Internal Server Error: /api/parking-status/
Traceback (most recent call last):
  File "C:\Users\athar\OneDrive\Desktop\TY - Sem 1\EDI\venv\Lib\site-packages\django\core\handlers\exception.py", line 55, in inner
    response = get_response(request)
               ^^^^^^^^^^^^^^^^^^^^^
  File "C:\Users\athar\OneDrive\Desktop\TY - Sem 1\EDI\venv\Lib\site-packages\django\core\handlers\base.py", line 197, in _get_response
    response = wrapped_callback(request, *callback_args, **callback_kwargs)
               ^^^^^^^^^^^^^^^^^^^^^^^^^^^^^^^^^^^^^^^^^^^^^^^^^^^^^^^^^^^^
  File "C:\Users\athar\OneDrive\Desktop\TY - Sem 1\EDI\parking-system\dashboard\parking_app\views.py", line 365, in api_parking_status
    occupied_slots = ParkingSlot.objects.filter(status='occupied').count()
                     ^^^^^^^^^^^^^^^^^^^^^^^^^^^^^^^^^^^^^^^^^^^^^
  File "C:\Users\athar\OneDrive\Desktop\TY - Sem 1\EDI\venv\Lib\site-packages\django\db\models\manager.py", line 87, in manager_method
    return getattr(self.get_queryset(), name)(*args, **kwargs)
           ^^^^^^^^^^^^^^^^^^^^^^^^^^^^^^^^^^^^^^^^^^^^^^^^^^^
  File "C:\Users\athar\OneDrive\Desktop\TY - Sem 1\EDI\venv\Lib\site-packages\django\db\models\query.py", line 1493, in filter
    return self._filter_or_exclude(False, args, kwargs)
           ^^^^^^^^^^^^^^^^^^^^^^^^^^^^^^^^^^^^^^^^^^^^
  File "C:\Users\athar\OneDrive\Desktop\TY - Sem 1\EDI\venv\Lib\site-packages\django\db\models\query.py", line 1511, in _filter_or_exclude
    clone._filter_or_exclude_inplace(negate, args, kwargs)
  File "C:\Users\athar\OneDrive\Desktop\TY - Sem 1\EDI\venv\Lib\site-packages\django\db\models\query.py", line 1518, in _filter_or_exclude_inplace
    self._query.add_q(Q(*args, **kwargs))
  File "C:\Users\athar\OneDrive\Desktop\TY - Sem 1\EDI\venv\Lib\site-packages\django\db\models\sql\query.py", line 1646, in add_q
    clause, _ = self._add_q(q_object, can_reuse)
                ^^^^^^^^^^^^^^^^^^^^^^^^^^^^^^^^
  File "C:\Users\athar\OneDrive\Desktop\TY - Sem 1\EDI\venv\Lib\site-packages\django\db\models\sql\query.py", line 1678, in _add_q
    child_clause, needed_inner = self.build_filter(
                                 ^^^^^^^^^^^^^^^^^^
  File "C:\Users\athar\OneDrive\Desktop\TY - Sem 1\EDI\venv\Lib\site-packages\django\db\models\sql\query.py", line 1526, in build_filter
    lookups, parts, reffed_expression = self.solve_lookup_type(arg, summarize)
                                        ^^^^^^^^^^^^^^^^^^^^^^^^^^^^^^^^^^^^^^
  File "C:\Users\athar\OneDrive\Desktop\TY - Sem 1\EDI\venv\Lib\site-packages\django\db\models\sql\query.py", line 1333, in solve_lookup_type
    _, field, _, lookup_parts = self.names_to_path(lookup_splitted, self.get_meta())
                                ^^^^^^^^^^^^^^^^^^^^^^^^^^^^^^^^^^^^^^^^^^^^^^^^^^^^
  File "C:\Users\athar\OneDrive\Desktop\TY - Sem 1\EDI\venv\Lib\site-packages\django\db\models\sql\query.py", line 1805, in names_to_path
    raise FieldError(
django.core.exceptions.FieldError: Cannot resolve keyword 'status' into field. Choices are: created_at, floor_level, id, is_occupied, last_updated, parkingsession, slot_number, slot_type
ERROR 2025-10-13 01:07:49,857 basehttp 4152 19884 "GET /api/parking-status/ HTTP/1.1" 500 120431
INFO 2025-10-13 01:08:49,832 basehttp 4152 26352 "GET /api/parking-data/ HTTP/1.1" 200 12818
ERROR 2025-10-13 01:08:49,859 log 4152 19884 Internal Server Error: /api/parking-status/
Traceback (most recent call last):
  File "C:\Users\athar\OneDrive\Desktop\TY - Sem 1\EDI\venv\Lib\site-packages\django\core\handlers\exception.py", line 55, in inner
    response = get_response(request)
               ^^^^^^^^^^^^^^^^^^^^^
  File "C:\Users\athar\OneDrive\Desktop\TY - Sem 1\EDI\venv\Lib\site-packages\django\core\handlers\base.py", line 197, in _get_response
    response = wrapped_callback(request, *callback_args, **callback_kwargs)
               ^^^^^^^^^^^^^^^^^^^^^^^^^^^^^^^^^^^^^^^^^^^^^^^^^^^^^^^^^^^^
  File "C:\Users\athar\OneDrive\Desktop\TY - Sem 1\EDI\parking-system\dashboard\parking_app\views.py", line 365, in api_parking_status
    occupied_slots = ParkingSlot.objects.filter(status='occupied').count()
                     ^^^^^^^^^^^^^^^^^^^^^^^^^^^^^^^^^^^^^^^^^^^^^
  File "C:\Users\athar\OneDrive\Desktop\TY - Sem 1\EDI\venv\Lib\site-packages\django\db\models\manager.py", line 87, in manager_method
    return getattr(self.get_queryset(), name)(*args, **kwargs)
           ^^^^^^^^^^^^^^^^^^^^^^^^^^^^^^^^^^^^^^^^^^^^^^^^^^^
  File "C:\Users\athar\OneDrive\Desktop\TY - Sem 1\EDI\venv\Lib\site-packages\django\db\models\query.py", line 1493, in filter
    return self._filter_or_exclude(False, args, kwargs)
           ^^^^^^^^^^^^^^^^^^^^^^^^^^^^^^^^^^^^^^^^^^^^
  File "C:\Users\athar\OneDrive\Desktop\TY - Sem 1\EDI\venv\Lib\site-packages\django\db\models\query.py", line 1511, in _filter_or_exclude
    clone._filter_or_exclude_inplace(negate, args, kwargs)
  File "C:\Users\athar\OneDrive\Desktop\TY - Sem 1\EDI\venv\Lib\site-packages\django\db\models\query.py", line 1518, in _filter_or_exclude_inplace
    self._query.add_q(Q(*args, **kwargs))
  File "C:\Users\athar\OneDrive\Desktop\TY - Sem 1\EDI\venv\Lib\site-packages\django\db\models\sql\query.py", line 1646, in add_q
    clause, _ = self._add_q(q_object, can_reuse)
                ^^^^^^^^^^^^^^^^^^^^^^^^^^^^^^^^
  File "C:\Users\athar\OneDrive\Desktop\TY - Sem 1\EDI\venv\Lib\site-packages\django\db\models\sql\query.py", line 1678, in _add_q
    child_clause, needed_inner = self.build_filter(
                                 ^^^^^^^^^^^^^^^^^^
  File "C:\Users\athar\OneDrive\Desktop\TY - Sem 1\EDI\venv\Lib\site-packages\django\db\models\sql\query.py", line 1526, in build_filter
    lookups, parts, reffed_expression = self.solve_lookup_type(arg, summarize)
                                        ^^^^^^^^^^^^^^^^^^^^^^^^^^^^^^^^^^^^^^
  File "C:\Users\athar\OneDrive\Desktop\TY - Sem 1\EDI\venv\Lib\site-packages\django\db\models\sql\query.py", line 1333, in solve_lookup_type
    _, field, _, lookup_parts = self.names_to_path(lookup_splitted, self.get_meta())
                                ^^^^^^^^^^^^^^^^^^^^^^^^^^^^^^^^^^^^^^^^^^^^^^^^^^^^
  File "C:\Users\athar\OneDrive\Desktop\TY - Sem 1\EDI\venv\Lib\site-packages\django\db\models\sql\query.py", line 1805, in names_to_path
    raise FieldError(
django.core.exceptions.FieldError: Cannot resolve keyword 'status' into field. Choices are: created_at, floor_level, id, is_occupied, last_updated, parkingsession, slot_number, slot_type
ERROR 2025-10-13 01:08:49,861 basehttp 4152 19884 "GET /api/parking-status/ HTTP/1.1" 500 120431
ERROR 2025-10-13 01:09:49,839 log 4152 19884 Internal Server Error: /api/parking-status/
Traceback (most recent call last):
  File "C:\Users\athar\OneDrive\Desktop\TY - Sem 1\EDI\venv\Lib\site-packages\django\core\handlers\exception.py", line 55, in inner
    response = get_response(request)
               ^^^^^^^^^^^^^^^^^^^^^
  File "C:\Users\athar\OneDrive\Desktop\TY - Sem 1\EDI\venv\Lib\site-packages\django\core\handlers\base.py", line 197, in _get_response
    response = wrapped_callback(request, *callback_args, **callback_kwargs)
               ^^^^^^^^^^^^^^^^^^^^^^^^^^^^^^^^^^^^^^^^^^^^^^^^^^^^^^^^^^^^
  File "C:\Users\athar\OneDrive\Desktop\TY - Sem 1\EDI\parking-system\dashboard\parking_app\views.py", line 365, in api_parking_status
    occupied_slots = ParkingSlot.objects.filter(status='occupied').count()
                     ^^^^^^^^^^^^^^^^^^^^^^^^^^^^^^^^^^^^^^^^^^^^^
  File "C:\Users\athar\OneDrive\Desktop\TY - Sem 1\EDI\venv\Lib\site-packages\django\db\models\manager.py", line 87, in manager_method
    return getattr(self.get_queryset(), name)(*args, **kwargs)
           ^^^^^^^^^^^^^^^^^^^^^^^^^^^^^^^^^^^^^^^^^^^^^^^^^^^
  File "C:\Users\athar\OneDrive\Desktop\TY - Sem 1\EDI\venv\Lib\site-packages\django\db\models\query.py", line 1493, in filter
    return self._filter_or_exclude(False, args, kwargs)
           ^^^^^^^^^^^^^^^^^^^^^^^^^^^^^^^^^^^^^^^^^^^^
  File "C:\Users\athar\OneDrive\Desktop\TY - Sem 1\EDI\venv\Lib\site-packages\django\db\models\query.py", line 1511, in _filter_or_exclude
    clone._filter_or_exclude_inplace(negate, args, kwargs)
  File "C:\Users\athar\OneDrive\Desktop\TY - Sem 1\EDI\venv\Lib\site-packages\django\db\models\query.py", line 1518, in _filter_or_exclude_inplace
    self._query.add_q(Q(*args, **kwargs))
  File "C:\Users\athar\OneDrive\Desktop\TY - Sem 1\EDI\venv\Lib\site-packages\django\db\models\sql\query.py", line 1646, in add_q
    clause, _ = self._add_q(q_object, can_reuse)
                ^^^^^^^^^^^^^^^^^^^^^^^^^^^^^^^^
  File "C:\Users\athar\OneDrive\Desktop\TY - Sem 1\EDI\venv\Lib\site-packages\django\db\models\sql\query.py", line 1678, in _add_q
    child_clause, needed_inner = self.build_filter(
                                 ^^^^^^^^^^^^^^^^^^
  File "C:\Users\athar\OneDrive\Desktop\TY - Sem 1\EDI\venv\Lib\site-packages\django\db\models\sql\query.py", line 1526, in build_filter
    lookups, parts, reffed_expression = self.solve_lookup_type(arg, summarize)
                                        ^^^^^^^^^^^^^^^^^^^^^^^^^^^^^^^^^^^^^^
  File "C:\Users\athar\OneDrive\Desktop\TY - Sem 1\EDI\venv\Lib\site-packages\django\db\models\sql\query.py", line 1333, in solve_lookup_type
    _, field, _, lookup_parts = self.names_to_path(lookup_splitted, self.get_meta())
                                ^^^^^^^^^^^^^^^^^^^^^^^^^^^^^^^^^^^^^^^^^^^^^^^^^^^^
  File "C:\Users\athar\OneDrive\Desktop\TY - Sem 1\EDI\venv\Lib\site-packages\django\db\models\sql\query.py", line 1805, in names_to_path
    raise FieldError(
django.core.exceptions.FieldError: Cannot resolve keyword 'status' into field. Choices are: created_at, floor_level, id, is_occupied, last_updated, parkingsession, slot_number, slot_type
INFO 2025-10-13 01:09:49,841 basehttp 4152 26352 "GET /api/parking-data/ HTTP/1.1" 200 12818
ERROR 2025-10-13 01:09:49,842 basehttp 4152 19884 "GET /api/parking-status/ HTTP/1.1" 500 120431
INFO 2025-10-13 01:10:49,804 basehttp 4152 26352 "GET /api/parking-data/ HTTP/1.1" 200 12818
ERROR 2025-10-13 01:10:49,849 log 4152 19884 Internal Server Error: /api/parking-status/
Traceback (most recent call last):
  File "C:\Users\athar\OneDrive\Desktop\TY - Sem 1\EDI\venv\Lib\site-packages\django\core\handlers\exception.py", line 55, in inner
    response = get_response(request)
               ^^^^^^^^^^^^^^^^^^^^^
  File "C:\Users\athar\OneDrive\Desktop\TY - Sem 1\EDI\venv\Lib\site-packages\django\core\handlers\base.py", line 197, in _get_response
    response = wrapped_callback(request, *callback_args, **callback_kwargs)
               ^^^^^^^^^^^^^^^^^^^^^^^^^^^^^^^^^^^^^^^^^^^^^^^^^^^^^^^^^^^^
  File "C:\Users\athar\OneDrive\Desktop\TY - Sem 1\EDI\parking-system\dashboard\parking_app\views.py", line 365, in api_parking_status
    occupied_slots = ParkingSlot.objects.filter(status='occupied').count()
                     ^^^^^^^^^^^^^^^^^^^^^^^^^^^^^^^^^^^^^^^^^^^^^
  File "C:\Users\athar\OneDrive\Desktop\TY - Sem 1\EDI\venv\Lib\site-packages\django\db\models\manager.py", line 87, in manager_method
    return getattr(self.get_queryset(), name)(*args, **kwargs)
           ^^^^^^^^^^^^^^^^^^^^^^^^^^^^^^^^^^^^^^^^^^^^^^^^^^^
  File "C:\Users\athar\OneDrive\Desktop\TY - Sem 1\EDI\venv\Lib\site-packages\django\db\models\query.py", line 1493, in filter
    return self._filter_or_exclude(False, args, kwargs)
           ^^^^^^^^^^^^^^^^^^^^^^^^^^^^^^^^^^^^^^^^^^^^
  File "C:\Users\athar\OneDrive\Desktop\TY - Sem 1\EDI\venv\Lib\site-packages\django\db\models\query.py", line 1511, in _filter_or_exclude
    clone._filter_or_exclude_inplace(negate, args, kwargs)
  File "C:\Users\athar\OneDrive\Desktop\TY - Sem 1\EDI\venv\Lib\site-packages\django\db\models\query.py", line 1518, in _filter_or_exclude_inplace
    self._query.add_q(Q(*args, **kwargs))
  File "C:\Users\athar\OneDrive\Desktop\TY - Sem 1\EDI\venv\Lib\site-packages\django\db\models\sql\query.py", line 1646, in add_q
    clause, _ = self._add_q(q_object, can_reuse)
                ^^^^^^^^^^^^^^^^^^^^^^^^^^^^^^^^
  File "C:\Users\athar\OneDrive\Desktop\TY - Sem 1\EDI\venv\Lib\site-packages\django\db\models\sql\query.py", line 1678, in _add_q
    child_clause, needed_inner = self.build_filter(
                                 ^^^^^^^^^^^^^^^^^^
  File "C:\Users\athar\OneDrive\Desktop\TY - Sem 1\EDI\venv\Lib\site-packages\django\db\models\sql\query.py", line 1526, in build_filter
    lookups, parts, reffed_expression = self.solve_lookup_type(arg, summarize)
                                        ^^^^^^^^^^^^^^^^^^^^^^^^^^^^^^^^^^^^^^
  File "C:\Users\athar\OneDrive\Desktop\TY - Sem 1\EDI\venv\Lib\site-packages\django\db\models\sql\query.py", line 1333, in solve_lookup_type
    _, field, _, lookup_parts = self.names_to_path(lookup_splitted, self.get_meta())
                                ^^^^^^^^^^^^^^^^^^^^^^^^^^^^^^^^^^^^^^^^^^^^^^^^^^^^
  File "C:\Users\athar\OneDrive\Desktop\TY - Sem 1\EDI\venv\Lib\site-packages\django\db\models\sql\query.py", line 1805, in names_to_path
    raise FieldError(
django.core.exceptions.FieldError: Cannot resolve keyword 'status' into field. Choices are: created_at, floor_level, id, is_occupied, last_updated, parkingsession, slot_number, slot_type
ERROR 2025-10-13 01:10:49,851 basehttp 4152 19884 "GET /api/parking-status/ HTTP/1.1" 500 120431
ERROR 2025-10-13 01:11:49,826 log 4152 19884 Internal Server Error: /api/parking-status/
Traceback (most recent call last):
  File "C:\Users\athar\OneDrive\Desktop\TY - Sem 1\EDI\venv\Lib\site-packages\django\core\handlers\exception.py", line 55, in inner
    response = get_response(request)
               ^^^^^^^^^^^^^^^^^^^^^
  File "C:\Users\athar\OneDrive\Desktop\TY - Sem 1\EDI\venv\Lib\site-packages\django\core\handlers\base.py", line 197, in _get_response
    response = wrapped_callback(request, *callback_args, **callback_kwargs)
               ^^^^^^^^^^^^^^^^^^^^^^^^^^^^^^^^^^^^^^^^^^^^^^^^^^^^^^^^^^^^
  File "C:\Users\athar\OneDrive\Desktop\TY - Sem 1\EDI\parking-system\dashboard\parking_app\views.py", line 365, in api_parking_status
    occupied_slots = ParkingSlot.objects.filter(status='occupied').count()
                     ^^^^^^^^^^^^^^^^^^^^^^^^^^^^^^^^^^^^^^^^^^^^^
  File "C:\Users\athar\OneDrive\Desktop\TY - Sem 1\EDI\venv\Lib\site-packages\django\db\models\manager.py", line 87, in manager_method
    return getattr(self.get_queryset(), name)(*args, **kwargs)
           ^^^^^^^^^^^^^^^^^^^^^^^^^^^^^^^^^^^^^^^^^^^^^^^^^^^
  File "C:\Users\athar\OneDrive\Desktop\TY - Sem 1\EDI\venv\Lib\site-packages\django\db\models\query.py", line 1493, in filter
    return self._filter_or_exclude(False, args, kwargs)
           ^^^^^^^^^^^^^^^^^^^^^^^^^^^^^^^^^^^^^^^^^^^^
  File "C:\Users\athar\OneDrive\Desktop\TY - Sem 1\EDI\venv\Lib\site-packages\django\db\models\query.py", line 1511, in _filter_or_exclude
    clone._filter_or_exclude_inplace(negate, args, kwargs)
  File "C:\Users\athar\OneDrive\Desktop\TY - Sem 1\EDI\venv\Lib\site-packages\django\db\models\query.py", line 1518, in _filter_or_exclude_inplace
    self._query.add_q(Q(*args, **kwargs))
  File "C:\Users\athar\OneDrive\Desktop\TY - Sem 1\EDI\venv\Lib\site-packages\django\db\models\sql\query.py", line 1646, in add_q
    clause, _ = self._add_q(q_object, can_reuse)
                ^^^^^^^^^^^^^^^^^^^^^^^^^^^^^^^^
  File "C:\Users\athar\OneDrive\Desktop\TY - Sem 1\EDI\venv\Lib\site-packages\django\db\models\sql\query.py", line 1678, in _add_q
    child_clause, needed_inner = self.build_filter(
                                 ^^^^^^^^^^^^^^^^^^
  File "C:\Users\athar\OneDrive\Desktop\TY - Sem 1\EDI\venv\Lib\site-packages\django\db\models\sql\query.py", line 1526, in build_filter
    lookups, parts, reffed_expression = self.solve_lookup_type(arg, summarize)
                                        ^^^^^^^^^^^^^^^^^^^^^^^^^^^^^^^^^^^^^^
  File "C:\Users\athar\OneDrive\Desktop\TY - Sem 1\EDI\venv\Lib\site-packages\django\db\models\sql\query.py", line 1333, in solve_lookup_type
    _, field, _, lookup_parts = self.names_to_path(lookup_splitted, self.get_meta())
                                ^^^^^^^^^^^^^^^^^^^^^^^^^^^^^^^^^^^^^^^^^^^^^^^^^^^^
  File "C:\Users\athar\OneDrive\Desktop\TY - Sem 1\EDI\venv\Lib\site-packages\django\db\models\sql\query.py", line 1805, in names_to_path
    raise FieldError(
django.core.exceptions.FieldError: Cannot resolve keyword 'status' into field. Choices are: created_at, floor_level, id, is_occupied, last_updated, parkingsession, slot_number, slot_type
INFO 2025-10-13 01:11:49,826 basehttp 4152 26352 "GET /api/parking-data/ HTTP/1.1" 200 12818
ERROR 2025-10-13 01:11:49,828 basehttp 4152 19884 "GET /api/parking-status/ HTTP/1.1" 500 120431
INFO 2025-10-13 01:12:35,547 basehttp 4152 26352 "GET /api/parking-data/ HTTP/1.1" 200 12818
ERROR 2025-10-13 01:12:35,561 log 4152 19884 Internal Server Error: /api/parking-status/
Traceback (most recent call last):
  File "C:\Users\athar\OneDrive\Desktop\TY - Sem 1\EDI\venv\Lib\site-packages\django\core\handlers\exception.py", line 55, in inner
    response = get_response(request)
               ^^^^^^^^^^^^^^^^^^^^^
  File "C:\Users\athar\OneDrive\Desktop\TY - Sem 1\EDI\venv\Lib\site-packages\django\core\handlers\base.py", line 197, in _get_response
    response = wrapped_callback(request, *callback_args, **callback_kwargs)
               ^^^^^^^^^^^^^^^^^^^^^^^^^^^^^^^^^^^^^^^^^^^^^^^^^^^^^^^^^^^^
  File "C:\Users\athar\OneDrive\Desktop\TY - Sem 1\EDI\parking-system\dashboard\parking_app\views.py", line 365, in api_parking_status
    occupied_slots = ParkingSlot.objects.filter(status='occupied').count()
                     ^^^^^^^^^^^^^^^^^^^^^^^^^^^^^^^^^^^^^^^^^^^^^
  File "C:\Users\athar\OneDrive\Desktop\TY - Sem 1\EDI\venv\Lib\site-packages\django\db\models\manager.py", line 87, in manager_method
    return getattr(self.get_queryset(), name)(*args, **kwargs)
           ^^^^^^^^^^^^^^^^^^^^^^^^^^^^^^^^^^^^^^^^^^^^^^^^^^^
  File "C:\Users\athar\OneDrive\Desktop\TY - Sem 1\EDI\venv\Lib\site-packages\django\db\models\query.py", line 1493, in filter
    return self._filter_or_exclude(False, args, kwargs)
           ^^^^^^^^^^^^^^^^^^^^^^^^^^^^^^^^^^^^^^^^^^^^
  File "C:\Users\athar\OneDrive\Desktop\TY - Sem 1\EDI\venv\Lib\site-packages\django\db\models\query.py", line 1511, in _filter_or_exclude
    clone._filter_or_exclude_inplace(negate, args, kwargs)
  File "C:\Users\athar\OneDrive\Desktop\TY - Sem 1\EDI\venv\Lib\site-packages\django\db\models\query.py", line 1518, in _filter_or_exclude_inplace
    self._query.add_q(Q(*args, **kwargs))
  File "C:\Users\athar\OneDrive\Desktop\TY - Sem 1\EDI\venv\Lib\site-packages\django\db\models\sql\query.py", line 1646, in add_q
    clause, _ = self._add_q(q_object, can_reuse)
                ^^^^^^^^^^^^^^^^^^^^^^^^^^^^^^^^
  File "C:\Users\athar\OneDrive\Desktop\TY - Sem 1\EDI\venv\Lib\site-packages\django\db\models\sql\query.py", line 1678, in _add_q
    child_clause, needed_inner = self.build_filter(
                                 ^^^^^^^^^^^^^^^^^^
  File "C:\Users\athar\OneDrive\Desktop\TY - Sem 1\EDI\venv\Lib\site-packages\django\db\models\sql\query.py", line 1526, in build_filter
    lookups, parts, reffed_expression = self.solve_lookup_type(arg, summarize)
                                        ^^^^^^^^^^^^^^^^^^^^^^^^^^^^^^^^^^^^^^
  File "C:\Users\athar\OneDrive\Desktop\TY - Sem 1\EDI\venv\Lib\site-packages\django\db\models\sql\query.py", line 1333, in solve_lookup_type
    _, field, _, lookup_parts = self.names_to_path(lookup_splitted, self.get_meta())
                                ^^^^^^^^^^^^^^^^^^^^^^^^^^^^^^^^^^^^^^^^^^^^^^^^^^^^
  File "C:\Users\athar\OneDrive\Desktop\TY - Sem 1\EDI\venv\Lib\site-packages\django\db\models\sql\query.py", line 1805, in names_to_path
    raise FieldError(
django.core.exceptions.FieldError: Cannot resolve keyword 'status' into field. Choices are: created_at, floor_level, id, is_occupied, last_updated, parkingsession, slot_number, slot_type
ERROR 2025-10-13 01:12:35,565 basehttp 4152 19884 "GET /api/parking-status/ HTTP/1.1" 500 120431
ERROR 2025-10-13 01:12:45,450 log 4152 19884 Internal Server Error: /api/parking-status/
Traceback (most recent call last):
  File "C:\Users\athar\OneDrive\Desktop\TY - Sem 1\EDI\venv\Lib\site-packages\django\core\handlers\exception.py", line 55, in inner
    response = get_response(request)
               ^^^^^^^^^^^^^^^^^^^^^
  File "C:\Users\athar\OneDrive\Desktop\TY - Sem 1\EDI\venv\Lib\site-packages\django\core\handlers\base.py", line 197, in _get_response
    response = wrapped_callback(request, *callback_args, **callback_kwargs)
               ^^^^^^^^^^^^^^^^^^^^^^^^^^^^^^^^^^^^^^^^^^^^^^^^^^^^^^^^^^^^
  File "C:\Users\athar\OneDrive\Desktop\TY - Sem 1\EDI\parking-system\dashboard\parking_app\views.py", line 365, in api_parking_status
    occupied_slots = ParkingSlot.objects.filter(status='occupied').count()
                     ^^^^^^^^^^^^^^^^^^^^^^^^^^^^^^^^^^^^^^^^^^^^^
  File "C:\Users\athar\OneDrive\Desktop\TY - Sem 1\EDI\venv\Lib\site-packages\django\db\models\manager.py", line 87, in manager_method
    return getattr(self.get_queryset(), name)(*args, **kwargs)
           ^^^^^^^^^^^^^^^^^^^^^^^^^^^^^^^^^^^^^^^^^^^^^^^^^^^
  File "C:\Users\athar\OneDrive\Desktop\TY - Sem 1\EDI\venv\Lib\site-packages\django\db\models\query.py", line 1493, in filter
    return self._filter_or_exclude(False, args, kwargs)
           ^^^^^^^^^^^^^^^^^^^^^^^^^^^^^^^^^^^^^^^^^^^^
  File "C:\Users\athar\OneDrive\Desktop\TY - Sem 1\EDI\venv\Lib\site-packages\django\db\models\query.py", line 1511, in _filter_or_exclude
    clone._filter_or_exclude_inplace(negate, args, kwargs)
  File "C:\Users\athar\OneDrive\Desktop\TY - Sem 1\EDI\venv\Lib\site-packages\django\db\models\query.py", line 1518, in _filter_or_exclude_inplace
    self._query.add_q(Q(*args, **kwargs))
  File "C:\Users\athar\OneDrive\Desktop\TY - Sem 1\EDI\venv\Lib\site-packages\django\db\models\sql\query.py", line 1646, in add_q
    clause, _ = self._add_q(q_object, can_reuse)
                ^^^^^^^^^^^^^^^^^^^^^^^^^^^^^^^^
  File "C:\Users\athar\OneDrive\Desktop\TY - Sem 1\EDI\venv\Lib\site-packages\django\db\models\sql\query.py", line 1678, in _add_q
    child_clause, needed_inner = self.build_filter(
                                 ^^^^^^^^^^^^^^^^^^
  File "C:\Users\athar\OneDrive\Desktop\TY - Sem 1\EDI\venv\Lib\site-packages\django\db\models\sql\query.py", line 1526, in build_filter
    lookups, parts, reffed_expression = self.solve_lookup_type(arg, summarize)
                                        ^^^^^^^^^^^^^^^^^^^^^^^^^^^^^^^^^^^^^^
  File "C:\Users\athar\OneDrive\Desktop\TY - Sem 1\EDI\venv\Lib\site-packages\django\db\models\sql\query.py", line 1333, in solve_lookup_type
    _, field, _, lookup_parts = self.names_to_path(lookup_splitted, self.get_meta())
                                ^^^^^^^^^^^^^^^^^^^^^^^^^^^^^^^^^^^^^^^^^^^^^^^^^^^^
  File "C:\Users\athar\OneDrive\Desktop\TY - Sem 1\EDI\venv\Lib\site-packages\django\db\models\sql\query.py", line 1805, in names_to_path
    raise FieldError(
django.core.exceptions.FieldError: Cannot resolve keyword 'status' into field. Choices are: created_at, floor_level, id, is_occupied, last_updated, parkingsession, slot_number, slot_type
ERROR 2025-10-13 01:12:45,456 basehttp 4152 19884 "GET /api/parking-status/ HTTP/1.1" 500 120431
INFO 2025-10-13 01:12:45,499 basehttp 4152 26352 "GET /api/parking-data/ HTTP/1.1" 200 16611
INFO 2025-10-13 01:12:57,382 basehttp 4152 26352 "GET / HTTP/1.1" 200 69610
ERROR 2025-10-13 01:12:57,494 log 4152 26352 Internal Server Error: /api/parking-status/
Traceback (most recent call last):
  File "C:\Users\athar\OneDrive\Desktop\TY - Sem 1\EDI\venv\Lib\site-packages\django\core\handlers\exception.py", line 55, in inner
    response = get_response(request)
               ^^^^^^^^^^^^^^^^^^^^^
  File "C:\Users\athar\OneDrive\Desktop\TY - Sem 1\EDI\venv\Lib\site-packages\django\core\handlers\base.py", line 197, in _get_response
    response = wrapped_callback(request, *callback_args, **callback_kwargs)
               ^^^^^^^^^^^^^^^^^^^^^^^^^^^^^^^^^^^^^^^^^^^^^^^^^^^^^^^^^^^^
  File "C:\Users\athar\OneDrive\Desktop\TY - Sem 1\EDI\parking-system\dashboard\parking_app\views.py", line 365, in api_parking_status
    occupied_slots = ParkingSlot.objects.filter(status='occupied').count()
                     ^^^^^^^^^^^^^^^^^^^^^^^^^^^^^^^^^^^^^^^^^^^^^
  File "C:\Users\athar\OneDrive\Desktop\TY - Sem 1\EDI\venv\Lib\site-packages\django\db\models\manager.py", line 87, in manager_method
    return getattr(self.get_queryset(), name)(*args, **kwargs)
           ^^^^^^^^^^^^^^^^^^^^^^^^^^^^^^^^^^^^^^^^^^^^^^^^^^^
  File "C:\Users\athar\OneDrive\Desktop\TY - Sem 1\EDI\venv\Lib\site-packages\django\db\models\query.py", line 1493, in filter
    return self._filter_or_exclude(False, args, kwargs)
           ^^^^^^^^^^^^^^^^^^^^^^^^^^^^^^^^^^^^^^^^^^^^
  File "C:\Users\athar\OneDrive\Desktop\TY - Sem 1\EDI\venv\Lib\site-packages\django\db\models\query.py", line 1511, in _filter_or_exclude
    clone._filter_or_exclude_inplace(negate, args, kwargs)
  File "C:\Users\athar\OneDrive\Desktop\TY - Sem 1\EDI\venv\Lib\site-packages\django\db\models\query.py", line 1518, in _filter_or_exclude_inplace
    self._query.add_q(Q(*args, **kwargs))
  File "C:\Users\athar\OneDrive\Desktop\TY - Sem 1\EDI\venv\Lib\site-packages\django\db\models\sql\query.py", line 1646, in add_q
    clause, _ = self._add_q(q_object, can_reuse)
                ^^^^^^^^^^^^^^^^^^^^^^^^^^^^^^^^
  File "C:\Users\athar\OneDrive\Desktop\TY - Sem 1\EDI\venv\Lib\site-packages\django\db\models\sql\query.py", line 1678, in _add_q
    child_clause, needed_inner = self.build_filter(
                                 ^^^^^^^^^^^^^^^^^^
  File "C:\Users\athar\OneDrive\Desktop\TY - Sem 1\EDI\venv\Lib\site-packages\django\db\models\sql\query.py", line 1526, in build_filter
    lookups, parts, reffed_expression = self.solve_lookup_type(arg, summarize)
                                        ^^^^^^^^^^^^^^^^^^^^^^^^^^^^^^^^^^^^^^
  File "C:\Users\athar\OneDrive\Desktop\TY - Sem 1\EDI\venv\Lib\site-packages\django\db\models\sql\query.py", line 1333, in solve_lookup_type
    _, field, _, lookup_parts = self.names_to_path(lookup_splitted, self.get_meta())
                                ^^^^^^^^^^^^^^^^^^^^^^^^^^^^^^^^^^^^^^^^^^^^^^^^^^^^
  File "C:\Users\athar\OneDrive\Desktop\TY - Sem 1\EDI\venv\Lib\site-packages\django\db\models\sql\query.py", line 1805, in names_to_path
    raise FieldError(
django.core.exceptions.FieldError: Cannot resolve keyword 'status' into field. Choices are: created_at, floor_level, id, is_occupied, last_updated, parkingsession, slot_number, slot_type
ERROR 2025-10-13 01:12:57,498 basehttp 4152 26352 "GET /api/parking-status/ HTTP/1.1" 500 120431
INFO 2025-10-13 01:12:57,523 basehttp 4152 19884 "GET /api/parking-data/ HTTP/1.1" 200 16611
ERROR 2025-10-13 01:13:27,828 log 4152 19884 Internal Server Error: /api/parking-status/
Traceback (most recent call last):
  File "C:\Users\athar\OneDrive\Desktop\TY - Sem 1\EDI\venv\Lib\site-packages\django\core\handlers\exception.py", line 55, in inner
    response = get_response(request)
               ^^^^^^^^^^^^^^^^^^^^^
  File "C:\Users\athar\OneDrive\Desktop\TY - Sem 1\EDI\venv\Lib\site-packages\django\core\handlers\base.py", line 197, in _get_response
    response = wrapped_callback(request, *callback_args, **callback_kwargs)
               ^^^^^^^^^^^^^^^^^^^^^^^^^^^^^^^^^^^^^^^^^^^^^^^^^^^^^^^^^^^^
  File "C:\Users\athar\OneDrive\Desktop\TY - Sem 1\EDI\parking-system\dashboard\parking_app\views.py", line 365, in api_parking_status
    occupied_slots = ParkingSlot.objects.filter(status='occupied').count()
                     ^^^^^^^^^^^^^^^^^^^^^^^^^^^^^^^^^^^^^^^^^^^^^
  File "C:\Users\athar\OneDrive\Desktop\TY - Sem 1\EDI\venv\Lib\site-packages\django\db\models\manager.py", line 87, in manager_method
    return getattr(self.get_queryset(), name)(*args, **kwargs)
           ^^^^^^^^^^^^^^^^^^^^^^^^^^^^^^^^^^^^^^^^^^^^^^^^^^^
  File "C:\Users\athar\OneDrive\Desktop\TY - Sem 1\EDI\venv\Lib\site-packages\django\db\models\query.py", line 1493, in filter
    return self._filter_or_exclude(False, args, kwargs)
           ^^^^^^^^^^^^^^^^^^^^^^^^^^^^^^^^^^^^^^^^^^^^
  File "C:\Users\athar\OneDrive\Desktop\TY - Sem 1\EDI\venv\Lib\site-packages\django\db\models\query.py", line 1511, in _filter_or_exclude
    clone._filter_or_exclude_inplace(negate, args, kwargs)
  File "C:\Users\athar\OneDrive\Desktop\TY - Sem 1\EDI\venv\Lib\site-packages\django\db\models\query.py", line 1518, in _filter_or_exclude_inplace
    self._query.add_q(Q(*args, **kwargs))
  File "C:\Users\athar\OneDrive\Desktop\TY - Sem 1\EDI\venv\Lib\site-packages\django\db\models\sql\query.py", line 1646, in add_q
    clause, _ = self._add_q(q_object, can_reuse)
                ^^^^^^^^^^^^^^^^^^^^^^^^^^^^^^^^
  File "C:\Users\athar\OneDrive\Desktop\TY - Sem 1\EDI\venv\Lib\site-packages\django\db\models\sql\query.py", line 1678, in _add_q
    child_clause, needed_inner = self.build_filter(
                                 ^^^^^^^^^^^^^^^^^^
  File "C:\Users\athar\OneDrive\Desktop\TY - Sem 1\EDI\venv\Lib\site-packages\django\db\models\sql\query.py", line 1526, in build_filter
    lookups, parts, reffed_expression = self.solve_lookup_type(arg, summarize)
                                        ^^^^^^^^^^^^^^^^^^^^^^^^^^^^^^^^^^^^^^
  File "C:\Users\athar\OneDrive\Desktop\TY - Sem 1\EDI\venv\Lib\site-packages\django\db\models\sql\query.py", line 1333, in solve_lookup_type
    _, field, _, lookup_parts = self.names_to_path(lookup_splitted, self.get_meta())
                                ^^^^^^^^^^^^^^^^^^^^^^^^^^^^^^^^^^^^^^^^^^^^^^^^^^^^
  File "C:\Users\athar\OneDrive\Desktop\TY - Sem 1\EDI\venv\Lib\site-packages\django\db\models\sql\query.py", line 1805, in names_to_path
    raise FieldError(
django.core.exceptions.FieldError: Cannot resolve keyword 'status' into field. Choices are: created_at, floor_level, id, is_occupied, last_updated, parkingsession, slot_number, slot_type
ERROR 2025-10-13 01:13:27,832 basehttp 4152 19884 "GET /api/parking-status/ HTTP/1.1" 500 120431
INFO 2025-10-13 01:13:27,859 basehttp 4152 26352 "GET /api/parking-data/ HTTP/1.1" 200 16611
ERROR 2025-10-13 01:13:57,869 log 4152 26352 Internal Server Error: /api/parking-status/
Traceback (most recent call last):
  File "C:\Users\athar\OneDrive\Desktop\TY - Sem 1\EDI\venv\Lib\site-packages\django\core\handlers\exception.py", line 55, in inner
    response = get_response(request)
               ^^^^^^^^^^^^^^^^^^^^^
  File "C:\Users\athar\OneDrive\Desktop\TY - Sem 1\EDI\venv\Lib\site-packages\django\core\handlers\base.py", line 197, in _get_response
    response = wrapped_callback(request, *callback_args, **callback_kwargs)
               ^^^^^^^^^^^^^^^^^^^^^^^^^^^^^^^^^^^^^^^^^^^^^^^^^^^^^^^^^^^^
  File "C:\Users\athar\OneDrive\Desktop\TY - Sem 1\EDI\parking-system\dashboard\parking_app\views.py", line 365, in api_parking_status
    occupied_slots = ParkingSlot.objects.filter(status='occupied').count()
                     ^^^^^^^^^^^^^^^^^^^^^^^^^^^^^^^^^^^^^^^^^^^^^
  File "C:\Users\athar\OneDrive\Desktop\TY - Sem 1\EDI\venv\Lib\site-packages\django\db\models\manager.py", line 87, in manager_method
    return getattr(self.get_queryset(), name)(*args, **kwargs)
           ^^^^^^^^^^^^^^^^^^^^^^^^^^^^^^^^^^^^^^^^^^^^^^^^^^^
  File "C:\Users\athar\OneDrive\Desktop\TY - Sem 1\EDI\venv\Lib\site-packages\django\db\models\query.py", line 1493, in filter
    return self._filter_or_exclude(False, args, kwargs)
           ^^^^^^^^^^^^^^^^^^^^^^^^^^^^^^^^^^^^^^^^^^^^
  File "C:\Users\athar\OneDrive\Desktop\TY - Sem 1\EDI\venv\Lib\site-packages\django\db\models\query.py", line 1511, in _filter_or_exclude
    clone._filter_or_exclude_inplace(negate, args, kwargs)
  File "C:\Users\athar\OneDrive\Desktop\TY - Sem 1\EDI\venv\Lib\site-packages\django\db\models\query.py", line 1518, in _filter_or_exclude_inplace
    self._query.add_q(Q(*args, **kwargs))
  File "C:\Users\athar\OneDrive\Desktop\TY - Sem 1\EDI\venv\Lib\site-packages\django\db\models\sql\query.py", line 1646, in add_q
    clause, _ = self._add_q(q_object, can_reuse)
                ^^^^^^^^^^^^^^^^^^^^^^^^^^^^^^^^
  File "C:\Users\athar\OneDrive\Desktop\TY - Sem 1\EDI\venv\Lib\site-packages\django\db\models\sql\query.py", line 1678, in _add_q
    child_clause, needed_inner = self.build_filter(
                                 ^^^^^^^^^^^^^^^^^^
  File "C:\Users\athar\OneDrive\Desktop\TY - Sem 1\EDI\venv\Lib\site-packages\django\db\models\sql\query.py", line 1526, in build_filter
    lookups, parts, reffed_expression = self.solve_lookup_type(arg, summarize)
                                        ^^^^^^^^^^^^^^^^^^^^^^^^^^^^^^^^^^^^^^
  File "C:\Users\athar\OneDrive\Desktop\TY - Sem 1\EDI\venv\Lib\site-packages\django\db\models\sql\query.py", line 1333, in solve_lookup_type
    _, field, _, lookup_parts = self.names_to_path(lookup_splitted, self.get_meta())
                                ^^^^^^^^^^^^^^^^^^^^^^^^^^^^^^^^^^^^^^^^^^^^^^^^^^^^
  File "C:\Users\athar\OneDrive\Desktop\TY - Sem 1\EDI\venv\Lib\site-packages\django\db\models\sql\query.py", line 1805, in names_to_path
    raise FieldError(
django.core.exceptions.FieldError: Cannot resolve keyword 'status' into field. Choices are: created_at, floor_level, id, is_occupied, last_updated, parkingsession, slot_number, slot_type
ERROR 2025-10-13 01:13:57,873 basehttp 4152 26352 "GET /api/parking-status/ HTTP/1.1" 500 120431
INFO 2025-10-13 01:13:57,884 basehttp 4152 19884 "GET /api/parking-data/ HTTP/1.1" 200 16611
INFO 2025-10-13 01:14:27,827 basehttp 4152 26352 "GET /api/parking-data/ HTTP/1.1" 200 16611
ERROR 2025-10-13 01:14:27,853 log 4152 19884 Internal Server Error: /api/parking-status/
Traceback (most recent call last):
  File "C:\Users\athar\OneDrive\Desktop\TY - Sem 1\EDI\venv\Lib\site-packages\django\core\handlers\exception.py", line 55, in inner
    response = get_response(request)
               ^^^^^^^^^^^^^^^^^^^^^
  File "C:\Users\athar\OneDrive\Desktop\TY - Sem 1\EDI\venv\Lib\site-packages\django\core\handlers\base.py", line 197, in _get_response
    response = wrapped_callback(request, *callback_args, **callback_kwargs)
               ^^^^^^^^^^^^^^^^^^^^^^^^^^^^^^^^^^^^^^^^^^^^^^^^^^^^^^^^^^^^
  File "C:\Users\athar\OneDrive\Desktop\TY - Sem 1\EDI\parking-system\dashboard\parking_app\views.py", line 365, in api_parking_status
    occupied_slots = ParkingSlot.objects.filter(status='occupied').count()
                     ^^^^^^^^^^^^^^^^^^^^^^^^^^^^^^^^^^^^^^^^^^^^^
  File "C:\Users\athar\OneDrive\Desktop\TY - Sem 1\EDI\venv\Lib\site-packages\django\db\models\manager.py", line 87, in manager_method
    return getattr(self.get_queryset(), name)(*args, **kwargs)
           ^^^^^^^^^^^^^^^^^^^^^^^^^^^^^^^^^^^^^^^^^^^^^^^^^^^
  File "C:\Users\athar\OneDrive\Desktop\TY - Sem 1\EDI\venv\Lib\site-packages\django\db\models\query.py", line 1493, in filter
    return self._filter_or_exclude(False, args, kwargs)
           ^^^^^^^^^^^^^^^^^^^^^^^^^^^^^^^^^^^^^^^^^^^^
  File "C:\Users\athar\OneDrive\Desktop\TY - Sem 1\EDI\venv\Lib\site-packages\django\db\models\query.py", line 1511, in _filter_or_exclude
    clone._filter_or_exclude_inplace(negate, args, kwargs)
  File "C:\Users\athar\OneDrive\Desktop\TY - Sem 1\EDI\venv\Lib\site-packages\django\db\models\query.py", line 1518, in _filter_or_exclude_inplace
    self._query.add_q(Q(*args, **kwargs))
  File "C:\Users\athar\OneDrive\Desktop\TY - Sem 1\EDI\venv\Lib\site-packages\django\db\models\sql\query.py", line 1646, in add_q
    clause, _ = self._add_q(q_object, can_reuse)
                ^^^^^^^^^^^^^^^^^^^^^^^^^^^^^^^^
  File "C:\Users\athar\OneDrive\Desktop\TY - Sem 1\EDI\venv\Lib\site-packages\django\db\models\sql\query.py", line 1678, in _add_q
    child_clause, needed_inner = self.build_filter(
                                 ^^^^^^^^^^^^^^^^^^
  File "C:\Users\athar\OneDrive\Desktop\TY - Sem 1\EDI\venv\Lib\site-packages\django\db\models\sql\query.py", line 1526, in build_filter
    lookups, parts, reffed_expression = self.solve_lookup_type(arg, summarize)
                                        ^^^^^^^^^^^^^^^^^^^^^^^^^^^^^^^^^^^^^^
  File "C:\Users\athar\OneDrive\Desktop\TY - Sem 1\EDI\venv\Lib\site-packages\django\db\models\sql\query.py", line 1333, in solve_lookup_type
    _, field, _, lookup_parts = self.names_to_path(lookup_splitted, self.get_meta())
                                ^^^^^^^^^^^^^^^^^^^^^^^^^^^^^^^^^^^^^^^^^^^^^^^^^^^^
  File "C:\Users\athar\OneDrive\Desktop\TY - Sem 1\EDI\venv\Lib\site-packages\django\db\models\sql\query.py", line 1805, in names_to_path
    raise FieldError(
django.core.exceptions.FieldError: Cannot resolve keyword 'status' into field. Choices are: created_at, floor_level, id, is_occupied, last_updated, parkingsession, slot_number, slot_type
ERROR 2025-10-13 01:14:27,855 basehttp 4152 19884 "GET /api/parking-status/ HTTP/1.1" 500 120431
ERROR 2025-10-13 01:14:57,847 log 4152 19884 Internal Server Error: /api/parking-status/
Traceback (most recent call last):
  File "C:\Users\athar\OneDrive\Desktop\TY - Sem 1\EDI\venv\Lib\site-packages\django\core\handlers\exception.py", line 55, in inner
    response = get_response(request)
               ^^^^^^^^^^^^^^^^^^^^^
  File "C:\Users\athar\OneDrive\Desktop\TY - Sem 1\EDI\venv\Lib\site-packages\django\core\handlers\base.py", line 197, in _get_response
    response = wrapped_callback(request, *callback_args, **callback_kwargs)
               ^^^^^^^^^^^^^^^^^^^^^^^^^^^^^^^^^^^^^^^^^^^^^^^^^^^^^^^^^^^^
  File "C:\Users\athar\OneDrive\Desktop\TY - Sem 1\EDI\parking-system\dashboard\parking_app\views.py", line 365, in api_parking_status
    occupied_slots = ParkingSlot.objects.filter(status='occupied').count()
                     ^^^^^^^^^^^^^^^^^^^^^^^^^^^^^^^^^^^^^^^^^^^^^
  File "C:\Users\athar\OneDrive\Desktop\TY - Sem 1\EDI\venv\Lib\site-packages\django\db\models\manager.py", line 87, in manager_method
    return getattr(self.get_queryset(), name)(*args, **kwargs)
           ^^^^^^^^^^^^^^^^^^^^^^^^^^^^^^^^^^^^^^^^^^^^^^^^^^^
  File "C:\Users\athar\OneDrive\Desktop\TY - Sem 1\EDI\venv\Lib\site-packages\django\db\models\query.py", line 1493, in filter
    return self._filter_or_exclude(False, args, kwargs)
           ^^^^^^^^^^^^^^^^^^^^^^^^^^^^^^^^^^^^^^^^^^^^
  File "C:\Users\athar\OneDrive\Desktop\TY - Sem 1\EDI\venv\Lib\site-packages\django\db\models\query.py", line 1511, in _filter_or_exclude
    clone._filter_or_exclude_inplace(negate, args, kwargs)
  File "C:\Users\athar\OneDrive\Desktop\TY - Sem 1\EDI\venv\Lib\site-packages\django\db\models\query.py", line 1518, in _filter_or_exclude_inplace
    self._query.add_q(Q(*args, **kwargs))
  File "C:\Users\athar\OneDrive\Desktop\TY - Sem 1\EDI\venv\Lib\site-packages\django\db\models\sql\query.py", line 1646, in add_q
    clause, _ = self._add_q(q_object, can_reuse)
                ^^^^^^^^^^^^^^^^^^^^^^^^^^^^^^^^
  File "C:\Users\athar\OneDrive\Desktop\TY - Sem 1\EDI\venv\Lib\site-packages\django\db\models\sql\query.py", line 1678, in _add_q
    child_clause, needed_inner = self.build_filter(
                                 ^^^^^^^^^^^^^^^^^^
  File "C:\Users\athar\OneDrive\Desktop\TY - Sem 1\EDI\venv\Lib\site-packages\django\db\models\sql\query.py", line 1526, in build_filter
    lookups, parts, reffed_expression = self.solve_lookup_type(arg, summarize)
                                        ^^^^^^^^^^^^^^^^^^^^^^^^^^^^^^^^^^^^^^
  File "C:\Users\athar\OneDrive\Desktop\TY - Sem 1\EDI\venv\Lib\site-packages\django\db\models\sql\query.py", line 1333, in solve_lookup_type
    _, field, _, lookup_parts = self.names_to_path(lookup_splitted, self.get_meta())
                                ^^^^^^^^^^^^^^^^^^^^^^^^^^^^^^^^^^^^^^^^^^^^^^^^^^^^
  File "C:\Users\athar\OneDrive\Desktop\TY - Sem 1\EDI\venv\Lib\site-packages\django\db\models\sql\query.py", line 1805, in names_to_path
    raise FieldError(
django.core.exceptions.FieldError: Cannot resolve keyword 'status' into field. Choices are: created_at, floor_level, id, is_occupied, last_updated, parkingsession, slot_number, slot_type
ERROR 2025-10-13 01:14:57,854 basehttp 4152 19884 "GET /api/parking-status/ HTTP/1.1" 500 120431
INFO 2025-10-13 01:14:57,887 basehttp 4152 26352 "GET /api/parking-data/ HTTP/1.1" 200 16611
ERROR 2025-10-13 01:15:27,840 log 4152 26352 Internal Server Error: /api/parking-status/
Traceback (most recent call last):
  File "C:\Users\athar\OneDrive\Desktop\TY - Sem 1\EDI\venv\Lib\site-packages\django\core\handlers\exception.py", line 55, in inner
    response = get_response(request)
               ^^^^^^^^^^^^^^^^^^^^^
  File "C:\Users\athar\OneDrive\Desktop\TY - Sem 1\EDI\venv\Lib\site-packages\django\core\handlers\base.py", line 197, in _get_response
    response = wrapped_callback(request, *callback_args, **callback_kwargs)
               ^^^^^^^^^^^^^^^^^^^^^^^^^^^^^^^^^^^^^^^^^^^^^^^^^^^^^^^^^^^^
  File "C:\Users\athar\OneDrive\Desktop\TY - Sem 1\EDI\parking-system\dashboard\parking_app\views.py", line 365, in api_parking_status
    occupied_slots = ParkingSlot.objects.filter(status='occupied').count()
                     ^^^^^^^^^^^^^^^^^^^^^^^^^^^^^^^^^^^^^^^^^^^^^
  File "C:\Users\athar\OneDrive\Desktop\TY - Sem 1\EDI\venv\Lib\site-packages\django\db\models\manager.py", line 87, in manager_method
    return getattr(self.get_queryset(), name)(*args, **kwargs)
           ^^^^^^^^^^^^^^^^^^^^^^^^^^^^^^^^^^^^^^^^^^^^^^^^^^^
  File "C:\Users\athar\OneDrive\Desktop\TY - Sem 1\EDI\venv\Lib\site-packages\django\db\models\query.py", line 1493, in filter
    return self._filter_or_exclude(False, args, kwargs)
           ^^^^^^^^^^^^^^^^^^^^^^^^^^^^^^^^^^^^^^^^^^^^
  File "C:\Users\athar\OneDrive\Desktop\TY - Sem 1\EDI\venv\Lib\site-packages\django\db\models\query.py", line 1511, in _filter_or_exclude
    clone._filter_or_exclude_inplace(negate, args, kwargs)
  File "C:\Users\athar\OneDrive\Desktop\TY - Sem 1\EDI\venv\Lib\site-packages\django\db\models\query.py", line 1518, in _filter_or_exclude_inplace
    self._query.add_q(Q(*args, **kwargs))
  File "C:\Users\athar\OneDrive\Desktop\TY - Sem 1\EDI\venv\Lib\site-packages\django\db\models\sql\query.py", line 1646, in add_q
    clause, _ = self._add_q(q_object, can_reuse)
                ^^^^^^^^^^^^^^^^^^^^^^^^^^^^^^^^
  File "C:\Users\athar\OneDrive\Desktop\TY - Sem 1\EDI\venv\Lib\site-packages\django\db\models\sql\query.py", line 1678, in _add_q
    child_clause, needed_inner = self.build_filter(
                                 ^^^^^^^^^^^^^^^^^^
  File "C:\Users\athar\OneDrive\Desktop\TY - Sem 1\EDI\venv\Lib\site-packages\django\db\models\sql\query.py", line 1526, in build_filter
    lookups, parts, reffed_expression = self.solve_lookup_type(arg, summarize)
                                        ^^^^^^^^^^^^^^^^^^^^^^^^^^^^^^^^^^^^^^
  File "C:\Users\athar\OneDrive\Desktop\TY - Sem 1\EDI\venv\Lib\site-packages\django\db\models\sql\query.py", line 1333, in solve_lookup_type
    _, field, _, lookup_parts = self.names_to_path(lookup_splitted, self.get_meta())
                                ^^^^^^^^^^^^^^^^^^^^^^^^^^^^^^^^^^^^^^^^^^^^^^^^^^^^
  File "C:\Users\athar\OneDrive\Desktop\TY - Sem 1\EDI\venv\Lib\site-packages\django\db\models\sql\query.py", line 1805, in names_to_path
    raise FieldError(
django.core.exceptions.FieldError: Cannot resolve keyword 'status' into field. Choices are: created_at, floor_level, id, is_occupied, last_updated, parkingsession, slot_number, slot_type
ERROR 2025-10-13 01:15:27,844 basehttp 4152 26352 "GET /api/parking-status/ HTTP/1.1" 500 120431
INFO 2025-10-13 01:15:27,875 basehttp 4152 19884 "GET /api/parking-data/ HTTP/1.1" 200 16611
INFO 2025-10-13 01:15:57,831 basehttp 4152 26352 "GET /api/parking-data/ HTTP/1.1" 200 16611
ERROR 2025-10-13 01:15:57,849 log 4152 19884 Internal Server Error: /api/parking-status/
Traceback (most recent call last):
  File "C:\Users\athar\OneDrive\Desktop\TY - Sem 1\EDI\venv\Lib\site-packages\django\core\handlers\exception.py", line 55, in inner
    response = get_response(request)
               ^^^^^^^^^^^^^^^^^^^^^
  File "C:\Users\athar\OneDrive\Desktop\TY - Sem 1\EDI\venv\Lib\site-packages\django\core\handlers\base.py", line 197, in _get_response
    response = wrapped_callback(request, *callback_args, **callback_kwargs)
               ^^^^^^^^^^^^^^^^^^^^^^^^^^^^^^^^^^^^^^^^^^^^^^^^^^^^^^^^^^^^
  File "C:\Users\athar\OneDrive\Desktop\TY - Sem 1\EDI\parking-system\dashboard\parking_app\views.py", line 365, in api_parking_status
    occupied_slots = ParkingSlot.objects.filter(status='occupied').count()
                     ^^^^^^^^^^^^^^^^^^^^^^^^^^^^^^^^^^^^^^^^^^^^^
  File "C:\Users\athar\OneDrive\Desktop\TY - Sem 1\EDI\venv\Lib\site-packages\django\db\models\manager.py", line 87, in manager_method
    return getattr(self.get_queryset(), name)(*args, **kwargs)
           ^^^^^^^^^^^^^^^^^^^^^^^^^^^^^^^^^^^^^^^^^^^^^^^^^^^
  File "C:\Users\athar\OneDrive\Desktop\TY - Sem 1\EDI\venv\Lib\site-packages\django\db\models\query.py", line 1493, in filter
    return self._filter_or_exclude(False, args, kwargs)
           ^^^^^^^^^^^^^^^^^^^^^^^^^^^^^^^^^^^^^^^^^^^^
  File "C:\Users\athar\OneDrive\Desktop\TY - Sem 1\EDI\venv\Lib\site-packages\django\db\models\query.py", line 1511, in _filter_or_exclude
    clone._filter_or_exclude_inplace(negate, args, kwargs)
  File "C:\Users\athar\OneDrive\Desktop\TY - Sem 1\EDI\venv\Lib\site-packages\django\db\models\query.py", line 1518, in _filter_or_exclude_inplace
    self._query.add_q(Q(*args, **kwargs))
  File "C:\Users\athar\OneDrive\Desktop\TY - Sem 1\EDI\venv\Lib\site-packages\django\db\models\sql\query.py", line 1646, in add_q
    clause, _ = self._add_q(q_object, can_reuse)
                ^^^^^^^^^^^^^^^^^^^^^^^^^^^^^^^^
  File "C:\Users\athar\OneDrive\Desktop\TY - Sem 1\EDI\venv\Lib\site-packages\django\db\models\sql\query.py", line 1678, in _add_q
    child_clause, needed_inner = self.build_filter(
                                 ^^^^^^^^^^^^^^^^^^
  File "C:\Users\athar\OneDrive\Desktop\TY - Sem 1\EDI\venv\Lib\site-packages\django\db\models\sql\query.py", line 1526, in build_filter
    lookups, parts, reffed_expression = self.solve_lookup_type(arg, summarize)
                                        ^^^^^^^^^^^^^^^^^^^^^^^^^^^^^^^^^^^^^^
  File "C:\Users\athar\OneDrive\Desktop\TY - Sem 1\EDI\venv\Lib\site-packages\django\db\models\sql\query.py", line 1333, in solve_lookup_type
    _, field, _, lookup_parts = self.names_to_path(lookup_splitted, self.get_meta())
                                ^^^^^^^^^^^^^^^^^^^^^^^^^^^^^^^^^^^^^^^^^^^^^^^^^^^^
  File "C:\Users\athar\OneDrive\Desktop\TY - Sem 1\EDI\venv\Lib\site-packages\django\db\models\sql\query.py", line 1805, in names_to_path
    raise FieldError(
django.core.exceptions.FieldError: Cannot resolve keyword 'status' into field. Choices are: created_at, floor_level, id, is_occupied, last_updated, parkingsession, slot_number, slot_type
ERROR 2025-10-13 01:15:57,851 basehttp 4152 19884 "GET /api/parking-status/ HTTP/1.1" 500 120431
INFO 2025-10-13 01:16:49,848 basehttp 4152 26352 "GET /api/parking-data/ HTTP/1.1" 200 16611
ERROR 2025-10-13 01:16:49,868 log 4152 19884 Internal Server Error: /api/parking-status/
Traceback (most recent call last):
  File "C:\Users\athar\OneDrive\Desktop\TY - Sem 1\EDI\venv\Lib\site-packages\django\core\handlers\exception.py", line 55, in inner
    response = get_response(request)
               ^^^^^^^^^^^^^^^^^^^^^
  File "C:\Users\athar\OneDrive\Desktop\TY - Sem 1\EDI\venv\Lib\site-packages\django\core\handlers\base.py", line 197, in _get_response
    response = wrapped_callback(request, *callback_args, **callback_kwargs)
               ^^^^^^^^^^^^^^^^^^^^^^^^^^^^^^^^^^^^^^^^^^^^^^^^^^^^^^^^^^^^
  File "C:\Users\athar\OneDrive\Desktop\TY - Sem 1\EDI\parking-system\dashboard\parking_app\views.py", line 365, in api_parking_status
    occupied_slots = ParkingSlot.objects.filter(status='occupied').count()
                     ^^^^^^^^^^^^^^^^^^^^^^^^^^^^^^^^^^^^^^^^^^^^^
  File "C:\Users\athar\OneDrive\Desktop\TY - Sem 1\EDI\venv\Lib\site-packages\django\db\models\manager.py", line 87, in manager_method
    return getattr(self.get_queryset(), name)(*args, **kwargs)
           ^^^^^^^^^^^^^^^^^^^^^^^^^^^^^^^^^^^^^^^^^^^^^^^^^^^
  File "C:\Users\athar\OneDrive\Desktop\TY - Sem 1\EDI\venv\Lib\site-packages\django\db\models\query.py", line 1493, in filter
    return self._filter_or_exclude(False, args, kwargs)
           ^^^^^^^^^^^^^^^^^^^^^^^^^^^^^^^^^^^^^^^^^^^^
  File "C:\Users\athar\OneDrive\Desktop\TY - Sem 1\EDI\venv\Lib\site-packages\django\db\models\query.py", line 1511, in _filter_or_exclude
    clone._filter_or_exclude_inplace(negate, args, kwargs)
  File "C:\Users\athar\OneDrive\Desktop\TY - Sem 1\EDI\venv\Lib\site-packages\django\db\models\query.py", line 1518, in _filter_or_exclude_inplace
    self._query.add_q(Q(*args, **kwargs))
  File "C:\Users\athar\OneDrive\Desktop\TY - Sem 1\EDI\venv\Lib\site-packages\django\db\models\sql\query.py", line 1646, in add_q
    clause, _ = self._add_q(q_object, can_reuse)
                ^^^^^^^^^^^^^^^^^^^^^^^^^^^^^^^^
  File "C:\Users\athar\OneDrive\Desktop\TY - Sem 1\EDI\venv\Lib\site-packages\django\db\models\sql\query.py", line 1678, in _add_q
    child_clause, needed_inner = self.build_filter(
                                 ^^^^^^^^^^^^^^^^^^
  File "C:\Users\athar\OneDrive\Desktop\TY - Sem 1\EDI\venv\Lib\site-packages\django\db\models\sql\query.py", line 1526, in build_filter
    lookups, parts, reffed_expression = self.solve_lookup_type(arg, summarize)
                                        ^^^^^^^^^^^^^^^^^^^^^^^^^^^^^^^^^^^^^^
  File "C:\Users\athar\OneDrive\Desktop\TY - Sem 1\EDI\venv\Lib\site-packages\django\db\models\sql\query.py", line 1333, in solve_lookup_type
    _, field, _, lookup_parts = self.names_to_path(lookup_splitted, self.get_meta())
                                ^^^^^^^^^^^^^^^^^^^^^^^^^^^^^^^^^^^^^^^^^^^^^^^^^^^^
  File "C:\Users\athar\OneDrive\Desktop\TY - Sem 1\EDI\venv\Lib\site-packages\django\db\models\sql\query.py", line 1805, in names_to_path
    raise FieldError(
django.core.exceptions.FieldError: Cannot resolve keyword 'status' into field. Choices are: created_at, floor_level, id, is_occupied, last_updated, parkingsession, slot_number, slot_type
ERROR 2025-10-13 01:16:49,871 basehttp 4152 19884 "GET /api/parking-status/ HTTP/1.1" 500 120431
ERROR 2025-10-13 01:17:24,363 log 4152 19884 Internal Server Error: /api/parking-status/
Traceback (most recent call last):
  File "C:\Users\athar\OneDrive\Desktop\TY - Sem 1\EDI\venv\Lib\site-packages\django\core\handlers\exception.py", line 55, in inner
    response = get_response(request)
               ^^^^^^^^^^^^^^^^^^^^^
  File "C:\Users\athar\OneDrive\Desktop\TY - Sem 1\EDI\venv\Lib\site-packages\django\core\handlers\base.py", line 197, in _get_response
    response = wrapped_callback(request, *callback_args, **callback_kwargs)
               ^^^^^^^^^^^^^^^^^^^^^^^^^^^^^^^^^^^^^^^^^^^^^^^^^^^^^^^^^^^^
  File "C:\Users\athar\OneDrive\Desktop\TY - Sem 1\EDI\parking-system\dashboard\parking_app\views.py", line 365, in api_parking_status
    occupied_slots = ParkingSlot.objects.filter(status='occupied').count()
                     ^^^^^^^^^^^^^^^^^^^^^^^^^^^^^^^^^^^^^^^^^^^^^
  File "C:\Users\athar\OneDrive\Desktop\TY - Sem 1\EDI\venv\Lib\site-packages\django\db\models\manager.py", line 87, in manager_method
    return getattr(self.get_queryset(), name)(*args, **kwargs)
           ^^^^^^^^^^^^^^^^^^^^^^^^^^^^^^^^^^^^^^^^^^^^^^^^^^^
  File "C:\Users\athar\OneDrive\Desktop\TY - Sem 1\EDI\venv\Lib\site-packages\django\db\models\query.py", line 1493, in filter
    return self._filter_or_exclude(False, args, kwargs)
           ^^^^^^^^^^^^^^^^^^^^^^^^^^^^^^^^^^^^^^^^^^^^
  File "C:\Users\athar\OneDrive\Desktop\TY - Sem 1\EDI\venv\Lib\site-packages\django\db\models\query.py", line 1511, in _filter_or_exclude
    clone._filter_or_exclude_inplace(negate, args, kwargs)
  File "C:\Users\athar\OneDrive\Desktop\TY - Sem 1\EDI\venv\Lib\site-packages\django\db\models\query.py", line 1518, in _filter_or_exclude_inplace
    self._query.add_q(Q(*args, **kwargs))
  File "C:\Users\athar\OneDrive\Desktop\TY - Sem 1\EDI\venv\Lib\site-packages\django\db\models\sql\query.py", line 1646, in add_q
    clause, _ = self._add_q(q_object, can_reuse)
                ^^^^^^^^^^^^^^^^^^^^^^^^^^^^^^^^
  File "C:\Users\athar\OneDrive\Desktop\TY - Sem 1\EDI\venv\Lib\site-packages\django\db\models\sql\query.py", line 1678, in _add_q
    child_clause, needed_inner = self.build_filter(
                                 ^^^^^^^^^^^^^^^^^^
  File "C:\Users\athar\OneDrive\Desktop\TY - Sem 1\EDI\venv\Lib\site-packages\django\db\models\sql\query.py", line 1526, in build_filter
    lookups, parts, reffed_expression = self.solve_lookup_type(arg, summarize)
                                        ^^^^^^^^^^^^^^^^^^^^^^^^^^^^^^^^^^^^^^
  File "C:\Users\athar\OneDrive\Desktop\TY - Sem 1\EDI\venv\Lib\site-packages\django\db\models\sql\query.py", line 1333, in solve_lookup_type
    _, field, _, lookup_parts = self.names_to_path(lookup_splitted, self.get_meta())
                                ^^^^^^^^^^^^^^^^^^^^^^^^^^^^^^^^^^^^^^^^^^^^^^^^^^^^
  File "C:\Users\athar\OneDrive\Desktop\TY - Sem 1\EDI\venv\Lib\site-packages\django\db\models\sql\query.py", line 1805, in names_to_path
    raise FieldError(
django.core.exceptions.FieldError: Cannot resolve keyword 'status' into field. Choices are: created_at, floor_level, id, is_occupied, last_updated, parkingsession, slot_number, slot_type
ERROR 2025-10-13 01:17:24,365 basehttp 4152 19884 "GET /api/parking-status/ HTTP/1.1" 500 120431
INFO 2025-10-13 01:17:24,403 basehttp 4152 26352 "GET /api/parking-data/ HTTP/1.1" 200 16611
INFO 2025-10-13 01:17:25,135 basehttp 4152 26352 "GET / HTTP/1.1" 200 69610
INFO 2025-10-13 01:17:25,259 basehttp 4152 19884 "GET /api/parking-data/ HTTP/1.1" 200 16611
ERROR 2025-10-13 01:17:25,278 log 4152 26352 Internal Server Error: /api/parking-status/
Traceback (most recent call last):
  File "C:\Users\athar\OneDrive\Desktop\TY - Sem 1\EDI\venv\Lib\site-packages\django\core\handlers\exception.py", line 55, in inner
    response = get_response(request)
               ^^^^^^^^^^^^^^^^^^^^^
  File "C:\Users\athar\OneDrive\Desktop\TY - Sem 1\EDI\venv\Lib\site-packages\django\core\handlers\base.py", line 197, in _get_response
    response = wrapped_callback(request, *callback_args, **callback_kwargs)
               ^^^^^^^^^^^^^^^^^^^^^^^^^^^^^^^^^^^^^^^^^^^^^^^^^^^^^^^^^^^^
  File "C:\Users\athar\OneDrive\Desktop\TY - Sem 1\EDI\parking-system\dashboard\parking_app\views.py", line 365, in api_parking_status
    occupied_slots = ParkingSlot.objects.filter(status='occupied').count()
                     ^^^^^^^^^^^^^^^^^^^^^^^^^^^^^^^^^^^^^^^^^^^^^
  File "C:\Users\athar\OneDrive\Desktop\TY - Sem 1\EDI\venv\Lib\site-packages\django\db\models\manager.py", line 87, in manager_method
    return getattr(self.get_queryset(), name)(*args, **kwargs)
           ^^^^^^^^^^^^^^^^^^^^^^^^^^^^^^^^^^^^^^^^^^^^^^^^^^^
  File "C:\Users\athar\OneDrive\Desktop\TY - Sem 1\EDI\venv\Lib\site-packages\django\db\models\query.py", line 1493, in filter
    return self._filter_or_exclude(False, args, kwargs)
           ^^^^^^^^^^^^^^^^^^^^^^^^^^^^^^^^^^^^^^^^^^^^
  File "C:\Users\athar\OneDrive\Desktop\TY - Sem 1\EDI\venv\Lib\site-packages\django\db\models\query.py", line 1511, in _filter_or_exclude
    clone._filter_or_exclude_inplace(negate, args, kwargs)
  File "C:\Users\athar\OneDrive\Desktop\TY - Sem 1\EDI\venv\Lib\site-packages\django\db\models\query.py", line 1518, in _filter_or_exclude_inplace
    self._query.add_q(Q(*args, **kwargs))
  File "C:\Users\athar\OneDrive\Desktop\TY - Sem 1\EDI\venv\Lib\site-packages\django\db\models\sql\query.py", line 1646, in add_q
    clause, _ = self._add_q(q_object, can_reuse)
                ^^^^^^^^^^^^^^^^^^^^^^^^^^^^^^^^
  File "C:\Users\athar\OneDrive\Desktop\TY - Sem 1\EDI\venv\Lib\site-packages\django\db\models\sql\query.py", line 1678, in _add_q
    child_clause, needed_inner = self.build_filter(
                                 ^^^^^^^^^^^^^^^^^^
  File "C:\Users\athar\OneDrive\Desktop\TY - Sem 1\EDI\venv\Lib\site-packages\django\db\models\sql\query.py", line 1526, in build_filter
    lookups, parts, reffed_expression = self.solve_lookup_type(arg, summarize)
                                        ^^^^^^^^^^^^^^^^^^^^^^^^^^^^^^^^^^^^^^
  File "C:\Users\athar\OneDrive\Desktop\TY - Sem 1\EDI\venv\Lib\site-packages\django\db\models\sql\query.py", line 1333, in solve_lookup_type
    _, field, _, lookup_parts = self.names_to_path(lookup_splitted, self.get_meta())
                                ^^^^^^^^^^^^^^^^^^^^^^^^^^^^^^^^^^^^^^^^^^^^^^^^^^^^
  File "C:\Users\athar\OneDrive\Desktop\TY - Sem 1\EDI\venv\Lib\site-packages\django\db\models\sql\query.py", line 1805, in names_to_path
    raise FieldError(
django.core.exceptions.FieldError: Cannot resolve keyword 'status' into field. Choices are: created_at, floor_level, id, is_occupied, last_updated, parkingsession, slot_number, slot_type
ERROR 2025-10-13 01:17:25,280 basehttp 4152 26352 "GET /api/parking-status/ HTTP/1.1" 500 120431
INFO 2025-10-13 01:17:25,763 basehttp 4152 26352 "GET / HTTP/1.1" 200 69610
ERROR 2025-10-13 01:17:25,862 log 4152 26352 Internal Server Error: /api/parking-status/
Traceback (most recent call last):
  File "C:\Users\athar\OneDrive\Desktop\TY - Sem 1\EDI\venv\Lib\site-packages\django\core\handlers\exception.py", line 55, in inner
    response = get_response(request)
               ^^^^^^^^^^^^^^^^^^^^^
  File "C:\Users\athar\OneDrive\Desktop\TY - Sem 1\EDI\venv\Lib\site-packages\django\core\handlers\base.py", line 197, in _get_response
    response = wrapped_callback(request, *callback_args, **callback_kwargs)
               ^^^^^^^^^^^^^^^^^^^^^^^^^^^^^^^^^^^^^^^^^^^^^^^^^^^^^^^^^^^^
  File "C:\Users\athar\OneDrive\Desktop\TY - Sem 1\EDI\parking-system\dashboard\parking_app\views.py", line 365, in api_parking_status
    occupied_slots = ParkingSlot.objects.filter(status='occupied').count()
                     ^^^^^^^^^^^^^^^^^^^^^^^^^^^^^^^^^^^^^^^^^^^^^
  File "C:\Users\athar\OneDrive\Desktop\TY - Sem 1\EDI\venv\Lib\site-packages\django\db\models\manager.py", line 87, in manager_method
    return getattr(self.get_queryset(), name)(*args, **kwargs)
           ^^^^^^^^^^^^^^^^^^^^^^^^^^^^^^^^^^^^^^^^^^^^^^^^^^^
  File "C:\Users\athar\OneDrive\Desktop\TY - Sem 1\EDI\venv\Lib\site-packages\django\db\models\query.py", line 1493, in filter
    return self._filter_or_exclude(False, args, kwargs)
           ^^^^^^^^^^^^^^^^^^^^^^^^^^^^^^^^^^^^^^^^^^^^
  File "C:\Users\athar\OneDrive\Desktop\TY - Sem 1\EDI\venv\Lib\site-packages\django\db\models\query.py", line 1511, in _filter_or_exclude
    clone._filter_or_exclude_inplace(negate, args, kwargs)
  File "C:\Users\athar\OneDrive\Desktop\TY - Sem 1\EDI\venv\Lib\site-packages\django\db\models\query.py", line 1518, in _filter_or_exclude_inplace
    self._query.add_q(Q(*args, **kwargs))
  File "C:\Users\athar\OneDrive\Desktop\TY - Sem 1\EDI\venv\Lib\site-packages\django\db\models\sql\query.py", line 1646, in add_q
    clause, _ = self._add_q(q_object, can_reuse)
                ^^^^^^^^^^^^^^^^^^^^^^^^^^^^^^^^
  File "C:\Users\athar\OneDrive\Desktop\TY - Sem 1\EDI\venv\Lib\site-packages\django\db\models\sql\query.py", line 1678, in _add_q
    child_clause, needed_inner = self.build_filter(
                                 ^^^^^^^^^^^^^^^^^^
  File "C:\Users\athar\OneDrive\Desktop\TY - Sem 1\EDI\venv\Lib\site-packages\django\db\models\sql\query.py", line 1526, in build_filter
    lookups, parts, reffed_expression = self.solve_lookup_type(arg, summarize)
                                        ^^^^^^^^^^^^^^^^^^^^^^^^^^^^^^^^^^^^^^
  File "C:\Users\athar\OneDrive\Desktop\TY - Sem 1\EDI\venv\Lib\site-packages\django\db\models\sql\query.py", line 1333, in solve_lookup_type
    _, field, _, lookup_parts = self.names_to_path(lookup_splitted, self.get_meta())
                                ^^^^^^^^^^^^^^^^^^^^^^^^^^^^^^^^^^^^^^^^^^^^^^^^^^^^
  File "C:\Users\athar\OneDrive\Desktop\TY - Sem 1\EDI\venv\Lib\site-packages\django\db\models\sql\query.py", line 1805, in names_to_path
    raise FieldError(
django.core.exceptions.FieldError: Cannot resolve keyword 'status' into field. Choices are: created_at, floor_level, id, is_occupied, last_updated, parkingsession, slot_number, slot_type
ERROR 2025-10-13 01:17:25,867 basehttp 4152 26352 "GET /api/parking-status/ HTTP/1.1" 500 120431
INFO 2025-10-13 01:17:25,902 basehttp 4152 19884 "GET /api/parking-data/ HTTP/1.1" 200 16611
INFO 2025-10-13 01:17:26,098 basehttp 4152 19884 "GET / HTTP/1.1" 200 69610
ERROR 2025-10-13 01:17:26,195 log 4152 19884 Internal Server Error: /api/parking-status/
Traceback (most recent call last):
  File "C:\Users\athar\OneDrive\Desktop\TY - Sem 1\EDI\venv\Lib\site-packages\django\core\handlers\exception.py", line 55, in inner
    response = get_response(request)
               ^^^^^^^^^^^^^^^^^^^^^
  File "C:\Users\athar\OneDrive\Desktop\TY - Sem 1\EDI\venv\Lib\site-packages\django\core\handlers\base.py", line 197, in _get_response
    response = wrapped_callback(request, *callback_args, **callback_kwargs)
               ^^^^^^^^^^^^^^^^^^^^^^^^^^^^^^^^^^^^^^^^^^^^^^^^^^^^^^^^^^^^
  File "C:\Users\athar\OneDrive\Desktop\TY - Sem 1\EDI\parking-system\dashboard\parking_app\views.py", line 365, in api_parking_status
    occupied_slots = ParkingSlot.objects.filter(status='occupied').count()
                     ^^^^^^^^^^^^^^^^^^^^^^^^^^^^^^^^^^^^^^^^^^^^^
  File "C:\Users\athar\OneDrive\Desktop\TY - Sem 1\EDI\venv\Lib\site-packages\django\db\models\manager.py", line 87, in manager_method
    return getattr(self.get_queryset(), name)(*args, **kwargs)
           ^^^^^^^^^^^^^^^^^^^^^^^^^^^^^^^^^^^^^^^^^^^^^^^^^^^
  File "C:\Users\athar\OneDrive\Desktop\TY - Sem 1\EDI\venv\Lib\site-packages\django\db\models\query.py", line 1493, in filter
    return self._filter_or_exclude(False, args, kwargs)
           ^^^^^^^^^^^^^^^^^^^^^^^^^^^^^^^^^^^^^^^^^^^^
  File "C:\Users\athar\OneDrive\Desktop\TY - Sem 1\EDI\venv\Lib\site-packages\django\db\models\query.py", line 1511, in _filter_or_exclude
    clone._filter_or_exclude_inplace(negate, args, kwargs)
  File "C:\Users\athar\OneDrive\Desktop\TY - Sem 1\EDI\venv\Lib\site-packages\django\db\models\query.py", line 1518, in _filter_or_exclude_inplace
    self._query.add_q(Q(*args, **kwargs))
  File "C:\Users\athar\OneDrive\Desktop\TY - Sem 1\EDI\venv\Lib\site-packages\django\db\models\sql\query.py", line 1646, in add_q
    clause, _ = self._add_q(q_object, can_reuse)
                ^^^^^^^^^^^^^^^^^^^^^^^^^^^^^^^^
  File "C:\Users\athar\OneDrive\Desktop\TY - Sem 1\EDI\venv\Lib\site-packages\django\db\models\sql\query.py", line 1678, in _add_q
    child_clause, needed_inner = self.build_filter(
                                 ^^^^^^^^^^^^^^^^^^
  File "C:\Users\athar\OneDrive\Desktop\TY - Sem 1\EDI\venv\Lib\site-packages\django\db\models\sql\query.py", line 1526, in build_filter
    lookups, parts, reffed_expression = self.solve_lookup_type(arg, summarize)
                                        ^^^^^^^^^^^^^^^^^^^^^^^^^^^^^^^^^^^^^^
  File "C:\Users\athar\OneDrive\Desktop\TY - Sem 1\EDI\venv\Lib\site-packages\django\db\models\sql\query.py", line 1333, in solve_lookup_type
    _, field, _, lookup_parts = self.names_to_path(lookup_splitted, self.get_meta())
                                ^^^^^^^^^^^^^^^^^^^^^^^^^^^^^^^^^^^^^^^^^^^^^^^^^^^^
  File "C:\Users\athar\OneDrive\Desktop\TY - Sem 1\EDI\venv\Lib\site-packages\django\db\models\sql\query.py", line 1805, in names_to_path
    raise FieldError(
django.core.exceptions.FieldError: Cannot resolve keyword 'status' into field. Choices are: created_at, floor_level, id, is_occupied, last_updated, parkingsession, slot_number, slot_type
ERROR 2025-10-13 01:17:26,200 basehttp 4152 19884 "GET /api/parking-status/ HTTP/1.1" 500 120431
INFO 2025-10-13 01:17:26,228 basehttp 4152 26352 "GET /api/parking-data/ HTTP/1.1" 200 16611
ERROR 2025-10-13 01:17:56,824 log 4152 26352 Internal Server Error: /api/parking-status/
Traceback (most recent call last):
  File "C:\Users\athar\OneDrive\Desktop\TY - Sem 1\EDI\venv\Lib\site-packages\django\core\handlers\exception.py", line 55, in inner
    response = get_response(request)
               ^^^^^^^^^^^^^^^^^^^^^
  File "C:\Users\athar\OneDrive\Desktop\TY - Sem 1\EDI\venv\Lib\site-packages\django\core\handlers\base.py", line 197, in _get_response
    response = wrapped_callback(request, *callback_args, **callback_kwargs)
               ^^^^^^^^^^^^^^^^^^^^^^^^^^^^^^^^^^^^^^^^^^^^^^^^^^^^^^^^^^^^
  File "C:\Users\athar\OneDrive\Desktop\TY - Sem 1\EDI\parking-system\dashboard\parking_app\views.py", line 365, in api_parking_status
    occupied_slots = ParkingSlot.objects.filter(status='occupied').count()
                     ^^^^^^^^^^^^^^^^^^^^^^^^^^^^^^^^^^^^^^^^^^^^^
  File "C:\Users\athar\OneDrive\Desktop\TY - Sem 1\EDI\venv\Lib\site-packages\django\db\models\manager.py", line 87, in manager_method
    return getattr(self.get_queryset(), name)(*args, **kwargs)
           ^^^^^^^^^^^^^^^^^^^^^^^^^^^^^^^^^^^^^^^^^^^^^^^^^^^
  File "C:\Users\athar\OneDrive\Desktop\TY - Sem 1\EDI\venv\Lib\site-packages\django\db\models\query.py", line 1493, in filter
    return self._filter_or_exclude(False, args, kwargs)
           ^^^^^^^^^^^^^^^^^^^^^^^^^^^^^^^^^^^^^^^^^^^^
  File "C:\Users\athar\OneDrive\Desktop\TY - Sem 1\EDI\venv\Lib\site-packages\django\db\models\query.py", line 1511, in _filter_or_exclude
    clone._filter_or_exclude_inplace(negate, args, kwargs)
  File "C:\Users\athar\OneDrive\Desktop\TY - Sem 1\EDI\venv\Lib\site-packages\django\db\models\query.py", line 1518, in _filter_or_exclude_inplace
    self._query.add_q(Q(*args, **kwargs))
  File "C:\Users\athar\OneDrive\Desktop\TY - Sem 1\EDI\venv\Lib\site-packages\django\db\models\sql\query.py", line 1646, in add_q
    clause, _ = self._add_q(q_object, can_reuse)
                ^^^^^^^^^^^^^^^^^^^^^^^^^^^^^^^^
  File "C:\Users\athar\OneDrive\Desktop\TY - Sem 1\EDI\venv\Lib\site-packages\django\db\models\sql\query.py", line 1678, in _add_q
    child_clause, needed_inner = self.build_filter(
                                 ^^^^^^^^^^^^^^^^^^
  File "C:\Users\athar\OneDrive\Desktop\TY - Sem 1\EDI\venv\Lib\site-packages\django\db\models\sql\query.py", line 1526, in build_filter
    lookups, parts, reffed_expression = self.solve_lookup_type(arg, summarize)
                                        ^^^^^^^^^^^^^^^^^^^^^^^^^^^^^^^^^^^^^^
  File "C:\Users\athar\OneDrive\Desktop\TY - Sem 1\EDI\venv\Lib\site-packages\django\db\models\sql\query.py", line 1333, in solve_lookup_type
    _, field, _, lookup_parts = self.names_to_path(lookup_splitted, self.get_meta())
                                ^^^^^^^^^^^^^^^^^^^^^^^^^^^^^^^^^^^^^^^^^^^^^^^^^^^^
  File "C:\Users\athar\OneDrive\Desktop\TY - Sem 1\EDI\venv\Lib\site-packages\django\db\models\sql\query.py", line 1805, in names_to_path
    raise FieldError(
django.core.exceptions.FieldError: Cannot resolve keyword 'status' into field. Choices are: created_at, floor_level, id, is_occupied, last_updated, parkingsession, slot_number, slot_type
ERROR 2025-10-13 01:17:56,824 basehttp 4152 26352 "GET /api/parking-status/ HTTP/1.1" 500 120431
INFO 2025-10-13 01:17:56,861 basehttp 4152 19884 "GET /api/parking-data/ HTTP/1.1" 200 16611
INFO 2025-10-13 01:18:26,826 basehttp 4152 26352 "GET /api/parking-data/ HTTP/1.1" 200 16611
ERROR 2025-10-13 01:18:26,859 log 4152 19884 Internal Server Error: /api/parking-status/
Traceback (most recent call last):
  File "C:\Users\athar\OneDrive\Desktop\TY - Sem 1\EDI\venv\Lib\site-packages\django\core\handlers\exception.py", line 55, in inner
    response = get_response(request)
               ^^^^^^^^^^^^^^^^^^^^^
  File "C:\Users\athar\OneDrive\Desktop\TY - Sem 1\EDI\venv\Lib\site-packages\django\core\handlers\base.py", line 197, in _get_response
    response = wrapped_callback(request, *callback_args, **callback_kwargs)
               ^^^^^^^^^^^^^^^^^^^^^^^^^^^^^^^^^^^^^^^^^^^^^^^^^^^^^^^^^^^^
  File "C:\Users\athar\OneDrive\Desktop\TY - Sem 1\EDI\parking-system\dashboard\parking_app\views.py", line 365, in api_parking_status
    occupied_slots = ParkingSlot.objects.filter(status='occupied').count()
                     ^^^^^^^^^^^^^^^^^^^^^^^^^^^^^^^^^^^^^^^^^^^^^
  File "C:\Users\athar\OneDrive\Desktop\TY - Sem 1\EDI\venv\Lib\site-packages\django\db\models\manager.py", line 87, in manager_method
    return getattr(self.get_queryset(), name)(*args, **kwargs)
           ^^^^^^^^^^^^^^^^^^^^^^^^^^^^^^^^^^^^^^^^^^^^^^^^^^^
  File "C:\Users\athar\OneDrive\Desktop\TY - Sem 1\EDI\venv\Lib\site-packages\django\db\models\query.py", line 1493, in filter
    return self._filter_or_exclude(False, args, kwargs)
           ^^^^^^^^^^^^^^^^^^^^^^^^^^^^^^^^^^^^^^^^^^^^
  File "C:\Users\athar\OneDrive\Desktop\TY - Sem 1\EDI\venv\Lib\site-packages\django\db\models\query.py", line 1511, in _filter_or_exclude
    clone._filter_or_exclude_inplace(negate, args, kwargs)
  File "C:\Users\athar\OneDrive\Desktop\TY - Sem 1\EDI\venv\Lib\site-packages\django\db\models\query.py", line 1518, in _filter_or_exclude_inplace
    self._query.add_q(Q(*args, **kwargs))
  File "C:\Users\athar\OneDrive\Desktop\TY - Sem 1\EDI\venv\Lib\site-packages\django\db\models\sql\query.py", line 1646, in add_q
    clause, _ = self._add_q(q_object, can_reuse)
                ^^^^^^^^^^^^^^^^^^^^^^^^^^^^^^^^
  File "C:\Users\athar\OneDrive\Desktop\TY - Sem 1\EDI\venv\Lib\site-packages\django\db\models\sql\query.py", line 1678, in _add_q
    child_clause, needed_inner = self.build_filter(
                                 ^^^^^^^^^^^^^^^^^^
  File "C:\Users\athar\OneDrive\Desktop\TY - Sem 1\EDI\venv\Lib\site-packages\django\db\models\sql\query.py", line 1526, in build_filter
    lookups, parts, reffed_expression = self.solve_lookup_type(arg, summarize)
                                        ^^^^^^^^^^^^^^^^^^^^^^^^^^^^^^^^^^^^^^
  File "C:\Users\athar\OneDrive\Desktop\TY - Sem 1\EDI\venv\Lib\site-packages\django\db\models\sql\query.py", line 1333, in solve_lookup_type
    _, field, _, lookup_parts = self.names_to_path(lookup_splitted, self.get_meta())
                                ^^^^^^^^^^^^^^^^^^^^^^^^^^^^^^^^^^^^^^^^^^^^^^^^^^^^
  File "C:\Users\athar\OneDrive\Desktop\TY - Sem 1\EDI\venv\Lib\site-packages\django\db\models\sql\query.py", line 1805, in names_to_path
    raise FieldError(
django.core.exceptions.FieldError: Cannot resolve keyword 'status' into field. Choices are: created_at, floor_level, id, is_occupied, last_updated, parkingsession, slot_number, slot_type
ERROR 2025-10-13 01:18:26,862 basehttp 4152 19884 "GET /api/parking-status/ HTTP/1.1" 500 120431
ERROR 2025-10-13 01:18:56,816 log 4152 19884 Internal Server Error: /api/parking-status/
Traceback (most recent call last):
  File "C:\Users\athar\OneDrive\Desktop\TY - Sem 1\EDI\venv\Lib\site-packages\django\core\handlers\exception.py", line 55, in inner
    response = get_response(request)
               ^^^^^^^^^^^^^^^^^^^^^
  File "C:\Users\athar\OneDrive\Desktop\TY - Sem 1\EDI\venv\Lib\site-packages\django\core\handlers\base.py", line 197, in _get_response
    response = wrapped_callback(request, *callback_args, **callback_kwargs)
               ^^^^^^^^^^^^^^^^^^^^^^^^^^^^^^^^^^^^^^^^^^^^^^^^^^^^^^^^^^^^
  File "C:\Users\athar\OneDrive\Desktop\TY - Sem 1\EDI\parking-system\dashboard\parking_app\views.py", line 365, in api_parking_status
    occupied_slots = ParkingSlot.objects.filter(status='occupied').count()
                     ^^^^^^^^^^^^^^^^^^^^^^^^^^^^^^^^^^^^^^^^^^^^^
  File "C:\Users\athar\OneDrive\Desktop\TY - Sem 1\EDI\venv\Lib\site-packages\django\db\models\manager.py", line 87, in manager_method
    return getattr(self.get_queryset(), name)(*args, **kwargs)
           ^^^^^^^^^^^^^^^^^^^^^^^^^^^^^^^^^^^^^^^^^^^^^^^^^^^
  File "C:\Users\athar\OneDrive\Desktop\TY - Sem 1\EDI\venv\Lib\site-packages\django\db\models\query.py", line 1493, in filter
    return self._filter_or_exclude(False, args, kwargs)
           ^^^^^^^^^^^^^^^^^^^^^^^^^^^^^^^^^^^^^^^^^^^^
  File "C:\Users\athar\OneDrive\Desktop\TY - Sem 1\EDI\venv\Lib\site-packages\django\db\models\query.py", line 1511, in _filter_or_exclude
    clone._filter_or_exclude_inplace(negate, args, kwargs)
  File "C:\Users\athar\OneDrive\Desktop\TY - Sem 1\EDI\venv\Lib\site-packages\django\db\models\query.py", line 1518, in _filter_or_exclude_inplace
    self._query.add_q(Q(*args, **kwargs))
  File "C:\Users\athar\OneDrive\Desktop\TY - Sem 1\EDI\venv\Lib\site-packages\django\db\models\sql\query.py", line 1646, in add_q
    clause, _ = self._add_q(q_object, can_reuse)
                ^^^^^^^^^^^^^^^^^^^^^^^^^^^^^^^^
  File "C:\Users\athar\OneDrive\Desktop\TY - Sem 1\EDI\venv\Lib\site-packages\django\db\models\sql\query.py", line 1678, in _add_q
    child_clause, needed_inner = self.build_filter(
                                 ^^^^^^^^^^^^^^^^^^
  File "C:\Users\athar\OneDrive\Desktop\TY - Sem 1\EDI\venv\Lib\site-packages\django\db\models\sql\query.py", line 1526, in build_filter
    lookups, parts, reffed_expression = self.solve_lookup_type(arg, summarize)
                                        ^^^^^^^^^^^^^^^^^^^^^^^^^^^^^^^^^^^^^^
  File "C:\Users\athar\OneDrive\Desktop\TY - Sem 1\EDI\venv\Lib\site-packages\django\db\models\sql\query.py", line 1333, in solve_lookup_type
    _, field, _, lookup_parts = self.names_to_path(lookup_splitted, self.get_meta())
                                ^^^^^^^^^^^^^^^^^^^^^^^^^^^^^^^^^^^^^^^^^^^^^^^^^^^^
  File "C:\Users\athar\OneDrive\Desktop\TY - Sem 1\EDI\venv\Lib\site-packages\django\db\models\sql\query.py", line 1805, in names_to_path
    raise FieldError(
django.core.exceptions.FieldError: Cannot resolve keyword 'status' into field. Choices are: created_at, floor_level, id, is_occupied, last_updated, parkingsession, slot_number, slot_type
ERROR 2025-10-13 01:18:56,816 basehttp 4152 19884 "GET /api/parking-status/ HTTP/1.1" 500 120431
INFO 2025-10-13 01:18:56,854 basehttp 4152 26352 "GET /api/parking-data/ HTTP/1.1" 200 16611
ERROR 2025-10-13 01:19:26,834 log 4152 26352 Internal Server Error: /api/parking-status/
Traceback (most recent call last):
  File "C:\Users\athar\OneDrive\Desktop\TY - Sem 1\EDI\venv\Lib\site-packages\django\core\handlers\exception.py", line 55, in inner
    response = get_response(request)
               ^^^^^^^^^^^^^^^^^^^^^
  File "C:\Users\athar\OneDrive\Desktop\TY - Sem 1\EDI\venv\Lib\site-packages\django\core\handlers\base.py", line 197, in _get_response
    response = wrapped_callback(request, *callback_args, **callback_kwargs)
               ^^^^^^^^^^^^^^^^^^^^^^^^^^^^^^^^^^^^^^^^^^^^^^^^^^^^^^^^^^^^
  File "C:\Users\athar\OneDrive\Desktop\TY - Sem 1\EDI\parking-system\dashboard\parking_app\views.py", line 365, in api_parking_status
    occupied_slots = ParkingSlot.objects.filter(status='occupied').count()
                     ^^^^^^^^^^^^^^^^^^^^^^^^^^^^^^^^^^^^^^^^^^^^^
  File "C:\Users\athar\OneDrive\Desktop\TY - Sem 1\EDI\venv\Lib\site-packages\django\db\models\manager.py", line 87, in manager_method
    return getattr(self.get_queryset(), name)(*args, **kwargs)
           ^^^^^^^^^^^^^^^^^^^^^^^^^^^^^^^^^^^^^^^^^^^^^^^^^^^
  File "C:\Users\athar\OneDrive\Desktop\TY - Sem 1\EDI\venv\Lib\site-packages\django\db\models\query.py", line 1493, in filter
    return self._filter_or_exclude(False, args, kwargs)
           ^^^^^^^^^^^^^^^^^^^^^^^^^^^^^^^^^^^^^^^^^^^^
  File "C:\Users\athar\OneDrive\Desktop\TY - Sem 1\EDI\venv\Lib\site-packages\django\db\models\query.py", line 1511, in _filter_or_exclude
    clone._filter_or_exclude_inplace(negate, args, kwargs)
  File "C:\Users\athar\OneDrive\Desktop\TY - Sem 1\EDI\venv\Lib\site-packages\django\db\models\query.py", line 1518, in _filter_or_exclude_inplace
    self._query.add_q(Q(*args, **kwargs))
  File "C:\Users\athar\OneDrive\Desktop\TY - Sem 1\EDI\venv\Lib\site-packages\django\db\models\sql\query.py", line 1646, in add_q
    clause, _ = self._add_q(q_object, can_reuse)
                ^^^^^^^^^^^^^^^^^^^^^^^^^^^^^^^^
  File "C:\Users\athar\OneDrive\Desktop\TY - Sem 1\EDI\venv\Lib\site-packages\django\db\models\sql\query.py", line 1678, in _add_q
    child_clause, needed_inner = self.build_filter(
                                 ^^^^^^^^^^^^^^^^^^
  File "C:\Users\athar\OneDrive\Desktop\TY - Sem 1\EDI\venv\Lib\site-packages\django\db\models\sql\query.py", line 1526, in build_filter
    lookups, parts, reffed_expression = self.solve_lookup_type(arg, summarize)
                                        ^^^^^^^^^^^^^^^^^^^^^^^^^^^^^^^^^^^^^^
  File "C:\Users\athar\OneDrive\Desktop\TY - Sem 1\EDI\venv\Lib\site-packages\django\db\models\sql\query.py", line 1333, in solve_lookup_type
    _, field, _, lookup_parts = self.names_to_path(lookup_splitted, self.get_meta())
                                ^^^^^^^^^^^^^^^^^^^^^^^^^^^^^^^^^^^^^^^^^^^^^^^^^^^^
  File "C:\Users\athar\OneDrive\Desktop\TY - Sem 1\EDI\venv\Lib\site-packages\django\db\models\sql\query.py", line 1805, in names_to_path
    raise FieldError(
django.core.exceptions.FieldError: Cannot resolve keyword 'status' into field. Choices are: created_at, floor_level, id, is_occupied, last_updated, parkingsession, slot_number, slot_type
ERROR 2025-10-13 01:19:26,851 basehttp 4152 26352 "GET /api/parking-status/ HTTP/1.1" 500 120431
INFO 2025-10-13 01:19:26,865 basehttp 4152 19884 "GET /api/parking-data/ HTTP/1.1" 200 16611
ERROR 2025-10-13 01:19:56,880 log 4152 19884 Internal Server Error: /api/parking-status/
Traceback (most recent call last):
  File "C:\Users\athar\OneDrive\Desktop\TY - Sem 1\EDI\venv\Lib\site-packages\django\core\handlers\exception.py", line 55, in inner
    response = get_response(request)
               ^^^^^^^^^^^^^^^^^^^^^
  File "C:\Users\athar\OneDrive\Desktop\TY - Sem 1\EDI\venv\Lib\site-packages\django\core\handlers\base.py", line 197, in _get_response
    response = wrapped_callback(request, *callback_args, **callback_kwargs)
               ^^^^^^^^^^^^^^^^^^^^^^^^^^^^^^^^^^^^^^^^^^^^^^^^^^^^^^^^^^^^
  File "C:\Users\athar\OneDrive\Desktop\TY - Sem 1\EDI\parking-system\dashboard\parking_app\views.py", line 365, in api_parking_status
    occupied_slots = ParkingSlot.objects.filter(status='occupied').count()
                     ^^^^^^^^^^^^^^^^^^^^^^^^^^^^^^^^^^^^^^^^^^^^^
  File "C:\Users\athar\OneDrive\Desktop\TY - Sem 1\EDI\venv\Lib\site-packages\django\db\models\manager.py", line 87, in manager_method
    return getattr(self.get_queryset(), name)(*args, **kwargs)
           ^^^^^^^^^^^^^^^^^^^^^^^^^^^^^^^^^^^^^^^^^^^^^^^^^^^
  File "C:\Users\athar\OneDrive\Desktop\TY - Sem 1\EDI\venv\Lib\site-packages\django\db\models\query.py", line 1493, in filter
    return self._filter_or_exclude(False, args, kwargs)
           ^^^^^^^^^^^^^^^^^^^^^^^^^^^^^^^^^^^^^^^^^^^^
  File "C:\Users\athar\OneDrive\Desktop\TY - Sem 1\EDI\venv\Lib\site-packages\django\db\models\query.py", line 1511, in _filter_or_exclude
    clone._filter_or_exclude_inplace(negate, args, kwargs)
  File "C:\Users\athar\OneDrive\Desktop\TY - Sem 1\EDI\venv\Lib\site-packages\django\db\models\query.py", line 1518, in _filter_or_exclude_inplace
    self._query.add_q(Q(*args, **kwargs))
  File "C:\Users\athar\OneDrive\Desktop\TY - Sem 1\EDI\venv\Lib\site-packages\django\db\models\sql\query.py", line 1646, in add_q
    clause, _ = self._add_q(q_object, can_reuse)
                ^^^^^^^^^^^^^^^^^^^^^^^^^^^^^^^^
  File "C:\Users\athar\OneDrive\Desktop\TY - Sem 1\EDI\venv\Lib\site-packages\django\db\models\sql\query.py", line 1678, in _add_q
    child_clause, needed_inner = self.build_filter(
                                 ^^^^^^^^^^^^^^^^^^
  File "C:\Users\athar\OneDrive\Desktop\TY - Sem 1\EDI\venv\Lib\site-packages\django\db\models\sql\query.py", line 1526, in build_filter
    lookups, parts, reffed_expression = self.solve_lookup_type(arg, summarize)
                                        ^^^^^^^^^^^^^^^^^^^^^^^^^^^^^^^^^^^^^^
  File "C:\Users\athar\OneDrive\Desktop\TY - Sem 1\EDI\venv\Lib\site-packages\django\db\models\sql\query.py", line 1333, in solve_lookup_type
    _, field, _, lookup_parts = self.names_to_path(lookup_splitted, self.get_meta())
                                ^^^^^^^^^^^^^^^^^^^^^^^^^^^^^^^^^^^^^^^^^^^^^^^^^^^^
  File "C:\Users\athar\OneDrive\Desktop\TY - Sem 1\EDI\venv\Lib\site-packages\django\db\models\sql\query.py", line 1805, in names_to_path
    raise FieldError(
django.core.exceptions.FieldError: Cannot resolve keyword 'status' into field. Choices are: created_at, floor_level, id, is_occupied, last_updated, parkingsession, slot_number, slot_type
ERROR 2025-10-13 01:19:56,884 basehttp 4152 19884 "GET /api/parking-status/ HTTP/1.1" 500 120431
INFO 2025-10-13 01:19:56,898 basehttp 4152 26352 "GET /api/parking-data/ HTTP/1.1" 200 16611
INFO 2025-10-13 01:20:30,572 autoreload 19068 10024 Watching for file changes with StatReloader
INFO 2025-10-13 01:20:32,738 basehttp 19068 17188 "GET / HTTP/1.1" 200 69610
ERROR 2025-10-13 01:20:32,887 log 19068 17188 Internal Server Error: /api/parking-status/
Traceback (most recent call last):
  File "C:\Users\athar\OneDrive\Desktop\TY - Sem 1\EDI\venv\Lib\site-packages\django\core\handlers\exception.py", line 55, in inner
    response = get_response(request)
               ^^^^^^^^^^^^^^^^^^^^^
  File "C:\Users\athar\OneDrive\Desktop\TY - Sem 1\EDI\venv\Lib\site-packages\django\core\handlers\base.py", line 197, in _get_response
    response = wrapped_callback(request, *callback_args, **callback_kwargs)
               ^^^^^^^^^^^^^^^^^^^^^^^^^^^^^^^^^^^^^^^^^^^^^^^^^^^^^^^^^^^^
  File "C:\Users\athar\OneDrive\Desktop\TY - Sem 1\EDI\parking-system\dashboard\parking_app\views.py", line 365, in api_parking_status
    occupied_slots = ParkingSlot.objects.filter(status='occupied').count()
                     ^^^^^^^^^^^^^^^^^^^^^^^^^^^^^^^^^^^^^^^^^^^^^
  File "C:\Users\athar\OneDrive\Desktop\TY - Sem 1\EDI\venv\Lib\site-packages\django\db\models\manager.py", line 87, in manager_method
    return getattr(self.get_queryset(), name)(*args, **kwargs)
           ^^^^^^^^^^^^^^^^^^^^^^^^^^^^^^^^^^^^^^^^^^^^^^^^^^^
  File "C:\Users\athar\OneDrive\Desktop\TY - Sem 1\EDI\venv\Lib\site-packages\django\db\models\query.py", line 1493, in filter
    return self._filter_or_exclude(False, args, kwargs)
           ^^^^^^^^^^^^^^^^^^^^^^^^^^^^^^^^^^^^^^^^^^^^
  File "C:\Users\athar\OneDrive\Desktop\TY - Sem 1\EDI\venv\Lib\site-packages\django\db\models\query.py", line 1511, in _filter_or_exclude
    clone._filter_or_exclude_inplace(negate, args, kwargs)
  File "C:\Users\athar\OneDrive\Desktop\TY - Sem 1\EDI\venv\Lib\site-packages\django\db\models\query.py", line 1518, in _filter_or_exclude_inplace
    self._query.add_q(Q(*args, **kwargs))
  File "C:\Users\athar\OneDrive\Desktop\TY - Sem 1\EDI\venv\Lib\site-packages\django\db\models\sql\query.py", line 1646, in add_q
    clause, _ = self._add_q(q_object, can_reuse)
                ^^^^^^^^^^^^^^^^^^^^^^^^^^^^^^^^
  File "C:\Users\athar\OneDrive\Desktop\TY - Sem 1\EDI\venv\Lib\site-packages\django\db\models\sql\query.py", line 1678, in _add_q
    child_clause, needed_inner = self.build_filter(
                                 ^^^^^^^^^^^^^^^^^^
  File "C:\Users\athar\OneDrive\Desktop\TY - Sem 1\EDI\venv\Lib\site-packages\django\db\models\sql\query.py", line 1526, in build_filter
    lookups, parts, reffed_expression = self.solve_lookup_type(arg, summarize)
                                        ^^^^^^^^^^^^^^^^^^^^^^^^^^^^^^^^^^^^^^
  File "C:\Users\athar\OneDrive\Desktop\TY - Sem 1\EDI\venv\Lib\site-packages\django\db\models\sql\query.py", line 1333, in solve_lookup_type
    _, field, _, lookup_parts = self.names_to_path(lookup_splitted, self.get_meta())
                                ^^^^^^^^^^^^^^^^^^^^^^^^^^^^^^^^^^^^^^^^^^^^^^^^^^^^
  File "C:\Users\athar\OneDrive\Desktop\TY - Sem 1\EDI\venv\Lib\site-packages\django\db\models\sql\query.py", line 1805, in names_to_path
    raise FieldError(
django.core.exceptions.FieldError: Cannot resolve keyword 'status' into field. Choices are: created_at, floor_level, id, is_occupied, last_updated, parkingsession, slot_number, slot_type
ERROR 2025-10-13 01:20:32,895 basehttp 19068 17188 "GET /api/parking-status/ HTTP/1.1" 500 120431
INFO 2025-10-13 01:20:32,981 basehttp 19068 23116 "GET /api/parking-data/ HTTP/1.1" 200 16611
INFO 2025-10-13 01:20:58,187 autoreload 19068 10024 C:\Users\athar\OneDrive\Desktop\TY - Sem 1\EDI\parking-system\dashboard\parking_app\views.py changed, reloading.
INFO 2025-10-13 01:20:58,956 autoreload 21056 4672 Watching for file changes with StatReloader
INFO 2025-10-13 01:21:03,820 basehttp 21056 26408 "GET /api/parking-status/ HTTP/1.1" 200 531
INFO 2025-10-13 01:21:03,884 basehttp 21056 6096 "GET /api/parking-data/ HTTP/1.1" 200 16611
INFO 2025-10-13 01:21:18,120 autoreload 21056 4672 C:\Users\athar\OneDrive\Desktop\TY - Sem 1\EDI\parking-system\dashboard\parking_app\views.py changed, reloading.
INFO 2025-10-13 01:21:18,841 autoreload 11592 21148 Watching for file changes with StatReloader
INFO 2025-10-13 01:21:33,783 autoreload 11592 21148 C:\Users\athar\OneDrive\Desktop\TY - Sem 1\EDI\parking-system\dashboard\parking_app\views.py changed, reloading.
INFO 2025-10-13 01:21:34,549 autoreload 10284 11640 Watching for file changes with StatReloader
INFO 2025-10-13 01:21:48,408 autoreload 10284 11640 C:\Users\athar\OneDrive\Desktop\TY - Sem 1\EDI\parking-system\dashboard\parking_app\views.py changed, reloading.
INFO 2025-10-13 01:21:49,132 autoreload 10720 15720 Watching for file changes with StatReloader
INFO 2025-10-13 01:22:03,819 basehttp 10720 988 "GET /api/parking-status/ HTTP/1.1" 200 531
INFO 2025-10-13 01:22:03,878 basehttp 10720 24112 "GET /api/parking-data/ HTTP/1.1" 200 16611
INFO 2025-10-13 01:22:05,227 autoreload 10720 15720 C:\Users\athar\OneDrive\Desktop\TY - Sem 1\EDI\parking-system\dashboard\parking_app\views.py changed, reloading.
INFO 2025-10-13 01:22:05,943 autoreload 3532 19780 Watching for file changes with StatReloader
INFO 2025-10-13 01:22:24,145 basehttp 3532 14380 "GET / HTTP/1.1" 200 69610
INFO 2025-10-13 01:22:24,289 basehttp 3532 14380 "GET /api/parking-status/ HTTP/1.1" 200 531
INFO 2025-10-13 01:22:24,385 basehttp 3532 17076 "GET /api/parking-data/ HTTP/1.1" 200 16611
INFO 2025-10-13 01:22:54,811 basehttp 3532 17076 "GET /api/parking-status/ HTTP/1.1" 200 531
INFO 2025-10-13 01:22:54,836 basehttp 3532 14380 "GET /api/parking-data/ HTTP/1.1" 200 16611
INFO 2025-10-13 01:23:11,776 autoreload 17496 24988 Watching for file changes with StatReloader
INFO 2025-10-13 01:23:15,493 basehttp 17496 22464 "GET / HTTP/1.1" 200 69610
INFO 2025-10-13 01:23:15,570 basehttp 17496 22464 "GET /api/parking-status/ HTTP/1.1" 200 531
INFO 2025-10-13 01:23:15,659 basehttp 17496 1660 "GET /api/parking-data/ HTTP/1.1" 200 16611
INFO 2025-10-13 01:23:18,916 basehttp 17496 1660 "GET / HTTP/1.1" 200 69610
INFO 2025-10-13 01:23:19,019 basehttp 17496 1660 "GET /api/parking-status/ HTTP/1.1" 200 531
INFO 2025-10-13 01:23:19,063 basehttp 17496 22464 "GET /api/parking-data/ HTTP/1.1" 200 16611
INFO 2025-10-13 01:23:49,803 basehttp 17496 22464 "GET /api/parking-status/ HTTP/1.1" 200 531
INFO 2025-10-13 01:23:49,830 basehttp 17496 1660 "GET /api/parking-data/ HTTP/1.1" 200 16611
INFO 2025-10-13 01:24:19,810 basehttp 17496 15296 "GET /api/parking-status/ HTTP/1.1" 200 531
INFO 2025-10-13 01:24:19,885 basehttp 17496 17244 "GET /api/parking-data/ HTTP/1.1" 200 16611
INFO 2025-10-13 01:24:49,809 basehttp 17496 17244 "GET /api/parking-status/ HTTP/1.1" 200 531
INFO 2025-10-13 01:24:49,836 basehttp 17496 15296 "GET /api/parking-data/ HTTP/1.1" 200 16611
INFO 2025-10-13 01:25:19,848 basehttp 17496 15296 "GET /api/parking-status/ HTTP/1.1" 200 531
INFO 2025-10-13 01:25:19,849 basehttp 17496 17244 "GET /api/parking-data/ HTTP/1.1" 200 16611
INFO 2025-10-13 01:25:49,812 basehttp 17496 17244 "GET /api/parking-status/ HTTP/1.1" 200 531
INFO 2025-10-13 01:25:49,843 basehttp 17496 15296 "GET /api/parking-data/ HTTP/1.1" 200 16611
INFO 2025-10-13 01:26:19,806 basehttp 17496 15296 "GET /api/parking-status/ HTTP/1.1" 200 531
INFO 2025-10-13 01:26:19,836 basehttp 17496 17244 "GET /api/parking-data/ HTTP/1.1" 200 16611
INFO 2025-10-13 01:26:24,953 basehttp 17496 17244 "GET / HTTP/1.1" 200 69610
INFO 2025-10-13 01:26:25,052 basehttp 17496 17244 "GET /api/parking-status/ HTTP/1.1" 200 531
INFO 2025-10-13 01:26:25,090 basehttp 17496 15296 "GET /api/parking-data/ HTTP/1.1" 200 16611
INFO 2025-10-13 01:26:25,218 basehttp 17496 15296 "GET / HTTP/1.1" 200 69610
INFO 2025-10-13 01:26:25,291 basehttp 17496 15296 "GET /api/parking-status/ HTTP/1.1" 200 531
INFO 2025-10-13 01:26:25,335 basehttp 17496 17244 "GET /api/parking-data/ HTTP/1.1" 200 16611
INFO 2025-10-13 01:26:25,460 basehttp 17496 17244 "GET / HTTP/1.1" 200 69610
INFO 2025-10-13 01:26:25,612 basehttp 17496 17244 "GET /api/parking-status/ HTTP/1.1" 200 531
INFO 2025-10-13 01:26:25,665 basehttp 17496 15296 "GET /api/parking-data/ HTTP/1.1" 200 16611
INFO 2025-10-13 01:26:25,674 basehttp 17496 10516 "GET / HTTP/1.1" 200 69610
INFO 2025-10-13 01:26:25,770 basehttp 17496 10516 "GET /api/parking-status/ HTTP/1.1" 200 531
INFO 2025-10-13 01:26:25,807 basehttp 17496 15296 "GET /api/parking-data/ HTTP/1.1" 200 16611
INFO 2025-10-13 01:26:55,817 basehttp 17496 15296 "GET /api/parking-status/ HTTP/1.1" 200 531
INFO 2025-10-13 01:26:55,854 basehttp 17496 10516 "GET /api/parking-data/ HTTP/1.1" 200 16611
INFO 2025-10-13 01:27:25,814 basehttp 17496 10516 "GET /api/parking-status/ HTTP/1.1" 200 531
INFO 2025-10-13 01:27:25,851 basehttp 17496 15296 "GET /api/parking-data/ HTTP/1.1" 200 16611
INFO 2025-10-13 01:27:55,838 basehttp 17496 15296 "GET /api/parking-status/ HTTP/1.1" 200 531
INFO 2025-10-13 01:27:55,853 basehttp 17496 10516 "GET /api/parking-data/ HTTP/1.1" 200 16611
INFO 2025-10-13 01:28:25,827 basehttp 17496 10516 "GET /api/parking-status/ HTTP/1.1" 200 531
INFO 2025-10-13 01:28:25,844 basehttp 17496 15296 "GET /api/parking-data/ HTTP/1.1" 200 16611
INFO 2025-10-13 01:28:55,839 basehttp 17496 15296 "GET /api/parking-status/ HTTP/1.1" 200 531
INFO 2025-10-13 01:28:55,839 basehttp 17496 10516 "GET /api/parking-data/ HTTP/1.1" 200 16611
INFO 2025-10-13 01:29:25,840 basehttp 17496 10516 "GET /api/parking-status/ HTTP/1.1" 200 531
INFO 2025-10-13 01:29:25,865 basehttp 17496 15296 "GET /api/parking-data/ HTTP/1.1" 200 16611
INFO 2025-10-13 01:30:49,833 basehttp 17496 15296 "GET /api/parking-status/ HTTP/1.1" 200 531
INFO 2025-10-13 01:30:49,837 basehttp 17496 10516 "GET /api/parking-data/ HTTP/1.1" 200 16611
INFO 2025-10-13 01:31:49,945 basehttp 17496 10516 "GET /api/parking-status/ HTTP/1.1" 200 531
INFO 2025-10-13 01:31:49,961 basehttp 17496 15296 "GET /api/parking-data/ HTTP/1.1" 200 16611
INFO 2025-10-13 01:32:49,823 basehttp 17496 15296 "GET /api/parking-status/ HTTP/1.1" 200 531
INFO 2025-10-13 01:32:49,862 basehttp 17496 10516 "GET /api/parking-data/ HTTP/1.1" 200 16611
INFO 2025-10-13 01:33:43,624 autoreload 17496 24988 C:\Users\athar\OneDrive\Desktop\TY - Sem 1\EDI\parking-system\dashboard\parking_app\models.py changed, reloading.
INFO 2025-10-13 01:33:44,574 autoreload 26076 828 Watching for file changes with StatReloader
INFO 2025-10-13 01:33:49,845 basehttp 26076 16348 "GET /api/parking-status/ HTTP/1.1" 200 531
INFO 2025-10-13 01:33:49,877 basehttp 26076 19532 "GET /api/parking-data/ HTTP/1.1" 200 16611
INFO 2025-10-13 01:33:55,875 autoreload 26076 828 C:\Users\athar\OneDrive\Desktop\TY - Sem 1\EDI\parking-system\dashboard\parking_app\admin.py changed, reloading.
INFO 2025-10-13 01:33:56,631 autoreload 12056 7388 Watching for file changes with StatReloader
INFO 2025-10-13 01:34:06,406 autoreload 12056 7388 C:\Users\athar\OneDrive\Desktop\TY - Sem 1\EDI\parking-system\dashboard\parking_app\urls.py changed, reloading.
INFO 2025-10-13 01:34:07,187 autoreload 14480 16308 Watching for file changes with StatReloader
INFO 2025-10-13 01:34:26,144 autoreload 14480 16308 C:\Users\athar\OneDrive\Desktop\TY - Sem 1\EDI\parking-system\dashboard\parking_app\views.py changed, reloading.
INFO 2025-10-13 01:34:27,159 autoreload 17800 20580 Watching for file changes with StatReloader
INFO 2025-10-13 01:34:36,101 autoreload 17800 20580 C:\Users\athar\OneDrive\Desktop\TY - Sem 1\EDI\parking-system\dashboard\parking_app\views.py changed, reloading.
INFO 2025-10-13 01:34:37,005 autoreload 4308 24112 Watching for file changes with StatReloader
INFO 2025-10-13 01:34:49,829 basehttp 4308 11612 "GET /api/parking-status/ HTTP/1.1" 200 531
INFO 2025-10-13 01:34:49,898 basehttp 4308 26612 "GET /api/parking-data/ HTTP/1.1" 200 16611
INFO 2025-10-13 01:39:12,879 autoreload 23104 21672 Watching for file changes with StatReloader
INFO 2025-10-13 01:39:16,884 basehttp 23104 20276 "GET / HTTP/1.1" 200 69610
INFO 2025-10-13 01:39:16,994 basehttp 23104 20276 "GET /api/parking-status/ HTTP/1.1" 200 531
INFO 2025-10-13 01:39:17,079 basehttp 23104 22692 "GET /api/parking-data/ HTTP/1.1" 200 16611
INFO 2025-10-13 01:39:23,505 basehttp 23104 22692 "GET /realtime/ HTTP/1.1" 200 50560
INFO 2025-10-13 01:39:24,367 basehttp 23104 22692 "GET /analytics/ HTTP/1.1" 200 46135
INFO 2025-10-13 01:43:16,922 autoreload 10232 2944 Watching for file changes with StatReloader
INFO 2025-10-13 01:43:19,649 basehttp 10232 18616 "GET / HTTP/1.1" 200 69611
INFO 2025-10-13 01:43:19,945 basehttp 10232 18616 "GET /api/parking-status/ HTTP/1.1" 200 534
INFO 2025-10-13 01:43:20,047 basehttp 10232 12804 "GET /api/parking-data/ HTTP/1.1" 200 33573
INFO 2025-10-13 01:46:42,437 autoreload 24972 23016 Watching for file changes with StatReloader
INFO 2025-10-13 01:46:43,677 basehttp 24972 25912 "GET / HTTP/1.1" 200 69610
INFO 2025-10-13 01:46:43,777 basehttp 24972 25912 "GET /api/parking-status/ HTTP/1.1" 200 533
INFO 2025-10-13 01:46:43,879 basehttp 24972 15176 "GET /api/parking-data/ HTTP/1.1" 200 50532
INFO 2025-10-13 01:47:13,849 basehttp 24972 15176 "GET /api/parking-status/ HTTP/1.1" 200 533
INFO 2025-10-13 01:47:13,850 basehttp 24972 25912 "GET /api/parking-data/ HTTP/1.1" 200 50532
INFO 2025-10-13 01:47:15,155 autoreload 24972 23016 C:\Users\athar\OneDrive\Desktop\TY - Sem 1\EDI\parking-system\dashboard\parking_app\models.py changed, reloading.
INFO 2025-10-13 01:47:15,935 autoreload 14640 16728 Watching for file changes with StatReloader
INFO 2025-10-13 01:47:40,192 autoreload 14640 16728 C:\Users\athar\OneDrive\Desktop\TY - Sem 1\EDI\parking-system\dashboard\parking_app\views.py changed, reloading.
INFO 2025-10-13 01:47:40,922 autoreload 9628 17812 Watching for file changes with StatReloader
INFO 2025-10-13 01:47:43,807 basehttp 9628 24192 "GET /api/parking-status/ HTTP/1.1" 200 533
INFO 2025-10-13 01:47:43,862 basehttp 9628 24408 "GET /api/parking-data/ HTTP/1.1" 200 50532
INFO 2025-10-13 01:47:58,477 basehttp 9628 24408 "GET / HTTP/1.1" 200 69610
INFO 2025-10-13 01:47:58,569 basehttp 9628 24408 "GET /api/parking-status/ HTTP/1.1" 200 533
INFO 2025-10-13 01:47:58,611 basehttp 9628 24192 "GET /api/parking-data/ HTTP/1.1" 200 50532
INFO 2025-10-13 01:48:55,603 autoreload 22268 15612 Watching for file changes with StatReloader
INFO 2025-10-13 01:48:57,127 basehttp 22268 20992 "GET / HTTP/1.1" 200 69610
INFO 2025-10-13 01:48:57,220 basehttp 22268 20992 "GET /api/parking-status/ HTTP/1.1" 200 461
INFO 2025-10-13 01:48:57,311 basehttp 22268 13024 "GET /api/parking-data/ HTTP/1.1" 200 50422
INFO 2025-10-13 01:48:57,739 basehttp 22268 13024 "GET / HTTP/1.1" 200 69610
INFO 2025-10-13 01:48:57,817 basehttp 22268 13024 "GET /api/parking-status/ HTTP/1.1" 200 461
INFO 2025-10-13 01:48:57,861 basehttp 22268 20992 "GET /api/parking-data/ HTTP/1.1" 200 50422
INFO 2025-10-13 01:49:28,848 basehttp 22268 13024 "GET /api/parking-data/ HTTP/1.1" 200 50422
INFO 2025-10-13 01:49:28,849 basehttp 22268 20992 "GET /api/parking-status/ HTTP/1.1" 200 461
INFO 2025-10-13 01:49:58,810 basehttp 22268 20992 "GET /api/parking-status/ HTTP/1.1" 200 461
INFO 2025-10-13 01:49:58,848 basehttp 22268 13024 "GET /api/parking-data/ HTTP/1.1" 200 50422
INFO 2025-10-13 01:50:28,832 basehttp 22268 13024 "GET /api/parking-status/ HTTP/1.1" 200 461
INFO 2025-10-13 01:50:28,835 basehttp 22268 20992 "GET /api/parking-data/ HTTP/1.1" 200 50422
INFO 2025-10-13 01:50:42,515 basehttp 22268 20992 "GET / HTTP/1.1" 200 69610
INFO 2025-10-13 01:50:42,611 basehttp 22268 20992 "GET /api/parking-status/ HTTP/1.1" 200 461
INFO 2025-10-13 01:50:42,648 basehttp 22268 13024 "GET /api/parking-data/ HTTP/1.1" 200 50422
INFO 2025-10-13 01:50:42,837 basehttp 22268 13024 "GET / HTTP/1.1" 200 69610
INFO 2025-10-13 01:50:42,950 basehttp 22268 13024 "GET /api/parking-status/ HTTP/1.1" 200 461
INFO 2025-10-13 01:50:42,960 basehttp 22268 20992 "GET /api/parking-data/ HTTP/1.1" 200 50422
INFO 2025-10-13 01:50:43,352 basehttp 22268 20992 "GET / HTTP/1.1" 200 69610
INFO 2025-10-13 01:50:43,455 basehttp 22268 20992 "GET /api/parking-status/ HTTP/1.1" 200 461
INFO 2025-10-13 01:50:43,463 basehttp 22268 13024 "GET /api/parking-data/ HTTP/1.1" 200 50422
INFO 2025-10-13 01:50:43,571 basehttp 22268 13024 "GET / HTTP/1.1" 200 69610
INFO 2025-10-13 01:50:43,703 basehttp 22268 13024 "GET /api/parking-status/ HTTP/1.1" 200 461
INFO 2025-10-13 01:50:43,715 basehttp 22268 20992 "GET /api/parking-data/ HTTP/1.1" 200 50422
INFO 2025-10-13 01:52:15,820 autoreload 19388 10720 Watching for file changes with StatReloader
INFO 2025-10-13 01:52:17,933 basehttp 19388 23580 "GET / HTTP/1.1" 200 69680
INFO 2025-10-13 01:52:18,052 basehttp 19388 23580 "GET /api/parking-status/ HTTP/1.1" 200 461
INFO 2025-10-13 01:52:18,156 basehttp 19388 2776 "GET /api/parking-data/ HTTP/1.1" 200 50422
INFO 2025-10-13 01:52:48,055 basehttp 19388 2776 "GET /api/parking-status/ HTTP/1.1" 200 461
INFO 2025-10-13 01:52:48,060 basehttp 19388 23580 "GET /api/parking-data/ HTTP/1.1" 200 50422
INFO 2025-10-13 01:53:18,056 basehttp 19388 23580 "GET /api/parking-status/ HTTP/1.1" 200 461
INFO 2025-10-13 01:53:18,067 basehttp 19388 2776 "GET /api/parking-data/ HTTP/1.1" 200 50422
INFO 2025-10-13 01:53:48,850 basehttp 19388 2776 "GET /api/parking-status/ HTTP/1.1" 200 461
INFO 2025-10-13 01:53:48,851 basehttp 19388 23580 "GET /api/parking-data/ HTTP/1.1" 200 50422
INFO 2025-10-13 02:03:52,686 autoreload 22108 25376 Watching for file changes with StatReloader
INFO 2025-10-13 02:03:54,948 basehttp 22108 13652 "GET / HTTP/1.1" 200 69671
INFO 2025-10-13 02:03:55,130 basehttp 22108 13652 "GET /api/parking-status/ HTTP/1.1" 200 226
INFO 2025-10-13 02:03:55,196 basehttp 22108 13432 "GET /api/parking-data/ HTTP/1.1" 200 132
INFO 2025-10-13 02:04:25,136 basehttp 22108 13432 "GET /api/parking-status/ HTTP/1.1" 200 226
INFO 2025-10-13 02:04:25,154 basehttp 22108 13652 "GET /api/parking-data/ HTTP/1.1" 200 132
INFO 2025-10-13 02:06:31,819 autoreload 11124 13892 Watching for file changes with StatReloader
INFO 2025-10-13 02:06:33,446 basehttp 11124 1636 "GET / HTTP/1.1" 200 69675
INFO 2025-10-13 02:06:33,534 basehttp 11124 1636 "GET /api/parking-status/ HTTP/1.1" 200 456
INFO 2025-10-13 02:06:33,579 basehttp 11124 20764 "GET /api/parking-data/ HTTP/1.1" 200 38329
INFO 2025-10-13 02:07:03,820 basehttp 11124 1636 "GET /api/parking-data/ HTTP/1.1" 200 38329
INFO 2025-10-13 02:07:03,843 basehttp 11124 20764 "GET /api/parking-status/ HTTP/1.1" 200 456
INFO 2025-10-13 02:07:33,524 basehttp 11124 1636 "GET /api/parking-data/ HTTP/1.1" 200 38329
INFO 2025-10-13 02:07:33,557 basehttp 11124 20764 "GET /api/parking-status/ HTTP/1.1" 200 456
INFO 2025-10-13 02:08:03,532 basehttp 11124 20764 "GET /api/parking-status/ HTTP/1.1" 200 456
INFO 2025-10-13 02:08:03,539 basehttp 11124 1636 "GET /api/parking-data/ HTTP/1.1" 200 38329
INFO 2025-10-13 02:08:15,294 basehttp 11124 1636 "GET / HTTP/1.1" 200 70515
INFO 2025-10-13 02:08:15,373 basehttp 11124 20764 "GET /api/parking-data/ HTTP/1.1" 200 38329
INFO 2025-10-13 02:08:15,404 basehttp 11124 1636 "GET /api/parking-status/ HTTP/1.1" 200 456
INFO 2025-10-13 02:12:04,300 autoreload 11952 23224 Watching for file changes with StatReloader
INFO 2025-10-13 02:12:05,889 basehttp 11952 8180 "GET / HTTP/1.1" 200 70005
INFO 2025-10-13 02:12:05,999 basehttp 11952 8180 "GET /api/parking-status/ HTTP/1.1" 200 456
INFO 2025-10-13 02:12:06,051 basehttp 11952 21108 "GET /api/parking-data/ HTTP/1.1" 200 38329
INFO 2025-10-13 02:12:36,795 basehttp 11952 21108 "GET /api/parking-status/ HTTP/1.1" 200 456
INFO 2025-10-13 02:12:36,812 basehttp 11952 8180 "GET /api/parking-data/ HTTP/1.1" 200 38329
INFO 2025-10-13 02:13:06,803 basehttp 11952 8180 "GET /api/parking-status/ HTTP/1.1" 200 456
INFO 2025-10-13 02:13:06,818 basehttp 11952 21108 "GET /api/parking-data/ HTTP/1.1" 200 38329
INFO 2025-10-13 02:13:36,791 basehttp 11952 21108 "GET /api/parking-status/ HTTP/1.1" 200 456
INFO 2025-10-13 02:13:36,812 basehttp 11952 8180 "GET /api/parking-data/ HTTP/1.1" 200 38329
INFO 2025-10-13 02:14:00,002 basehttp 11952 8180 "GET /realtime/ HTTP/1.1" 200 50560
INFO 2025-10-13 02:14:00,526 basehttp 11952 8180 "GET / HTTP/1.1" 200 70005
INFO 2025-10-13 02:14:00,603 basehttp 11952 8180 "GET /api/parking-status/ HTTP/1.1" 200 456
INFO 2025-10-13 02:14:00,617 basehttp 11952 21108 "GET /api/parking-data/ HTTP/1.1" 200 38329
INFO 2025-10-13 02:14:30,809 basehttp 11952 8180 "GET /api/parking-data/ HTTP/1.1" 200 38329
INFO 2025-10-13 02:14:30,832 basehttp 11952 21108 "GET /api/parking-status/ HTTP/1.1" 200 456
INFO 2025-10-13 02:23:22,775 autoreload 5928 16124 Watching for file changes with StatReloader
INFO 2025-10-13 02:26:36,458 autoreload 13876 5772 Watching for file changes with StatReloader
INFO 2025-10-13 02:26:38,576 basehttp 13876 23580 "GET / HTTP/1.1" 200 71232
INFO 2025-10-13 02:26:38,958 basehttp 13876 23580 "GET /api/parking-status/ HTTP/1.1" 200 456
INFO 2025-10-13 02:26:39,009 basehttp 13876 3380 "GET /api/parking-data/ HTTP/1.1" 200 38329
INFO 2025-10-13 02:26:49,809 basehttp 13876 3380 "GET /api/parking-status/ HTTP/1.1" 200 456
INFO 2025-10-13 02:26:49,817 basehttp 13876 23580 "GET /api/parking-data/ HTTP/1.1" 200 38329
INFO 2025-10-13 02:26:58,491 basehttp 13876 23580 "GET / HTTP/1.1" 200 71232
INFO 2025-10-13 02:26:58,601 basehttp 13876 23580 "GET /api/parking-status/ HTTP/1.1" 200 456
INFO 2025-10-13 02:26:58,613 basehttp 13876 3380 "GET /api/parking-data/ HTTP/1.1" 200 38329
INFO 2025-10-13 02:28:27,061 autoreload 23272 17812 Watching for file changes with StatReloader
INFO 2025-10-13 02:28:28,613 basehttp 23272 17088 "GET /api/parking-status/ HTTP/1.1" 200 456
INFO 2025-10-13 02:28:28,648 basehttp 23272 20680 "GET /api/parking-data/ HTTP/1.1" 200 38329
INFO 2025-10-13 02:28:29,396 basehttp 23272 20680 "GET / HTTP/1.1" 200 71232
INFO 2025-10-13 02:28:29,479 basehttp 23272 20680 "GET /api/parking-status/ HTTP/1.1" 200 456
INFO 2025-10-13 02:28:29,488 basehttp 23272 17088 "GET /api/parking-data/ HTTP/1.1" 200 38329
INFO 2025-10-13 02:28:29,874 basehttp 23272 17088 "GET / HTTP/1.1" 200 71232
INFO 2025-10-13 02:28:29,942 basehttp 23272 17088 "GET /api/parking-status/ HTTP/1.1" 200 456
INFO 2025-10-13 02:28:29,951 basehttp 23272 20680 "GET /api/parking-data/ HTTP/1.1" 200 38329
INFO 2025-10-13 02:30:47,074 autoreload 26080 24476 Watching for file changes with StatReloader
INFO 2025-10-13 02:30:59,946 basehttp 26080 4144 "GET /api/parking-status/ HTTP/1.1" 200 456
INFO 2025-10-13 02:30:59,985 basehttp 26080 1600 "GET /api/parking-data/ HTTP/1.1" 200 38329
INFO 2025-10-13 02:31:05,212 basehttp 26080 1600 "POST /api/update-slot/ HTTP/1.1" 200 54
INFO 2025-10-13 02:31:10,002 basehttp 26080 1600 "POST /api/update-slot/ HTTP/1.1" 200 54
INFO 2025-10-13 02:31:13,675 basehttp 26080 1600 "POST /api/update-slot/ HTTP/1.1" 200 54
INFO 2025-10-13 02:32:02,967 autoreload 23644 18860 Watching for file changes with StatReloader
INFO 2025-10-13 02:32:06,028 basehttp 23644 22968 "GET / HTTP/1.1" 200 71232
INFO 2025-10-13 02:32:06,117 basehttp 23644 22968 "GET /api/parking-status/ HTTP/1.1" 200 456
INFO 2025-10-13 02:32:06,168 basehttp 23644 9640 "GET /api/parking-data/ HTTP/1.1" 200 38329
INFO 2025-10-13 02:32:06,365 basehttp 23644 9640 "GET / HTTP/1.1" 200 71232
INFO 2025-10-13 02:32:06,451 basehttp 23644 22968 "GET /api/parking-data/ HTTP/1.1" 200 38329
INFO 2025-10-13 02:32:06,456 basehttp 23644 9640 "GET /api/parking-status/ HTTP/1.1" 200 456
INFO 2025-10-13 02:32:22,653 basehttp 23644 9640 "POST /api/update-slot/ HTTP/1.1" 200 54
INFO 2025-10-13 02:32:52,863 autoreload 18092 15036 Watching for file changes with StatReloader
INFO 2025-10-13 02:32:55,742 basehttp 18092 25856 "GET / HTTP/1.1" 200 71232
INFO 2025-10-13 02:32:55,884 basehttp 18092 25856 "GET /api/parking-status/ HTTP/1.1" 200 456
INFO 2025-10-13 02:32:55,893 basehttp 18092 2640 "GET /api/parking-data/ HTTP/1.1" 200 38329
INFO 2025-10-13 02:32:56,671 basehttp 18092 2640 "GET / HTTP/1.1" 200 71232
INFO 2025-10-13 02:32:56,764 basehttp 18092 2640 "GET /api/parking-status/ HTTP/1.1" 200 456
INFO 2025-10-13 02:32:56,772 basehttp 18092 25856 "GET /api/parking-data/ HTTP/1.1" 200 38329
INFO 2025-10-13 02:32:56,960 basehttp 18092 25856 "GET / HTTP/1.1" 200 71232
INFO 2025-10-13 02:32:57,051 basehttp 18092 25856 "GET /api/parking-status/ HTTP/1.1" 200 456
INFO 2025-10-13 02:32:57,063 basehttp 18092 2640 "GET /api/parking-data/ HTTP/1.1" 200 38329
INFO 2025-10-13 02:33:11,008 basehttp 18092 2640 "POST /api/update-slot/ HTTP/1.1" 200 54
INFO 2025-10-13 02:33:27,808 basehttp 18092 2640 "GET /api/parking-status/ HTTP/1.1" 200 456
INFO 2025-10-13 02:33:27,808 basehttp 18092 25856 "GET /api/parking-data/ HTTP/1.1" 200 38329
INFO 2025-10-13 02:33:38,974 basehttp 18092 25856 "POST /api/update-slot/ HTTP/1.1" 200 54
INFO 2025-10-13 02:35:22,117 autoreload 18048 3764 Watching for file changes with StatReloader
INFO 2025-10-13 02:35:23,934 basehttp 18048 20904 "GET /api/parking-status/ HTTP/1.1" 200 456
INFO 2025-10-13 02:35:23,977 basehttp 18048 3980 "GET /api/parking-data/ HTTP/1.1" 200 38329
INFO 2025-10-13 02:35:26,250 basehttp 18048 3980 "GET / HTTP/1.1" 200 72722
INFO 2025-10-13 02:35:26,328 basehttp 18048 20904 "GET /api/parking-data/ HTTP/1.1" 200 38329
INFO 2025-10-13 02:35:26,359 basehttp 18048 3980 "GET /api/parking-status/ HTTP/1.1" 200 456
INFO 2025-10-13 02:35:56,330 basehttp 18048 3980 "GET /api/parking-status/ HTTP/1.1" 200 456
INFO 2025-10-13 02:35:56,342 basehttp 18048 20904 "GET /api/parking-data/ HTTP/1.1" 200 38329
INFO 2025-10-13 02:36:31,272 basehttp 18048 3980 "GET /api/parking-data/ HTTP/1.1" 200 38329
INFO 2025-10-13 02:36:31,312 basehttp 18048 20904 "GET /api/parking-status/ HTTP/1.1" 200 456
INFO 2025-10-13 02:36:56,801 basehttp 18048 20904 "GET /api/parking-status/ HTTP/1.1" 200 456
INFO 2025-10-13 02:36:56,815 basehttp 18048 3980 "GET /api/parking-data/ HTTP/1.1" 200 38329
INFO 2025-10-13 02:37:26,787 basehttp 18048 20904 "GET /api/parking-data/ HTTP/1.1" 200 38329
INFO 2025-10-13 02:37:26,819 basehttp 18048 3980 "GET /api/parking-status/ HTTP/1.1" 200 456
INFO 2025-10-13 02:37:56,803 basehttp 18048 20904 "GET /api/parking-data/ HTTP/1.1" 200 38329
INFO 2025-10-13 02:37:56,820 basehttp 18048 3980 "GET /api/parking-status/ HTTP/1.1" 200 456
INFO 2025-10-13 02:38:26,813 basehttp 18048 3980 "GET /api/parking-status/ HTTP/1.1" 200 456
INFO 2025-10-13 02:38:26,821 basehttp 18048 20904 "GET /api/parking-data/ HTTP/1.1" 200 38329
INFO 2025-10-13 02:39:03,081 autoreload 18048 3764 C:\Users\athar\OneDrive\Desktop\TY - Sem 1\EDI\parking-system\dashboard\parking_app\views.py changed, reloading.
INFO 2025-10-13 02:39:03,776 autoreload 25356 26164 Watching for file changes with StatReloader
INFO 2025-10-13 02:40:03,529 autoreload 26440 25716 Watching for file changes with StatReloader
INFO 2025-10-13 02:40:10,069 basehttp 26440 17448 "GET / HTTP/1.1" 200 72654
INFO 2025-10-13 02:40:10,218 basehttp 26440 17448 "GET /api/parking-status/ HTTP/1.1" 200 456
INFO 2025-10-13 02:40:10,266 basehttp 26440 9284 "GET /api/parking-data/ HTTP/1.1" 200 38329
INFO 2025-10-13 02:40:10,697 basehttp 26440 9284 "GET / HTTP/1.1" 200 72654
INFO 2025-10-13 02:40:10,793 basehttp 26440 9284 "GET /api/parking-status/ HTTP/1.1" 200 456
INFO 2025-10-13 02:40:10,805 basehttp 26440 17448 "GET /api/parking-data/ HTTP/1.1" 200 38329
INFO 2025-10-13 02:40:43,843 autoreload 10688 26096 Watching for file changes with StatReloader
INFO 2025-10-13 02:40:48,555 basehttp 10688 25848 "GET / HTTP/1.1" 200 72654
INFO 2025-10-13 02:40:48,677 basehttp 10688 25848 "GET /api/parking-status/ HTTP/1.1" 200 456
INFO 2025-10-13 02:40:48,682 basehttp 10688 13432 "GET /api/parking-data/ HTTP/1.1" 200 38329
INFO 2025-10-13 02:40:59,258 basehttp 10688 13432 "POST /api/update-slot/ HTTP/1.1" 200 54
INFO 2025-10-13 02:41:23,794 basehttp 10688 13432 "GET /api/parking-status/ HTTP/1.1" 200 456
INFO 2025-10-13 02:41:23,803 basehttp 10688 25848 "GET /api/parking-data/ HTTP/1.1" 200 38329
INFO 2025-10-13 02:41:43,209 autoreload 10688 26096 C:\Users\athar\OneDrive\Desktop\TY - Sem 1\EDI\parking-system\dashboard\parking_app\views.py changed, reloading.
INFO 2025-10-13 02:41:44,188 autoreload 19284 20632 Watching for file changes with StatReloader
INFO 2025-10-13 02:41:48,810 basehttp 19284 17504 "GET /api/parking-status/ HTTP/1.1" 200 456
INFO 2025-10-13 02:41:48,847 basehttp 19284 22604 "GET /api/parking-data/ HTTP/1.1" 200 38329
INFO 2025-10-13 02:42:06,894 autoreload 22696 18684 Watching for file changes with StatReloader
INFO 2025-10-13 02:42:08,896 basehttp 22696 25716 "GET / HTTP/1.1" 200 72654
INFO 2025-10-13 02:42:09,305 basehttp 22696 25716 "GET /api/parking-status/ HTTP/1.1" 200 456
INFO 2025-10-13 02:42:09,369 basehttp 22696 23540 "GET /api/parking-data/ HTTP/1.1" 200 38329
INFO 2025-10-13 02:42:18,356 basehttp 22696 23540 "POST /api/update-slot/ HTTP/1.1" 200 130
INFO 2025-10-13 02:42:18,810 basehttp 22696 25716 "GET /api/parking-data/ HTTP/1.1" 200 38329
INFO 2025-10-13 02:42:18,839 basehttp 22696 23540 "GET /api/parking-status/ HTTP/1.1" 200 456
INFO 2025-10-13 02:42:30,053 basehttp 22696 23540 "POST /api/update-slot/ HTTP/1.1" 200 130
INFO 2025-10-13 02:42:33,581 basehttp 22696 23540 "POST /api/update-slot/ HTTP/1.1" 200 130
INFO 2025-10-13 02:43:47,382 autoreload 12412 10968 Watching for file changes with StatReloader
INFO 2025-10-13 02:43:48,847 basehttp 12412 20648 "GET /api/parking-status/ HTTP/1.1" 200 456
INFO 2025-10-13 02:43:48,857 basehttp 12412 18956 "GET /api/parking-data/ HTTP/1.1" 200 38329
INFO 2025-10-13 02:43:51,484 basehttp 12412 18956 "GET /api/parking-status/ HTTP/1.1" 200 456
INFO 2025-10-13 02:43:51,497 basehttp 12412 20648 "GET /api/parking-data/ HTTP/1.1" 200 38329
INFO 2025-10-13 02:43:53,715 basehttp 12412 20648 "GET / HTTP/1.1" 200 72654
INFO 2025-10-13 02:43:53,805 basehttp 12412 20648 "GET /api/parking-status/ HTTP/1.1" 200 456
INFO 2025-10-13 02:43:53,809 basehttp 12412 18956 "GET /api/parking-data/ HTTP/1.1" 200 38329
INFO 2025-10-13 02:43:56,325 basehttp 12412 18956 "GET / HTTP/1.1" 200 72654
INFO 2025-10-13 02:43:56,406 basehttp 12412 18956 "GET /api/parking-status/ HTTP/1.1" 200 456
INFO 2025-10-13 02:43:56,416 basehttp 12412 20648 "GET /api/parking-data/ HTTP/1.1" 200 38329
INFO 2025-10-13 02:43:56,472 basehttp 12412 20648 "GET / HTTP/1.1" 200 72654
INFO 2025-10-13 02:43:56,564 basehttp 12412 20648 "GET /api/parking-status/ HTTP/1.1" 200 456
INFO 2025-10-13 02:43:56,574 basehttp 12412 18956 "GET /api/parking-data/ HTTP/1.1" 200 38329
INFO 2025-10-13 02:43:56,620 basehttp 12412 20648 "GET / HTTP/1.1" 200 72654
INFO 2025-10-13 02:43:56,738 basehttp 12412 20648 "GET /api/parking-status/ HTTP/1.1" 200 456
INFO 2025-10-13 02:43:56,749 basehttp 12412 18956 "GET /api/parking-data/ HTTP/1.1" 200 38329
INFO 2025-10-13 02:44:07,544 basehttp 12412 18956 "POST /api/update-slot/ HTTP/1.1" 200 183
INFO 2025-10-13 02:44:14,464 basehttp 12412 18956 "POST /api/update-slot/ HTTP/1.1" 200 183
INFO 2025-10-13 02:44:58,231 basehttp 12412 20648 "GET /api/parking-data/ HTTP/1.1" 200 38329
INFO 2025-10-13 02:44:58,268 basehttp 12412 18956 "GET /api/parking-status/ HTTP/1.1" 200 456
INFO 2025-10-13 02:46:12,440 autoreload 21080 13136 Watching for file changes with StatReloader
INFO 2025-10-13 02:46:14,157 basehttp 21080 3060 "GET / HTTP/1.1" 200 72654
INFO 2025-10-13 02:46:14,500 basehttp 21080 3060 "GET /api/parking-status/ HTTP/1.1" 200 456
INFO 2025-10-13 02:46:14,550 basehttp 21080 16524 "GET /api/parking-data/ HTTP/1.1" 200 38329
INFO 2025-10-13 02:46:23,277 basehttp 21080 16524 "POST /api/update-slot/ HTTP/1.1" 200 177
INFO 2025-10-13 02:46:26,580 basehttp 21080 3060 "GET /api/parking-data/ HTTP/1.1" 200 38522
INFO 2025-10-13 02:46:26,595 basehttp 21080 16524 "GET /api/parking-status/ HTTP/1.1" 200 457
INFO 2025-10-13 02:46:26,815 basehttp 21080 16524 "GET /api/parking-status/ HTTP/1.1" 200 457
INFO 2025-10-13 02:46:26,831 basehttp 21080 3060 "GET /api/parking-data/ HTTP/1.1" 200 38522
INFO 2025-10-13 02:46:28,944 basehttp 21080 3060 "GET / HTTP/1.1" 200 72657
INFO 2025-10-13 02:46:29,023 basehttp 21080 3060 "GET /api/parking-status/ HTTP/1.1" 200 457
INFO 2025-10-13 02:46:29,035 basehttp 21080 16524 "GET /api/parking-data/ HTTP/1.1" 200 38522
INFO 2025-10-13 02:47:00,738 autoreload 25508 20208 Watching for file changes with StatReloader
INFO 2025-10-13 02:47:01,082 basehttp 25508 18368 "GET /api/parking-status/ HTTP/1.1" 200 457
INFO 2025-10-13 02:47:01,117 basehttp 25508 18368 "GET /api/parking-data/ HTTP/1.1" 200 38522
INFO 2025-10-13 02:47:02,454 basehttp 25508 18368 "GET / HTTP/1.1" 200 72657
INFO 2025-10-13 02:47:02,569 basehttp 25508 18368 "GET /api/parking-status/ HTTP/1.1" 200 457
INFO 2025-10-13 02:47:02,587 basehttp 25508 17844 "GET /api/parking-data/ HTTP/1.1" 200 38522
INFO 2025-10-13 02:47:03,114 basehttp 25508 17844 "GET / HTTP/1.1" 200 72657
INFO 2025-10-13 02:47:03,229 basehttp 25508 17844 "GET /api/parking-status/ HTTP/1.1" 200 457
INFO 2025-10-13 02:47:03,246 basehttp 25508 18368 "GET /api/parking-data/ HTTP/1.1" 200 38522
INFO 2025-10-13 02:47:03,303 basehttp 25508 18368 "GET / HTTP/1.1" 200 72657
INFO 2025-10-13 02:47:03,395 basehttp 25508 17844 "GET /api/parking-data/ HTTP/1.1" 200 38522
INFO 2025-10-13 02:47:03,440 basehttp 25508 18368 "GET /api/parking-status/ HTTP/1.1" 200 457
INFO 2025-10-13 02:47:26,802 basehttp 25508 18368 "GET /api/parking-status/ HTTP/1.1" 200 457
INFO 2025-10-13 02:47:26,811 basehttp 25508 17844 "GET /api/parking-data/ HTTP/1.1" 200 38522
INFO 2025-10-13 02:47:33,388 basehttp 25508 18368 "GET /api/parking-data/ HTTP/1.1" 200 38522
INFO 2025-10-13 02:47:33,410 basehttp 25508 17844 "GET /api/parking-status/ HTTP/1.1" 200 457
INFO 2025-10-13 02:49:47,169 autoreload 22612 15044 Watching for file changes with StatReloader
INFO 2025-10-13 02:49:49,818 basehttp 22612 23092 "GET /api/parking-status/ HTTP/1.1" 200 457
INFO 2025-10-13 02:49:49,867 basehttp 22612 4872 "GET /api/parking-data/ HTTP/1.1" 200 38522
INFO 2025-10-13 02:51:55,943 autoreload 13340 2344 Watching for file changes with StatReloader
INFO 2025-10-13 02:53:02,692 autoreload 12752 7688 Watching for file changes with StatReloader
INFO 2025-10-13 02:53:03,821 basehttp 12752 4128 "GET /api/parking-status/ HTTP/1.1" 200 457
INFO 2025-10-13 02:53:03,835 basehttp 12752 18996 "GET /api/parking-data/ HTTP/1.1" 200 38522
INFO 2025-10-13 02:53:07,709 basehttp 12752 18996 "GET / HTTP/1.1" 200 73341
INFO 2025-10-13 02:53:07,877 basehttp 12752 18996 "GET /api/parking-status/ HTTP/1.1" 200 457
INFO 2025-10-13 02:53:07,890 basehttp 12752 4128 "GET /api/parking-data/ HTTP/1.1" 200 38522
INFO 2025-10-13 02:53:09,327 basehttp 12752 4128 "GET / HTTP/1.1" 200 73341
INFO 2025-10-13 02:53:09,409 basehttp 12752 18996 "GET /api/parking-data/ HTTP/1.1" 200 38522
INFO 2025-10-13 02:53:09,464 basehttp 12752 4128 "GET /api/parking-status/ HTTP/1.1" 200 457
INFO 2025-10-13 02:53:39,807 basehttp 12752 18996 "GET /api/parking-data/ HTTP/1.1" 200 38522
INFO 2025-10-13 02:53:39,828 basehttp 12752 4128 "GET /api/parking-status/ HTTP/1.1" 200 457
INFO 2025-10-13 02:54:09,797 basehttp 12752 24400 "GET /api/parking-status/ HTTP/1.1" 200 457
INFO 2025-10-13 02:54:09,851 basehttp 12752 18372 "GET /api/parking-data/ HTTP/1.1" 200 38522
INFO 2025-10-13 02:54:39,799 basehttp 12752 18372 "GET /api/parking-status/ HTTP/1.1" 200 457
INFO 2025-10-13 02:54:39,815 basehttp 12752 24400 "GET /api/parking-data/ HTTP/1.1" 200 38522
INFO 2025-10-13 02:55:09,806 basehttp 12752 18372 "GET /api/parking-data/ HTTP/1.1" 200 38522
INFO 2025-10-13 02:55:09,816 basehttp 12752 24400 "GET /api/parking-status/ HTTP/1.1" 200 457
INFO 2025-10-13 02:55:39,817 basehttp 12752 18372 "GET /api/parking-data/ HTTP/1.1" 200 38522
INFO 2025-10-13 02:55:39,837 basehttp 12752 24400 "GET /api/parking-status/ HTTP/1.1" 200 457
INFO 2025-10-13 02:56:09,808 basehttp 12752 18372 "GET /api/parking-data/ HTTP/1.1" 200 38522
INFO 2025-10-13 02:56:09,833 basehttp 12752 24400 "GET /api/parking-status/ HTTP/1.1" 200 457
INFO 2025-10-13 02:56:44,026 basehttp 12752 18372 "GET /api/parking-data/ HTTP/1.1" 200 38522
INFO 2025-10-13 02:56:44,054 basehttp 12752 24400 "GET /api/parking-status/ HTTP/1.1" 200 457
INFO 2025-10-13 02:57:03,523 autoreload 12936 16276 Watching for file changes with StatReloader
INFO 2025-10-13 02:57:05,589 basehttp 12936 24596 "GET / HTTP/1.1" 200 73027
INFO 2025-10-13 02:57:05,770 basehttp 12936 24596 "GET /api/parking-status/ HTTP/1.1" 200 457
INFO 2025-10-13 02:57:05,811 basehttp 12936 10576 "GET /api/parking-data/ HTTP/1.1" 200 38522
INFO 2025-10-13 02:57:35,800 basehttp 12936 10576 "GET /api/parking-status/ HTTP/1.1" 200 457
INFO 2025-10-13 02:57:35,811 basehttp 12936 24596 "GET /api/parking-data/ HTTP/1.1" 200 38522
INFO 2025-10-13 03:00:15,369 autoreload 13060 24248 Watching for file changes with StatReloader
INFO 2025-10-13 03:00:17,619 basehttp 13060 12932 "GET / HTTP/1.1" 200 74409
INFO 2025-10-13 03:00:17,743 basehttp 13060 12932 "GET /api/parking-status/ HTTP/1.1" 200 457
INFO 2025-10-13 03:00:17,823 basehttp 13060 20620 "GET /api/parking-data/ HTTP/1.1" 200 38522
INFO 2025-10-13 03:00:18,359 basehttp 13060 20620 "GET / HTTP/1.1" 200 74409
INFO 2025-10-13 03:00:18,425 basehttp 13060 20620 "GET /api/parking-status/ HTTP/1.1" 200 457
INFO 2025-10-13 03:00:18,466 basehttp 13060 12932 "GET /api/parking-data/ HTTP/1.1" 200 38522
INFO 2025-10-13 03:00:18,528 basehttp 13060 12932 "GET / HTTP/1.1" 200 74409
INFO 2025-10-13 03:00:18,613 basehttp 13060 20620 "GET /api/parking-data/ HTTP/1.1" 200 38522
INFO 2025-10-13 03:00:18,645 basehttp 13060 12932 "GET /api/parking-status/ HTTP/1.1" 200 457
INFO 2025-10-13 03:00:18,721 basehttp 13060 12932 "GET / HTTP/1.1" 200 74409
INFO 2025-10-13 03:00:18,859 basehttp 13060 12932 "GET /api/parking-status/ HTTP/1.1" 200 457
INFO 2025-10-13 03:00:18,867 basehttp 13060 20620 "GET /api/parking-data/ HTTP/1.1" 200 38522
INFO 2025-10-13 03:00:48,845 basehttp 13060 20620 "GET /api/parking-status/ HTTP/1.1" 200 457
INFO 2025-10-13 03:00:48,861 basehttp 13060 12932 "GET /api/parking-data/ HTTP/1.1" 200 38522
INFO 2025-10-13 03:01:18,825 basehttp 13060 20620 "GET /api/parking-data/ HTTP/1.1" 200 38522
INFO 2025-10-13 03:01:18,852 basehttp 13060 12932 "GET /api/parking-status/ HTTP/1.1" 200 457
INFO 2025-10-13 03:01:48,824 basehttp 13060 20620 "GET /api/parking-data/ HTTP/1.1" 200 38522
INFO 2025-10-13 03:01:48,860 basehttp 13060 12932 "GET /api/parking-status/ HTTP/1.1" 200 457
INFO 2025-10-13 03:02:18,829 basehttp 13060 20620 "GET /api/parking-data/ HTTP/1.1" 200 38522
INFO 2025-10-13 03:02:18,852 basehttp 13060 12932 "GET /api/parking-status/ HTTP/1.1" 200 457
INFO 2025-10-13 03:02:49,824 basehttp 13060 20620 "GET /api/parking-data/ HTTP/1.1" 200 38522
INFO 2025-10-13 03:02:49,842 basehttp 13060 12932 "GET /api/parking-status/ HTTP/1.1" 200 457
INFO 2025-10-13 03:02:58,721 autoreload 6224 10392 Watching for file changes with StatReloader
INFO 2025-10-13 03:03:01,165 basehttp 6224 21800 "GET / HTTP/1.1" 200 74515
INFO 2025-10-13 03:03:01,264 basehttp 6224 21800 "GET /api/parking-status/ HTTP/1.1" 200 457
INFO 2025-10-13 03:03:01,317 basehttp 6224 13248 "GET /api/parking-data/ HTTP/1.1" 200 38522
INFO 2025-10-13 03:03:31,241 basehttp 6224 21800 "GET /api/parking-data/ HTTP/1.1" 200 38522
INFO 2025-10-13 03:03:31,273 basehttp 6224 13248 "GET /api/parking-status/ HTTP/1.1" 200 457
INFO 2025-10-13 03:03:31,832 basehttp 6224 13248 "POST /api/update-slot/ HTTP/1.1" 200 183
INFO 2025-10-13 03:03:33,393 basehttp 6224 13248 "GET /api/parking-status/ HTTP/1.1" 200 457
INFO 2025-10-13 03:03:33,408 basehttp 6224 21800 "GET /api/parking-data/ HTTP/1.1" 200 38720
INFO 2025-10-13 03:03:36,377 basehttp 6224 21800 "GET / HTTP/1.1" 200 74515
INFO 2025-10-13 03:03:36,458 basehttp 6224 21800 "GET /api/parking-status/ HTTP/1.1" 200 457
INFO 2025-10-13 03:03:36,490 basehttp 6224 13248 "GET /api/parking-data/ HTTP/1.1" 200 38720
INFO 2025-10-13 12:53:20,950 autoreload 5676 19592 Watching for file changes with StatReloader
INFO 2025-10-13 12:53:25,980 basehttp 5676 13896 "GET / HTTP/1.1" 200 74515
INFO 2025-10-13 12:53:26,384 basehttp 5676 13896 "GET /api/parking-status/ HTTP/1.1" 200 457
INFO 2025-10-13 12:53:26,402 basehttp 5676 12828 "GET /api/parking-data/ HTTP/1.1" 200 38721
INFO 2025-10-13 12:53:56,717 basehttp 5676 12828 "GET /api/parking-status/ HTTP/1.1" 200 457
INFO 2025-10-13 12:53:56,736 basehttp 5676 13896 "GET /api/parking-data/ HTTP/1.1" 200 38721
INFO 2025-10-13 12:54:26,722 basehttp 5676 13896 "GET /api/parking-status/ HTTP/1.1" 200 457
INFO 2025-10-13 12:54:26,738 basehttp 5676 12828 "GET /api/parking-data/ HTTP/1.1" 200 38721
INFO 2025-10-13 12:54:56,726 basehttp 5676 12828 "GET /api/parking-status/ HTTP/1.1" 200 457
INFO 2025-10-13 12:54:56,742 basehttp 5676 13896 "GET /api/parking-data/ HTTP/1.1" 200 38721
INFO 2025-10-13 12:55:26,711 basehttp 5676 12828 "GET /api/parking-data/ HTTP/1.1" 200 38721
INFO 2025-10-13 12:55:26,733 basehttp 5676 13896 "GET /api/parking-status/ HTTP/1.1" 200 457
INFO 2025-10-13 12:55:56,725 basehttp 5676 12828 "GET /api/parking-data/ HTTP/1.1" 200 38721
INFO 2025-10-13 12:55:56,752 basehttp 5676 13896 "GET /api/parking-status/ HTTP/1.1" 200 457
INFO 2025-10-13 12:56:26,723 basehttp 5676 12828 "GET /api/parking-data/ HTTP/1.1" 200 38721
INFO 2025-10-13 12:56:26,752 basehttp 5676 13896 "GET /api/parking-status/ HTTP/1.1" 200 457
INFO 2025-10-13 12:56:37,323 basehttp 5676 13896 "GET / HTTP/1.1" 200 74922
INFO 2025-10-13 12:56:37,490 basehttp 5676 13896 "GET /api/parking-status/ HTTP/1.1" 200 457
INFO 2025-10-13 12:56:37,504 basehttp 5676 12828 "GET /api/parking-data/ HTTP/1.1" 200 38721
INFO 2025-10-13 12:56:37,788 basehttp 5676 12828 "GET / HTTP/1.1" 200 74922
INFO 2025-10-13 12:56:37,862 basehttp 5676 12828 "GET /api/parking-status/ HTTP/1.1" 200 457
INFO 2025-10-13 12:56:37,877 basehttp 5676 13896 "GET /api/parking-data/ HTTP/1.1" 200 38721
INFO 2025-10-13 12:56:55,313 autoreload 22852 16796 Watching for file changes with StatReloader
INFO 2025-10-13 12:56:59,453 autoreload 4256 19268 Watching for file changes with StatReloader
INFO 2025-10-13 12:57:06,510 basehttp 4256 26016 "GET / HTTP/1.1" 200 74922
INFO 2025-10-13 12:57:06,628 basehttp 4256 26016 "GET /api/parking-status/ HTTP/1.1" 200 457
INFO 2025-10-13 12:57:06,700 basehttp 4256 5620 "GET /api/parking-data/ HTTP/1.1" 200 38721
INFO 2025-10-13 12:57:36,710 basehttp 4256 26016 "GET /api/parking-data/ HTTP/1.1" 200 38721
INFO 2025-10-13 12:57:36,734 basehttp 4256 5620 "GET /api/parking-status/ HTTP/1.1" 200 457
INFO 2025-10-13 12:58:06,731 basehttp 4256 5620 "GET /api/parking-status/ HTTP/1.1" 200 457
INFO 2025-10-13 12:58:06,752 basehttp 4256 26016 "GET /api/parking-data/ HTTP/1.1" 200 38721
INFO 2025-10-13 12:58:36,622 basehttp 4256 26016 "GET /api/parking-status/ HTTP/1.1" 200 457
INFO 2025-10-13 12:58:36,639 basehttp 4256 5620 "GET /api/parking-data/ HTTP/1.1" 200 38721
INFO 2025-10-13 12:58:37,228 basehttp 4256 5620 "GET /realtime/ HTTP/1.1" 200 52951
INFO 2025-10-13 12:58:38,075 basehttp 4256 5620 "GET /analytics/ HTTP/1.1" 200 48526
INFO 2025-10-13 13:09:26,492 basehttp 4256 8444 "GET /analytics/ HTTP/1.1" 200 48526
INFO 2025-10-13 13:09:26,493 basehttp 4256 19200 - Broken pipe from ('127.0.0.1', 61660)
INFO 2025-10-13 13:09:26,728 basehttp 4256 8444 "GET /analytics/ HTTP/1.1" 200 48526
INFO 2025-10-13 13:09:26,856 basehttp 4256 8444 "GET /analytics/ HTTP/1.1" 200 48526
INFO 2025-10-13 13:09:31,239 basehttp 4256 8444 "GET / HTTP/1.1" 200 74775
INFO 2025-10-13 13:09:31,337 basehttp 4256 8444 "GET /api/parking-status/ HTTP/1.1" 200 457
INFO 2025-10-13 13:09:31,394 basehttp 4256 15820 "GET /api/parking-data/ HTTP/1.1" 200 38722
INFO 2025-10-13 13:10:01,330 basehttp 4256 15820 "GET /api/parking-status/ HTTP/1.1" 200 457
INFO 2025-10-13 13:10:01,345 basehttp 4256 8444 "GET /api/parking-data/ HTTP/1.1" 200 38722
INFO 2025-10-13 13:10:31,329 basehttp 4256 8444 "GET /api/parking-status/ HTTP/1.1" 200 457
INFO 2025-10-13 13:10:31,348 basehttp 4256 15820 "GET /api/parking-data/ HTTP/1.1" 200 38722
INFO 2025-10-13 13:11:01,325 basehttp 4256 15820 "GET /api/parking-status/ HTTP/1.1" 200 457
INFO 2025-10-13 13:11:01,341 basehttp 4256 8444 "GET /api/parking-data/ HTTP/1.1" 200 38722
INFO 2025-10-13 13:11:31,741 basehttp 4256 8444 "GET /api/parking-status/ HTTP/1.1" 200 457
INFO 2025-10-13 13:11:31,779 basehttp 4256 15820 "GET /api/parking-data/ HTTP/1.1" 200 38722
INFO 2025-10-13 13:11:51,834 autoreload 19000 26280 Watching for file changes with StatReloader
INFO 2025-10-13 13:11:53,322 basehttp 19000 23740 "GET / HTTP/1.1" 200 76537
INFO 2025-10-13 13:11:53,422 basehttp 19000 23740 "GET /api/parking-status/ HTTP/1.1" 200 457
INFO 2025-10-13 13:11:53,475 basehttp 19000 12648 "GET /api/parking-data/ HTTP/1.1" 200 38722
INFO 2025-10-13 13:11:53,680 basehttp 19000 12648 "GET / HTTP/1.1" 200 76537
INFO 2025-10-13 13:11:53,753 basehttp 19000 23740 "GET /api/parking-data/ HTTP/1.1" 200 38722
INFO 2025-10-13 13:11:53,780 basehttp 19000 12648 "GET /api/parking-status/ HTTP/1.1" 200 457
INFO 2025-10-13 13:11:55,309 basehttp 19000 12648 "GET / HTTP/1.1" 200 76537
INFO 2025-10-13 13:11:55,381 basehttp 19000 23740 "GET /api/parking-data/ HTTP/1.1" 200 38722
INFO 2025-10-13 13:11:55,399 basehttp 19000 12648 "GET /api/parking-status/ HTTP/1.1" 200 457
INFO 2025-10-13 13:12:25,382 basehttp 19000 12648 "GET /api/parking-status/ HTTP/1.1" 200 457
INFO 2025-10-13 13:12:25,403 basehttp 19000 23740 "GET /api/parking-data/ HTTP/1.1" 200 38722
INFO 2025-10-13 13:12:55,379 basehttp 19000 12648 "GET /api/parking-data/ HTTP/1.1" 200 38722
INFO 2025-10-13 13:12:55,398 basehttp 19000 23740 "GET /api/parking-status/ HTTP/1.1" 200 457
INFO 2025-10-13 13:13:25,375 basehttp 19000 23740 "GET /api/parking-status/ HTTP/1.1" 200 457
INFO 2025-10-13 13:13:25,395 basehttp 19000 12648 "GET /api/parking-data/ HTTP/1.1" 200 38722
INFO 2025-10-13 13:13:55,380 basehttp 19000 12648 "GET /api/parking-status/ HTTP/1.1" 200 457
INFO 2025-10-13 13:13:55,400 basehttp 19000 23740 "GET /api/parking-data/ HTTP/1.1" 200 38722
INFO 2025-10-13 13:14:25,388 basehttp 19000 12648 "GET /api/parking-data/ HTTP/1.1" 200 38722
INFO 2025-10-13 13:14:25,411 basehttp 19000 23740 "GET /api/parking-status/ HTTP/1.1" 200 457
INFO 2025-10-13 13:14:55,723 basehttp 19000 23740 "GET /api/parking-status/ HTTP/1.1" 200 457
INFO 2025-10-13 13:14:55,735 basehttp 19000 12648 "GET /api/parking-data/ HTTP/1.1" 200 38722
INFO 2025-10-13 13:15:25,723 basehttp 19000 23740 "GET /api/parking-data/ HTTP/1.1" 200 38722
INFO 2025-10-13 13:15:25,747 basehttp 19000 12648 "GET /api/parking-status/ HTTP/1.1" 200 457
INFO 2025-10-13 13:15:55,735 basehttp 19000 12648 "GET /api/parking-status/ HTTP/1.1" 200 457
INFO 2025-10-13 13:15:55,747 basehttp 19000 23740 "GET /api/parking-data/ HTTP/1.1" 200 38722
INFO 2025-10-13 13:16:32,659 basehttp 19000 23740 "GET /api/parking-status/ HTTP/1.1" 200 457
INFO 2025-10-13 13:16:32,674 basehttp 19000 12648 "GET /api/parking-data/ HTTP/1.1" 200 38722
INFO 2025-10-13 13:16:34,584 basehttp 19000 12648 "GET / HTTP/1.1" 200 76548
INFO 2025-10-13 13:16:34,692 basehttp 19000 12648 "GET /static/css/professional-theme.css HTTP/1.1" 200 25808
INFO 2025-10-13 13:16:34,852 basehttp 19000 23740 "GET /api/parking-data/ HTTP/1.1" 200 38722
INFO 2025-10-13 13:16:34,880 basehttp 19000 12648 "GET /api/parking-status/ HTTP/1.1" 200 457
INFO 2025-10-13 13:16:35,568 basehttp 19000 12648 "GET / HTTP/1.1" 200 76548
INFO 2025-10-13 13:16:35,590 basehttp 19000 12648 "GET /static/css/professional-theme.css HTTP/1.1" 200 25808
INFO 2025-10-13 13:16:35,706 basehttp 19000 23740 "GET /api/parking-data/ HTTP/1.1" 200 38722
INFO 2025-10-13 13:16:35,730 basehttp 19000 12648 "GET /api/parking-status/ HTTP/1.1" 200 457
INFO 2025-10-13 13:16:35,881 basehttp 19000 12648 "GET / HTTP/1.1" 200 76548
INFO 2025-10-13 13:16:35,901 basehttp 19000 12648 "GET /static/css/professional-theme.css HTTP/1.1" 200 25808
INFO 2025-10-13 13:16:36,005 basehttp 19000 12648 "GET / HTTP/1.1" 200 76548
INFO 2025-10-13 13:16:36,032 basehttp 19000 12648 "GET /static/css/professional-theme.css HTTP/1.1" 200 25808
INFO 2025-10-13 13:16:36,154 basehttp 19000 23740 "GET /api/parking-data/ HTTP/1.1" 200 38722
INFO 2025-10-13 13:16:36,178 basehttp 19000 12648 "GET /api/parking-status/ HTTP/1.1" 200 457
INFO 2025-10-13 13:16:36,211 basehttp 19000 19396 "GET / HTTP/1.1" 200 76548
INFO 2025-10-13 13:16:36,295 basehttp 19000 19396 "GET /static/css/professional-theme.css HTTP/1.1" 200 25808
INFO 2025-10-13 13:16:36,437 basehttp 19000 19396 "GET /api/parking-status/ HTTP/1.1" 200 457
INFO 2025-10-13 13:16:36,458 basehttp 19000 12648 "GET /api/parking-data/ HTTP/1.1" 200 38722
INFO 2025-10-13 13:16:56,722 basehttp 19000 12648 "POST /api/update-slot/ HTTP/1.1" 200 185
INFO 2025-10-13 13:16:56,775 basehttp 19000 12648 "GET /api/parking-status/ HTTP/1.1" 200 457
INFO 2025-10-13 13:16:56,786 basehttp 19000 19396 "GET /api/parking-data/ HTTP/1.1" 200 38523
INFO 2025-10-13 13:16:59,950 basehttp 19000 19396 "GET / HTTP/1.1" 200 76548
INFO 2025-10-13 13:17:00,024 basehttp 19000 19396 "GET /api/parking-status/ HTTP/1.1" 200 457
INFO 2025-10-13 13:17:00,037 basehttp 19000 12648 "GET /api/parking-data/ HTTP/1.1" 200 38523
INFO 2025-10-13 13:17:05,081 basehttp 19000 12648 "GET / HTTP/1.1" 200 76548
INFO 2025-10-13 13:17:05,115 basehttp 19000 12648 "GET /static/css/professional-theme.css HTTP/1.1" 200 25808
INFO 2025-10-13 13:17:05,268 basehttp 19000 12648 "GET /api/parking-status/ HTTP/1.1" 200 457
INFO 2025-10-13 13:17:05,282 basehttp 19000 19396 "GET /api/parking-data/ HTTP/1.1" 200 38523
INFO 2025-10-13 13:17:05,308 basehttp 19000 23740 "GET / HTTP/1.1" 200 76548
INFO 2025-10-13 13:17:05,376 basehttp 19000 23740 "GET /static/css/professional-theme.css HTTP/1.1" 200 25808
INFO 2025-10-13 13:17:05,464 basehttp 19000 23740 "GET / HTTP/1.1" 200 76548
INFO 2025-10-13 13:17:05,487 basehttp 19000 23740 "GET /static/css/professional-theme.css HTTP/1.1" 200 25808
INFO 2025-10-13 13:17:05,657 basehttp 19000 23740 "GET / HTTP/1.1" 200 76548
INFO 2025-10-13 13:17:05,676 basehttp 19000 23740 "GET /static/css/professional-theme.css HTTP/1.1" 200 25808
INFO 2025-10-13 13:17:05,806 basehttp 19000 23740 "GET / HTTP/1.1" 200 76548
INFO 2025-10-13 13:17:05,833 basehttp 19000 23740 "GET /static/css/professional-theme.css HTTP/1.1" 200 25808
INFO 2025-10-13 13:17:06,040 basehttp 19000 23740 "GET /api/parking-status/ HTTP/1.1" 200 457
INFO 2025-10-13 13:17:06,055 basehttp 19000 19396 "GET /api/parking-data/ HTTP/1.1" 200 38523
INFO 2025-10-13 13:17:36,728 basehttp 19000 19396 "GET /api/parking-status/ HTTP/1.1" 200 457
INFO 2025-10-13 13:17:36,753 basehttp 19000 23740 "GET /api/parking-data/ HTTP/1.1" 200 38523
INFO 2025-10-13 13:18:06,743 basehttp 19000 23740 "GET /api/parking-status/ HTTP/1.1" 200 457
INFO 2025-10-13 13:18:06,759 basehttp 19000 19396 "GET /api/parking-data/ HTTP/1.1" 200 38523
INFO 2025-10-13 13:18:28,608 autoreload 19000 26280 C:\Users\athar\OneDrive\Desktop\TY - Sem 1\EDI\parking-system\dashboard\parking_app\urls.py changed, reloading.
INFO 2025-10-13 13:18:29,840 autoreload 26344 21272 Watching for file changes with StatReloader
INFO 2025-10-13 13:19:11,316 autoreload 26344 21272 C:\Users\athar\OneDrive\Desktop\TY - Sem 1\EDI\parking-system\dashboard\parking_app\views.py changed, reloading.
INFO 2025-10-13 13:19:12,394 autoreload 26352 2188 Watching for file changes with StatReloader
INFO 2025-10-13 13:19:36,737 basehttp 26352 7692 "GET /api/parking-status/ HTTP/1.1" 200 457
INFO 2025-10-13 13:19:36,779 basehttp 26352 14012 "GET /api/parking-data/ HTTP/1.1" 200 38523
INFO 2025-10-13 13:20:06,738 basehttp 26352 14012 "GET /api/parking-status/ HTTP/1.1" 200 457
INFO 2025-10-13 13:20:06,748 basehttp 26352 7692 "GET /api/parking-data/ HTTP/1.1" 200 38523
INFO 2025-10-13 13:20:49,731 basehttp 26352 7692 "GET /api/parking-status/ HTTP/1.1" 200 457
INFO 2025-10-13 13:20:49,748 basehttp 26352 14012 "GET /api/parking-data/ HTTP/1.1" 200 38523
INFO 2025-10-13 13:21:49,734 basehttp 26352 15972 "GET /api/parking-status/ HTTP/1.1" 200 457
INFO 2025-10-13 13:21:49,777 basehttp 26352 19608 "GET /api/parking-data/ HTTP/1.1" 200 38523
INFO 2025-10-13 13:22:49,727 basehttp 26352 19608 "GET /api/parking-status/ HTTP/1.1" 200 457
INFO 2025-10-13 13:22:49,735 basehttp 26352 15972 "GET /api/parking-data/ HTTP/1.1" 200 38523
INFO 2025-10-13 13:23:49,722 basehttp 26352 15972 "GET /api/parking-status/ HTTP/1.1" 200 457
INFO 2025-10-13 13:23:49,742 basehttp 26352 19608 "GET /api/parking-data/ HTTP/1.1" 200 38523
INFO 2025-10-13 13:24:49,734 basehttp 26352 19608 "GET /api/parking-status/ HTTP/1.1" 200 457
INFO 2025-10-13 13:24:49,747 basehttp 26352 15972 "GET /api/parking-data/ HTTP/1.1" 200 38523
INFO 2025-10-13 13:25:49,719 basehttp 26352 15972 "GET /api/parking-status/ HTTP/1.1" 200 457
INFO 2025-10-13 13:25:49,740 basehttp 26352 19608 "GET /api/parking-data/ HTTP/1.1" 200 38523
INFO 2025-10-13 13:26:49,725 basehttp 26352 15972 "GET /api/parking-data/ HTTP/1.1" 200 38523
INFO 2025-10-13 13:26:49,748 basehttp 26352 19608 "GET /api/parking-status/ HTTP/1.1" 200 457
INFO 2025-10-13 13:27:49,720 basehttp 26352 15972 "GET /api/parking-data/ HTTP/1.1" 200 38523
INFO 2025-10-13 13:27:49,747 basehttp 26352 19608 "GET /api/parking-status/ HTTP/1.1" 200 457
INFO 2025-10-13 13:28:49,727 basehttp 26352 15972 "GET /api/parking-data/ HTTP/1.1" 200 38523
INFO 2025-10-13 13:28:49,752 basehttp 26352 19608 "GET /api/parking-status/ HTTP/1.1" 200 457
INFO 2025-10-13 13:29:49,730 basehttp 26352 15972 "GET /api/parking-data/ HTTP/1.1" 200 38523
INFO 2025-10-13 13:29:49,756 basehttp 26352 19608 "GET /api/parking-status/ HTTP/1.1" 200 457
INFO 2025-10-13 13:30:49,729 basehttp 26352 19608 "GET /api/parking-status/ HTTP/1.1" 200 457
INFO 2025-10-13 13:30:49,742 basehttp 26352 15972 "GET /api/parking-data/ HTTP/1.1" 200 38523
INFO 2025-10-13 13:31:49,729 basehttp 26352 15972 "GET /api/parking-status/ HTTP/1.1" 200 457
INFO 2025-10-13 13:31:49,747 basehttp 26352 19608 "GET /api/parking-data/ HTTP/1.1" 200 38523
INFO 2025-10-13 13:32:50,040 autoreload 23484 24528 Watching for file changes with StatReloader
INFO 2025-10-13 13:32:50,528 basehttp 23484 13164 "GET /api/parking-status/ HTTP/1.1" 200 457
INFO 2025-10-13 13:32:50,586 basehttp 23484 13164 "GET /api/parking-data/ HTTP/1.1" 200 38523
ERROR 2025-10-13 13:32:53,893 log 23484 13164 Internal Server Error: /
Traceback (most recent call last):
  File "C:\Users\athar\OneDrive\Desktop\TY - Sem 1\EDI\venv\Lib\site-packages\django\urls\base.py", line 71, in reverse
    extra, resolver = resolver.namespace_dict[ns]
                      ~~~~~~~~~~~~~~~~~~~~~~~^^^^
KeyError: 'parking_app_api'

During handling of the above exception, another exception occurred:

Traceback (most recent call last):
  File "C:\Users\athar\OneDrive\Desktop\TY - Sem 1\EDI\venv\Lib\site-packages\django\core\handlers\exception.py", line 55, in inner
    response = get_response(request)
               ^^^^^^^^^^^^^^^^^^^^^
  File "C:\Users\athar\OneDrive\Desktop\TY - Sem 1\EDI\venv\Lib\site-packages\django\core\handlers\base.py", line 197, in _get_response
    response = wrapped_callback(request, *callback_args, **callback_kwargs)
               ^^^^^^^^^^^^^^^^^^^^^^^^^^^^^^^^^^^^^^^^^^^^^^^^^^^^^^^^^^^^
  File "C:\Users\athar\OneDrive\Desktop\TY - Sem 1\EDI\parking-system\dashboard\parking_app\views.py", line 66, in dashboard
    return render(request, 'dashboard/professional_dashboard.html', context)
           ^^^^^^^^^^^^^^^^^^^^^^^^^^^^^^^^^^^^^^^^^^^^^^^^^^^^^^^^^^^^^^^^^
  File "C:\Users\athar\OneDrive\Desktop\TY - Sem 1\EDI\venv\Lib\site-packages\django\shortcuts.py", line 25, in render
    content = loader.render_to_string(template_name, context, request, using=using)
              ^^^^^^^^^^^^^^^^^^^^^^^^^^^^^^^^^^^^^^^^^^^^^^^^^^^^^^^^^^^^^^^^^^^^^
  File "C:\Users\athar\OneDrive\Desktop\TY - Sem 1\EDI\venv\Lib\site-packages\django\template\loader.py", line 62, in render_to_string
    return template.render(context, request)
           ^^^^^^^^^^^^^^^^^^^^^^^^^^^^^^^^^
  File "C:\Users\athar\OneDrive\Desktop\TY - Sem 1\EDI\venv\Lib\site-packages\django\template\backends\django.py", line 107, in render
    return self.template.render(context)
           ^^^^^^^^^^^^^^^^^^^^^^^^^^^^^
  File "C:\Users\athar\OneDrive\Desktop\TY - Sem 1\EDI\venv\Lib\site-packages\django\template\base.py", line 171, in render
    return self._render(context)
           ^^^^^^^^^^^^^^^^^^^^^
  File "C:\Users\athar\OneDrive\Desktop\TY - Sem 1\EDI\venv\Lib\site-packages\django\template\base.py", line 163, in _render
    return self.nodelist.render(context)
           ^^^^^^^^^^^^^^^^^^^^^^^^^^^^^
  File "C:\Users\athar\OneDrive\Desktop\TY - Sem 1\EDI\venv\Lib\site-packages\django\template\base.py", line 1008, in render
    return SafeString("".join([node.render_annotated(context) for node in self]))
                              ^^^^^^^^^^^^^^^^^^^^^^^^^^^^^^^^^^^^^^^^^^^^^^^^^
  File "C:\Users\athar\OneDrive\Desktop\TY - Sem 1\EDI\venv\Lib\site-packages\django\template\base.py", line 1008, in <listcomp>
    return SafeString("".join([node.render_annotated(context) for node in self]))
                               ^^^^^^^^^^^^^^^^^^^^^^^^^^^^^^
  File "C:\Users\athar\OneDrive\Desktop\TY - Sem 1\EDI\venv\Lib\site-packages\django\template\base.py", line 969, in render_annotated
    return self.render(context)
           ^^^^^^^^^^^^^^^^^^^^
  File "C:\Users\athar\OneDrive\Desktop\TY - Sem 1\EDI\venv\Lib\site-packages\django\template\loader_tags.py", line 159, in render
    return compiled_parent._render(context)
           ^^^^^^^^^^^^^^^^^^^^^^^^^^^^^^^^
  File "C:\Users\athar\OneDrive\Desktop\TY - Sem 1\EDI\venv\Lib\site-packages\django\template\base.py", line 163, in _render
    return self.nodelist.render(context)
           ^^^^^^^^^^^^^^^^^^^^^^^^^^^^^
  File "C:\Users\athar\OneDrive\Desktop\TY - Sem 1\EDI\venv\Lib\site-packages\django\template\base.py", line 1008, in render
    return SafeString("".join([node.render_annotated(context) for node in self]))
                              ^^^^^^^^^^^^^^^^^^^^^^^^^^^^^^^^^^^^^^^^^^^^^^^^^
  File "C:\Users\athar\OneDrive\Desktop\TY - Sem 1\EDI\venv\Lib\site-packages\django\template\base.py", line 1008, in <listcomp>
    return SafeString("".join([node.render_annotated(context) for node in self]))
                               ^^^^^^^^^^^^^^^^^^^^^^^^^^^^^^
  File "C:\Users\athar\OneDrive\Desktop\TY - Sem 1\EDI\venv\Lib\site-packages\django\template\base.py", line 969, in render_annotated
    return self.render(context)
           ^^^^^^^^^^^^^^^^^^^^
  File "C:\Users\athar\OneDrive\Desktop\TY - Sem 1\EDI\venv\Lib\site-packages\django\template\loader_tags.py", line 65, in render
    result = block.nodelist.render(context)
             ^^^^^^^^^^^^^^^^^^^^^^^^^^^^^^
  File "C:\Users\athar\OneDrive\Desktop\TY - Sem 1\EDI\venv\Lib\site-packages\django\template\base.py", line 1008, in render
    return SafeString("".join([node.render_annotated(context) for node in self]))
                              ^^^^^^^^^^^^^^^^^^^^^^^^^^^^^^^^^^^^^^^^^^^^^^^^^
  File "C:\Users\athar\OneDrive\Desktop\TY - Sem 1\EDI\venv\Lib\site-packages\django\template\base.py", line 1008, in <listcomp>
    return SafeString("".join([node.render_annotated(context) for node in self]))
                               ^^^^^^^^^^^^^^^^^^^^^^^^^^^^^^
  File "C:\Users\athar\OneDrive\Desktop\TY - Sem 1\EDI\venv\Lib\site-packages\django\template\base.py", line 969, in render_annotated
    return self.render(context)
           ^^^^^^^^^^^^^^^^^^^^
  File "C:\Users\athar\OneDrive\Desktop\TY - Sem 1\EDI\venv\Lib\site-packages\django\template\defaulttags.py", line 480, in render
    url = reverse(view_name, args=args, kwargs=kwargs, current_app=current_app)
          ^^^^^^^^^^^^^^^^^^^^^^^^^^^^^^^^^^^^^^^^^^^^^^^^^^^^^^^^^^^^^^^^^^^^^
  File "C:\Users\athar\OneDrive\Desktop\TY - Sem 1\EDI\venv\Lib\site-packages\django\urls\base.py", line 82, in reverse
    raise NoReverseMatch("%s is not a registered namespace" % key)
django.urls.exceptions.NoReverseMatch: 'parking_app_api' is not a registered namespace
ERROR 2025-10-13 13:32:53,909 basehttp 23484 13164 "GET / HTTP/1.1" 500 200507
INFO 2025-10-13 13:32:54,024 basehttp 23484 13164 "GET /favicon.ico HTTP/1.1" 301 0
WARNING 2025-10-13 13:32:54,057 basehttp 23484 13164 "GET /static/img/favicon.ico HTTP/1.1" 404 1972
ERROR 2025-10-13 13:32:56,088 log 23484 24316 Internal Server Error: /
Traceback (most recent call last):
  File "C:\Users\athar\OneDrive\Desktop\TY - Sem 1\EDI\venv\Lib\site-packages\django\urls\base.py", line 71, in reverse
    extra, resolver = resolver.namespace_dict[ns]
                      ~~~~~~~~~~~~~~~~~~~~~~~^^^^
KeyError: 'parking_app_api'

During handling of the above exception, another exception occurred:

Traceback (most recent call last):
  File "C:\Users\athar\OneDrive\Desktop\TY - Sem 1\EDI\venv\Lib\site-packages\django\core\handlers\exception.py", line 55, in inner
    response = get_response(request)
               ^^^^^^^^^^^^^^^^^^^^^
  File "C:\Users\athar\OneDrive\Desktop\TY - Sem 1\EDI\venv\Lib\site-packages\django\core\handlers\base.py", line 197, in _get_response
    response = wrapped_callback(request, *callback_args, **callback_kwargs)
               ^^^^^^^^^^^^^^^^^^^^^^^^^^^^^^^^^^^^^^^^^^^^^^^^^^^^^^^^^^^^
  File "C:\Users\athar\OneDrive\Desktop\TY - Sem 1\EDI\parking-system\dashboard\parking_app\views.py", line 66, in dashboard
    return render(request, 'dashboard/professional_dashboard.html', context)
           ^^^^^^^^^^^^^^^^^^^^^^^^^^^^^^^^^^^^^^^^^^^^^^^^^^^^^^^^^^^^^^^^^
  File "C:\Users\athar\OneDrive\Desktop\TY - Sem 1\EDI\venv\Lib\site-packages\django\shortcuts.py", line 25, in render
    content = loader.render_to_string(template_name, context, request, using=using)
              ^^^^^^^^^^^^^^^^^^^^^^^^^^^^^^^^^^^^^^^^^^^^^^^^^^^^^^^^^^^^^^^^^^^^^
  File "C:\Users\athar\OneDrive\Desktop\TY - Sem 1\EDI\venv\Lib\site-packages\django\template\loader.py", line 62, in render_to_string
    return template.render(context, request)
           ^^^^^^^^^^^^^^^^^^^^^^^^^^^^^^^^^
  File "C:\Users\athar\OneDrive\Desktop\TY - Sem 1\EDI\venv\Lib\site-packages\django\template\backends\django.py", line 107, in render
    return self.template.render(context)
           ^^^^^^^^^^^^^^^^^^^^^^^^^^^^^
  File "C:\Users\athar\OneDrive\Desktop\TY - Sem 1\EDI\venv\Lib\site-packages\django\template\base.py", line 171, in render
    return self._render(context)
           ^^^^^^^^^^^^^^^^^^^^^
  File "C:\Users\athar\OneDrive\Desktop\TY - Sem 1\EDI\venv\Lib\site-packages\django\template\base.py", line 163, in _render
    return self.nodelist.render(context)
           ^^^^^^^^^^^^^^^^^^^^^^^^^^^^^
  File "C:\Users\athar\OneDrive\Desktop\TY - Sem 1\EDI\venv\Lib\site-packages\django\template\base.py", line 1008, in render
    return SafeString("".join([node.render_annotated(context) for node in self]))
                              ^^^^^^^^^^^^^^^^^^^^^^^^^^^^^^^^^^^^^^^^^^^^^^^^^
  File "C:\Users\athar\OneDrive\Desktop\TY - Sem 1\EDI\venv\Lib\site-packages\django\template\base.py", line 1008, in <listcomp>
    return SafeString("".join([node.render_annotated(context) for node in self]))
                               ^^^^^^^^^^^^^^^^^^^^^^^^^^^^^^
  File "C:\Users\athar\OneDrive\Desktop\TY - Sem 1\EDI\venv\Lib\site-packages\django\template\base.py", line 969, in render_annotated
    return self.render(context)
           ^^^^^^^^^^^^^^^^^^^^
  File "C:\Users\athar\OneDrive\Desktop\TY - Sem 1\EDI\venv\Lib\site-packages\django\template\loader_tags.py", line 159, in render
    return compiled_parent._render(context)
           ^^^^^^^^^^^^^^^^^^^^^^^^^^^^^^^^
  File "C:\Users\athar\OneDrive\Desktop\TY - Sem 1\EDI\venv\Lib\site-packages\django\template\base.py", line 163, in _render
    return self.nodelist.render(context)
           ^^^^^^^^^^^^^^^^^^^^^^^^^^^^^
  File "C:\Users\athar\OneDrive\Desktop\TY - Sem 1\EDI\venv\Lib\site-packages\django\template\base.py", line 1008, in render
    return SafeString("".join([node.render_annotated(context) for node in self]))
                              ^^^^^^^^^^^^^^^^^^^^^^^^^^^^^^^^^^^^^^^^^^^^^^^^^
  File "C:\Users\athar\OneDrive\Desktop\TY - Sem 1\EDI\venv\Lib\site-packages\django\template\base.py", line 1008, in <listcomp>
    return SafeString("".join([node.render_annotated(context) for node in self]))
                               ^^^^^^^^^^^^^^^^^^^^^^^^^^^^^^
  File "C:\Users\athar\OneDrive\Desktop\TY - Sem 1\EDI\venv\Lib\site-packages\django\template\base.py", line 969, in render_annotated
    return self.render(context)
           ^^^^^^^^^^^^^^^^^^^^
  File "C:\Users\athar\OneDrive\Desktop\TY - Sem 1\EDI\venv\Lib\site-packages\django\template\loader_tags.py", line 65, in render
    result = block.nodelist.render(context)
             ^^^^^^^^^^^^^^^^^^^^^^^^^^^^^^
  File "C:\Users\athar\OneDrive\Desktop\TY - Sem 1\EDI\venv\Lib\site-packages\django\template\base.py", line 1008, in render
    return SafeString("".join([node.render_annotated(context) for node in self]))
                              ^^^^^^^^^^^^^^^^^^^^^^^^^^^^^^^^^^^^^^^^^^^^^^^^^
  File "C:\Users\athar\OneDrive\Desktop\TY - Sem 1\EDI\venv\Lib\site-packages\django\template\base.py", line 1008, in <listcomp>
    return SafeString("".join([node.render_annotated(context) for node in self]))
                               ^^^^^^^^^^^^^^^^^^^^^^^^^^^^^^
  File "C:\Users\athar\OneDrive\Desktop\TY - Sem 1\EDI\venv\Lib\site-packages\django\template\base.py", line 969, in render_annotated
    return self.render(context)
           ^^^^^^^^^^^^^^^^^^^^
  File "C:\Users\athar\OneDrive\Desktop\TY - Sem 1\EDI\venv\Lib\site-packages\django\template\defaulttags.py", line 480, in render
    url = reverse(view_name, args=args, kwargs=kwargs, current_app=current_app)
          ^^^^^^^^^^^^^^^^^^^^^^^^^^^^^^^^^^^^^^^^^^^^^^^^^^^^^^^^^^^^^^^^^^^^^
  File "C:\Users\athar\OneDrive\Desktop\TY - Sem 1\EDI\venv\Lib\site-packages\django\urls\base.py", line 82, in reverse
    raise NoReverseMatch("%s is not a registered namespace" % key)
django.urls.exceptions.NoReverseMatch: 'parking_app_api' is not a registered namespace
INFO 2025-10-13 13:32:56,101 basehttp 23484 24316 - Broken pipe from ('127.0.0.1', 54063)
ERROR 2025-10-13 13:32:56,287 log 23484 10576 Internal Server Error: /
Traceback (most recent call last):
  File "C:\Users\athar\OneDrive\Desktop\TY - Sem 1\EDI\venv\Lib\site-packages\django\urls\base.py", line 71, in reverse
    extra, resolver = resolver.namespace_dict[ns]
                      ~~~~~~~~~~~~~~~~~~~~~~~^^^^
KeyError: 'parking_app_api'

During handling of the above exception, another exception occurred:

Traceback (most recent call last):
  File "C:\Users\athar\OneDrive\Desktop\TY - Sem 1\EDI\venv\Lib\site-packages\django\core\handlers\exception.py", line 55, in inner
    response = get_response(request)
               ^^^^^^^^^^^^^^^^^^^^^
  File "C:\Users\athar\OneDrive\Desktop\TY - Sem 1\EDI\venv\Lib\site-packages\django\core\handlers\base.py", line 197, in _get_response
    response = wrapped_callback(request, *callback_args, **callback_kwargs)
               ^^^^^^^^^^^^^^^^^^^^^^^^^^^^^^^^^^^^^^^^^^^^^^^^^^^^^^^^^^^^
  File "C:\Users\athar\OneDrive\Desktop\TY - Sem 1\EDI\parking-system\dashboard\parking_app\views.py", line 66, in dashboard
    return render(request, 'dashboard/professional_dashboard.html', context)
           ^^^^^^^^^^^^^^^^^^^^^^^^^^^^^^^^^^^^^^^^^^^^^^^^^^^^^^^^^^^^^^^^^
  File "C:\Users\athar\OneDrive\Desktop\TY - Sem 1\EDI\venv\Lib\site-packages\django\shortcuts.py", line 25, in render
    content = loader.render_to_string(template_name, context, request, using=using)
              ^^^^^^^^^^^^^^^^^^^^^^^^^^^^^^^^^^^^^^^^^^^^^^^^^^^^^^^^^^^^^^^^^^^^^
  File "C:\Users\athar\OneDrive\Desktop\TY - Sem 1\EDI\venv\Lib\site-packages\django\template\loader.py", line 62, in render_to_string
    return template.render(context, request)
           ^^^^^^^^^^^^^^^^^^^^^^^^^^^^^^^^^
  File "C:\Users\athar\OneDrive\Desktop\TY - Sem 1\EDI\venv\Lib\site-packages\django\template\backends\django.py", line 107, in render
    return self.template.render(context)
           ^^^^^^^^^^^^^^^^^^^^^^^^^^^^^
  File "C:\Users\athar\OneDrive\Desktop\TY - Sem 1\EDI\venv\Lib\site-packages\django\template\base.py", line 171, in render
    return self._render(context)
           ^^^^^^^^^^^^^^^^^^^^^
  File "C:\Users\athar\OneDrive\Desktop\TY - Sem 1\EDI\venv\Lib\site-packages\django\template\base.py", line 163, in _render
    return self.nodelist.render(context)
           ^^^^^^^^^^^^^^^^^^^^^^^^^^^^^
  File "C:\Users\athar\OneDrive\Desktop\TY - Sem 1\EDI\venv\Lib\site-packages\django\template\base.py", line 1008, in render
    return SafeString("".join([node.render_annotated(context) for node in self]))
                              ^^^^^^^^^^^^^^^^^^^^^^^^^^^^^^^^^^^^^^^^^^^^^^^^^
  File "C:\Users\athar\OneDrive\Desktop\TY - Sem 1\EDI\venv\Lib\site-packages\django\template\base.py", line 1008, in <listcomp>
    return SafeString("".join([node.render_annotated(context) for node in self]))
                               ^^^^^^^^^^^^^^^^^^^^^^^^^^^^^^
  File "C:\Users\athar\OneDrive\Desktop\TY - Sem 1\EDI\venv\Lib\site-packages\django\template\base.py", line 969, in render_annotated
    return self.render(context)
           ^^^^^^^^^^^^^^^^^^^^
  File "C:\Users\athar\OneDrive\Desktop\TY - Sem 1\EDI\venv\Lib\site-packages\django\template\loader_tags.py", line 159, in render
    return compiled_parent._render(context)
           ^^^^^^^^^^^^^^^^^^^^^^^^^^^^^^^^
  File "C:\Users\athar\OneDrive\Desktop\TY - Sem 1\EDI\venv\Lib\site-packages\django\template\base.py", line 163, in _render
    return self.nodelist.render(context)
           ^^^^^^^^^^^^^^^^^^^^^^^^^^^^^
  File "C:\Users\athar\OneDrive\Desktop\TY - Sem 1\EDI\venv\Lib\site-packages\django\template\base.py", line 1008, in render
    return SafeString("".join([node.render_annotated(context) for node in self]))
                              ^^^^^^^^^^^^^^^^^^^^^^^^^^^^^^^^^^^^^^^^^^^^^^^^^
  File "C:\Users\athar\OneDrive\Desktop\TY - Sem 1\EDI\venv\Lib\site-packages\django\template\base.py", line 1008, in <listcomp>
    return SafeString("".join([node.render_annotated(context) for node in self]))
                               ^^^^^^^^^^^^^^^^^^^^^^^^^^^^^^
  File "C:\Users\athar\OneDrive\Desktop\TY - Sem 1\EDI\venv\Lib\site-packages\django\template\base.py", line 969, in render_annotated
    return self.render(context)
           ^^^^^^^^^^^^^^^^^^^^
  File "C:\Users\athar\OneDrive\Desktop\TY - Sem 1\EDI\venv\Lib\site-packages\django\template\loader_tags.py", line 65, in render
    result = block.nodelist.render(context)
             ^^^^^^^^^^^^^^^^^^^^^^^^^^^^^^
  File "C:\Users\athar\OneDrive\Desktop\TY - Sem 1\EDI\venv\Lib\site-packages\django\template\base.py", line 1008, in render
    return SafeString("".join([node.render_annotated(context) for node in self]))
                              ^^^^^^^^^^^^^^^^^^^^^^^^^^^^^^^^^^^^^^^^^^^^^^^^^
  File "C:\Users\athar\OneDrive\Desktop\TY - Sem 1\EDI\venv\Lib\site-packages\django\template\base.py", line 1008, in <listcomp>
    return SafeString("".join([node.render_annotated(context) for node in self]))
                               ^^^^^^^^^^^^^^^^^^^^^^^^^^^^^^
  File "C:\Users\athar\OneDrive\Desktop\TY - Sem 1\EDI\venv\Lib\site-packages\django\template\base.py", line 969, in render_annotated
    return self.render(context)
           ^^^^^^^^^^^^^^^^^^^^
  File "C:\Users\athar\OneDrive\Desktop\TY - Sem 1\EDI\venv\Lib\site-packages\django\template\defaulttags.py", line 480, in render
    url = reverse(view_name, args=args, kwargs=kwargs, current_app=current_app)
          ^^^^^^^^^^^^^^^^^^^^^^^^^^^^^^^^^^^^^^^^^^^^^^^^^^^^^^^^^^^^^^^^^^^^^
  File "C:\Users\athar\OneDrive\Desktop\TY - Sem 1\EDI\venv\Lib\site-packages\django\urls\base.py", line 82, in reverse
    raise NoReverseMatch("%s is not a registered namespace" % key)
django.urls.exceptions.NoReverseMatch: 'parking_app_api' is not a registered namespace
INFO 2025-10-13 13:32:56,294 basehttp 23484 10576 - Broken pipe from ('127.0.0.1', 52468)
ERROR 2025-10-13 13:32:56,505 log 23484 23904 Internal Server Error: /
Traceback (most recent call last):
  File "C:\Users\athar\OneDrive\Desktop\TY - Sem 1\EDI\venv\Lib\site-packages\django\urls\base.py", line 71, in reverse
    extra, resolver = resolver.namespace_dict[ns]
                      ~~~~~~~~~~~~~~~~~~~~~~~^^^^
KeyError: 'parking_app_api'

During handling of the above exception, another exception occurred:

Traceback (most recent call last):
  File "C:\Users\athar\OneDrive\Desktop\TY - Sem 1\EDI\venv\Lib\site-packages\django\core\handlers\exception.py", line 55, in inner
    response = get_response(request)
               ^^^^^^^^^^^^^^^^^^^^^
  File "C:\Users\athar\OneDrive\Desktop\TY - Sem 1\EDI\venv\Lib\site-packages\django\core\handlers\base.py", line 197, in _get_response
    response = wrapped_callback(request, *callback_args, **callback_kwargs)
               ^^^^^^^^^^^^^^^^^^^^^^^^^^^^^^^^^^^^^^^^^^^^^^^^^^^^^^^^^^^^
  File "C:\Users\athar\OneDrive\Desktop\TY - Sem 1\EDI\parking-system\dashboard\parking_app\views.py", line 66, in dashboard
    return render(request, 'dashboard/professional_dashboard.html', context)
           ^^^^^^^^^^^^^^^^^^^^^^^^^^^^^^^^^^^^^^^^^^^^^^^^^^^^^^^^^^^^^^^^^
  File "C:\Users\athar\OneDrive\Desktop\TY - Sem 1\EDI\venv\Lib\site-packages\django\shortcuts.py", line 25, in render
    content = loader.render_to_string(template_name, context, request, using=using)
              ^^^^^^^^^^^^^^^^^^^^^^^^^^^^^^^^^^^^^^^^^^^^^^^^^^^^^^^^^^^^^^^^^^^^^
  File "C:\Users\athar\OneDrive\Desktop\TY - Sem 1\EDI\venv\Lib\site-packages\django\template\loader.py", line 62, in render_to_string
    return template.render(context, request)
           ^^^^^^^^^^^^^^^^^^^^^^^^^^^^^^^^^
  File "C:\Users\athar\OneDrive\Desktop\TY - Sem 1\EDI\venv\Lib\site-packages\django\template\backends\django.py", line 107, in render
    return self.template.render(context)
           ^^^^^^^^^^^^^^^^^^^^^^^^^^^^^
  File "C:\Users\athar\OneDrive\Desktop\TY - Sem 1\EDI\venv\Lib\site-packages\django\template\base.py", line 171, in render
    return self._render(context)
           ^^^^^^^^^^^^^^^^^^^^^
  File "C:\Users\athar\OneDrive\Desktop\TY - Sem 1\EDI\venv\Lib\site-packages\django\template\base.py", line 163, in _render
    return self.nodelist.render(context)
           ^^^^^^^^^^^^^^^^^^^^^^^^^^^^^
  File "C:\Users\athar\OneDrive\Desktop\TY - Sem 1\EDI\venv\Lib\site-packages\django\template\base.py", line 1008, in render
    return SafeString("".join([node.render_annotated(context) for node in self]))
                              ^^^^^^^^^^^^^^^^^^^^^^^^^^^^^^^^^^^^^^^^^^^^^^^^^
  File "C:\Users\athar\OneDrive\Desktop\TY - Sem 1\EDI\venv\Lib\site-packages\django\template\base.py", line 1008, in <listcomp>
    return SafeString("".join([node.render_annotated(context) for node in self]))
                               ^^^^^^^^^^^^^^^^^^^^^^^^^^^^^^
  File "C:\Users\athar\OneDrive\Desktop\TY - Sem 1\EDI\venv\Lib\site-packages\django\template\base.py", line 969, in render_annotated
    return self.render(context)
           ^^^^^^^^^^^^^^^^^^^^
  File "C:\Users\athar\OneDrive\Desktop\TY - Sem 1\EDI\venv\Lib\site-packages\django\template\loader_tags.py", line 159, in render
    return compiled_parent._render(context)
           ^^^^^^^^^^^^^^^^^^^^^^^^^^^^^^^^
  File "C:\Users\athar\OneDrive\Desktop\TY - Sem 1\EDI\venv\Lib\site-packages\django\template\base.py", line 163, in _render
    return self.nodelist.render(context)
           ^^^^^^^^^^^^^^^^^^^^^^^^^^^^^
  File "C:\Users\athar\OneDrive\Desktop\TY - Sem 1\EDI\venv\Lib\site-packages\django\template\base.py", line 1008, in render
    return SafeString("".join([node.render_annotated(context) for node in self]))
                              ^^^^^^^^^^^^^^^^^^^^^^^^^^^^^^^^^^^^^^^^^^^^^^^^^
  File "C:\Users\athar\OneDrive\Desktop\TY - Sem 1\EDI\venv\Lib\site-packages\django\template\base.py", line 1008, in <listcomp>
    return SafeString("".join([node.render_annotated(context) for node in self]))
                               ^^^^^^^^^^^^^^^^^^^^^^^^^^^^^^
  File "C:\Users\athar\OneDrive\Desktop\TY - Sem 1\EDI\venv\Lib\site-packages\django\template\base.py", line 969, in render_annotated
    return self.render(context)
           ^^^^^^^^^^^^^^^^^^^^
  File "C:\Users\athar\OneDrive\Desktop\TY - Sem 1\EDI\venv\Lib\site-packages\django\template\loader_tags.py", line 65, in render
    result = block.nodelist.render(context)
             ^^^^^^^^^^^^^^^^^^^^^^^^^^^^^^
  File "C:\Users\athar\OneDrive\Desktop\TY - Sem 1\EDI\venv\Lib\site-packages\django\template\base.py", line 1008, in render
    return SafeString("".join([node.render_annotated(context) for node in self]))
                              ^^^^^^^^^^^^^^^^^^^^^^^^^^^^^^^^^^^^^^^^^^^^^^^^^
  File "C:\Users\athar\OneDrive\Desktop\TY - Sem 1\EDI\venv\Lib\site-packages\django\template\base.py", line 1008, in <listcomp>
    return SafeString("".join([node.render_annotated(context) for node in self]))
                               ^^^^^^^^^^^^^^^^^^^^^^^^^^^^^^
  File "C:\Users\athar\OneDrive\Desktop\TY - Sem 1\EDI\venv\Lib\site-packages\django\template\base.py", line 969, in render_annotated
    return self.render(context)
           ^^^^^^^^^^^^^^^^^^^^
  File "C:\Users\athar\OneDrive\Desktop\TY - Sem 1\EDI\venv\Lib\site-packages\django\template\defaulttags.py", line 480, in render
    url = reverse(view_name, args=args, kwargs=kwargs, current_app=current_app)
          ^^^^^^^^^^^^^^^^^^^^^^^^^^^^^^^^^^^^^^^^^^^^^^^^^^^^^^^^^^^^^^^^^^^^^
  File "C:\Users\athar\OneDrive\Desktop\TY - Sem 1\EDI\venv\Lib\site-packages\django\urls\base.py", line 82, in reverse
    raise NoReverseMatch("%s is not a registered namespace" % key)
django.urls.exceptions.NoReverseMatch: 'parking_app_api' is not a registered namespace
INFO 2025-10-13 13:32:56,513 basehttp 23484 23904 - Broken pipe from ('127.0.0.1', 50169)
ERROR 2025-10-13 13:32:56,684 log 23484 17940 Internal Server Error: /
Traceback (most recent call last):
  File "C:\Users\athar\OneDrive\Desktop\TY - Sem 1\EDI\venv\Lib\site-packages\django\urls\base.py", line 71, in reverse
    extra, resolver = resolver.namespace_dict[ns]
                      ~~~~~~~~~~~~~~~~~~~~~~~^^^^
KeyError: 'parking_app_api'

During handling of the above exception, another exception occurred:

Traceback (most recent call last):
  File "C:\Users\athar\OneDrive\Desktop\TY - Sem 1\EDI\venv\Lib\site-packages\django\core\handlers\exception.py", line 55, in inner
    response = get_response(request)
               ^^^^^^^^^^^^^^^^^^^^^
  File "C:\Users\athar\OneDrive\Desktop\TY - Sem 1\EDI\venv\Lib\site-packages\django\core\handlers\base.py", line 197, in _get_response
    response = wrapped_callback(request, *callback_args, **callback_kwargs)
               ^^^^^^^^^^^^^^^^^^^^^^^^^^^^^^^^^^^^^^^^^^^^^^^^^^^^^^^^^^^^
  File "C:\Users\athar\OneDrive\Desktop\TY - Sem 1\EDI\parking-system\dashboard\parking_app\views.py", line 66, in dashboard
    return render(request, 'dashboard/professional_dashboard.html', context)
           ^^^^^^^^^^^^^^^^^^^^^^^^^^^^^^^^^^^^^^^^^^^^^^^^^^^^^^^^^^^^^^^^^
  File "C:\Users\athar\OneDrive\Desktop\TY - Sem 1\EDI\venv\Lib\site-packages\django\shortcuts.py", line 25, in render
    content = loader.render_to_string(template_name, context, request, using=using)
              ^^^^^^^^^^^^^^^^^^^^^^^^^^^^^^^^^^^^^^^^^^^^^^^^^^^^^^^^^^^^^^^^^^^^^
  File "C:\Users\athar\OneDrive\Desktop\TY - Sem 1\EDI\venv\Lib\site-packages\django\template\loader.py", line 62, in render_to_string
    return template.render(context, request)
           ^^^^^^^^^^^^^^^^^^^^^^^^^^^^^^^^^
  File "C:\Users\athar\OneDrive\Desktop\TY - Sem 1\EDI\venv\Lib\site-packages\django\template\backends\django.py", line 107, in render
    return self.template.render(context)
           ^^^^^^^^^^^^^^^^^^^^^^^^^^^^^
  File "C:\Users\athar\OneDrive\Desktop\TY - Sem 1\EDI\venv\Lib\site-packages\django\template\base.py", line 171, in render
    return self._render(context)
           ^^^^^^^^^^^^^^^^^^^^^
  File "C:\Users\athar\OneDrive\Desktop\TY - Sem 1\EDI\venv\Lib\site-packages\django\template\base.py", line 163, in _render
    return self.nodelist.render(context)
           ^^^^^^^^^^^^^^^^^^^^^^^^^^^^^
  File "C:\Users\athar\OneDrive\Desktop\TY - Sem 1\EDI\venv\Lib\site-packages\django\template\base.py", line 1008, in render
    return SafeString("".join([node.render_annotated(context) for node in self]))
                              ^^^^^^^^^^^^^^^^^^^^^^^^^^^^^^^^^^^^^^^^^^^^^^^^^
  File "C:\Users\athar\OneDrive\Desktop\TY - Sem 1\EDI\venv\Lib\site-packages\django\template\base.py", line 1008, in <listcomp>
    return SafeString("".join([node.render_annotated(context) for node in self]))
                               ^^^^^^^^^^^^^^^^^^^^^^^^^^^^^^
  File "C:\Users\athar\OneDrive\Desktop\TY - Sem 1\EDI\venv\Lib\site-packages\django\template\base.py", line 969, in render_annotated
    return self.render(context)
           ^^^^^^^^^^^^^^^^^^^^
  File "C:\Users\athar\OneDrive\Desktop\TY - Sem 1\EDI\venv\Lib\site-packages\django\template\loader_tags.py", line 159, in render
    return compiled_parent._render(context)
           ^^^^^^^^^^^^^^^^^^^^^^^^^^^^^^^^
  File "C:\Users\athar\OneDrive\Desktop\TY - Sem 1\EDI\venv\Lib\site-packages\django\template\base.py", line 163, in _render
    return self.nodelist.render(context)
           ^^^^^^^^^^^^^^^^^^^^^^^^^^^^^
  File "C:\Users\athar\OneDrive\Desktop\TY - Sem 1\EDI\venv\Lib\site-packages\django\template\base.py", line 1008, in render
    return SafeString("".join([node.render_annotated(context) for node in self]))
                              ^^^^^^^^^^^^^^^^^^^^^^^^^^^^^^^^^^^^^^^^^^^^^^^^^
  File "C:\Users\athar\OneDrive\Desktop\TY - Sem 1\EDI\venv\Lib\site-packages\django\template\base.py", line 1008, in <listcomp>
    return SafeString("".join([node.render_annotated(context) for node in self]))
                               ^^^^^^^^^^^^^^^^^^^^^^^^^^^^^^
  File "C:\Users\athar\OneDrive\Desktop\TY - Sem 1\EDI\venv\Lib\site-packages\django\template\base.py", line 969, in render_annotated
    return self.render(context)
           ^^^^^^^^^^^^^^^^^^^^
  File "C:\Users\athar\OneDrive\Desktop\TY - Sem 1\EDI\venv\Lib\site-packages\django\template\loader_tags.py", line 65, in render
    result = block.nodelist.render(context)
             ^^^^^^^^^^^^^^^^^^^^^^^^^^^^^^
  File "C:\Users\athar\OneDrive\Desktop\TY - Sem 1\EDI\venv\Lib\site-packages\django\template\base.py", line 1008, in render
    return SafeString("".join([node.render_annotated(context) for node in self]))
                              ^^^^^^^^^^^^^^^^^^^^^^^^^^^^^^^^^^^^^^^^^^^^^^^^^
  File "C:\Users\athar\OneDrive\Desktop\TY - Sem 1\EDI\venv\Lib\site-packages\django\template\base.py", line 1008, in <listcomp>
    return SafeString("".join([node.render_annotated(context) for node in self]))
                               ^^^^^^^^^^^^^^^^^^^^^^^^^^^^^^
  File "C:\Users\athar\OneDrive\Desktop\TY - Sem 1\EDI\venv\Lib\site-packages\django\template\base.py", line 969, in render_annotated
    return self.render(context)
           ^^^^^^^^^^^^^^^^^^^^
  File "C:\Users\athar\OneDrive\Desktop\TY - Sem 1\EDI\venv\Lib\site-packages\django\template\defaulttags.py", line 480, in render
    url = reverse(view_name, args=args, kwargs=kwargs, current_app=current_app)
          ^^^^^^^^^^^^^^^^^^^^^^^^^^^^^^^^^^^^^^^^^^^^^^^^^^^^^^^^^^^^^^^^^^^^^
  File "C:\Users\athar\OneDrive\Desktop\TY - Sem 1\EDI\venv\Lib\site-packages\django\urls\base.py", line 82, in reverse
    raise NoReverseMatch("%s is not a registered namespace" % key)
django.urls.exceptions.NoReverseMatch: 'parking_app_api' is not a registered namespace
INFO 2025-10-13 13:32:56,693 basehttp 23484 17940 - Broken pipe from ('127.0.0.1', 52367)
ERROR 2025-10-13 13:32:56,854 log 23484 8640 Internal Server Error: /
Traceback (most recent call last):
  File "C:\Users\athar\OneDrive\Desktop\TY - Sem 1\EDI\venv\Lib\site-packages\django\urls\base.py", line 71, in reverse
    extra, resolver = resolver.namespace_dict[ns]
                      ~~~~~~~~~~~~~~~~~~~~~~~^^^^
KeyError: 'parking_app_api'

During handling of the above exception, another exception occurred:

Traceback (most recent call last):
  File "C:\Users\athar\OneDrive\Desktop\TY - Sem 1\EDI\venv\Lib\site-packages\django\core\handlers\exception.py", line 55, in inner
    response = get_response(request)
               ^^^^^^^^^^^^^^^^^^^^^
  File "C:\Users\athar\OneDrive\Desktop\TY - Sem 1\EDI\venv\Lib\site-packages\django\core\handlers\base.py", line 197, in _get_response
    response = wrapped_callback(request, *callback_args, **callback_kwargs)
               ^^^^^^^^^^^^^^^^^^^^^^^^^^^^^^^^^^^^^^^^^^^^^^^^^^^^^^^^^^^^
  File "C:\Users\athar\OneDrive\Desktop\TY - Sem 1\EDI\parking-system\dashboard\parking_app\views.py", line 66, in dashboard
    return render(request, 'dashboard/professional_dashboard.html', context)
           ^^^^^^^^^^^^^^^^^^^^^^^^^^^^^^^^^^^^^^^^^^^^^^^^^^^^^^^^^^^^^^^^^
  File "C:\Users\athar\OneDrive\Desktop\TY - Sem 1\EDI\venv\Lib\site-packages\django\shortcuts.py", line 25, in render
    content = loader.render_to_string(template_name, context, request, using=using)
              ^^^^^^^^^^^^^^^^^^^^^^^^^^^^^^^^^^^^^^^^^^^^^^^^^^^^^^^^^^^^^^^^^^^^^
  File "C:\Users\athar\OneDrive\Desktop\TY - Sem 1\EDI\venv\Lib\site-packages\django\template\loader.py", line 62, in render_to_string
    return template.render(context, request)
           ^^^^^^^^^^^^^^^^^^^^^^^^^^^^^^^^^
  File "C:\Users\athar\OneDrive\Desktop\TY - Sem 1\EDI\venv\Lib\site-packages\django\template\backends\django.py", line 107, in render
    return self.template.render(context)
           ^^^^^^^^^^^^^^^^^^^^^^^^^^^^^
  File "C:\Users\athar\OneDrive\Desktop\TY - Sem 1\EDI\venv\Lib\site-packages\django\template\base.py", line 171, in render
    return self._render(context)
           ^^^^^^^^^^^^^^^^^^^^^
  File "C:\Users\athar\OneDrive\Desktop\TY - Sem 1\EDI\venv\Lib\site-packages\django\template\base.py", line 163, in _render
    return self.nodelist.render(context)
           ^^^^^^^^^^^^^^^^^^^^^^^^^^^^^
  File "C:\Users\athar\OneDrive\Desktop\TY - Sem 1\EDI\venv\Lib\site-packages\django\template\base.py", line 1008, in render
    return SafeString("".join([node.render_annotated(context) for node in self]))
                              ^^^^^^^^^^^^^^^^^^^^^^^^^^^^^^^^^^^^^^^^^^^^^^^^^
  File "C:\Users\athar\OneDrive\Desktop\TY - Sem 1\EDI\venv\Lib\site-packages\django\template\base.py", line 1008, in <listcomp>
    return SafeString("".join([node.render_annotated(context) for node in self]))
                               ^^^^^^^^^^^^^^^^^^^^^^^^^^^^^^
  File "C:\Users\athar\OneDrive\Desktop\TY - Sem 1\EDI\venv\Lib\site-packages\django\template\base.py", line 969, in render_annotated
    return self.render(context)
           ^^^^^^^^^^^^^^^^^^^^
  File "C:\Users\athar\OneDrive\Desktop\TY - Sem 1\EDI\venv\Lib\site-packages\django\template\loader_tags.py", line 159, in render
    return compiled_parent._render(context)
           ^^^^^^^^^^^^^^^^^^^^^^^^^^^^^^^^
  File "C:\Users\athar\OneDrive\Desktop\TY - Sem 1\EDI\venv\Lib\site-packages\django\template\base.py", line 163, in _render
    return self.nodelist.render(context)
           ^^^^^^^^^^^^^^^^^^^^^^^^^^^^^
  File "C:\Users\athar\OneDrive\Desktop\TY - Sem 1\EDI\venv\Lib\site-packages\django\template\base.py", line 1008, in render
    return SafeString("".join([node.render_annotated(context) for node in self]))
                              ^^^^^^^^^^^^^^^^^^^^^^^^^^^^^^^^^^^^^^^^^^^^^^^^^
  File "C:\Users\athar\OneDrive\Desktop\TY - Sem 1\EDI\venv\Lib\site-packages\django\template\base.py", line 1008, in <listcomp>
    return SafeString("".join([node.render_annotated(context) for node in self]))
                               ^^^^^^^^^^^^^^^^^^^^^^^^^^^^^^
  File "C:\Users\athar\OneDrive\Desktop\TY - Sem 1\EDI\venv\Lib\site-packages\django\template\base.py", line 969, in render_annotated
    return self.render(context)
           ^^^^^^^^^^^^^^^^^^^^
  File "C:\Users\athar\OneDrive\Desktop\TY - Sem 1\EDI\venv\Lib\site-packages\django\template\loader_tags.py", line 65, in render
    result = block.nodelist.render(context)
             ^^^^^^^^^^^^^^^^^^^^^^^^^^^^^^
  File "C:\Users\athar\OneDrive\Desktop\TY - Sem 1\EDI\venv\Lib\site-packages\django\template\base.py", line 1008, in render
    return SafeString("".join([node.render_annotated(context) for node in self]))
                              ^^^^^^^^^^^^^^^^^^^^^^^^^^^^^^^^^^^^^^^^^^^^^^^^^
  File "C:\Users\athar\OneDrive\Desktop\TY - Sem 1\EDI\venv\Lib\site-packages\django\template\base.py", line 1008, in <listcomp>
    return SafeString("".join([node.render_annotated(context) for node in self]))
                               ^^^^^^^^^^^^^^^^^^^^^^^^^^^^^^
  File "C:\Users\athar\OneDrive\Desktop\TY - Sem 1\EDI\venv\Lib\site-packages\django\template\base.py", line 969, in render_annotated
    return self.render(context)
           ^^^^^^^^^^^^^^^^^^^^
  File "C:\Users\athar\OneDrive\Desktop\TY - Sem 1\EDI\venv\Lib\site-packages\django\template\defaulttags.py", line 480, in render
    url = reverse(view_name, args=args, kwargs=kwargs, current_app=current_app)
          ^^^^^^^^^^^^^^^^^^^^^^^^^^^^^^^^^^^^^^^^^^^^^^^^^^^^^^^^^^^^^^^^^^^^^
  File "C:\Users\athar\OneDrive\Desktop\TY - Sem 1\EDI\venv\Lib\site-packages\django\urls\base.py", line 82, in reverse
    raise NoReverseMatch("%s is not a registered namespace" % key)
django.urls.exceptions.NoReverseMatch: 'parking_app_api' is not a registered namespace
ERROR 2025-10-13 13:32:56,858 basehttp 23484 8640 "GET / HTTP/1.1" 500 200635
INFO 2025-10-13 13:32:56,939 basehttp 23484 8640 "GET /favicon.ico HTTP/1.1" 301 0
WARNING 2025-10-13 13:32:56,951 basehttp 23484 8640 "GET /static/img/favicon.ico HTTP/1.1" 404 1972
ERROR 2025-10-13 13:33:12,050 log 23484 22812 Internal Server Error: /
Traceback (most recent call last):
  File "C:\Users\athar\OneDrive\Desktop\TY - Sem 1\EDI\venv\Lib\site-packages\django\urls\base.py", line 71, in reverse
    extra, resolver = resolver.namespace_dict[ns]
                      ~~~~~~~~~~~~~~~~~~~~~~~^^^^
KeyError: 'parking_app_api'

During handling of the above exception, another exception occurred:

Traceback (most recent call last):
  File "C:\Users\athar\OneDrive\Desktop\TY - Sem 1\EDI\venv\Lib\site-packages\django\core\handlers\exception.py", line 55, in inner
    response = get_response(request)
               ^^^^^^^^^^^^^^^^^^^^^
  File "C:\Users\athar\OneDrive\Desktop\TY - Sem 1\EDI\venv\Lib\site-packages\django\core\handlers\base.py", line 197, in _get_response
    response = wrapped_callback(request, *callback_args, **callback_kwargs)
               ^^^^^^^^^^^^^^^^^^^^^^^^^^^^^^^^^^^^^^^^^^^^^^^^^^^^^^^^^^^^
  File "C:\Users\athar\OneDrive\Desktop\TY - Sem 1\EDI\parking-system\dashboard\parking_app\views.py", line 66, in dashboard
    return render(request, 'dashboard/professional_dashboard.html', context)
           ^^^^^^^^^^^^^^^^^^^^^^^^^^^^^^^^^^^^^^^^^^^^^^^^^^^^^^^^^^^^^^^^^
  File "C:\Users\athar\OneDrive\Desktop\TY - Sem 1\EDI\venv\Lib\site-packages\django\shortcuts.py", line 25, in render
    content = loader.render_to_string(template_name, context, request, using=using)
              ^^^^^^^^^^^^^^^^^^^^^^^^^^^^^^^^^^^^^^^^^^^^^^^^^^^^^^^^^^^^^^^^^^^^^
  File "C:\Users\athar\OneDrive\Desktop\TY - Sem 1\EDI\venv\Lib\site-packages\django\template\loader.py", line 62, in render_to_string
    return template.render(context, request)
           ^^^^^^^^^^^^^^^^^^^^^^^^^^^^^^^^^
  File "C:\Users\athar\OneDrive\Desktop\TY - Sem 1\EDI\venv\Lib\site-packages\django\template\backends\django.py", line 107, in render
    return self.template.render(context)
           ^^^^^^^^^^^^^^^^^^^^^^^^^^^^^
  File "C:\Users\athar\OneDrive\Desktop\TY - Sem 1\EDI\venv\Lib\site-packages\django\template\base.py", line 171, in render
    return self._render(context)
           ^^^^^^^^^^^^^^^^^^^^^
  File "C:\Users\athar\OneDrive\Desktop\TY - Sem 1\EDI\venv\Lib\site-packages\django\template\base.py", line 163, in _render
    return self.nodelist.render(context)
           ^^^^^^^^^^^^^^^^^^^^^^^^^^^^^
  File "C:\Users\athar\OneDrive\Desktop\TY - Sem 1\EDI\venv\Lib\site-packages\django\template\base.py", line 1008, in render
    return SafeString("".join([node.render_annotated(context) for node in self]))
                              ^^^^^^^^^^^^^^^^^^^^^^^^^^^^^^^^^^^^^^^^^^^^^^^^^
  File "C:\Users\athar\OneDrive\Desktop\TY - Sem 1\EDI\venv\Lib\site-packages\django\template\base.py", line 1008, in <listcomp>
    return SafeString("".join([node.render_annotated(context) for node in self]))
                               ^^^^^^^^^^^^^^^^^^^^^^^^^^^^^^
  File "C:\Users\athar\OneDrive\Desktop\TY - Sem 1\EDI\venv\Lib\site-packages\django\template\base.py", line 969, in render_annotated
    return self.render(context)
           ^^^^^^^^^^^^^^^^^^^^
  File "C:\Users\athar\OneDrive\Desktop\TY - Sem 1\EDI\venv\Lib\site-packages\django\template\loader_tags.py", line 159, in render
    return compiled_parent._render(context)
           ^^^^^^^^^^^^^^^^^^^^^^^^^^^^^^^^
  File "C:\Users\athar\OneDrive\Desktop\TY - Sem 1\EDI\venv\Lib\site-packages\django\template\base.py", line 163, in _render
    return self.nodelist.render(context)
           ^^^^^^^^^^^^^^^^^^^^^^^^^^^^^
  File "C:\Users\athar\OneDrive\Desktop\TY - Sem 1\EDI\venv\Lib\site-packages\django\template\base.py", line 1008, in render
    return SafeString("".join([node.render_annotated(context) for node in self]))
                              ^^^^^^^^^^^^^^^^^^^^^^^^^^^^^^^^^^^^^^^^^^^^^^^^^
  File "C:\Users\athar\OneDrive\Desktop\TY - Sem 1\EDI\venv\Lib\site-packages\django\template\base.py", line 1008, in <listcomp>
    return SafeString("".join([node.render_annotated(context) for node in self]))
                               ^^^^^^^^^^^^^^^^^^^^^^^^^^^^^^
  File "C:\Users\athar\OneDrive\Desktop\TY - Sem 1\EDI\venv\Lib\site-packages\django\template\base.py", line 969, in render_annotated
    return self.render(context)
           ^^^^^^^^^^^^^^^^^^^^
  File "C:\Users\athar\OneDrive\Desktop\TY - Sem 1\EDI\venv\Lib\site-packages\django\template\loader_tags.py", line 65, in render
    result = block.nodelist.render(context)
             ^^^^^^^^^^^^^^^^^^^^^^^^^^^^^^
  File "C:\Users\athar\OneDrive\Desktop\TY - Sem 1\EDI\venv\Lib\site-packages\django\template\base.py", line 1008, in render
    return SafeString("".join([node.render_annotated(context) for node in self]))
                              ^^^^^^^^^^^^^^^^^^^^^^^^^^^^^^^^^^^^^^^^^^^^^^^^^
  File "C:\Users\athar\OneDrive\Desktop\TY - Sem 1\EDI\venv\Lib\site-packages\django\template\base.py", line 1008, in <listcomp>
    return SafeString("".join([node.render_annotated(context) for node in self]))
                               ^^^^^^^^^^^^^^^^^^^^^^^^^^^^^^
  File "C:\Users\athar\OneDrive\Desktop\TY - Sem 1\EDI\venv\Lib\site-packages\django\template\base.py", line 969, in render_annotated
    return self.render(context)
           ^^^^^^^^^^^^^^^^^^^^
  File "C:\Users\athar\OneDrive\Desktop\TY - Sem 1\EDI\venv\Lib\site-packages\django\template\defaulttags.py", line 480, in render
    url = reverse(view_name, args=args, kwargs=kwargs, current_app=current_app)
          ^^^^^^^^^^^^^^^^^^^^^^^^^^^^^^^^^^^^^^^^^^^^^^^^^^^^^^^^^^^^^^^^^^^^^
  File "C:\Users\athar\OneDrive\Desktop\TY - Sem 1\EDI\venv\Lib\site-packages\django\urls\base.py", line 82, in reverse
    raise NoReverseMatch("%s is not a registered namespace" % key)
django.urls.exceptions.NoReverseMatch: 'parking_app_api' is not a registered namespace
ERROR 2025-10-13 13:33:12,055 basehttp 23484 22812 "GET / HTTP/1.1" 500 200507
ERROR 2025-10-13 13:33:14,188 log 23484 22812 Internal Server Error: /
Traceback (most recent call last):
  File "C:\Users\athar\OneDrive\Desktop\TY - Sem 1\EDI\venv\Lib\site-packages\django\urls\base.py", line 71, in reverse
    extra, resolver = resolver.namespace_dict[ns]
                      ~~~~~~~~~~~~~~~~~~~~~~~^^^^
KeyError: 'parking_app_api'

During handling of the above exception, another exception occurred:

Traceback (most recent call last):
  File "C:\Users\athar\OneDrive\Desktop\TY - Sem 1\EDI\venv\Lib\site-packages\django\core\handlers\exception.py", line 55, in inner
    response = get_response(request)
               ^^^^^^^^^^^^^^^^^^^^^
  File "C:\Users\athar\OneDrive\Desktop\TY - Sem 1\EDI\venv\Lib\site-packages\django\core\handlers\base.py", line 197, in _get_response
    response = wrapped_callback(request, *callback_args, **callback_kwargs)
               ^^^^^^^^^^^^^^^^^^^^^^^^^^^^^^^^^^^^^^^^^^^^^^^^^^^^^^^^^^^^
  File "C:\Users\athar\OneDrive\Desktop\TY - Sem 1\EDI\parking-system\dashboard\parking_app\views.py", line 66, in dashboard
    return render(request, 'dashboard/professional_dashboard.html', context)
           ^^^^^^^^^^^^^^^^^^^^^^^^^^^^^^^^^^^^^^^^^^^^^^^^^^^^^^^^^^^^^^^^^
  File "C:\Users\athar\OneDrive\Desktop\TY - Sem 1\EDI\venv\Lib\site-packages\django\shortcuts.py", line 25, in render
    content = loader.render_to_string(template_name, context, request, using=using)
              ^^^^^^^^^^^^^^^^^^^^^^^^^^^^^^^^^^^^^^^^^^^^^^^^^^^^^^^^^^^^^^^^^^^^^
  File "C:\Users\athar\OneDrive\Desktop\TY - Sem 1\EDI\venv\Lib\site-packages\django\template\loader.py", line 62, in render_to_string
    return template.render(context, request)
           ^^^^^^^^^^^^^^^^^^^^^^^^^^^^^^^^^
  File "C:\Users\athar\OneDrive\Desktop\TY - Sem 1\EDI\venv\Lib\site-packages\django\template\backends\django.py", line 107, in render
    return self.template.render(context)
           ^^^^^^^^^^^^^^^^^^^^^^^^^^^^^
  File "C:\Users\athar\OneDrive\Desktop\TY - Sem 1\EDI\venv\Lib\site-packages\django\template\base.py", line 171, in render
    return self._render(context)
           ^^^^^^^^^^^^^^^^^^^^^
  File "C:\Users\athar\OneDrive\Desktop\TY - Sem 1\EDI\venv\Lib\site-packages\django\template\base.py", line 163, in _render
    return self.nodelist.render(context)
           ^^^^^^^^^^^^^^^^^^^^^^^^^^^^^
  File "C:\Users\athar\OneDrive\Desktop\TY - Sem 1\EDI\venv\Lib\site-packages\django\template\base.py", line 1008, in render
    return SafeString("".join([node.render_annotated(context) for node in self]))
                              ^^^^^^^^^^^^^^^^^^^^^^^^^^^^^^^^^^^^^^^^^^^^^^^^^
  File "C:\Users\athar\OneDrive\Desktop\TY - Sem 1\EDI\venv\Lib\site-packages\django\template\base.py", line 1008, in <listcomp>
    return SafeString("".join([node.render_annotated(context) for node in self]))
                               ^^^^^^^^^^^^^^^^^^^^^^^^^^^^^^
  File "C:\Users\athar\OneDrive\Desktop\TY - Sem 1\EDI\venv\Lib\site-packages\django\template\base.py", line 969, in render_annotated
    return self.render(context)
           ^^^^^^^^^^^^^^^^^^^^
  File "C:\Users\athar\OneDrive\Desktop\TY - Sem 1\EDI\venv\Lib\site-packages\django\template\loader_tags.py", line 159, in render
    return compiled_parent._render(context)
           ^^^^^^^^^^^^^^^^^^^^^^^^^^^^^^^^
  File "C:\Users\athar\OneDrive\Desktop\TY - Sem 1\EDI\venv\Lib\site-packages\django\template\base.py", line 163, in _render
    return self.nodelist.render(context)
           ^^^^^^^^^^^^^^^^^^^^^^^^^^^^^
  File "C:\Users\athar\OneDrive\Desktop\TY - Sem 1\EDI\venv\Lib\site-packages\django\template\base.py", line 1008, in render
    return SafeString("".join([node.render_annotated(context) for node in self]))
                              ^^^^^^^^^^^^^^^^^^^^^^^^^^^^^^^^^^^^^^^^^^^^^^^^^
  File "C:\Users\athar\OneDrive\Desktop\TY - Sem 1\EDI\venv\Lib\site-packages\django\template\base.py", line 1008, in <listcomp>
    return SafeString("".join([node.render_annotated(context) for node in self]))
                               ^^^^^^^^^^^^^^^^^^^^^^^^^^^^^^
  File "C:\Users\athar\OneDrive\Desktop\TY - Sem 1\EDI\venv\Lib\site-packages\django\template\base.py", line 969, in render_annotated
    return self.render(context)
           ^^^^^^^^^^^^^^^^^^^^
  File "C:\Users\athar\OneDrive\Desktop\TY - Sem 1\EDI\venv\Lib\site-packages\django\template\loader_tags.py", line 65, in render
    result = block.nodelist.render(context)
             ^^^^^^^^^^^^^^^^^^^^^^^^^^^^^^
  File "C:\Users\athar\OneDrive\Desktop\TY - Sem 1\EDI\venv\Lib\site-packages\django\template\base.py", line 1008, in render
    return SafeString("".join([node.render_annotated(context) for node in self]))
                              ^^^^^^^^^^^^^^^^^^^^^^^^^^^^^^^^^^^^^^^^^^^^^^^^^
  File "C:\Users\athar\OneDrive\Desktop\TY - Sem 1\EDI\venv\Lib\site-packages\django\template\base.py", line 1008, in <listcomp>
    return SafeString("".join([node.render_annotated(context) for node in self]))
                               ^^^^^^^^^^^^^^^^^^^^^^^^^^^^^^
  File "C:\Users\athar\OneDrive\Desktop\TY - Sem 1\EDI\venv\Lib\site-packages\django\template\base.py", line 969, in render_annotated
    return self.render(context)
           ^^^^^^^^^^^^^^^^^^^^
  File "C:\Users\athar\OneDrive\Desktop\TY - Sem 1\EDI\venv\Lib\site-packages\django\template\defaulttags.py", line 480, in render
    url = reverse(view_name, args=args, kwargs=kwargs, current_app=current_app)
          ^^^^^^^^^^^^^^^^^^^^^^^^^^^^^^^^^^^^^^^^^^^^^^^^^^^^^^^^^^^^^^^^^^^^^
  File "C:\Users\athar\OneDrive\Desktop\TY - Sem 1\EDI\venv\Lib\site-packages\django\urls\base.py", line 82, in reverse
    raise NoReverseMatch("%s is not a registered namespace" % key)
django.urls.exceptions.NoReverseMatch: 'parking_app_api' is not a registered namespace
INFO 2025-10-13 13:33:14,195 basehttp 23484 22812 - Broken pipe from ('127.0.0.1', 57220)
ERROR 2025-10-13 13:33:14,367 log 23484 4376 Internal Server Error: /
Traceback (most recent call last):
  File "C:\Users\athar\OneDrive\Desktop\TY - Sem 1\EDI\venv\Lib\site-packages\django\urls\base.py", line 71, in reverse
    extra, resolver = resolver.namespace_dict[ns]
                      ~~~~~~~~~~~~~~~~~~~~~~~^^^^
KeyError: 'parking_app_api'

During handling of the above exception, another exception occurred:

Traceback (most recent call last):
  File "C:\Users\athar\OneDrive\Desktop\TY - Sem 1\EDI\venv\Lib\site-packages\django\core\handlers\exception.py", line 55, in inner
    response = get_response(request)
               ^^^^^^^^^^^^^^^^^^^^^
  File "C:\Users\athar\OneDrive\Desktop\TY - Sem 1\EDI\venv\Lib\site-packages\django\core\handlers\base.py", line 197, in _get_response
    response = wrapped_callback(request, *callback_args, **callback_kwargs)
               ^^^^^^^^^^^^^^^^^^^^^^^^^^^^^^^^^^^^^^^^^^^^^^^^^^^^^^^^^^^^
  File "C:\Users\athar\OneDrive\Desktop\TY - Sem 1\EDI\parking-system\dashboard\parking_app\views.py", line 66, in dashboard
    return render(request, 'dashboard/professional_dashboard.html', context)
           ^^^^^^^^^^^^^^^^^^^^^^^^^^^^^^^^^^^^^^^^^^^^^^^^^^^^^^^^^^^^^^^^^
  File "C:\Users\athar\OneDrive\Desktop\TY - Sem 1\EDI\venv\Lib\site-packages\django\shortcuts.py", line 25, in render
    content = loader.render_to_string(template_name, context, request, using=using)
              ^^^^^^^^^^^^^^^^^^^^^^^^^^^^^^^^^^^^^^^^^^^^^^^^^^^^^^^^^^^^^^^^^^^^^
  File "C:\Users\athar\OneDrive\Desktop\TY - Sem 1\EDI\venv\Lib\site-packages\django\template\loader.py", line 62, in render_to_string
    return template.render(context, request)
           ^^^^^^^^^^^^^^^^^^^^^^^^^^^^^^^^^
  File "C:\Users\athar\OneDrive\Desktop\TY - Sem 1\EDI\venv\Lib\site-packages\django\template\backends\django.py", line 107, in render
    return self.template.render(context)
           ^^^^^^^^^^^^^^^^^^^^^^^^^^^^^
  File "C:\Users\athar\OneDrive\Desktop\TY - Sem 1\EDI\venv\Lib\site-packages\django\template\base.py", line 171, in render
    return self._render(context)
           ^^^^^^^^^^^^^^^^^^^^^
  File "C:\Users\athar\OneDrive\Desktop\TY - Sem 1\EDI\venv\Lib\site-packages\django\template\base.py", line 163, in _render
    return self.nodelist.render(context)
           ^^^^^^^^^^^^^^^^^^^^^^^^^^^^^
  File "C:\Users\athar\OneDrive\Desktop\TY - Sem 1\EDI\venv\Lib\site-packages\django\template\base.py", line 1008, in render
    return SafeString("".join([node.render_annotated(context) for node in self]))
                              ^^^^^^^^^^^^^^^^^^^^^^^^^^^^^^^^^^^^^^^^^^^^^^^^^
  File "C:\Users\athar\OneDrive\Desktop\TY - Sem 1\EDI\venv\Lib\site-packages\django\template\base.py", line 1008, in <listcomp>
    return SafeString("".join([node.render_annotated(context) for node in self]))
                               ^^^^^^^^^^^^^^^^^^^^^^^^^^^^^^
  File "C:\Users\athar\OneDrive\Desktop\TY - Sem 1\EDI\venv\Lib\site-packages\django\template\base.py", line 969, in render_annotated
    return self.render(context)
           ^^^^^^^^^^^^^^^^^^^^
  File "C:\Users\athar\OneDrive\Desktop\TY - Sem 1\EDI\venv\Lib\site-packages\django\template\loader_tags.py", line 159, in render
    return compiled_parent._render(context)
           ^^^^^^^^^^^^^^^^^^^^^^^^^^^^^^^^
  File "C:\Users\athar\OneDrive\Desktop\TY - Sem 1\EDI\venv\Lib\site-packages\django\template\base.py", line 163, in _render
    return self.nodelist.render(context)
           ^^^^^^^^^^^^^^^^^^^^^^^^^^^^^
  File "C:\Users\athar\OneDrive\Desktop\TY - Sem 1\EDI\venv\Lib\site-packages\django\template\base.py", line 1008, in render
    return SafeString("".join([node.render_annotated(context) for node in self]))
                              ^^^^^^^^^^^^^^^^^^^^^^^^^^^^^^^^^^^^^^^^^^^^^^^^^
  File "C:\Users\athar\OneDrive\Desktop\TY - Sem 1\EDI\venv\Lib\site-packages\django\template\base.py", line 1008, in <listcomp>
    return SafeString("".join([node.render_annotated(context) for node in self]))
                               ^^^^^^^^^^^^^^^^^^^^^^^^^^^^^^
  File "C:\Users\athar\OneDrive\Desktop\TY - Sem 1\EDI\venv\Lib\site-packages\django\template\base.py", line 969, in render_annotated
    return self.render(context)
           ^^^^^^^^^^^^^^^^^^^^
  File "C:\Users\athar\OneDrive\Desktop\TY - Sem 1\EDI\venv\Lib\site-packages\django\template\loader_tags.py", line 65, in render
    result = block.nodelist.render(context)
             ^^^^^^^^^^^^^^^^^^^^^^^^^^^^^^
  File "C:\Users\athar\OneDrive\Desktop\TY - Sem 1\EDI\venv\Lib\site-packages\django\template\base.py", line 1008, in render
    return SafeString("".join([node.render_annotated(context) for node in self]))
                              ^^^^^^^^^^^^^^^^^^^^^^^^^^^^^^^^^^^^^^^^^^^^^^^^^
  File "C:\Users\athar\OneDrive\Desktop\TY - Sem 1\EDI\venv\Lib\site-packages\django\template\base.py", line 1008, in <listcomp>
    return SafeString("".join([node.render_annotated(context) for node in self]))
                               ^^^^^^^^^^^^^^^^^^^^^^^^^^^^^^
  File "C:\Users\athar\OneDrive\Desktop\TY - Sem 1\EDI\venv\Lib\site-packages\django\template\base.py", line 969, in render_annotated
    return self.render(context)
           ^^^^^^^^^^^^^^^^^^^^
  File "C:\Users\athar\OneDrive\Desktop\TY - Sem 1\EDI\venv\Lib\site-packages\django\template\defaulttags.py", line 480, in render
    url = reverse(view_name, args=args, kwargs=kwargs, current_app=current_app)
          ^^^^^^^^^^^^^^^^^^^^^^^^^^^^^^^^^^^^^^^^^^^^^^^^^^^^^^^^^^^^^^^^^^^^^
  File "C:\Users\athar\OneDrive\Desktop\TY - Sem 1\EDI\venv\Lib\site-packages\django\urls\base.py", line 82, in reverse
    raise NoReverseMatch("%s is not a registered namespace" % key)
django.urls.exceptions.NoReverseMatch: 'parking_app_api' is not a registered namespace
ERROR 2025-10-13 13:33:14,372 basehttp 23484 4376 "GET / HTTP/1.1" 500 200635
INFO 2025-10-13 13:33:14,449 basehttp 23484 4376 "GET /favicon.ico HTTP/1.1" 301 0
WARNING 2025-10-13 13:33:14,456 basehttp 23484 4376 "GET /static/img/favicon.ico HTTP/1.1" 404 1972
INFO 2025-10-13 13:33:25,973 autoreload 17120 15092 Watching for file changes with StatReloader
ERROR 2025-10-13 13:33:29,505 log 17120 23848 Internal Server Error: /
Traceback (most recent call last):
  File "C:\Users\athar\OneDrive\Desktop\TY - Sem 1\EDI\venv\Lib\site-packages\django\urls\base.py", line 71, in reverse
    extra, resolver = resolver.namespace_dict[ns]
                      ~~~~~~~~~~~~~~~~~~~~~~~^^^^
KeyError: 'parking_app_api'

During handling of the above exception, another exception occurred:

Traceback (most recent call last):
  File "C:\Users\athar\OneDrive\Desktop\TY - Sem 1\EDI\venv\Lib\site-packages\django\core\handlers\exception.py", line 55, in inner
    response = get_response(request)
               ^^^^^^^^^^^^^^^^^^^^^
  File "C:\Users\athar\OneDrive\Desktop\TY - Sem 1\EDI\venv\Lib\site-packages\django\core\handlers\base.py", line 197, in _get_response
    response = wrapped_callback(request, *callback_args, **callback_kwargs)
               ^^^^^^^^^^^^^^^^^^^^^^^^^^^^^^^^^^^^^^^^^^^^^^^^^^^^^^^^^^^^
  File "C:\Users\athar\OneDrive\Desktop\TY - Sem 1\EDI\parking-system\dashboard\parking_app\views.py", line 66, in dashboard
    return render(request, 'dashboard/professional_dashboard.html', context)
           ^^^^^^^^^^^^^^^^^^^^^^^^^^^^^^^^^^^^^^^^^^^^^^^^^^^^^^^^^^^^^^^^^
  File "C:\Users\athar\OneDrive\Desktop\TY - Sem 1\EDI\venv\Lib\site-packages\django\shortcuts.py", line 25, in render
    content = loader.render_to_string(template_name, context, request, using=using)
              ^^^^^^^^^^^^^^^^^^^^^^^^^^^^^^^^^^^^^^^^^^^^^^^^^^^^^^^^^^^^^^^^^^^^^
  File "C:\Users\athar\OneDrive\Desktop\TY - Sem 1\EDI\venv\Lib\site-packages\django\template\loader.py", line 62, in render_to_string
    return template.render(context, request)
           ^^^^^^^^^^^^^^^^^^^^^^^^^^^^^^^^^
  File "C:\Users\athar\OneDrive\Desktop\TY - Sem 1\EDI\venv\Lib\site-packages\django\template\backends\django.py", line 107, in render
    return self.template.render(context)
           ^^^^^^^^^^^^^^^^^^^^^^^^^^^^^
  File "C:\Users\athar\OneDrive\Desktop\TY - Sem 1\EDI\venv\Lib\site-packages\django\template\base.py", line 171, in render
    return self._render(context)
           ^^^^^^^^^^^^^^^^^^^^^
  File "C:\Users\athar\OneDrive\Desktop\TY - Sem 1\EDI\venv\Lib\site-packages\django\template\base.py", line 163, in _render
    return self.nodelist.render(context)
           ^^^^^^^^^^^^^^^^^^^^^^^^^^^^^
  File "C:\Users\athar\OneDrive\Desktop\TY - Sem 1\EDI\venv\Lib\site-packages\django\template\base.py", line 1008, in render
    return SafeString("".join([node.render_annotated(context) for node in self]))
                              ^^^^^^^^^^^^^^^^^^^^^^^^^^^^^^^^^^^^^^^^^^^^^^^^^
  File "C:\Users\athar\OneDrive\Desktop\TY - Sem 1\EDI\venv\Lib\site-packages\django\template\base.py", line 1008, in <listcomp>
    return SafeString("".join([node.render_annotated(context) for node in self]))
                               ^^^^^^^^^^^^^^^^^^^^^^^^^^^^^^
  File "C:\Users\athar\OneDrive\Desktop\TY - Sem 1\EDI\venv\Lib\site-packages\django\template\base.py", line 969, in render_annotated
    return self.render(context)
           ^^^^^^^^^^^^^^^^^^^^
  File "C:\Users\athar\OneDrive\Desktop\TY - Sem 1\EDI\venv\Lib\site-packages\django\template\loader_tags.py", line 159, in render
    return compiled_parent._render(context)
           ^^^^^^^^^^^^^^^^^^^^^^^^^^^^^^^^
  File "C:\Users\athar\OneDrive\Desktop\TY - Sem 1\EDI\venv\Lib\site-packages\django\template\base.py", line 163, in _render
    return self.nodelist.render(context)
           ^^^^^^^^^^^^^^^^^^^^^^^^^^^^^
  File "C:\Users\athar\OneDrive\Desktop\TY - Sem 1\EDI\venv\Lib\site-packages\django\template\base.py", line 1008, in render
    return SafeString("".join([node.render_annotated(context) for node in self]))
                              ^^^^^^^^^^^^^^^^^^^^^^^^^^^^^^^^^^^^^^^^^^^^^^^^^
  File "C:\Users\athar\OneDrive\Desktop\TY - Sem 1\EDI\venv\Lib\site-packages\django\template\base.py", line 1008, in <listcomp>
    return SafeString("".join([node.render_annotated(context) for node in self]))
                               ^^^^^^^^^^^^^^^^^^^^^^^^^^^^^^
  File "C:\Users\athar\OneDrive\Desktop\TY - Sem 1\EDI\venv\Lib\site-packages\django\template\base.py", line 969, in render_annotated
    return self.render(context)
           ^^^^^^^^^^^^^^^^^^^^
  File "C:\Users\athar\OneDrive\Desktop\TY - Sem 1\EDI\venv\Lib\site-packages\django\template\loader_tags.py", line 65, in render
    result = block.nodelist.render(context)
             ^^^^^^^^^^^^^^^^^^^^^^^^^^^^^^
  File "C:\Users\athar\OneDrive\Desktop\TY - Sem 1\EDI\venv\Lib\site-packages\django\template\base.py", line 1008, in render
    return SafeString("".join([node.render_annotated(context) for node in self]))
                              ^^^^^^^^^^^^^^^^^^^^^^^^^^^^^^^^^^^^^^^^^^^^^^^^^
  File "C:\Users\athar\OneDrive\Desktop\TY - Sem 1\EDI\venv\Lib\site-packages\django\template\base.py", line 1008, in <listcomp>
    return SafeString("".join([node.render_annotated(context) for node in self]))
                               ^^^^^^^^^^^^^^^^^^^^^^^^^^^^^^
  File "C:\Users\athar\OneDrive\Desktop\TY - Sem 1\EDI\venv\Lib\site-packages\django\template\base.py", line 969, in render_annotated
    return self.render(context)
           ^^^^^^^^^^^^^^^^^^^^
  File "C:\Users\athar\OneDrive\Desktop\TY - Sem 1\EDI\venv\Lib\site-packages\django\template\defaulttags.py", line 480, in render
    url = reverse(view_name, args=args, kwargs=kwargs, current_app=current_app)
          ^^^^^^^^^^^^^^^^^^^^^^^^^^^^^^^^^^^^^^^^^^^^^^^^^^^^^^^^^^^^^^^^^^^^^
  File "C:\Users\athar\OneDrive\Desktop\TY - Sem 1\EDI\venv\Lib\site-packages\django\urls\base.py", line 82, in reverse
    raise NoReverseMatch("%s is not a registered namespace" % key)
django.urls.exceptions.NoReverseMatch: 'parking_app_api' is not a registered namespace
ERROR 2025-10-13 13:33:29,511 basehttp 17120 23848 "GET / HTTP/1.1" 500 200209
INFO 2025-10-13 13:34:08,909 autoreload 17120 15092 C:\Users\athar\OneDrive\Desktop\TY - Sem 1\EDI\parking-system\dashboard\parking_app\urls.py changed, reloading.
INFO 2025-10-13 13:34:10,065 autoreload 6484 22208 Watching for file changes with StatReloader
ERROR 2025-10-13 13:35:50,505 log 6484 19396 Internal Server Error: /
Traceback (most recent call last):
  File "C:\Users\athar\OneDrive\Desktop\TY - Sem 1\EDI\venv\Lib\site-packages\django\urls\base.py", line 71, in reverse
    extra, resolver = resolver.namespace_dict[ns]
                      ~~~~~~~~~~~~~~~~~~~~~~~^^^^
KeyError: 'parking_app_api'

During handling of the above exception, another exception occurred:

Traceback (most recent call last):
  File "C:\Users\athar\OneDrive\Desktop\TY - Sem 1\EDI\venv\Lib\site-packages\django\core\handlers\exception.py", line 55, in inner
    response = get_response(request)
               ^^^^^^^^^^^^^^^^^^^^^
  File "C:\Users\athar\OneDrive\Desktop\TY - Sem 1\EDI\venv\Lib\site-packages\django\core\handlers\base.py", line 197, in _get_response
    response = wrapped_callback(request, *callback_args, **callback_kwargs)
               ^^^^^^^^^^^^^^^^^^^^^^^^^^^^^^^^^^^^^^^^^^^^^^^^^^^^^^^^^^^^
  File "C:\Users\athar\OneDrive\Desktop\TY - Sem 1\EDI\parking-system\dashboard\parking_app\views.py", line 66, in dashboard
    return render(request, 'dashboard/professional_dashboard.html', context)
           ^^^^^^^^^^^^^^^^^^^^^^^^^^^^^^^^^^^^^^^^^^^^^^^^^^^^^^^^^^^^^^^^^
  File "C:\Users\athar\OneDrive\Desktop\TY - Sem 1\EDI\venv\Lib\site-packages\django\shortcuts.py", line 25, in render
    content = loader.render_to_string(template_name, context, request, using=using)
              ^^^^^^^^^^^^^^^^^^^^^^^^^^^^^^^^^^^^^^^^^^^^^^^^^^^^^^^^^^^^^^^^^^^^^
  File "C:\Users\athar\OneDrive\Desktop\TY - Sem 1\EDI\venv\Lib\site-packages\django\template\loader.py", line 62, in render_to_string
    return template.render(context, request)
           ^^^^^^^^^^^^^^^^^^^^^^^^^^^^^^^^^
  File "C:\Users\athar\OneDrive\Desktop\TY - Sem 1\EDI\venv\Lib\site-packages\django\template\backends\django.py", line 107, in render
    return self.template.render(context)
           ^^^^^^^^^^^^^^^^^^^^^^^^^^^^^
  File "C:\Users\athar\OneDrive\Desktop\TY - Sem 1\EDI\venv\Lib\site-packages\django\template\base.py", line 171, in render
    return self._render(context)
           ^^^^^^^^^^^^^^^^^^^^^
  File "C:\Users\athar\OneDrive\Desktop\TY - Sem 1\EDI\venv\Lib\site-packages\django\template\base.py", line 163, in _render
    return self.nodelist.render(context)
           ^^^^^^^^^^^^^^^^^^^^^^^^^^^^^
  File "C:\Users\athar\OneDrive\Desktop\TY - Sem 1\EDI\venv\Lib\site-packages\django\template\base.py", line 1008, in render
    return SafeString("".join([node.render_annotated(context) for node in self]))
                              ^^^^^^^^^^^^^^^^^^^^^^^^^^^^^^^^^^^^^^^^^^^^^^^^^
  File "C:\Users\athar\OneDrive\Desktop\TY - Sem 1\EDI\venv\Lib\site-packages\django\template\base.py", line 1008, in <listcomp>
    return SafeString("".join([node.render_annotated(context) for node in self]))
                               ^^^^^^^^^^^^^^^^^^^^^^^^^^^^^^
  File "C:\Users\athar\OneDrive\Desktop\TY - Sem 1\EDI\venv\Lib\site-packages\django\template\base.py", line 969, in render_annotated
    return self.render(context)
           ^^^^^^^^^^^^^^^^^^^^
  File "C:\Users\athar\OneDrive\Desktop\TY - Sem 1\EDI\venv\Lib\site-packages\django\template\loader_tags.py", line 159, in render
    return compiled_parent._render(context)
           ^^^^^^^^^^^^^^^^^^^^^^^^^^^^^^^^
  File "C:\Users\athar\OneDrive\Desktop\TY - Sem 1\EDI\venv\Lib\site-packages\django\template\base.py", line 163, in _render
    return self.nodelist.render(context)
           ^^^^^^^^^^^^^^^^^^^^^^^^^^^^^
  File "C:\Users\athar\OneDrive\Desktop\TY - Sem 1\EDI\venv\Lib\site-packages\django\template\base.py", line 1008, in render
    return SafeString("".join([node.render_annotated(context) for node in self]))
                              ^^^^^^^^^^^^^^^^^^^^^^^^^^^^^^^^^^^^^^^^^^^^^^^^^
  File "C:\Users\athar\OneDrive\Desktop\TY - Sem 1\EDI\venv\Lib\site-packages\django\template\base.py", line 1008, in <listcomp>
    return SafeString("".join([node.render_annotated(context) for node in self]))
                               ^^^^^^^^^^^^^^^^^^^^^^^^^^^^^^
  File "C:\Users\athar\OneDrive\Desktop\TY - Sem 1\EDI\venv\Lib\site-packages\django\template\base.py", line 969, in render_annotated
    return self.render(context)
           ^^^^^^^^^^^^^^^^^^^^
  File "C:\Users\athar\OneDrive\Desktop\TY - Sem 1\EDI\venv\Lib\site-packages\django\template\loader_tags.py", line 65, in render
    result = block.nodelist.render(context)
             ^^^^^^^^^^^^^^^^^^^^^^^^^^^^^^
  File "C:\Users\athar\OneDrive\Desktop\TY - Sem 1\EDI\venv\Lib\site-packages\django\template\base.py", line 1008, in render
    return SafeString("".join([node.render_annotated(context) for node in self]))
                              ^^^^^^^^^^^^^^^^^^^^^^^^^^^^^^^^^^^^^^^^^^^^^^^^^
  File "C:\Users\athar\OneDrive\Desktop\TY - Sem 1\EDI\venv\Lib\site-packages\django\template\base.py", line 1008, in <listcomp>
    return SafeString("".join([node.render_annotated(context) for node in self]))
                               ^^^^^^^^^^^^^^^^^^^^^^^^^^^^^^
  File "C:\Users\athar\OneDrive\Desktop\TY - Sem 1\EDI\venv\Lib\site-packages\django\template\base.py", line 969, in render_annotated
    return self.render(context)
           ^^^^^^^^^^^^^^^^^^^^
  File "C:\Users\athar\OneDrive\Desktop\TY - Sem 1\EDI\venv\Lib\site-packages\django\template\defaulttags.py", line 480, in render
    url = reverse(view_name, args=args, kwargs=kwargs, current_app=current_app)
          ^^^^^^^^^^^^^^^^^^^^^^^^^^^^^^^^^^^^^^^^^^^^^^^^^^^^^^^^^^^^^^^^^^^^^
  File "C:\Users\athar\OneDrive\Desktop\TY - Sem 1\EDI\venv\Lib\site-packages\django\urls\base.py", line 82, in reverse
    raise NoReverseMatch("%s is not a registered namespace" % key)
django.urls.exceptions.NoReverseMatch: 'parking_app_api' is not a registered namespace
ERROR 2025-10-13 13:35:50,517 basehttp 6484 19396 "GET / HTTP/1.1" 500 200346
ERROR 2025-10-13 13:35:51,405 log 6484 19396 Internal Server Error: /
Traceback (most recent call last):
  File "C:\Users\athar\OneDrive\Desktop\TY - Sem 1\EDI\venv\Lib\site-packages\django\urls\base.py", line 71, in reverse
    extra, resolver = resolver.namespace_dict[ns]
                      ~~~~~~~~~~~~~~~~~~~~~~~^^^^
KeyError: 'parking_app_api'

During handling of the above exception, another exception occurred:

Traceback (most recent call last):
  File "C:\Users\athar\OneDrive\Desktop\TY - Sem 1\EDI\venv\Lib\site-packages\django\core\handlers\exception.py", line 55, in inner
    response = get_response(request)
               ^^^^^^^^^^^^^^^^^^^^^
  File "C:\Users\athar\OneDrive\Desktop\TY - Sem 1\EDI\venv\Lib\site-packages\django\core\handlers\base.py", line 197, in _get_response
    response = wrapped_callback(request, *callback_args, **callback_kwargs)
               ^^^^^^^^^^^^^^^^^^^^^^^^^^^^^^^^^^^^^^^^^^^^^^^^^^^^^^^^^^^^
  File "C:\Users\athar\OneDrive\Desktop\TY - Sem 1\EDI\parking-system\dashboard\parking_app\views.py", line 66, in dashboard
    return render(request, 'dashboard/professional_dashboard.html', context)
           ^^^^^^^^^^^^^^^^^^^^^^^^^^^^^^^^^^^^^^^^^^^^^^^^^^^^^^^^^^^^^^^^^
  File "C:\Users\athar\OneDrive\Desktop\TY - Sem 1\EDI\venv\Lib\site-packages\django\shortcuts.py", line 25, in render
    content = loader.render_to_string(template_name, context, request, using=using)
              ^^^^^^^^^^^^^^^^^^^^^^^^^^^^^^^^^^^^^^^^^^^^^^^^^^^^^^^^^^^^^^^^^^^^^
  File "C:\Users\athar\OneDrive\Desktop\TY - Sem 1\EDI\venv\Lib\site-packages\django\template\loader.py", line 62, in render_to_string
    return template.render(context, request)
           ^^^^^^^^^^^^^^^^^^^^^^^^^^^^^^^^^
  File "C:\Users\athar\OneDrive\Desktop\TY - Sem 1\EDI\venv\Lib\site-packages\django\template\backends\django.py", line 107, in render
    return self.template.render(context)
           ^^^^^^^^^^^^^^^^^^^^^^^^^^^^^
  File "C:\Users\athar\OneDrive\Desktop\TY - Sem 1\EDI\venv\Lib\site-packages\django\template\base.py", line 171, in render
    return self._render(context)
           ^^^^^^^^^^^^^^^^^^^^^
  File "C:\Users\athar\OneDrive\Desktop\TY - Sem 1\EDI\venv\Lib\site-packages\django\template\base.py", line 163, in _render
    return self.nodelist.render(context)
           ^^^^^^^^^^^^^^^^^^^^^^^^^^^^^
  File "C:\Users\athar\OneDrive\Desktop\TY - Sem 1\EDI\venv\Lib\site-packages\django\template\base.py", line 1008, in render
    return SafeString("".join([node.render_annotated(context) for node in self]))
                              ^^^^^^^^^^^^^^^^^^^^^^^^^^^^^^^^^^^^^^^^^^^^^^^^^
  File "C:\Users\athar\OneDrive\Desktop\TY - Sem 1\EDI\venv\Lib\site-packages\django\template\base.py", line 1008, in <listcomp>
    return SafeString("".join([node.render_annotated(context) for node in self]))
                               ^^^^^^^^^^^^^^^^^^^^^^^^^^^^^^
  File "C:\Users\athar\OneDrive\Desktop\TY - Sem 1\EDI\venv\Lib\site-packages\django\template\base.py", line 969, in render_annotated
    return self.render(context)
           ^^^^^^^^^^^^^^^^^^^^
  File "C:\Users\athar\OneDrive\Desktop\TY - Sem 1\EDI\venv\Lib\site-packages\django\template\loader_tags.py", line 159, in render
    return compiled_parent._render(context)
           ^^^^^^^^^^^^^^^^^^^^^^^^^^^^^^^^
  File "C:\Users\athar\OneDrive\Desktop\TY - Sem 1\EDI\venv\Lib\site-packages\django\template\base.py", line 163, in _render
    return self.nodelist.render(context)
           ^^^^^^^^^^^^^^^^^^^^^^^^^^^^^
  File "C:\Users\athar\OneDrive\Desktop\TY - Sem 1\EDI\venv\Lib\site-packages\django\template\base.py", line 1008, in render
    return SafeString("".join([node.render_annotated(context) for node in self]))
                              ^^^^^^^^^^^^^^^^^^^^^^^^^^^^^^^^^^^^^^^^^^^^^^^^^
  File "C:\Users\athar\OneDrive\Desktop\TY - Sem 1\EDI\venv\Lib\site-packages\django\template\base.py", line 1008, in <listcomp>
    return SafeString("".join([node.render_annotated(context) for node in self]))
                               ^^^^^^^^^^^^^^^^^^^^^^^^^^^^^^
  File "C:\Users\athar\OneDrive\Desktop\TY - Sem 1\EDI\venv\Lib\site-packages\django\template\base.py", line 969, in render_annotated
    return self.render(context)
           ^^^^^^^^^^^^^^^^^^^^
  File "C:\Users\athar\OneDrive\Desktop\TY - Sem 1\EDI\venv\Lib\site-packages\django\template\loader_tags.py", line 65, in render
    result = block.nodelist.render(context)
             ^^^^^^^^^^^^^^^^^^^^^^^^^^^^^^
  File "C:\Users\athar\OneDrive\Desktop\TY - Sem 1\EDI\venv\Lib\site-packages\django\template\base.py", line 1008, in render
    return SafeString("".join([node.render_annotated(context) for node in self]))
                              ^^^^^^^^^^^^^^^^^^^^^^^^^^^^^^^^^^^^^^^^^^^^^^^^^
  File "C:\Users\athar\OneDrive\Desktop\TY - Sem 1\EDI\venv\Lib\site-packages\django\template\base.py", line 1008, in <listcomp>
    return SafeString("".join([node.render_annotated(context) for node in self]))
                               ^^^^^^^^^^^^^^^^^^^^^^^^^^^^^^
  File "C:\Users\athar\OneDrive\Desktop\TY - Sem 1\EDI\venv\Lib\site-packages\django\template\base.py", line 969, in render_annotated
    return self.render(context)
           ^^^^^^^^^^^^^^^^^^^^
  File "C:\Users\athar\OneDrive\Desktop\TY - Sem 1\EDI\venv\Lib\site-packages\django\template\defaulttags.py", line 480, in render
    url = reverse(view_name, args=args, kwargs=kwargs, current_app=current_app)
          ^^^^^^^^^^^^^^^^^^^^^^^^^^^^^^^^^^^^^^^^^^^^^^^^^^^^^^^^^^^^^^^^^^^^^
  File "C:\Users\athar\OneDrive\Desktop\TY - Sem 1\EDI\venv\Lib\site-packages\django\urls\base.py", line 82, in reverse
    raise NoReverseMatch("%s is not a registered namespace" % key)
django.urls.exceptions.NoReverseMatch: 'parking_app_api' is not a registered namespace
ERROR 2025-10-13 13:35:51,409 basehttp 6484 19396 "GET / HTTP/1.1" 500 200346
ERROR 2025-10-13 13:35:51,834 log 6484 19396 Internal Server Error: /
Traceback (most recent call last):
  File "C:\Users\athar\OneDrive\Desktop\TY - Sem 1\EDI\venv\Lib\site-packages\django\urls\base.py", line 71, in reverse
    extra, resolver = resolver.namespace_dict[ns]
                      ~~~~~~~~~~~~~~~~~~~~~~~^^^^
KeyError: 'parking_app_api'

During handling of the above exception, another exception occurred:

Traceback (most recent call last):
  File "C:\Users\athar\OneDrive\Desktop\TY - Sem 1\EDI\venv\Lib\site-packages\django\core\handlers\exception.py", line 55, in inner
    response = get_response(request)
               ^^^^^^^^^^^^^^^^^^^^^
  File "C:\Users\athar\OneDrive\Desktop\TY - Sem 1\EDI\venv\Lib\site-packages\django\core\handlers\base.py", line 197, in _get_response
    response = wrapped_callback(request, *callback_args, **callback_kwargs)
               ^^^^^^^^^^^^^^^^^^^^^^^^^^^^^^^^^^^^^^^^^^^^^^^^^^^^^^^^^^^^
  File "C:\Users\athar\OneDrive\Desktop\TY - Sem 1\EDI\parking-system\dashboard\parking_app\views.py", line 66, in dashboard
    return render(request, 'dashboard/professional_dashboard.html', context)
           ^^^^^^^^^^^^^^^^^^^^^^^^^^^^^^^^^^^^^^^^^^^^^^^^^^^^^^^^^^^^^^^^^
  File "C:\Users\athar\OneDrive\Desktop\TY - Sem 1\EDI\venv\Lib\site-packages\django\shortcuts.py", line 25, in render
    content = loader.render_to_string(template_name, context, request, using=using)
              ^^^^^^^^^^^^^^^^^^^^^^^^^^^^^^^^^^^^^^^^^^^^^^^^^^^^^^^^^^^^^^^^^^^^^
  File "C:\Users\athar\OneDrive\Desktop\TY - Sem 1\EDI\venv\Lib\site-packages\django\template\loader.py", line 62, in render_to_string
    return template.render(context, request)
           ^^^^^^^^^^^^^^^^^^^^^^^^^^^^^^^^^
  File "C:\Users\athar\OneDrive\Desktop\TY - Sem 1\EDI\venv\Lib\site-packages\django\template\backends\django.py", line 107, in render
    return self.template.render(context)
           ^^^^^^^^^^^^^^^^^^^^^^^^^^^^^
  File "C:\Users\athar\OneDrive\Desktop\TY - Sem 1\EDI\venv\Lib\site-packages\django\template\base.py", line 171, in render
    return self._render(context)
           ^^^^^^^^^^^^^^^^^^^^^
  File "C:\Users\athar\OneDrive\Desktop\TY - Sem 1\EDI\venv\Lib\site-packages\django\template\base.py", line 163, in _render
    return self.nodelist.render(context)
           ^^^^^^^^^^^^^^^^^^^^^^^^^^^^^
  File "C:\Users\athar\OneDrive\Desktop\TY - Sem 1\EDI\venv\Lib\site-packages\django\template\base.py", line 1008, in render
    return SafeString("".join([node.render_annotated(context) for node in self]))
                              ^^^^^^^^^^^^^^^^^^^^^^^^^^^^^^^^^^^^^^^^^^^^^^^^^
  File "C:\Users\athar\OneDrive\Desktop\TY - Sem 1\EDI\venv\Lib\site-packages\django\template\base.py", line 1008, in <listcomp>
    return SafeString("".join([node.render_annotated(context) for node in self]))
                               ^^^^^^^^^^^^^^^^^^^^^^^^^^^^^^
  File "C:\Users\athar\OneDrive\Desktop\TY - Sem 1\EDI\venv\Lib\site-packages\django\template\base.py", line 969, in render_annotated
    return self.render(context)
           ^^^^^^^^^^^^^^^^^^^^
  File "C:\Users\athar\OneDrive\Desktop\TY - Sem 1\EDI\venv\Lib\site-packages\django\template\loader_tags.py", line 159, in render
    return compiled_parent._render(context)
           ^^^^^^^^^^^^^^^^^^^^^^^^^^^^^^^^
  File "C:\Users\athar\OneDrive\Desktop\TY - Sem 1\EDI\venv\Lib\site-packages\django\template\base.py", line 163, in _render
    return self.nodelist.render(context)
           ^^^^^^^^^^^^^^^^^^^^^^^^^^^^^
  File "C:\Users\athar\OneDrive\Desktop\TY - Sem 1\EDI\venv\Lib\site-packages\django\template\base.py", line 1008, in render
    return SafeString("".join([node.render_annotated(context) for node in self]))
                              ^^^^^^^^^^^^^^^^^^^^^^^^^^^^^^^^^^^^^^^^^^^^^^^^^
  File "C:\Users\athar\OneDrive\Desktop\TY - Sem 1\EDI\venv\Lib\site-packages\django\template\base.py", line 1008, in <listcomp>
    return SafeString("".join([node.render_annotated(context) for node in self]))
                               ^^^^^^^^^^^^^^^^^^^^^^^^^^^^^^
  File "C:\Users\athar\OneDrive\Desktop\TY - Sem 1\EDI\venv\Lib\site-packages\django\template\base.py", line 969, in render_annotated
    return self.render(context)
           ^^^^^^^^^^^^^^^^^^^^
  File "C:\Users\athar\OneDrive\Desktop\TY - Sem 1\EDI\venv\Lib\site-packages\django\template\loader_tags.py", line 65, in render
    result = block.nodelist.render(context)
             ^^^^^^^^^^^^^^^^^^^^^^^^^^^^^^
  File "C:\Users\athar\OneDrive\Desktop\TY - Sem 1\EDI\venv\Lib\site-packages\django\template\base.py", line 1008, in render
    return SafeString("".join([node.render_annotated(context) for node in self]))
                              ^^^^^^^^^^^^^^^^^^^^^^^^^^^^^^^^^^^^^^^^^^^^^^^^^
  File "C:\Users\athar\OneDrive\Desktop\TY - Sem 1\EDI\venv\Lib\site-packages\django\template\base.py", line 1008, in <listcomp>
    return SafeString("".join([node.render_annotated(context) for node in self]))
                               ^^^^^^^^^^^^^^^^^^^^^^^^^^^^^^
  File "C:\Users\athar\OneDrive\Desktop\TY - Sem 1\EDI\venv\Lib\site-packages\django\template\base.py", line 969, in render_annotated
    return self.render(context)
           ^^^^^^^^^^^^^^^^^^^^
  File "C:\Users\athar\OneDrive\Desktop\TY - Sem 1\EDI\venv\Lib\site-packages\django\template\defaulttags.py", line 480, in render
    url = reverse(view_name, args=args, kwargs=kwargs, current_app=current_app)
          ^^^^^^^^^^^^^^^^^^^^^^^^^^^^^^^^^^^^^^^^^^^^^^^^^^^^^^^^^^^^^^^^^^^^^
  File "C:\Users\athar\OneDrive\Desktop\TY - Sem 1\EDI\venv\Lib\site-packages\django\urls\base.py", line 82, in reverse
    raise NoReverseMatch("%s is not a registered namespace" % key)
django.urls.exceptions.NoReverseMatch: 'parking_app_api' is not a registered namespace
ERROR 2025-10-13 13:35:51,841 basehttp 6484 19396 "GET / HTTP/1.1" 500 200346
ERROR 2025-10-13 13:35:52,191 log 6484 19396 Internal Server Error: /
Traceback (most recent call last):
  File "C:\Users\athar\OneDrive\Desktop\TY - Sem 1\EDI\venv\Lib\site-packages\django\urls\base.py", line 71, in reverse
    extra, resolver = resolver.namespace_dict[ns]
                      ~~~~~~~~~~~~~~~~~~~~~~~^^^^
KeyError: 'parking_app_api'

During handling of the above exception, another exception occurred:

Traceback (most recent call last):
  File "C:\Users\athar\OneDrive\Desktop\TY - Sem 1\EDI\venv\Lib\site-packages\django\core\handlers\exception.py", line 55, in inner
    response = get_response(request)
               ^^^^^^^^^^^^^^^^^^^^^
  File "C:\Users\athar\OneDrive\Desktop\TY - Sem 1\EDI\venv\Lib\site-packages\django\core\handlers\base.py", line 197, in _get_response
    response = wrapped_callback(request, *callback_args, **callback_kwargs)
               ^^^^^^^^^^^^^^^^^^^^^^^^^^^^^^^^^^^^^^^^^^^^^^^^^^^^^^^^^^^^
  File "C:\Users\athar\OneDrive\Desktop\TY - Sem 1\EDI\parking-system\dashboard\parking_app\views.py", line 66, in dashboard
    return render(request, 'dashboard/professional_dashboard.html', context)
           ^^^^^^^^^^^^^^^^^^^^^^^^^^^^^^^^^^^^^^^^^^^^^^^^^^^^^^^^^^^^^^^^^
  File "C:\Users\athar\OneDrive\Desktop\TY - Sem 1\EDI\venv\Lib\site-packages\django\shortcuts.py", line 25, in render
    content = loader.render_to_string(template_name, context, request, using=using)
              ^^^^^^^^^^^^^^^^^^^^^^^^^^^^^^^^^^^^^^^^^^^^^^^^^^^^^^^^^^^^^^^^^^^^^
  File "C:\Users\athar\OneDrive\Desktop\TY - Sem 1\EDI\venv\Lib\site-packages\django\template\loader.py", line 62, in render_to_string
    return template.render(context, request)
           ^^^^^^^^^^^^^^^^^^^^^^^^^^^^^^^^^
  File "C:\Users\athar\OneDrive\Desktop\TY - Sem 1\EDI\venv\Lib\site-packages\django\template\backends\django.py", line 107, in render
    return self.template.render(context)
           ^^^^^^^^^^^^^^^^^^^^^^^^^^^^^
  File "C:\Users\athar\OneDrive\Desktop\TY - Sem 1\EDI\venv\Lib\site-packages\django\template\base.py", line 171, in render
    return self._render(context)
           ^^^^^^^^^^^^^^^^^^^^^
  File "C:\Users\athar\OneDrive\Desktop\TY - Sem 1\EDI\venv\Lib\site-packages\django\template\base.py", line 163, in _render
    return self.nodelist.render(context)
           ^^^^^^^^^^^^^^^^^^^^^^^^^^^^^
  File "C:\Users\athar\OneDrive\Desktop\TY - Sem 1\EDI\venv\Lib\site-packages\django\template\base.py", line 1008, in render
    return SafeString("".join([node.render_annotated(context) for node in self]))
                              ^^^^^^^^^^^^^^^^^^^^^^^^^^^^^^^^^^^^^^^^^^^^^^^^^
  File "C:\Users\athar\OneDrive\Desktop\TY - Sem 1\EDI\venv\Lib\site-packages\django\template\base.py", line 1008, in <listcomp>
    return SafeString("".join([node.render_annotated(context) for node in self]))
                               ^^^^^^^^^^^^^^^^^^^^^^^^^^^^^^
  File "C:\Users\athar\OneDrive\Desktop\TY - Sem 1\EDI\venv\Lib\site-packages\django\template\base.py", line 969, in render_annotated
    return self.render(context)
           ^^^^^^^^^^^^^^^^^^^^
  File "C:\Users\athar\OneDrive\Desktop\TY - Sem 1\EDI\venv\Lib\site-packages\django\template\loader_tags.py", line 159, in render
    return compiled_parent._render(context)
           ^^^^^^^^^^^^^^^^^^^^^^^^^^^^^^^^
  File "C:\Users\athar\OneDrive\Desktop\TY - Sem 1\EDI\venv\Lib\site-packages\django\template\base.py", line 163, in _render
    return self.nodelist.render(context)
           ^^^^^^^^^^^^^^^^^^^^^^^^^^^^^
  File "C:\Users\athar\OneDrive\Desktop\TY - Sem 1\EDI\venv\Lib\site-packages\django\template\base.py", line 1008, in render
    return SafeString("".join([node.render_annotated(context) for node in self]))
                              ^^^^^^^^^^^^^^^^^^^^^^^^^^^^^^^^^^^^^^^^^^^^^^^^^
  File "C:\Users\athar\OneDrive\Desktop\TY - Sem 1\EDI\venv\Lib\site-packages\django\template\base.py", line 1008, in <listcomp>
    return SafeString("".join([node.render_annotated(context) for node in self]))
                               ^^^^^^^^^^^^^^^^^^^^^^^^^^^^^^
  File "C:\Users\athar\OneDrive\Desktop\TY - Sem 1\EDI\venv\Lib\site-packages\django\template\base.py", line 969, in render_annotated
    return self.render(context)
           ^^^^^^^^^^^^^^^^^^^^
  File "C:\Users\athar\OneDrive\Desktop\TY - Sem 1\EDI\venv\Lib\site-packages\django\template\loader_tags.py", line 65, in render
    result = block.nodelist.render(context)
             ^^^^^^^^^^^^^^^^^^^^^^^^^^^^^^
  File "C:\Users\athar\OneDrive\Desktop\TY - Sem 1\EDI\venv\Lib\site-packages\django\template\base.py", line 1008, in render
    return SafeString("".join([node.render_annotated(context) for node in self]))
                              ^^^^^^^^^^^^^^^^^^^^^^^^^^^^^^^^^^^^^^^^^^^^^^^^^
  File "C:\Users\athar\OneDrive\Desktop\TY - Sem 1\EDI\venv\Lib\site-packages\django\template\base.py", line 1008, in <listcomp>
    return SafeString("".join([node.render_annotated(context) for node in self]))
                               ^^^^^^^^^^^^^^^^^^^^^^^^^^^^^^
  File "C:\Users\athar\OneDrive\Desktop\TY - Sem 1\EDI\venv\Lib\site-packages\django\template\base.py", line 969, in render_annotated
    return self.render(context)
           ^^^^^^^^^^^^^^^^^^^^
  File "C:\Users\athar\OneDrive\Desktop\TY - Sem 1\EDI\venv\Lib\site-packages\django\template\defaulttags.py", line 480, in render
    url = reverse(view_name, args=args, kwargs=kwargs, current_app=current_app)
          ^^^^^^^^^^^^^^^^^^^^^^^^^^^^^^^^^^^^^^^^^^^^^^^^^^^^^^^^^^^^^^^^^^^^^
  File "C:\Users\athar\OneDrive\Desktop\TY - Sem 1\EDI\venv\Lib\site-packages\django\urls\base.py", line 82, in reverse
    raise NoReverseMatch("%s is not a registered namespace" % key)
django.urls.exceptions.NoReverseMatch: 'parking_app_api' is not a registered namespace
ERROR 2025-10-13 13:35:52,197 basehttp 6484 19396 "GET / HTTP/1.1" 500 200346
INFO 2025-10-13 13:36:02,790 autoreload 14128 8244 Watching for file changes with StatReloader
ERROR 2025-10-13 13:36:06,374 log 14128 20096 Internal Server Error: /
Traceback (most recent call last):
  File "C:\Users\athar\OneDrive\Desktop\TY - Sem 1\EDI\venv\Lib\site-packages\django\urls\base.py", line 71, in reverse
    extra, resolver = resolver.namespace_dict[ns]
                      ~~~~~~~~~~~~~~~~~~~~~~~^^^^
KeyError: 'parking_app_api'

During handling of the above exception, another exception occurred:

Traceback (most recent call last):
  File "C:\Users\athar\OneDrive\Desktop\TY - Sem 1\EDI\venv\Lib\site-packages\django\core\handlers\exception.py", line 55, in inner
    response = get_response(request)
               ^^^^^^^^^^^^^^^^^^^^^
  File "C:\Users\athar\OneDrive\Desktop\TY - Sem 1\EDI\venv\Lib\site-packages\django\core\handlers\base.py", line 197, in _get_response
    response = wrapped_callback(request, *callback_args, **callback_kwargs)
               ^^^^^^^^^^^^^^^^^^^^^^^^^^^^^^^^^^^^^^^^^^^^^^^^^^^^^^^^^^^^
  File "C:\Users\athar\OneDrive\Desktop\TY - Sem 1\EDI\parking-system\dashboard\parking_app\views.py", line 66, in dashboard
    return render(request, 'dashboard/professional_dashboard.html', context)
           ^^^^^^^^^^^^^^^^^^^^^^^^^^^^^^^^^^^^^^^^^^^^^^^^^^^^^^^^^^^^^^^^^
  File "C:\Users\athar\OneDrive\Desktop\TY - Sem 1\EDI\venv\Lib\site-packages\django\shortcuts.py", line 25, in render
    content = loader.render_to_string(template_name, context, request, using=using)
              ^^^^^^^^^^^^^^^^^^^^^^^^^^^^^^^^^^^^^^^^^^^^^^^^^^^^^^^^^^^^^^^^^^^^^
  File "C:\Users\athar\OneDrive\Desktop\TY - Sem 1\EDI\venv\Lib\site-packages\django\template\loader.py", line 62, in render_to_string
    return template.render(context, request)
           ^^^^^^^^^^^^^^^^^^^^^^^^^^^^^^^^^
  File "C:\Users\athar\OneDrive\Desktop\TY - Sem 1\EDI\venv\Lib\site-packages\django\template\backends\django.py", line 107, in render
    return self.template.render(context)
           ^^^^^^^^^^^^^^^^^^^^^^^^^^^^^
  File "C:\Users\athar\OneDrive\Desktop\TY - Sem 1\EDI\venv\Lib\site-packages\django\template\base.py", line 171, in render
    return self._render(context)
           ^^^^^^^^^^^^^^^^^^^^^
  File "C:\Users\athar\OneDrive\Desktop\TY - Sem 1\EDI\venv\Lib\site-packages\django\template\base.py", line 163, in _render
    return self.nodelist.render(context)
           ^^^^^^^^^^^^^^^^^^^^^^^^^^^^^
  File "C:\Users\athar\OneDrive\Desktop\TY - Sem 1\EDI\venv\Lib\site-packages\django\template\base.py", line 1008, in render
    return SafeString("".join([node.render_annotated(context) for node in self]))
                              ^^^^^^^^^^^^^^^^^^^^^^^^^^^^^^^^^^^^^^^^^^^^^^^^^
  File "C:\Users\athar\OneDrive\Desktop\TY - Sem 1\EDI\venv\Lib\site-packages\django\template\base.py", line 1008, in <listcomp>
    return SafeString("".join([node.render_annotated(context) for node in self]))
                               ^^^^^^^^^^^^^^^^^^^^^^^^^^^^^^
  File "C:\Users\athar\OneDrive\Desktop\TY - Sem 1\EDI\venv\Lib\site-packages\django\template\base.py", line 969, in render_annotated
    return self.render(context)
           ^^^^^^^^^^^^^^^^^^^^
  File "C:\Users\athar\OneDrive\Desktop\TY - Sem 1\EDI\venv\Lib\site-packages\django\template\loader_tags.py", line 159, in render
    return compiled_parent._render(context)
           ^^^^^^^^^^^^^^^^^^^^^^^^^^^^^^^^
  File "C:\Users\athar\OneDrive\Desktop\TY - Sem 1\EDI\venv\Lib\site-packages\django\template\base.py", line 163, in _render
    return self.nodelist.render(context)
           ^^^^^^^^^^^^^^^^^^^^^^^^^^^^^
  File "C:\Users\athar\OneDrive\Desktop\TY - Sem 1\EDI\venv\Lib\site-packages\django\template\base.py", line 1008, in render
    return SafeString("".join([node.render_annotated(context) for node in self]))
                              ^^^^^^^^^^^^^^^^^^^^^^^^^^^^^^^^^^^^^^^^^^^^^^^^^
  File "C:\Users\athar\OneDrive\Desktop\TY - Sem 1\EDI\venv\Lib\site-packages\django\template\base.py", line 1008, in <listcomp>
    return SafeString("".join([node.render_annotated(context) for node in self]))
                               ^^^^^^^^^^^^^^^^^^^^^^^^^^^^^^
  File "C:\Users\athar\OneDrive\Desktop\TY - Sem 1\EDI\venv\Lib\site-packages\django\template\base.py", line 969, in render_annotated
    return self.render(context)
           ^^^^^^^^^^^^^^^^^^^^
  File "C:\Users\athar\OneDrive\Desktop\TY - Sem 1\EDI\venv\Lib\site-packages\django\template\loader_tags.py", line 65, in render
    result = block.nodelist.render(context)
             ^^^^^^^^^^^^^^^^^^^^^^^^^^^^^^
  File "C:\Users\athar\OneDrive\Desktop\TY - Sem 1\EDI\venv\Lib\site-packages\django\template\base.py", line 1008, in render
    return SafeString("".join([node.render_annotated(context) for node in self]))
                              ^^^^^^^^^^^^^^^^^^^^^^^^^^^^^^^^^^^^^^^^^^^^^^^^^
  File "C:\Users\athar\OneDrive\Desktop\TY - Sem 1\EDI\venv\Lib\site-packages\django\template\base.py", line 1008, in <listcomp>
    return SafeString("".join([node.render_annotated(context) for node in self]))
                               ^^^^^^^^^^^^^^^^^^^^^^^^^^^^^^
  File "C:\Users\athar\OneDrive\Desktop\TY - Sem 1\EDI\venv\Lib\site-packages\django\template\base.py", line 969, in render_annotated
    return self.render(context)
           ^^^^^^^^^^^^^^^^^^^^
  File "C:\Users\athar\OneDrive\Desktop\TY - Sem 1\EDI\venv\Lib\site-packages\django\template\defaulttags.py", line 480, in render
    url = reverse(view_name, args=args, kwargs=kwargs, current_app=current_app)
          ^^^^^^^^^^^^^^^^^^^^^^^^^^^^^^^^^^^^^^^^^^^^^^^^^^^^^^^^^^^^^^^^^^^^^
  File "C:\Users\athar\OneDrive\Desktop\TY - Sem 1\EDI\venv\Lib\site-packages\django\urls\base.py", line 82, in reverse
    raise NoReverseMatch("%s is not a registered namespace" % key)
django.urls.exceptions.NoReverseMatch: 'parking_app_api' is not a registered namespace
ERROR 2025-10-13 13:36:06,383 basehttp 14128 20096 "GET / HTTP/1.1" 500 200209
INFO 2025-10-13 13:37:15,974 autoreload 2520 15204 Watching for file changes with StatReloader
INFO 2025-10-13 13:37:17,422 basehttp 2520 9000 "GET / HTTP/1.1" 200 73694
INFO 2025-10-13 13:37:17,517 basehttp 2520 9000 "GET /static/css/professional-theme.css HTTP/1.1" 200 25808
INFO 2025-10-13 13:37:33,761 autoreload 6976 21136 Watching for file changes with StatReloader
INFO 2025-10-13 13:37:36,792 basehttp 6976 19804 "GET / HTTP/1.1" 200 73694
INFO 2025-10-13 13:38:35,881 basehttp 6976 19804 "GET /realtime/ HTTP/1.1" 200 52962
INFO 2025-10-13 13:38:36,972 basehttp 6976 19804 "GET /analytics/ HTTP/1.1" 200 48537
INFO 2025-10-13 13:38:41,941 basehttp 6976 19804 "GET / HTTP/1.1" 200 73694
INFO 2025-10-13 13:43:36,880 basehttp 6976 19804 "GET / HTTP/1.1" 200 74219
INFO 2025-10-13 13:43:36,962 basehttp 6976 19804 "GET /api/recent-activity/ HTTP/1.1" 200 433
INFO 2025-10-13 13:43:36,984 basehttp 6976 20092 "GET /api/parking-status/ HTTP/1.1" 200 457
INFO 2025-10-13 13:43:37,033 basehttp 6976 25008 "GET /api/parking-data/ HTTP/1.1" 200 38523
INFO 2025-10-13 13:43:52,923 basehttp 6976 25008 "POST /api/update-slot/ HTTP/1.1" 200 179
INFO 2025-10-13 13:43:52,994 basehttp 6976 25008 "GET /api/parking-status/ HTTP/1.1" 200 456
INFO 2025-10-13 13:43:53,020 basehttp 6976 20092 "GET /api/parking-data/ HTTP/1.1" 200 38329
INFO 2025-10-13 13:43:54,313 basehttp 6976 20092 "GET / HTTP/1.1" 200 74216
INFO 2025-10-13 13:43:54,394 basehttp 6976 20092 "GET /api/parking-status/ HTTP/1.1" 200 456
INFO 2025-10-13 13:43:54,404 basehttp 6976 25008 "GET /api/parking-data/ HTTP/1.1" 200 38329
INFO 2025-10-13 13:43:54,426 basehttp 6976 19804 "GET /api/recent-activity/ HTTP/1.1" 200 423
INFO 2025-10-13 13:43:57,836 basehttp 6976 19804 "GET / HTTP/1.1" 200 74216
INFO 2025-10-13 13:43:57,906 basehttp 6976 19804 "GET /static/css/professional-theme.css HTTP/1.1" 200 25808
INFO 2025-10-13 13:43:58,027 basehttp 6976 19804 "GET / HTTP/1.1" 200 74216
INFO 2025-10-13 13:43:58,046 basehttp 6976 19804 "GET /static/css/professional-theme.css HTTP/1.1" 200 25808
INFO 2025-10-13 13:43:58,174 basehttp 6976 19804 "GET /api/parking-status/ HTTP/1.1" 200 456
INFO 2025-10-13 13:43:58,191 basehttp 6976 25008 "GET /api/parking-data/ HTTP/1.1" 200 38329
INFO 2025-10-13 13:43:58,217 basehttp 6976 20092 "GET /api/recent-activity/ HTTP/1.1" 200 423
INFO 2025-10-13 13:43:58,245 basehttp 6976 14988 "GET / HTTP/1.1" 200 74216
INFO 2025-10-13 13:43:58,332 basehttp 6976 14988 "GET /static/css/professional-theme.css HTTP/1.1" 200 25808
INFO 2025-10-13 13:43:58,428 basehttp 6976 14988 "GET / HTTP/1.1" 200 74216
INFO 2025-10-13 13:43:58,446 basehttp 6976 14988 "GET /static/css/professional-theme.css HTTP/1.1" 200 25808
INFO 2025-10-13 13:43:58,620 basehttp 6976 14988 "GET /api/parking-status/ HTTP/1.1" 200 456
INFO 2025-10-13 13:43:58,637 basehttp 6976 20092 "GET /api/parking-data/ HTTP/1.1" 200 38329
INFO 2025-10-13 13:43:58,658 basehttp 6976 25008 "GET /api/recent-activity/ HTTP/1.1" 200 423
INFO 2025-10-13 13:43:58,693 basehttp 6976 19804 "GET / HTTP/1.1" 200 74216
INFO 2025-10-13 13:43:58,715 basehttp 6976 19804 "GET /static/css/professional-theme.css HTTP/1.1" 200 25808
INFO 2025-10-13 13:43:58,852 basehttp 6976 25008 "GET /api/parking-data/ HTTP/1.1" 200 38329
INFO 2025-10-13 13:43:58,887 basehttp 6976 19804 "GET /api/parking-status/ HTTP/1.1" 200 456
INFO 2025-10-13 13:43:58,899 basehttp 6976 20092 "GET /api/recent-activity/ HTTP/1.1" 200 423
INFO 2025-10-13 13:44:06,205 autoreload 17224 24456 Watching for file changes with StatReloader
INFO 2025-10-13 13:44:07,847 basehttp 17224 12516 "GET / HTTP/1.1" 200 74216
INFO 2025-10-13 13:44:08,123 basehttp 17224 12516 "GET /api/parking-status/ HTTP/1.1" 200 456
INFO 2025-10-13 13:44:08,188 basehttp 17224 13908 "GET /api/parking-data/ HTTP/1.1" 200 38329
INFO 2025-10-13 13:44:08,210 basehttp 17224 12196 "GET /api/recent-activity/ HTTP/1.1" 200 423
INFO 2025-10-13 13:44:12,431 autoreload 17224 24456 C:\Users\athar\OneDrive\Desktop\TY - Sem 1\EDI\parking-system\dashboard\parking_app\urls.py changed, reloading.
INFO 2025-10-13 13:44:13,506 autoreload 9720 26564 Watching for file changes with StatReloader
INFO 2025-10-13 13:44:38,157 basehttp 9720 17364 "GET /api/parking-status/ HTTP/1.1" 200 456
INFO 2025-10-13 13:44:38,186 basehttp 9720 10136 "GET /api/parking-data/ HTTP/1.1" 200 38329
INFO 2025-10-13 13:44:38,225 basehttp 9720 17788 "GET /api/recent-activity/ HTTP/1.1" 200 423
INFO 2025-10-13 13:44:55,488 basehttp 9720 17788 "POST /api/update-slot/ HTTP/1.1" 200 183
INFO 2025-10-13 13:44:57,390 basehttp 9720 10136 "GET /api/parking-data/ HTTP/1.1" 200 38530
INFO 2025-10-13 13:44:57,414 basehttp 9720 17788 "GET /api/parking-status/ HTTP/1.1" 200 457
INFO 2025-10-13 13:44:58,821 basehttp 9720 17788 "GET / HTTP/1.1" 200 74219
INFO 2025-10-13 13:44:58,903 basehttp 9720 17788 "GET /api/parking-status/ HTTP/1.1" 200 457
INFO 2025-10-13 13:44:58,925 basehttp 9720 10136 "GET /api/parking-data/ HTTP/1.1" 200 38530
INFO 2025-10-13 13:44:58,951 basehttp 9720 17364 "GET /api/recent-activity/ HTTP/1.1" 200 635
INFO 2025-10-13 13:45:29,724 basehttp 9720 17364 "GET /api/parking-status/ HTTP/1.1" 200 457
INFO 2025-10-13 13:45:29,740 basehttp 9720 10136 "GET /api/parking-data/ HTTP/1.1" 200 38530
INFO 2025-10-13 13:45:29,759 basehttp 9720 17788 "GET /api/recent-activity/ HTTP/1.1" 200 635
INFO 2025-10-13 13:45:59,731 basehttp 9720 17788 "GET /api/parking-status/ HTTP/1.1" 200 457
INFO 2025-10-13 13:45:59,763 basehttp 9720 10136 "GET /api/parking-data/ HTTP/1.1" 200 38530
INFO 2025-10-13 13:45:59,787 basehttp 9720 17364 "GET /api/recent-activity/ HTTP/1.1" 200 635
INFO 2025-10-13 13:46:28,902 basehttp 9720 17364 "GET /api/parking-status/ HTTP/1.1" 200 457
INFO 2025-10-13 13:46:28,917 basehttp 9720 10136 "GET /api/parking-data/ HTTP/1.1" 200 38530
INFO 2025-10-13 13:46:28,939 basehttp 9720 17788 "GET /api/recent-activity/ HTTP/1.1" 200 635
INFO 2025-10-13 13:46:59,740 basehttp 9720 17788 "GET /api/parking-status/ HTTP/1.1" 200 457
INFO 2025-10-13 13:46:59,753 basehttp 9720 10136 "GET /api/parking-data/ HTTP/1.1" 200 38530
INFO 2025-10-13 13:46:59,774 basehttp 9720 17364 "GET /api/recent-activity/ HTTP/1.1" 200 636
INFO 2025-10-13 13:47:29,741 basehttp 9720 10136 "GET /api/parking-data/ HTTP/1.1" 200 38530
INFO 2025-10-13 13:47:29,776 basehttp 9720 17364 "GET /api/parking-status/ HTTP/1.1" 200 457
INFO 2025-10-13 13:47:29,790 basehttp 9720 17788 "GET /api/recent-activity/ HTTP/1.1" 200 636
INFO 2025-10-13 13:47:59,742 basehttp 9720 17364 "GET /api/parking-data/ HTTP/1.1" 200 38530
INFO 2025-10-13 13:47:59,769 basehttp 9720 17788 "GET /api/parking-status/ HTTP/1.1" 200 457
INFO 2025-10-13 13:47:59,786 basehttp 9720 10136 "GET /api/recent-activity/ HTTP/1.1" 200 636
INFO 2025-10-13 13:48:49,732 basehttp 9720 17788 "GET /api/parking-data/ HTTP/1.1" 200 38530
INFO 2025-10-13 13:48:49,761 basehttp 9720 10136 "GET /api/parking-status/ HTTP/1.1" 200 457
INFO 2025-10-13 13:48:49,773 basehttp 9720 17364 "GET /api/recent-activity/ HTTP/1.1" 200 636
INFO 2025-10-13 13:49:49,731 basehttp 9720 17364 "GET /api/parking-status/ HTTP/1.1" 200 457
INFO 2025-10-13 13:49:49,749 basehttp 9720 17788 "GET /api/recent-activity/ HTTP/1.1" 200 636
INFO 2025-10-13 13:49:49,769 basehttp 9720 10136 "GET /api/parking-data/ HTTP/1.1" 200 38530
INFO 2025-10-13 13:50:49,720 basehttp 9720 17788 "GET /api/parking-data/ HTTP/1.1" 200 38530
INFO 2025-10-13 13:50:49,744 basehttp 9720 10136 "GET /api/parking-status/ HTTP/1.1" 200 457
INFO 2025-10-13 13:50:49,763 basehttp 9720 17364 "GET /api/recent-activity/ HTTP/1.1" 200 636
INFO 2025-10-13 13:51:03,607 basehttp 9720 17364 "GET /api/parking-status/ HTTP/1.1" 200 457
INFO 2025-10-13 13:51:03,645 basehttp 9720 17788 "GET /api/recent-activity/ HTTP/1.1" 200 636
INFO 2025-10-13 13:51:03,645 basehttp 9720 10136 "GET /api/parking-data/ HTTP/1.1" 200 38530
INFO 2025-10-13 13:51:04,403 basehttp 9720 10136 "GET / HTTP/1.1" 200 75231
INFO 2025-10-13 13:51:04,577 basehttp 9720 17788 "GET /api/parking-data/ HTTP/1.1" 200 38530
INFO 2025-10-13 13:51:04,613 basehttp 9720 10136 "GET /api/parking-status/ HTTP/1.1" 200 457
INFO 2025-10-13 13:51:04,631 basehttp 9720 17364 "GET /api/recent-activity/ HTTP/1.1" 200 636
INFO 2025-10-13 13:51:04,651 basehttp 9720 17788 "GET / HTTP/1.1" 200 75231
INFO 2025-10-13 13:51:04,731 basehttp 9720 17788 "GET /api/parking-status/ HTTP/1.1" 200 457
INFO 2025-10-13 13:51:04,743 basehttp 9720 17364 "GET /api/parking-data/ HTTP/1.1" 200 38530
INFO 2025-10-13 13:51:04,765 basehttp 9720 10136 "GET /api/recent-activity/ HTTP/1.1" 200 636
INFO 2025-10-13 13:51:04,809 basehttp 9720 17364 "GET / HTTP/1.1" 200 75231
INFO 2025-10-13 13:51:04,893 basehttp 9720 17364 "GET /api/parking-status/ HTTP/1.1" 200 457
INFO 2025-10-13 13:51:04,910 basehttp 9720 10136 "GET /api/parking-data/ HTTP/1.1" 200 38530
INFO 2025-10-13 13:51:04,930 basehttp 9720 17788 "GET /api/recent-activity/ HTTP/1.1" 200 636
INFO 2025-10-13 13:51:04,977 basehttp 9720 17364 "GET / HTTP/1.1" 200 75231
INFO 2025-10-13 13:51:05,062 basehttp 9720 17788 "GET /api/parking-data/ HTTP/1.1" 200 38530
INFO 2025-10-13 13:51:05,093 basehttp 9720 17364 "GET /api/parking-status/ HTTP/1.1" 200 457
INFO 2025-10-13 13:51:05,106 basehttp 9720 10136 "GET /api/recent-activity/ HTTP/1.1" 200 636
INFO 2025-10-13 13:51:05,136 basehttp 9720 17788 "GET / HTTP/1.1" 200 75231
INFO 2025-10-13 13:51:05,219 basehttp 9720 10136 "GET /api/parking-data/ HTTP/1.1" 200 38530
INFO 2025-10-13 13:51:05,257 basehttp 9720 17788 "GET /api/parking-status/ HTTP/1.1" 200 457
INFO 2025-10-13 13:51:05,280 basehttp 9720 17364 "GET /api/recent-activity/ HTTP/1.1" 200 636
INFO 2025-10-13 13:51:35,235 basehttp 9720 10136 "GET /api/recent-activity/ HTTP/1.1" 200 636
INFO 2025-10-13 13:51:35,257 basehttp 9720 17788 "GET /api/parking-data/ HTTP/1.1" 200 38530
INFO 2025-10-13 13:51:35,283 basehttp 9720 17364 "GET /api/parking-status/ HTTP/1.1" 200 457
INFO 2025-10-13 13:51:44,399 basehttp 9720 16220 "POST /api/update-slot/ HTTP/1.1" 200 183
INFO 2025-10-13 13:51:45,566 basehttp 9720 16220 "GET /api/parking-status/ HTTP/1.1" 200 457
INFO 2025-10-13 13:51:45,615 basehttp 9720 14944 "GET /api/parking-data/ HTTP/1.1" 200 38732
INFO 2025-10-13 13:51:47,948 basehttp 9720 14944 "GET / HTTP/1.1" 200 75231
INFO 2025-10-13 13:51:48,021 basehttp 9720 16220 "GET /api/parking-data/ HTTP/1.1" 200 38732
INFO 2025-10-13 13:51:48,052 basehttp 9720 14944 "GET /api/parking-status/ HTTP/1.1" 200 457
INFO 2025-10-13 13:51:48,104 basehttp 9720 20292 "GET /api/recent-activity/ HTTP/1.1" 200 849
INFO 2025-10-13 13:52:09,617 basehttp 9720 20292 "GET / HTTP/1.1" 200 75231
INFO 2025-10-13 13:52:09,706 basehttp 9720 20292 "GET /api/parking-status/ HTTP/1.1" 200 457
INFO 2025-10-13 13:52:09,723 basehttp 9720 14944 "GET /api/parking-data/ HTTP/1.1" 200 38732
INFO 2025-10-13 13:52:09,740 basehttp 9720 16220 "GET /api/recent-activity/ HTTP/1.1" 200 849
INFO 2025-10-13 13:52:20,112 basehttp 9720 16220 "GET /api/recent-activity/ HTTP/1.1" 200 849
INFO 2025-10-13 13:52:33,712 basehttp 9720 16220 "GET / HTTP/1.1" 200 75231
INFO 2025-10-13 13:52:33,791 basehttp 9720 14944 "GET /api/parking-data/ HTTP/1.1" 200 38732
INFO 2025-10-13 13:52:33,827 basehttp 9720 16220 "GET /api/parking-status/ HTTP/1.1" 200 457
INFO 2025-10-13 13:52:33,839 basehttp 9720 20292 "GET /api/recent-activity/ HTTP/1.1" 200 849
INFO 2025-10-13 13:52:44,580 basehttp 9720 20292 "POST /api/update-slot/ HTTP/1.1" 200 185
INFO 2025-10-13 13:52:44,654 basehttp 9720 20292 "GET /api/parking-status/ HTTP/1.1" 200 457
INFO 2025-10-13 13:52:44,667 basehttp 9720 16220 "GET /api/parking-data/ HTTP/1.1" 200 38530
INFO 2025-10-13 13:52:46,236 basehttp 9720 16220 "GET / HTTP/1.1" 200 75231
INFO 2025-10-13 13:52:46,307 basehttp 9720 14944 "GET /api/recent-activity/ HTTP/1.1" 200 837
INFO 2025-10-13 13:52:46,324 basehttp 9720 20292 "GET /api/parking-data/ HTTP/1.1" 200 38530
INFO 2025-10-13 13:52:46,352 basehttp 9720 16220 "GET /api/parking-status/ HTTP/1.1" 200 457
INFO 2025-10-13 13:53:07,703 basehttp 9720 16220 "GET / HTTP/1.1" 200 75231
INFO 2025-10-13 13:53:07,767 basehttp 9720 20292 "GET /api/parking-data/ HTTP/1.1" 200 38530
INFO 2025-10-13 13:53:07,797 basehttp 9720 16220 "GET /api/parking-status/ HTTP/1.1" 200 457
INFO 2025-10-13 13:53:07,814 basehttp 9720 14944 "GET /api/recent-activity/ HTTP/1.1" 200 837
INFO 2025-10-13 13:53:29,026 basehttp 9720 14944 "POST /api/update-slot/ HTTP/1.1" 200 185
INFO 2025-10-13 13:53:29,077 basehttp 9720 14944 "GET /api/parking-status/ HTTP/1.1" 200 456
INFO 2025-10-13 13:53:29,094 basehttp 9720 16220 "GET /api/parking-data/ HTTP/1.1" 200 38329
INFO 2025-10-13 13:53:30,336 basehttp 9720 16220 "GET / HTTP/1.1" 200 75228
INFO 2025-10-13 13:53:30,417 basehttp 9720 16220 "GET /api/parking-status/ HTTP/1.1" 200 456
INFO 2025-10-13 13:53:30,427 basehttp 9720 14944 "GET /api/parking-data/ HTTP/1.1" 200 38329
INFO 2025-10-13 13:53:30,451 basehttp 9720 20292 "GET /api/recent-activity/ HTTP/1.1" 200 825
INFO 2025-10-13 13:54:00,700 basehttp 9720 14944 "GET /api/parking-data/ HTTP/1.1" 200 38329
INFO 2025-10-13 13:54:00,763 basehttp 9720 20292 "GET /api/parking-status/ HTTP/1.1" 200 456
INFO 2025-10-13 13:54:00,792 basehttp 9720 16220 "GET /api/recent-activity/ HTTP/1.1" 200 825
INFO 2025-10-13 13:57:17,043 autoreload 8216 4120 Watching for file changes with StatReloader
INFO 2025-10-13 13:57:18,418 basehttp 8216 8652 "GET / HTTP/1.1" 200 75228
INFO 2025-10-13 13:57:18,542 basehttp 8216 8652 "GET /api/parking-status/ HTTP/1.1" 200 456
INFO 2025-10-13 13:57:18,609 basehttp 8216 10820 "GET /api/parking-data/ HTTP/1.1" 200 38329
INFO 2025-10-13 13:57:18,637 basehttp 8216 4708 "GET /api/recent-activity/ HTTP/1.1" 200 826
INFO 2025-10-13 13:57:48,702 basehttp 8216 4708 "GET /api/parking-status/ HTTP/1.1" 200 456
INFO 2025-10-13 13:57:48,721 basehttp 8216 8652 "GET /api/recent-activity/ HTTP/1.1" 200 826
INFO 2025-10-13 13:57:48,732 basehttp 8216 10820 "GET /api/parking-data/ HTTP/1.1" 200 38329
INFO 2025-10-13 13:58:18,708 basehttp 8216 10820 "GET /api/parking-status/ HTTP/1.1" 200 456
INFO 2025-10-13 13:58:18,721 basehttp 8216 8652 "GET /api/parking-data/ HTTP/1.1" 200 38329
INFO 2025-10-13 13:58:18,737 basehttp 8216 4708 "GET /api/recent-activity/ HTTP/1.1" 200 826
INFO 2025-10-13 13:58:39,782 autoreload 8216 4120 C:\Users\athar\OneDrive\Desktop\TY - Sem 1\EDI\parking-system\dashboard\parking_app\views.py changed, reloading.
INFO 2025-10-13 13:58:40,620 autoreload 22568 11360 Watching for file changes with StatReloader
INFO 2025-10-13 13:58:48,735 basehttp 22568 6436 "GET /api/parking-status/ HTTP/1.1" 200 482
INFO 2025-10-13 13:58:48,772 basehttp 22568 12108 "GET /api/parking-data/ HTTP/1.1" 200 38329
INFO 2025-10-13 13:58:48,785 basehttp 22568 21784 "GET /api/recent-activity/ HTTP/1.1" 200 826
INFO 2025-10-13 13:59:18,714 basehttp 22568 21784 "GET /api/parking-status/ HTTP/1.1" 200 482
INFO 2025-10-13 13:59:18,720 basehttp 22568 6436 "GET /api/recent-activity/ HTTP/1.1" 200 826
INFO 2025-10-13 13:59:18,732 basehttp 22568 12108 "GET /api/parking-data/ HTTP/1.1" 200 38329
INFO 2025-10-13 13:59:48,698 basehttp 22568 6436 "GET /api/parking-data/ HTTP/1.1" 200 38329
INFO 2025-10-13 13:59:48,721 basehttp 22568 21784 "GET /api/recent-activity/ HTTP/1.1" 200 826
INFO 2025-10-13 13:59:48,744 basehttp 22568 12108 "GET /api/parking-status/ HTTP/1.1" 200 482
INFO 2025-10-13 14:00:18,712 basehttp 22568 12108 "GET /api/parking-status/ HTTP/1.1" 200 482
INFO 2025-10-13 14:00:18,732 basehttp 22568 6436 "GET /api/recent-activity/ HTTP/1.1" 200 826
INFO 2025-10-13 14:00:18,744 basehttp 22568 21784 "GET /api/parking-data/ HTTP/1.1" 200 38329
INFO 2025-10-13 14:00:40,188 basehttp 22568 21784 "GET / HTTP/1.1" 200 75321
INFO 2025-10-13 14:00:40,308 basehttp 22568 21784 "GET /api/parking-status/ HTTP/1.1" 200 482
INFO 2025-10-13 14:00:40,314 basehttp 22568 6436 "GET /api/parking-data/ HTTP/1.1" 200 38329
INFO 2025-10-13 14:00:40,347 basehttp 22568 12108 "GET /api/recent-activity/ HTTP/1.1" 200 826
INFO 2025-10-13 14:00:51,581 basehttp 22568 12108 "GET / HTTP/1.1" 200 75321
INFO 2025-10-13 14:00:51,642 basehttp 22568 6436 "GET /api/parking-data/ HTTP/1.1" 200 38329
INFO 2025-10-13 14:00:51,677 basehttp 22568 12108 "GET /api/parking-status/ HTTP/1.1" 200 482
INFO 2025-10-13 14:00:51,688 basehttp 22568 21784 "GET /api/recent-activity/ HTTP/1.1" 200 826
INFO 2025-10-13 14:00:52,264 basehttp 22568 21784 "GET / HTTP/1.1" 200 75321
INFO 2025-10-13 14:00:52,340 basehttp 22568 21784 "GET /api/parking-status/ HTTP/1.1" 200 482
INFO 2025-10-13 14:00:52,345 basehttp 22568 12108 "GET /api/parking-data/ HTTP/1.1" 200 38329
INFO 2025-10-13 14:00:52,372 basehttp 22568 6436 "GET /api/recent-activity/ HTTP/1.1" 200 826
INFO 2025-10-13 14:00:52,450 basehttp 22568 6436 "GET / HTTP/1.1" 200 75321
INFO 2025-10-13 14:00:52,506 basehttp 22568 12108 "GET /api/parking-data/ HTTP/1.1" 200 38329
INFO 2025-10-13 14:00:52,535 basehttp 22568 6436 "GET /api/parking-status/ HTTP/1.1" 200 482
INFO 2025-10-13 14:00:52,547 basehttp 22568 21784 "GET /api/recent-activity/ HTTP/1.1" 200 826
INFO 2025-10-13 14:00:54,114 basehttp 22568 21784 "GET / HTTP/1.1" 200 75321
INFO 2025-10-13 14:00:54,170 basehttp 22568 6436 "GET /api/parking-data/ HTTP/1.1" 200 38329
INFO 2025-10-13 14:00:54,197 basehttp 22568 21784 "GET /api/parking-status/ HTTP/1.1" 200 482
INFO 2025-10-13 14:00:54,210 basehttp 22568 12108 "GET /api/recent-activity/ HTTP/1.1" 200 826
INFO 2025-10-13 14:00:54,776 basehttp 22568 12108 "GET / HTTP/1.1" 200 75321
INFO 2025-10-13 14:00:54,837 basehttp 22568 21784 "GET /api/parking-data/ HTTP/1.1" 200 38329
INFO 2025-10-13 14:00:54,868 basehttp 22568 12108 "GET /api/parking-status/ HTTP/1.1" 200 482
INFO 2025-10-13 14:00:54,878 basehttp 22568 6436 "GET /api/recent-activity/ HTTP/1.1" 200 826
INFO 2025-10-13 14:01:18,036 basehttp 22568 6436 "POST /api/update-slot/ HTTP/1.1" 200 175
INFO 2025-10-13 14:01:19,115 basehttp 22568 12108 "GET /api/parking-data/ HTTP/1.1" 200 38520
INFO 2025-10-13 14:01:19,142 basehttp 22568 6436 "GET /api/parking-status/ HTTP/1.1" 200 483
INFO 2025-10-13 14:01:24,836 basehttp 22568 12108 "GET /api/parking-data/ HTTP/1.1" 200 38520
INFO 2025-10-13 14:01:24,881 basehttp 22568 6436 "GET /api/parking-status/ HTTP/1.1" 200 483
INFO 2025-10-13 14:01:24,892 basehttp 22568 21784 "GET /api/recent-activity/ HTTP/1.1" 200 1033
INFO 2025-10-13 14:01:32,188 basehttp 22568 21784 "GET / HTTP/1.1" 200 75324
INFO 2025-10-13 14:01:32,261 basehttp 22568 6436 "GET /api/parking-data/ HTTP/1.1" 200 38520
INFO 2025-10-13 14:01:32,293 basehttp 22568 21784 "GET /api/parking-status/ HTTP/1.1" 200 483
INFO 2025-10-13 14:01:32,303 basehttp 22568 12108 "GET /api/recent-activity/ HTTP/1.1" 200 1033
INFO 2025-10-13 14:01:33,152 basehttp 22568 12108 "GET / HTTP/1.1" 200 75324
INFO 2025-10-13 14:01:33,219 basehttp 22568 21784 "GET /api/parking-data/ HTTP/1.1" 200 38520
INFO 2025-10-13 14:01:33,251 basehttp 22568 12108 "GET /api/parking-status/ HTTP/1.1" 200 483
INFO 2025-10-13 14:01:33,264 basehttp 22568 6436 "GET /api/recent-activity/ HTTP/1.1" 200 1033
INFO 2025-10-13 14:02:03,719 basehttp 22568 12108 "GET /api/parking-data/ HTTP/1.1" 200 38520
INFO 2025-10-13 14:02:03,750 basehttp 22568 6436 "GET /api/parking-status/ HTTP/1.1" 200 483
INFO 2025-10-13 14:02:03,760 basehttp 22568 21784 "GET /api/recent-activity/ HTTP/1.1" 200 1033
INFO 2025-10-13 14:02:33,711 basehttp 22568 6436 "GET /api/parking-data/ HTTP/1.1" 200 38520
INFO 2025-10-13 14:02:33,739 basehttp 22568 21784 "GET /api/parking-status/ HTTP/1.1" 200 483
INFO 2025-10-13 14:02:33,752 basehttp 22568 12108 "GET /api/recent-activity/ HTTP/1.1" 200 1032
INFO 2025-10-13 14:03:03,733 basehttp 22568 21784 "GET /api/parking-data/ HTTP/1.1" 200 38520
INFO 2025-10-13 14:03:03,756 basehttp 22568 12108 "GET /api/parking-status/ HTTP/1.1" 200 483
INFO 2025-10-13 14:03:03,757 basehttp 22568 6436 "GET /api/recent-activity/ HTTP/1.1" 200 1033
INFO 2025-10-13 14:03:33,723 basehttp 22568 6436 "GET /api/parking-status/ HTTP/1.1" 200 483
INFO 2025-10-13 14:03:33,730 basehttp 22568 12108 "GET /api/parking-data/ HTTP/1.1" 200 38520
INFO 2025-10-13 14:03:33,750 basehttp 22568 21784 "GET /api/recent-activity/ HTTP/1.1" 200 1035
INFO 2025-10-13 14:04:03,712 basehttp 22568 12108 "GET /api/parking-data/ HTTP/1.1" 200 38520
INFO 2025-10-13 14:04:03,739 basehttp 22568 21784 "GET /api/parking-status/ HTTP/1.1" 200 483
INFO 2025-10-13 14:04:03,751 basehttp 22568 6436 "GET /api/recent-activity/ HTTP/1.1" 200 1035
INFO 2025-10-13 14:04:31,370 basehttp 22568 6436 "GET / HTTP/1.1" 200 75324
INFO 2025-10-13 14:04:31,434 basehttp 22568 21784 "GET /api/parking-data/ HTTP/1.1" 200 38520
INFO 2025-10-13 14:04:31,465 basehttp 22568 6436 "GET /api/parking-status/ HTTP/1.1" 200 483
INFO 2025-10-13 14:04:31,479 basehttp 22568 12108 "GET /api/recent-activity/ HTTP/1.1" 200 1035
INFO 2025-10-13 14:04:32,233 basehttp 22568 12108 "GET / HTTP/1.1" 200 75324
INFO 2025-10-13 14:04:32,310 basehttp 22568 12108 "GET /api/parking-status/ HTTP/1.1" 200 483
INFO 2025-10-13 14:04:32,321 basehttp 22568 6436 "GET /api/parking-data/ HTTP/1.1" 200 38520
INFO 2025-10-13 14:04:32,336 basehttp 22568 21784 "GET /api/recent-activity/ HTTP/1.1" 200 1035
INFO 2025-10-13 14:04:32,743 basehttp 22568 21784 "GET / HTTP/1.1" 200 75324
INFO 2025-10-13 14:04:32,809 basehttp 22568 21784 "GET /api/parking-status/ HTTP/1.1" 200 483
INFO 2025-10-13 14:04:32,819 basehttp 22568 6436 "GET /api/parking-data/ HTTP/1.1" 200 38520
INFO 2025-10-13 14:04:32,839 basehttp 22568 12108 "GET /api/recent-activity/ HTTP/1.1" 200 1035
INFO 2025-10-13 14:04:32,990 basehttp 22568 12108 "GET / HTTP/1.1" 200 75324
INFO 2025-10-13 14:04:33,057 basehttp 22568 12108 "GET /api/parking-status/ HTTP/1.1" 200 483
INFO 2025-10-13 14:04:33,070 basehttp 22568 6436 "GET /api/parking-data/ HTTP/1.1" 200 38520
INFO 2025-10-13 14:04:33,091 basehttp 22568 21784 "GET /api/recent-activity/ HTTP/1.1" 200 1035
INFO 2025-10-13 14:04:33,232 basehttp 22568 21784 "GET / HTTP/1.1" 200 75324
INFO 2025-10-13 14:04:33,287 basehttp 22568 6436 "GET /api/parking-data/ HTTP/1.1" 200 38520
INFO 2025-10-13 14:04:33,318 basehttp 22568 21784 "GET /api/parking-status/ HTTP/1.1" 200 483
INFO 2025-10-13 14:04:33,329 basehttp 22568 12108 "GET /api/recent-activity/ HTTP/1.1" 200 1035
INFO 2025-10-13 14:04:33,436 basehttp 22568 12108 "GET / HTTP/1.1" 200 75324
INFO 2025-10-13 14:04:33,494 basehttp 22568 21784 "GET /api/parking-data/ HTTP/1.1" 200 38520
INFO 2025-10-13 14:04:33,521 basehttp 22568 12108 "GET /api/parking-status/ HTTP/1.1" 200 483
INFO 2025-10-13 14:04:33,534 basehttp 22568 6436 "GET /api/recent-activity/ HTTP/1.1" 200 1035
INFO 2025-10-13 14:04:33,651 basehttp 22568 6436 "GET / HTTP/1.1" 200 75324
INFO 2025-10-13 14:04:33,718 basehttp 22568 6436 "GET /api/parking-status/ HTTP/1.1" 200 483
INFO 2025-10-13 14:04:33,726 basehttp 22568 12108 "GET /api/parking-data/ HTTP/1.1" 200 38520
INFO 2025-10-13 14:04:33,748 basehttp 22568 21784 "GET /api/recent-activity/ HTTP/1.1" 200 1035
INFO 2025-10-13 14:04:33,844 basehttp 22568 21784 "GET / HTTP/1.1" 200 75324
INFO 2025-10-13 14:04:33,903 basehttp 22568 12108 "GET /api/parking-data/ HTTP/1.1" 200 38520
INFO 2025-10-13 14:04:33,931 basehttp 22568 21784 "GET /api/parking-status/ HTTP/1.1" 200 483
INFO 2025-10-13 14:04:33,940 basehttp 22568 6436 "GET /api/recent-activity/ HTTP/1.1" 200 1035
INFO 2025-10-13 14:04:35,028 basehttp 22568 6436 "GET / HTTP/1.1" 200 75324
INFO 2025-10-13 14:04:35,096 basehttp 22568 6436 "GET /api/parking-status/ HTTP/1.1" 200 483
INFO 2025-10-13 14:04:35,104 basehttp 22568 21784 "GET /api/parking-data/ HTTP/1.1" 200 38520
INFO 2025-10-13 14:04:35,126 basehttp 22568 12108 "GET /api/recent-activity/ HTTP/1.1" 200 1035
INFO 2025-10-13 14:04:35,250 basehttp 22568 12108 "GET / HTTP/1.1" 200 75324
INFO 2025-10-13 14:04:35,307 basehttp 22568 21784 "GET /api/parking-data/ HTTP/1.1" 200 38520
INFO 2025-10-13 14:04:35,334 basehttp 22568 12108 "GET /api/parking-status/ HTTP/1.1" 200 483
INFO 2025-10-13 14:04:35,343 basehttp 22568 6436 "GET /api/recent-activity/ HTTP/1.1" 200 1035
INFO 2025-10-13 14:04:35,505 basehttp 22568 6436 "GET / HTTP/1.1" 200 75324
INFO 2025-10-13 14:04:35,564 basehttp 22568 21784 "GET /api/recent-activity/ HTTP/1.1" 200 1035
INFO 2025-10-13 14:04:35,579 basehttp 22568 12108 "GET /api/parking-data/ HTTP/1.1" 200 38520
INFO 2025-10-13 14:04:35,602 basehttp 22568 6436 "GET /api/parking-status/ HTTP/1.1" 200 483
INFO 2025-10-13 14:04:35,718 basehttp 22568 6436 "GET / HTTP/1.1" 200 75324
INFO 2025-10-13 14:04:35,778 basehttp 22568 12108 "GET /api/parking-data/ HTTP/1.1" 200 38520
INFO 2025-10-13 14:04:35,807 basehttp 22568 6436 "GET /api/parking-status/ HTTP/1.1" 200 483
INFO 2025-10-13 14:04:35,818 basehttp 22568 21784 "GET /api/recent-activity/ HTTP/1.1" 200 1035
INFO 2025-10-13 14:04:35,901 basehttp 22568 21784 "GET / HTTP/1.1" 200 75324
INFO 2025-10-13 14:04:35,956 basehttp 22568 6436 "GET /api/parking-data/ HTTP/1.1" 200 38520
INFO 2025-10-13 14:04:35,981 basehttp 22568 21784 "GET /api/parking-status/ HTTP/1.1" 200 483
INFO 2025-10-13 14:04:35,996 basehttp 22568 12108 "GET /api/recent-activity/ HTTP/1.1" 200 1035
INFO 2025-10-13 14:04:36,153 basehttp 22568 12108 "GET / HTTP/1.1" 200 75324
INFO 2025-10-13 14:04:36,211 basehttp 22568 21784 "GET /api/parking-data/ HTTP/1.1" 200 38520
INFO 2025-10-13 14:04:36,241 basehttp 22568 12108 "GET /api/parking-status/ HTTP/1.1" 200 483
INFO 2025-10-13 14:04:36,253 basehttp 22568 6436 "GET /api/recent-activity/ HTTP/1.1" 200 1035
INFO 2025-10-13 14:04:36,398 basehttp 22568 6436 "GET / HTTP/1.1" 200 75324
INFO 2025-10-13 14:04:36,455 basehttp 22568 12108 "GET /api/parking-data/ HTTP/1.1" 200 38520
INFO 2025-10-13 14:04:36,482 basehttp 22568 6436 "GET /api/parking-status/ HTTP/1.1" 200 483
INFO 2025-10-13 14:04:36,497 basehttp 22568 21784 "GET /api/recent-activity/ HTTP/1.1" 200 1035
INFO 2025-10-13 14:04:37,022 basehttp 22568 21784 "GET / HTTP/1.1" 200 75324
INFO 2025-10-13 14:04:37,077 basehttp 22568 6436 "GET /api/parking-data/ HTTP/1.1" 200 38520
INFO 2025-10-13 14:04:37,106 basehttp 22568 21784 "GET /api/parking-status/ HTTP/1.1" 200 483
INFO 2025-10-13 14:04:37,121 basehttp 22568 12108 "GET /api/recent-activity/ HTTP/1.1" 200 1035
INFO 2025-10-13 14:04:37,736 basehttp 22568 12108 "GET / HTTP/1.1" 200 75324
INFO 2025-10-13 14:04:37,801 basehttp 22568 21784 "GET /api/parking-data/ HTTP/1.1" 200 38520
INFO 2025-10-13 14:04:37,831 basehttp 22568 12108 "GET /api/parking-status/ HTTP/1.1" 200 483
INFO 2025-10-13 14:04:37,846 basehttp 22568 6436 "GET /api/recent-activity/ HTTP/1.1" 200 1035
INFO 2025-10-13 14:04:38,255 basehttp 22568 6436 "GET / HTTP/1.1" 200 75324
INFO 2025-10-13 14:04:38,317 basehttp 22568 12108 "GET /api/parking-data/ HTTP/1.1" 200 38520
INFO 2025-10-13 14:04:38,338 basehttp 22568 6436 "GET /api/parking-status/ HTTP/1.1" 200 483
INFO 2025-10-13 14:04:38,349 basehttp 22568 21784 "GET /api/recent-activity/ HTTP/1.1" 200 1035
INFO 2025-10-13 14:04:38,765 basehttp 22568 21784 "GET / HTTP/1.1" 200 75324
INFO 2025-10-13 14:04:38,821 basehttp 22568 6436 "GET /api/parking-data/ HTTP/1.1" 200 38520
INFO 2025-10-13 14:04:38,847 basehttp 22568 21784 "GET /api/parking-status/ HTTP/1.1" 200 483
INFO 2025-10-13 14:04:38,861 basehttp 22568 12108 "GET /api/recent-activity/ HTTP/1.1" 200 1035
INFO 2025-10-13 14:04:39,286 basehttp 22568 12108 "GET / HTTP/1.1" 200 75324
INFO 2025-10-13 14:04:39,352 basehttp 22568 12108 "GET /api/parking-status/ HTTP/1.1" 200 483
INFO 2025-10-13 14:04:39,359 basehttp 22568 21784 "GET /api/parking-data/ HTTP/1.1" 200 38520
INFO 2025-10-13 14:04:39,380 basehttp 22568 6436 "GET /api/recent-activity/ HTTP/1.1" 200 1035
INFO 2025-10-13 14:04:39,814 basehttp 22568 6436 "GET / HTTP/1.1" 200 75324
INFO 2025-10-13 14:04:39,878 basehttp 22568 6436 "GET /api/parking-status/ HTTP/1.1" 200 483
INFO 2025-10-13 14:04:39,894 basehttp 22568 21784 "GET /api/parking-data/ HTTP/1.1" 200 38520
INFO 2025-10-13 14:04:39,911 basehttp 22568 12108 "GET /api/recent-activity/ HTTP/1.1" 200 1035
INFO 2025-10-13 14:04:40,329 basehttp 22568 12108 "GET / HTTP/1.1" 200 75324
INFO 2025-10-13 14:04:40,399 basehttp 22568 12108 "GET /api/parking-status/ HTTP/1.1" 200 483
INFO 2025-10-13 14:04:40,407 basehttp 22568 21784 "GET /api/parking-data/ HTTP/1.1" 200 38520
INFO 2025-10-13 14:04:40,429 basehttp 22568 6436 "GET /api/recent-activity/ HTTP/1.1" 200 1035
INFO 2025-10-13 14:05:10,690 basehttp 22568 21784 "GET /api/parking-data/ HTTP/1.1" 200 38520
INFO 2025-10-13 14:05:10,723 basehttp 22568 12108 "GET /api/recent-activity/ HTTP/1.1" 200 1035
INFO 2025-10-13 14:05:10,748 basehttp 22568 6436 "GET /api/parking-status/ HTTP/1.1" 200 483
INFO 2025-10-13 17:22:48,094 autoreload 4756 22856 Watching for file changes with StatReloader
INFO 2025-10-13 17:23:04,535 autoreload 11480 23940 Watching for file changes with StatReloader
INFO 2025-10-13 17:25:12,984 autoreload 13600 3844 Watching for file changes with StatReloader
INFO 2025-10-13 17:30:01,325 autoreload 25528 20296 Watching for file changes with StatReloader
INFO 2025-10-13 17:32:17,451 autoreload 5816 14980 Watching for file changes with StatReloader
INFO 2025-10-13 17:32:23,621 basehttp 5816 25200 "GET / HTTP/1.1" 200 75324
INFO 2025-10-13 17:32:23,990 basehttp 5816 25200 "GET /api/parking-status/ HTTP/1.1" 200 483
INFO 2025-10-13 17:32:24,033 basehttp 5816 25352 "GET /api/parking-data/ HTTP/1.1" 200 38520
INFO 2025-10-13 17:32:24,057 basehttp 5816 9620 "GET /api/recent-activity/ HTTP/1.1" 200 1021
INFO 2025-10-13 17:32:29,857 basehttp 5816 9620 "GET / HTTP/1.1" 200 75324
INFO 2025-10-13 17:32:29,946 basehttp 5816 9620 "GET /api/parking-status/ HTTP/1.1" 200 483
INFO 2025-10-13 17:32:29,963 basehttp 5816 25352 "GET /api/parking-data/ HTTP/1.1" 200 38520
INFO 2025-10-13 17:32:29,990 basehttp 5816 25200 "GET /api/recent-activity/ HTTP/1.1" 200 1021
INFO 2025-10-13 17:32:44,777 basehttp 5816 25200 "POST /api/update-slot/ HTTP/1.1" 200 177
INFO 2025-10-13 17:32:44,834 basehttp 5816 25200 "GET /api/parking-status/ HTTP/1.1" 200 482
INFO 2025-10-13 17:32:44,841 basehttp 5816 25352 "GET /api/parking-data/ HTTP/1.1" 200 38329
INFO 2025-10-13 17:32:47,347 basehttp 5816 25352 "GET / HTTP/1.1" 200 75321
INFO 2025-10-13 17:32:47,424 basehttp 5816 25352 "GET /api/parking-status/ HTTP/1.1" 200 482
INFO 2025-10-13 17:32:47,434 basehttp 5816 25200 "GET /api/parking-data/ HTTP/1.1" 200 38329
INFO 2025-10-13 17:32:47,461 basehttp 5816 9620 "GET /api/recent-activity/ HTTP/1.1" 200 1011
INFO 2025-10-13 17:32:54,267 basehttp 5816 9620 "GET / HTTP/1.1" 200 75321
INFO 2025-10-13 17:32:54,340 basehttp 5816 25200 "GET /api/parking-data/ HTTP/1.1" 200 38329
INFO 2025-10-13 17:32:54,373 basehttp 5816 9620 "GET /api/parking-status/ HTTP/1.1" 200 482
INFO 2025-10-13 17:32:54,389 basehttp 5816 25352 "GET /api/recent-activity/ HTTP/1.1" 200 1011
INFO 2025-10-13 17:32:54,812 basehttp 5816 25352 "GET / HTTP/1.1" 200 75321
INFO 2025-10-13 17:32:54,879 basehttp 5816 9620 "GET /api/parking-data/ HTTP/1.1" 200 38329
INFO 2025-10-13 17:32:54,916 basehttp 5816 25352 "GET /api/parking-status/ HTTP/1.1" 200 482
INFO 2025-10-13 17:32:54,933 basehttp 5816 25200 "GET /api/recent-activity/ HTTP/1.1" 200 1011
INFO 2025-10-13 17:32:55,222 basehttp 5816 25200 "GET / HTTP/1.1" 200 75321
INFO 2025-10-13 17:32:55,284 basehttp 5816 25352 "GET /api/parking-data/ HTTP/1.1" 200 38329
INFO 2025-10-13 17:32:55,315 basehttp 5816 9620 "GET /api/recent-activity/ HTTP/1.1" 200 1011
INFO 2025-10-13 17:32:55,339 basehttp 5816 25200 "GET /api/parking-status/ HTTP/1.1" 200 482
INFO 2025-10-13 17:32:55,524 basehttp 5816 25200 "GET / HTTP/1.1" 200 75321
INFO 2025-10-13 17:32:55,600 basehttp 5816 25200 "GET /api/parking-status/ HTTP/1.1" 200 482
INFO 2025-10-13 17:32:55,607 basehttp 5816 9620 "GET /api/parking-data/ HTTP/1.1" 200 38329
INFO 2025-10-13 17:32:55,635 basehttp 5816 25352 "GET /api/recent-activity/ HTTP/1.1" 200 1011
INFO 2025-10-13 17:32:55,838 basehttp 5816 25352 "GET / HTTP/1.1" 200 75321
INFO 2025-10-13 17:32:55,899 basehttp 5816 9620 "GET /api/parking-data/ HTTP/1.1" 200 38329
INFO 2025-10-13 17:32:55,937 basehttp 5816 25352 "GET /api/parking-status/ HTTP/1.1" 200 482
INFO 2025-10-13 17:32:55,953 basehttp 5816 25200 "GET /api/recent-activity/ HTTP/1.1" 200 1011
INFO 2025-10-13 17:33:04,180 basehttp 5816 25200 "GET /realtime/ HTTP/1.1" 200 52962
INFO 2025-10-13 17:33:04,936 basehttp 5816 25200 "GET /analytics/ HTTP/1.1" 200 48537
INFO 2025-10-13 17:33:05,539 basehttp 5816 25200 "GET /realtime/ HTTP/1.1" 200 52962
INFO 2025-10-13 17:35:41,207 autoreload 5816 14980 C:\Users\athar\OneDrive\Desktop\TY - Sem 1\EDI\parking-system\dashboard\parking_app\views.py changed, reloading.
INFO 2025-10-13 17:35:42,457 autoreload 24500 3676 Watching for file changes with StatReloader
INFO 2025-10-13 17:36:05,623 autoreload 24500 3676 C:\Users\athar\OneDrive\Desktop\TY - Sem 1\EDI\parking-system\dashboard\parking_app\api_urls.py changed, reloading.
INFO 2025-10-13 17:36:06,670 autoreload 16972 20868 Watching for file changes with StatReloader
INFO 2025-10-13 18:04:43,996 basehttp 16972 3340 "GET / HTTP/1.1" 200 75321
INFO 2025-10-13 18:04:44,333 basehttp 16972 3340 "GET /api/parking-status/ HTTP/1.1" 200 482
INFO 2025-10-13 18:04:44,381 basehttp 16972 9692 "GET /api/parking-data/ HTTP/1.1" 200 38329
INFO 2025-10-13 18:04:44,412 basehttp 16972 3448 "GET /api/recent-activity/ HTTP/1.1" 200 1012
INFO 2025-10-13 18:04:48,096 basehttp 16972 3448 "GET /realtime/ HTTP/1.1" 200 51602
INFO 2025-10-13 18:04:48,177 basehttp 16972 3448 "GET /api/realtime-monitoring/ HTTP/1.1" 200 1548
INFO 2025-10-13 18:04:50,479 basehttp 16972 3448 "GET / HTTP/1.1" 200 75321
INFO 2025-10-13 18:04:50,570 basehttp 16972 3448 "GET /api/parking-status/ HTTP/1.1" 200 482
INFO 2025-10-13 18:04:50,579 basehttp 16972 9692 "GET /api/parking-data/ HTTP/1.1" 200 38329
INFO 2025-10-13 18:04:50,609 basehttp 16972 3340 "GET /api/recent-activity/ HTTP/1.1" 200 1012
INFO 2025-10-13 18:04:51,835 basehttp 16972 3340 "GET /realtime/ HTTP/1.1" 200 51602
INFO 2025-10-13 18:04:51,932 basehttp 16972 3340 "GET /api/realtime-monitoring/ HTTP/1.1" 200 1548
INFO 2025-10-13 18:05:01,556 basehttp 16972 3340 "GET / HTTP/1.1" 200 75321
INFO 2025-10-13 18:05:01,627 basehttp 16972 9692 "GET /api/parking-data/ HTTP/1.1" 200 38329
INFO 2025-10-13 18:05:01,663 basehttp 16972 3340 "GET /api/parking-status/ HTTP/1.1" 200 482
INFO 2025-10-13 18:05:01,679 basehttp 16972 3448 "GET /api/recent-activity/ HTTP/1.1" 200 1012
INFO 2025-10-13 18:05:28,741 basehttp 16972 3448 "POST /api/update-slot/ HTTP/1.1" 200 177
INFO 2025-10-13 18:05:29,986 basehttp 16972 3448 "GET /api/parking-status/ HTTP/1.1" 200 484
INFO 2025-10-13 18:05:29,996 basehttp 16972 3340 "GET /api/parking-data/ HTTP/1.1" 200 38522
INFO 2025-10-13 18:05:31,627 basehttp 16972 3340 "GET /api/parking-status/ HTTP/1.1" 200 484
INFO 2025-10-13 18:05:31,648 basehttp 16972 9692 "GET /api/recent-activity/ HTTP/1.1" 200 1027
INFO 2025-10-13 18:05:31,660 basehttp 16972 3448 "GET /api/parking-data/ HTTP/1.1" 200 38522
INFO 2025-10-13 18:05:33,091 basehttp 16972 3448 "GET / HTTP/1.1" 200 75324
INFO 2025-10-13 18:05:33,168 basehttp 16972 9692 "GET /api/parking-data/ HTTP/1.1" 200 38522
INFO 2025-10-13 18:05:33,203 basehttp 16972 3448 "GET /api/parking-status/ HTTP/1.1" 200 484
INFO 2025-10-13 18:05:33,219 basehttp 16972 3340 "GET /api/recent-activity/ HTTP/1.1" 200 1027
INFO 2025-10-13 18:05:35,552 basehttp 16972 3340 "GET /realtime/ HTTP/1.1" 200 51603
INFO 2025-10-13 18:05:35,634 basehttp 16972 3340 "GET /api/realtime-monitoring/ HTTP/1.1" 200 1930
INFO 2025-10-13 18:05:45,656 basehttp 16972 3340 "GET /api/realtime-monitoring/ HTTP/1.1" 200 1930
INFO 2025-10-13 18:05:52,060 basehttp 16972 3340 "GET /analytics/ HTTP/1.1" 200 48537
INFO 2025-10-13 18:06:01,287 autoreload 16972 20868 C:\Users\athar\OneDrive\Desktop\TY - Sem 1\EDI\parking-system\dashboard\parking_app\api_urls.py changed, reloading.
INFO 2025-10-13 18:06:02,438 autoreload 10512 24520 Watching for file changes with StatReloader
INFO 2025-10-13 18:15:54,927 autoreload 14412 25780 Watching for file changes with StatReloader
INFO 2025-10-13 18:16:07,612 basehttp 14412 16860 "GET /analytics/ HTTP/1.1" 200 55927
INFO 2025-10-13 18:16:35,004 basehttp 14412 16860 "GET /analytics/ HTTP/1.1" 200 55927
INFO 2025-10-13 18:17:11,100 basehttp 14412 16860 "GET / HTTP/1.1" 200 75324
INFO 2025-10-13 18:17:11,191 basehttp 14412 16860 "GET /api/parking-status/ HTTP/1.1" 200 484
INFO 2025-10-13 18:17:11,249 basehttp 14412 2468 "GET /api/parking-data/ HTTP/1.1" 200 38522
INFO 2025-10-13 18:17:11,277 basehttp 14412 12244 "GET /api/recent-activity/ HTTP/1.1" 200 1028
INFO 2025-10-13 18:17:19,067 basehttp 14412 12244 "GET /analytics/ HTTP/1.1" 200 55927
INFO 2025-10-13 18:17:30,606 basehttp 14412 12244 "GET /realtime/ HTTP/1.1" 200 51603
INFO 2025-10-13 18:17:30,694 basehttp 14412 12244 "GET /api/realtime-monitoring/ HTTP/1.1" 200 1931
INFO 2025-10-13 18:17:31,273 basehttp 14412 12244 "GET / HTTP/1.1" 200 75324
INFO 2025-10-13 18:17:31,357 basehttp 14412 2468 "GET /api/parking-data/ HTTP/1.1" 200 38522
INFO 2025-10-13 18:17:31,393 basehttp 14412 12244 "GET /api/parking-status/ HTTP/1.1" 200 484
INFO 2025-10-13 18:17:31,409 basehttp 14412 16860 "GET /api/recent-activity/ HTTP/1.1" 200 1028
INFO 2025-10-13 18:17:40,113 basehttp 14412 16860 "GET /analytics/ HTTP/1.1" 200 56041
INFO 2025-10-13 18:17:46,197 basehttp 14412 16860 "GET /driver/dashboard/ HTTP/1.1" 200 40800
INFO 2025-10-13 18:17:53,369 basehttp 14412 16860 "GET /realtime/ HTTP/1.1" 200 51717
INFO 2025-10-13 18:17:53,462 basehttp 14412 16860 "GET /api/realtime-monitoring/ HTTP/1.1" 200 1931
INFO 2025-10-13 18:17:53,759 basehttp 14412 16860 "GET /analytics/ HTTP/1.1" 200 56041
INFO 2025-10-13 18:18:07,544 basehttp 14412 16860 "GET / HTTP/1.1" 200 75438
INFO 2025-10-13 18:18:07,640 basehttp 14412 16860 "GET /api/parking-status/ HTTP/1.1" 200 484
INFO 2025-10-13 18:18:07,649 basehttp 14412 12244 "GET /api/parking-data/ HTTP/1.1" 200 38522
INFO 2025-10-13 18:18:07,681 basehttp 14412 2468 "GET /api/recent-activity/ HTTP/1.1" 200 1028
INFO 2025-10-13 18:18:18,813 basehttp 14412 2468 "GET /analytics/ HTTP/1.1" 200 56404
INFO 2025-10-13 18:18:27,821 basehttp 14412 2468 "GET / HTTP/1.1" 200 75438
INFO 2025-10-13 18:18:27,902 basehttp 14412 12244 "GET /api/parking-data/ HTTP/1.1" 200 38522
INFO 2025-10-13 18:18:27,937 basehttp 14412 2468 "GET /api/parking-status/ HTTP/1.1" 200 484
INFO 2025-10-13 18:18:27,956 basehttp 14412 16860 "GET /api/recent-activity/ HTTP/1.1" 200 1028
INFO 2025-10-13 18:18:32,327 basehttp 14412 16860 "GET /analytics/ HTTP/1.1" 200 57241
INFO 2025-10-13 18:18:35,212 basehttp 14412 16860 "GET / HTTP/1.1" 200 75438
INFO 2025-10-13 18:18:35,325 basehttp 14412 16860 "GET /api/parking-status/ HTTP/1.1" 200 484
INFO 2025-10-13 18:18:35,333 basehttp 14412 2468 "GET /api/parking-data/ HTTP/1.1" 200 38522
INFO 2025-10-13 18:18:35,368 basehttp 14412 12244 "GET /api/recent-activity/ HTTP/1.1" 200 1028
INFO 2025-10-13 18:19:05,996 basehttp 14412 4904 "GET /api/parking-status/ HTTP/1.1" 200 484
INFO 2025-10-13 18:19:06,052 basehttp 14412 23704 "GET /api/parking-data/ HTTP/1.1" 200 38522
INFO 2025-10-13 18:19:06,078 basehttp 14412 24644 "GET /api/recent-activity/ HTTP/1.1" 200 1028
INFO 2025-10-13 18:19:07,354 basehttp 14412 24644 "GET /analytics/ HTTP/1.1" 200 57241
INFO 2025-10-13 18:19:16,402 basehttp 14412 24644 "GET / HTTP/1.1" 200 75438
INFO 2025-10-13 18:19:16,499 basehttp 14412 24644 "GET /api/parking-status/ HTTP/1.1" 200 484
INFO 2025-10-13 18:19:16,510 basehttp 14412 23704 "GET /api/parking-data/ HTTP/1.1" 200 38522
INFO 2025-10-13 18:19:16,537 basehttp 14412 4904 "GET /api/recent-activity/ HTTP/1.1" 200 1028
INFO 2025-10-13 18:19:46,506 basehttp 14412 4904 "GET /api/parking-status/ HTTP/1.1" 200 484
INFO 2025-10-13 18:19:46,523 basehttp 14412 23704 "GET /api/parking-data/ HTTP/1.1" 200 38522
INFO 2025-10-13 18:19:46,547 basehttp 14412 24644 "GET /api/recent-activity/ HTTP/1.1" 200 1028
INFO 2025-10-13 18:20:17,100 basehttp 14412 23704 "GET /api/parking-data/ HTTP/1.1" 200 38522
INFO 2025-10-13 18:20:17,129 basehttp 14412 24644 "GET /api/parking-status/ HTTP/1.1" 200 484
INFO 2025-10-13 18:20:17,151 basehttp 14412 4904 "GET /api/recent-activity/ HTTP/1.1" 200 1028
INFO 2025-10-13 18:20:47,104 basehttp 14412 24644 "GET /api/parking-data/ HTTP/1.1" 200 38522
INFO 2025-10-13 18:20:47,135 basehttp 14412 4904 "GET /api/parking-status/ HTTP/1.1" 200 484
INFO 2025-10-13 18:20:47,150 basehttp 14412 23704 "GET /api/recent-activity/ HTTP/1.1" 200 1028
INFO 2025-10-13 18:21:17,118 basehttp 14412 23704 "GET /api/parking-status/ HTTP/1.1" 200 484
INFO 2025-10-13 18:21:17,146 basehttp 14412 4904 "GET /api/parking-data/ HTTP/1.1" 200 38522
INFO 2025-10-13 18:21:17,154 basehttp 14412 24644 "GET /api/recent-activity/ HTTP/1.1" 200 1028
INFO 2025-10-13 18:21:47,108 basehttp 14412 24644 "GET /api/parking-status/ HTTP/1.1" 200 484
INFO 2025-10-13 18:21:47,119 basehttp 14412 4904 "GET /api/parking-data/ HTTP/1.1" 200 38522
INFO 2025-10-13 18:21:47,140 basehttp 14412 23704 "GET /api/recent-activity/ HTTP/1.1" 200 1028
INFO 2025-10-13 18:22:17,112 basehttp 14412 23704 "GET /api/parking-status/ HTTP/1.1" 200 484
INFO 2025-10-13 18:22:17,141 basehttp 14412 4904 "GET /api/parking-data/ HTTP/1.1" 200 38522
INFO 2025-10-13 18:22:17,155 basehttp 14412 24644 "GET /api/recent-activity/ HTTP/1.1" 200 1028
INFO 2025-10-13 18:23:00,118 basehttp 14412 24644 "GET /api/parking-status/ HTTP/1.1" 200 484
INFO 2025-10-13 18:23:00,127 basehttp 14412 4904 "GET /api/parking-data/ HTTP/1.1" 200 38522
INFO 2025-10-13 18:23:00,154 basehttp 14412 23704 "GET /api/recent-activity/ HTTP/1.1" 200 1028
INFO 2025-10-13 18:24:00,099 basehttp 14412 4904 "GET /api/parking-data/ HTTP/1.1" 200 38522
INFO 2025-10-13 18:24:00,128 basehttp 14412 23704 "GET /api/parking-status/ HTTP/1.1" 200 484
INFO 2025-10-13 18:24:00,156 basehttp 14412 24644 "GET /api/recent-activity/ HTTP/1.1" 200 1028
INFO 2025-10-13 18:25:00,118 basehttp 14412 23704 "GET /api/parking-data/ HTTP/1.1" 200 38522
INFO 2025-10-13 18:25:00,137 basehttp 14412 24644 "GET /api/parking-status/ HTTP/1.1" 200 484
INFO 2025-10-13 18:25:00,155 basehttp 14412 4904 "GET /api/recent-activity/ HTTP/1.1" 200 1028
INFO 2025-10-13 18:25:42,229 autoreload 25264 1832 Watching for file changes with StatReloader
INFO 2025-10-13 18:25:44,188 basehttp 25264 6560 "GET /api/parking-status/ HTTP/1.1" 200 484
INFO 2025-10-13 18:25:44,238 basehttp 25264 17480 "GET /api/parking-data/ HTTP/1.1" 200 38522
INFO 2025-10-13 18:25:44,280 basehttp 25264 20356 "GET /api/recent-activity/ HTTP/1.1" 200 1028
INFO 2025-10-13 18:25:45,163 basehttp 25264 20356 "GET / HTTP/1.1" 200 75438
INFO 2025-10-13 18:25:45,360 basehttp 25264 20356 "GET /api/parking-status/ HTTP/1.1" 200 484
INFO 2025-10-13 18:25:45,377 basehttp 25264 17480 "GET /api/parking-data/ HTTP/1.1" 200 38522
INFO 2025-10-13 18:25:45,411 basehttp 25264 6560 "GET /api/recent-activity/ HTTP/1.1" 200 1028
INFO 2025-10-13 18:25:50,267 basehttp 25264 6560 "GET /analytics/ HTTP/1.1" 200 55308
INFO 2025-10-13 18:25:50,454 basehttp 25264 6560 "GET /api/analytics-data/?range=today HTTP/1.1" 200 2617
INFO 2025-10-13 18:26:21,177 basehttp 25264 6560 "GET /api/analytics-data/?range=today HTTP/1.1" 200 2617
INFO 2025-10-13 18:26:51,181 basehttp 25264 6560 "GET /api/analytics-data/?range=today HTTP/1.1" 200 2617
INFO 2025-10-13 18:27:21,167 basehttp 25264 6560 "GET /api/analytics-data/?range=today HTTP/1.1" 200 2617
INFO 2025-10-13 18:27:51,205 basehttp 25264 6560 "GET /api/analytics-data/?range=today HTTP/1.1" 200 2617
INFO 2025-10-13 18:28:21,182 basehttp 25264 6560 "GET /api/analytics-data/?range=today HTTP/1.1" 200 2617
INFO 2025-10-13 18:28:51,185 basehttp 25264 6560 "GET /api/analytics-data/?range=today HTTP/1.1" 200 2617
INFO 2025-10-13 18:30:00,182 basehttp 25264 6560 "GET /api/analytics-data/?range=today HTTP/1.1" 200 2617
INFO 2025-10-13 18:31:00,179 basehttp 25264 6560 "GET /api/analytics-data/?range=today HTTP/1.1" 200 2617
INFO 2025-10-13 18:32:00,207 basehttp 25264 6560 "GET /api/analytics-data/?range=today HTTP/1.1" 200 2617
INFO 2025-10-13 18:33:00,205 basehttp 25264 6560 "GET /api/analytics-data/?range=today HTTP/1.1" 200 2617
INFO 2025-10-13 18:34:00,230 basehttp 25264 6560 "GET /api/analytics-data/?range=today HTTP/1.1" 200 2617
INFO 2025-10-13 18:34:37,200 basehttp 25264 6560 "GET /api/analytics-data/?range=today HTTP/1.1" 200 2617
INFO 2025-10-13 18:34:51,173 basehttp 25264 6560 "GET /api/analytics-data/?range=today HTTP/1.1" 200 2617
INFO 2025-10-13 18:35:01,354 autoreload 25680 25604 Watching for file changes with StatReloader
INFO 2025-10-13 18:35:06,133 basehttp 25680 18584 "GET / HTTP/1.1" 200 74123
INFO 2025-10-13 18:35:06,363 basehttp 25680 18584 "GET /api/parking-status/ HTTP/1.1" 200 484
INFO 2025-10-13 18:35:06,419 basehttp 25680 1260 "GET /api/parking-data/ HTTP/1.1" 200 38522
INFO 2025-10-13 18:35:06,450 basehttp 25680 25884 "GET /api/recent-activity/ HTTP/1.1" 200 1024
INFO 2025-10-13 18:35:25,611 basehttp 25680 25884 "GET /realtime/ HTTP/1.1" 200 51717
INFO 2025-10-13 18:35:25,716 basehttp 25680 25884 "GET /api/realtime-monitoring/ HTTP/1.1" 200 1927
INFO 2025-10-13 18:35:26,595 basehttp 25680 25884 "GET /analytics/ HTTP/1.1" 200 55308
INFO 2025-10-13 18:35:26,772 basehttp 25680 25884 "GET /api/analytics-data/?range=today HTTP/1.1" 200 2617
INFO 2025-10-13 18:35:39,243 basehttp 25680 25884 "GET /driver/dashboard/ HTTP/1.1" 200 40800
INFO 2025-10-13 18:35:41,945 basehttp 25680 25884 "GET /analytics/ HTTP/1.1" 200 55308
INFO 2025-10-13 18:35:42,116 basehttp 25680 25884 "GET /api/analytics-data/?range=today HTTP/1.1" 200 2617
INFO 2025-10-13 18:35:49,079 basehttp 25680 25884 "GET / HTTP/1.1" 200 74018
INFO 2025-10-13 18:35:49,171 basehttp 25680 25884 "GET /api/parking-status/ HTTP/1.1" 200 484
INFO 2025-10-13 18:35:49,193 basehttp 25680 18584 "GET /api/recent-activity/ HTTP/1.1" 200 1024
INFO 2025-10-13 18:35:49,212 basehttp 25680 1260 "GET /api/parking-data/ HTTP/1.1" 200 38522
INFO 2025-10-13 18:36:09,491 basehttp 25680 1260 "GET / HTTP/1.1" 200 74018
INFO 2025-10-13 18:36:09,558 basehttp 25680 18584 "GET /api/parking-data/ HTTP/1.1" 200 38522
INFO 2025-10-13 18:36:09,591 basehttp 25680 1260 "GET /api/parking-status/ HTTP/1.1" 200 484
INFO 2025-10-13 18:36:09,606 basehttp 25680 25884 "GET /api/recent-activity/ HTTP/1.1" 200 1024
INFO 2025-10-13 18:36:40,115 basehttp 25680 25884 "GET /api/parking-status/ HTTP/1.1" 200 484
INFO 2025-10-13 18:36:40,128 basehttp 25680 1260 "GET /api/parking-data/ HTTP/1.1" 200 38522
INFO 2025-10-13 18:36:40,157 basehttp 25680 18584 "GET /api/recent-activity/ HTTP/1.1" 200 1024
INFO 2025-10-13 18:36:49,350 autoreload 25680 25604 C:\Users\athar\OneDrive\Desktop\TY - Sem 1\EDI\parking-system\dashboard\parking_app\views.py changed, reloading.
INFO 2025-10-13 18:36:50,498 autoreload 24556 20836 Watching for file changes with StatReloader
INFO 2025-10-13 18:36:51,979 basehttp 24556 25948 "GET /analytics/ HTTP/1.1" 200 55308
INFO 2025-10-13 18:36:52,164 basehttp 24556 25948 "GET /api/analytics-data/?range=today HTTP/1.1" 200 2617
INFO 2025-10-13 18:36:58,382 basehttp 24556 25948 "GET /analytics/ HTTP/1.1" 200 55308
INFO 2025-10-13 18:36:58,695 basehttp 24556 25948 "GET /api/analytics-data/?range=today HTTP/1.1" 200 2617
INFO 2025-10-13 18:37:01,569 basehttp 24556 25948 "GET / HTTP/1.1" 200 74018
INFO 2025-10-13 18:37:01,658 basehttp 24556 25948 "GET /api/parking-status/ HTTP/1.1" 200 484
INFO 2025-10-13 18:37:01,726 basehttp 24556 7608 "GET /api/recent-activity/ HTTP/1.1" 200 1024
INFO 2025-10-13 18:37:01,737 basehttp 24556 1812 "GET /api/parking-data/ HTTP/1.1" 200 38522
INFO 2025-10-13 18:37:29,155 basehttp 24556 1812 "GET /api/analytics-data/?range=today HTTP/1.1" 200 2617
INFO 2025-10-13 18:37:32,100 basehttp 24556 1812 "GET /api/parking-status/ HTTP/1.1" 200 484
INFO 2025-10-13 18:37:32,113 basehttp 24556 7608 "GET /api/parking-data/ HTTP/1.1" 200 38522
INFO 2025-10-13 18:37:32,137 basehttp 24556 25948 "GET /api/recent-activity/ HTTP/1.1" 200 1024
INFO 2025-10-13 18:37:59,177 basehttp 24556 25948 "GET /api/analytics-data/?range=today HTTP/1.1" 200 2617
INFO 2025-10-13 18:38:01,654 basehttp 24556 7608 "GET /api/parking-data/ HTTP/1.1" 200 38522
INFO 2025-10-13 18:38:01,682 basehttp 24556 1812 "GET /api/recent-activity/ HTTP/1.1" 200 1024
INFO 2025-10-13 18:38:01,713 basehttp 24556 25948 "GET /api/parking-status/ HTTP/1.1" 200 484
INFO 2025-10-13 18:38:29,198 basehttp 24556 25948 "GET /api/analytics-data/?range=today HTTP/1.1" 200 2617
INFO 2025-10-13 18:38:32,109 basehttp 24556 25948 "GET /api/parking-status/ HTTP/1.1" 200 484
INFO 2025-10-13 18:38:32,120 basehttp 24556 1812 "GET /api/parking-data/ HTTP/1.1" 200 38522
INFO 2025-10-13 18:38:32,146 basehttp 24556 7608 "GET /api/recent-activity/ HTTP/1.1" 200 1024
INFO 2025-10-13 18:38:33,967 basehttp 24556 7608 "GET /analytics/ HTTP/1.1" 200 55308
INFO 2025-10-13 18:38:34,120 basehttp 24556 7608 "GET /api/analytics-data/?range=today HTTP/1.1" 200 2617
INFO 2025-10-13 18:38:41,412 basehttp 24556 7608 "GET /analytics/ HTTP/1.1" 200 55308
INFO 2025-10-13 18:38:41,574 basehttp 24556 7608 "GET /api/analytics-data/?range=today HTTP/1.1" 200 2617
INFO 2025-10-13 18:38:42,080 basehttp 24556 7608 "GET /analytics/ HTTP/1.1" 200 55308
INFO 2025-10-13 18:38:42,253 basehttp 24556 7608 "GET /api/analytics-data/?range=today HTTP/1.1" 200 2617
INFO 2025-10-13 18:38:42,361 basehttp 24556 7608 "GET /analytics/ HTTP/1.1" 200 55308
INFO 2025-10-13 18:38:42,521 basehttp 24556 7608 "GET /api/analytics-data/?range=today HTTP/1.1" 200 2617
INFO 2025-10-13 18:38:42,577 basehttp 24556 7608 "GET /analytics/ HTTP/1.1" 200 55308
INFO 2025-10-13 18:38:42,736 basehttp 24556 7608 "GET /api/analytics-data/?range=today HTTP/1.1" 200 2617
INFO 2025-10-13 18:38:42,782 basehttp 24556 7608 "GET /analytics/ HTTP/1.1" 200 55308
INFO 2025-10-13 18:38:42,956 basehttp 24556 7608 "GET /api/analytics-data/?range=today HTTP/1.1" 200 2617
INFO 2025-10-13 18:38:44,299 basehttp 24556 7608 "GET / HTTP/1.1" 200 74024
INFO 2025-10-13 18:38:44,382 basehttp 24556 7608 "GET /api/parking-status/ HTTP/1.1" 200 484
INFO 2025-10-13 18:38:44,393 basehttp 24556 1812 "GET /api/parking-data/ HTTP/1.1" 200 38522
INFO 2025-10-13 18:38:44,419 basehttp 24556 25948 "GET /api/recent-activity/ HTTP/1.1" 200 1024
INFO 2025-10-13 18:38:46,594 basehttp 24556 25948 "GET / HTTP/1.1" 200 74024
INFO 2025-10-13 18:38:46,667 basehttp 24556 1812 "GET /api/parking-data/ HTTP/1.1" 200 38522
INFO 2025-10-13 18:38:46,707 basehttp 24556 25948 "GET /api/parking-status/ HTTP/1.1" 200 484
INFO 2025-10-13 18:38:46,723 basehttp 24556 7608 "GET /api/recent-activity/ HTTP/1.1" 200 1024
INFO 2025-10-13 18:39:02,114 basehttp 24556 7608 "GET /api/parking-status/ HTTP/1.1" 200 484
INFO 2025-10-13 18:39:02,126 basehttp 24556 25948 "GET /api/parking-data/ HTTP/1.1" 200 38522
INFO 2025-10-13 18:39:02,154 basehttp 24556 1812 "GET /api/recent-activity/ HTTP/1.1" 200 1024
INFO 2025-10-13 18:39:17,120 basehttp 24556 1812 "GET /api/parking-status/ HTTP/1.1" 200 484
INFO 2025-10-13 18:39:17,128 basehttp 24556 25948 "GET /api/parking-data/ HTTP/1.1" 200 38522
INFO 2025-10-13 18:39:17,154 basehttp 24556 7608 "GET /api/recent-activity/ HTTP/1.1" 200 1024
INFO 2025-10-13 18:39:32,122 basehttp 24556 7608 "GET /api/parking-status/ HTTP/1.1" 200 484
INFO 2025-10-13 18:39:32,138 basehttp 24556 25948 "GET /api/parking-data/ HTTP/1.1" 200 38522
INFO 2025-10-13 18:39:32,164 basehttp 24556 1812 "GET /api/recent-activity/ HTTP/1.1" 200 1024
INFO 2025-10-13 18:39:47,108 basehttp 24556 1812 "GET /api/parking-status/ HTTP/1.1" 200 484
INFO 2025-10-13 18:39:47,128 basehttp 24556 25948 "GET /api/parking-data/ HTTP/1.1" 200 38522
INFO 2025-10-13 18:39:47,158 basehttp 24556 7608 "GET /api/recent-activity/ HTTP/1.1" 200 1024
INFO 2025-10-13 18:40:02,105 basehttp 24556 25948 "GET /api/parking-data/ HTTP/1.1" 200 38522
INFO 2025-10-13 18:40:02,134 basehttp 24556 1812 "GET /api/recent-activity/ HTTP/1.1" 200 1024
INFO 2025-10-13 18:40:02,163 basehttp 24556 7608 "GET /api/parking-status/ HTTP/1.1" 200 484
INFO 2025-10-13 18:40:17,120 basehttp 24556 7608 "GET /api/parking-status/ HTTP/1.1" 200 484
INFO 2025-10-13 18:40:17,142 basehttp 24556 25948 "GET /api/recent-activity/ HTTP/1.1" 200 1024
INFO 2025-10-13 18:40:17,162 basehttp 24556 1812 "GET /api/parking-data/ HTTP/1.1" 200 38522
INFO 2025-10-13 18:40:47,119 basehttp 24556 1812 "GET /api/parking-status/ HTTP/1.1" 200 484
INFO 2025-10-13 18:40:47,130 basehttp 24556 25948 "GET /api/parking-data/ HTTP/1.1" 200 38522
INFO 2025-10-13 18:40:47,166 basehttp 24556 7608 "GET /api/recent-activity/ HTTP/1.1" 200 1024
INFO 2025-10-13 18:41:00,117 basehttp 24556 7608 "GET /api/parking-status/ HTTP/1.1" 200 484
INFO 2025-10-13 18:41:00,129 basehttp 24556 25948 "GET /api/parking-data/ HTTP/1.1" 200 38522
INFO 2025-10-13 18:41:00,155 basehttp 24556 1812 "GET /api/recent-activity/ HTTP/1.1" 200 1024
INFO 2025-10-13 18:41:17,118 basehttp 24556 25948 "GET /api/parking-data/ HTTP/1.1" 200 38522
INFO 2025-10-13 18:41:17,150 basehttp 24556 1812 "GET /api/parking-status/ HTTP/1.1" 200 484
INFO 2025-10-13 18:41:17,180 basehttp 24556 7608 "GET /api/recent-activity/ HTTP/1.1" 200 1024
INFO 2025-10-13 18:41:47,107 basehttp 24556 7608 "GET /api/parking-status/ HTTP/1.1" 200 484
INFO 2025-10-13 18:41:47,128 basehttp 24556 1812 "GET /api/parking-data/ HTTP/1.1" 200 38522
INFO 2025-10-13 18:41:47,160 basehttp 24556 25948 "GET /api/recent-activity/ HTTP/1.1" 200 1024
INFO 2025-10-13 18:42:00,128 basehttp 24556 25948 "GET /api/parking-status/ HTTP/1.1" 200 484
INFO 2025-10-13 18:42:00,142 basehttp 24556 1812 "GET /api/parking-data/ HTTP/1.1" 200 38522
INFO 2025-10-13 18:42:00,173 basehttp 24556 7608 "GET /api/recent-activity/ HTTP/1.1" 200 1024
INFO 2025-10-13 18:43:00,111 basehttp 24556 7608 "GET /api/parking-status/ HTTP/1.1" 200 484
INFO 2025-10-13 18:43:00,120 basehttp 24556 1812 "GET /api/parking-data/ HTTP/1.1" 200 38522
INFO 2025-10-13 18:43:00,153 basehttp 24556 25948 "GET /api/recent-activity/ HTTP/1.1" 200 1024
INFO 2025-10-13 18:43:00,178 basehttp 24556 7608 "GET /api/parking-status/ HTTP/1.1" 200 484
INFO 2025-10-13 18:43:00,219 basehttp 24556 25948 "GET /api/recent-activity/ HTTP/1.1" 200 1024
INFO 2025-10-13 18:43:00,246 basehttp 24556 20508 "GET /api/parking-data/ HTTP/1.1" 200 38522
INFO 2025-10-13 18:44:00,124 basehttp 24556 20508 "GET /api/parking-status/ HTTP/1.1" 200 484
INFO 2025-10-13 18:44:00,139 basehttp 24556 25948 "GET /api/parking-data/ HTTP/1.1" 200 38522
INFO 2025-10-13 18:44:00,166 basehttp 24556 7608 "GET /api/recent-activity/ HTTP/1.1" 200 1024
INFO 2025-10-13 18:44:00,197 basehttp 24556 20508 "GET /api/parking-status/ HTTP/1.1" 200 484
INFO 2025-10-13 18:44:00,208 basehttp 24556 1812 "GET /api/parking-data/ HTTP/1.1" 200 38522
INFO 2025-10-13 18:44:00,234 basehttp 24556 7608 "GET /api/recent-activity/ HTTP/1.1" 200 1024
INFO 2025-10-13 18:45:00,111 basehttp 24556 1812 "GET /api/parking-data/ HTTP/1.1" 200 38522
INFO 2025-10-13 18:45:00,138 basehttp 24556 7608 "GET /api/parking-status/ HTTP/1.1" 200 484
INFO 2025-10-13 18:45:00,176 basehttp 24556 20508 "GET /api/recent-activity/ HTTP/1.1" 200 1024
INFO 2025-10-13 18:45:00,204 basehttp 24556 1812 "GET /api/parking-data/ HTTP/1.1" 200 38522
INFO 2025-10-13 18:45:00,254 basehttp 24556 7608 "GET /api/parking-status/ HTTP/1.1" 200 484
INFO 2025-10-13 18:45:00,262 basehttp 24556 20508 "GET /api/recent-activity/ HTTP/1.1" 200 1024
INFO 2025-10-13 18:46:00,155 basehttp 24556 20508 "GET /api/parking-status/ HTTP/1.1" 200 484
INFO 2025-10-13 18:46:00,174 basehttp 24556 7608 "GET /api/parking-data/ HTTP/1.1" 200 38522
INFO 2025-10-13 18:46:00,229 basehttp 24556 1812 "GET /api/recent-activity/ HTTP/1.1" 200 1024
INFO 2025-10-13 18:46:00,270 basehttp 24556 20508 "GET /api/parking-status/ HTTP/1.1" 200 484
INFO 2025-10-13 18:46:00,288 basehttp 24556 7608 "GET /api/parking-data/ HTTP/1.1" 200 38522
INFO 2025-10-13 18:46:00,331 basehttp 24556 1812 "GET /api/recent-activity/ HTTP/1.1" 200 1024
INFO 2025-10-13 18:47:00,155 basehttp 24556 1812 "GET /api/parking-status/ HTTP/1.1" 200 484
INFO 2025-10-13 18:47:00,181 basehttp 24556 7608 "GET /api/parking-data/ HTTP/1.1" 200 38522
INFO 2025-10-13 18:47:00,242 basehttp 24556 20508 "GET /api/recent-activity/ HTTP/1.1" 200 1024
INFO 2025-10-13 18:47:00,285 basehttp 24556 1812 "GET /api/parking-status/ HTTP/1.1" 200 484
INFO 2025-10-13 18:47:00,302 basehttp 24556 25948 "GET /api/parking-data/ HTTP/1.1" 200 38522
INFO 2025-10-13 18:47:00,345 basehttp 24556 20508 "GET /api/recent-activity/ HTTP/1.1" 200 1024
INFO 2025-10-13 18:48:00,140 basehttp 24556 25948 "GET /api/parking-data/ HTTP/1.1" 200 38522
INFO 2025-10-13 18:48:00,196 basehttp 24556 20508 "GET /api/parking-status/ HTTP/1.1" 200 484
INFO 2025-10-13 18:48:00,235 basehttp 24556 1812 "GET /api/recent-activity/ HTTP/1.1" 200 1024
INFO 2025-10-13 18:48:00,257 basehttp 24556 25948 "GET /api/parking-data/ HTTP/1.1" 200 38522
INFO 2025-10-13 18:48:00,310 basehttp 24556 20508 "GET /api/parking-status/ HTTP/1.1" 200 484
INFO 2025-10-13 18:48:00,337 basehttp 24556 1812 "GET /api/recent-activity/ HTTP/1.1" 200 1024
INFO 2025-10-13 18:49:00,163 basehttp 24556 15048 "GET /api/parking-status/ HTTP/1.1" 200 484
INFO 2025-10-13 18:49:00,240 basehttp 24556 3292 "GET /api/parking-data/ HTTP/1.1" 200 38522
INFO 2025-10-13 18:49:00,301 basehttp 24556 15048 "GET /api/parking-status/ HTTP/1.1" 200 484
INFO 2025-10-13 18:49:00,335 basehttp 24556 20536 "GET /api/recent-activity/ HTTP/1.1" 200 1024
INFO 2025-10-13 18:49:00,356 basehttp 24556 3292 "GET /api/parking-data/ HTTP/1.1" 200 38522
INFO 2025-10-13 18:49:00,428 basehttp 24556 20536 "GET /api/recent-activity/ HTTP/1.1" 200 1024
INFO 2025-10-13 18:50:00,163 basehttp 24556 20536 "GET /api/parking-status/ HTTP/1.1" 200 484
INFO 2025-10-13 18:50:00,183 basehttp 24556 3292 "GET /api/parking-data/ HTTP/1.1" 200 38522
INFO 2025-10-13 18:50:00,247 basehttp 24556 15048 "GET /api/recent-activity/ HTTP/1.1" 200 1024
INFO 2025-10-13 18:50:00,288 basehttp 24556 20536 "GET /api/parking-status/ HTTP/1.1" 200 484
INFO 2025-10-13 18:50:00,349 basehttp 24556 15048 "GET /api/recent-activity/ HTTP/1.1" 200 1024
INFO 2025-10-13 18:50:00,372 basehttp 24556 26160 "GET /api/parking-data/ HTTP/1.1" 200 38522
INFO 2025-10-13 18:51:00,151 basehttp 24556 26160 "GET /api/parking-status/ HTTP/1.1" 200 484
INFO 2025-10-13 18:51:00,187 basehttp 24556 20536 "GET /api/recent-activity/ HTTP/1.1" 200 1024
INFO 2025-10-13 18:51:00,212 basehttp 24556 15048 "GET /api/parking-data/ HTTP/1.1" 200 38522
INFO 2025-10-13 18:51:00,265 basehttp 24556 26160 "GET /api/parking-status/ HTTP/1.1" 200 484
INFO 2025-10-13 18:51:00,297 basehttp 24556 20536 "GET /api/recent-activity/ HTTP/1.1" 200 1024
INFO 2025-10-13 18:51:00,316 basehttp 24556 3292 "GET /api/parking-data/ HTTP/1.1" 200 38522
INFO 2025-10-13 18:52:00,160 basehttp 24556 3292 "GET /api/parking-status/ HTTP/1.1" 200 484
INFO 2025-10-13 18:52:00,204 basehttp 24556 26160 "GET /api/recent-activity/ HTTP/1.1" 200 1024
INFO 2025-10-13 18:52:00,221 basehttp 24556 20536 "GET /api/parking-data/ HTTP/1.1" 200 38522
INFO 2025-10-13 18:52:00,274 basehttp 24556 3292 "GET /api/parking-status/ HTTP/1.1" 200 484
INFO 2025-10-13 18:52:00,307 basehttp 24556 26160 "GET /api/recent-activity/ HTTP/1.1" 200 1024
INFO 2025-10-13 18:52:00,325 basehttp 24556 15048 "GET /api/parking-data/ HTTP/1.1" 200 38522
INFO 2025-10-13 18:53:00,161 basehttp 24556 15048 "GET /api/parking-status/ HTTP/1.1" 200 484
INFO 2025-10-13 18:53:00,187 basehttp 24556 26160 "GET /api/parking-data/ HTTP/1.1" 200 38522
INFO 2025-10-13 18:53:00,232 basehttp 24556 3292 "GET /api/recent-activity/ HTTP/1.1" 200 1024
INFO 2025-10-13 18:53:00,266 basehttp 24556 15048 "GET /api/parking-status/ HTTP/1.1" 200 484
INFO 2025-10-13 18:53:00,304 basehttp 24556 20536 "GET /api/parking-data/ HTTP/1.1" 200 38522
INFO 2025-10-13 18:53:00,348 basehttp 24556 3292 "GET /api/recent-activity/ HTTP/1.1" 200 1024
INFO 2025-10-13 18:54:00,151 basehttp 24556 20536 "GET /api/parking-data/ HTTP/1.1" 200 38522
INFO 2025-10-13 18:54:00,211 basehttp 24556 15048 "GET /api/recent-activity/ HTTP/1.1" 200 1024
INFO 2025-10-13 18:54:00,251 basehttp 24556 3292 "GET /api/parking-status/ HTTP/1.1" 200 484
INFO 2025-10-13 18:54:00,267 basehttp 24556 26160 "GET /api/parking-data/ HTTP/1.1" 200 38522
INFO 2025-10-13 18:54:00,318 basehttp 24556 15048 "GET /api/recent-activity/ HTTP/1.1" 200 1024
INFO 2025-10-13 18:54:00,352 basehttp 24556 3292 "GET /api/parking-status/ HTTP/1.1" 200 484
INFO 2025-10-13 18:54:45,143 basehttp 24556 15048 "GET /api/parking-data/ HTTP/1.1" 200 38522
INFO 2025-10-13 18:54:45,182 basehttp 24556 3292 "GET /api/parking-status/ HTTP/1.1" 200 484
INFO 2025-10-13 18:54:45,203 basehttp 24556 26160 "GET /api/recent-activity/ HTTP/1.1" 200 1024
INFO 2025-10-13 18:54:46,277 basehttp 24556 26160 "GET / HTTP/1.1" 200 74313
INFO 2025-10-13 18:54:46,422 basehttp 24556 3292 "GET /api/parking-data/ HTTP/1.1" 200 38522
INFO 2025-10-13 18:54:46,461 basehttp 24556 26160 "GET /api/parking-status/ HTTP/1.1" 200 484
INFO 2025-10-13 18:54:46,474 basehttp 24556 15048 "GET /api/recent-activity/ HTTP/1.1" 200 1024
INFO 2025-10-13 18:55:00,088 basehttp 24556 26160 "GET /api/parking-data/ HTTP/1.1" 200 38522
INFO 2025-10-13 18:55:00,124 basehttp 24556 3292 "GET /api/recent-activity/ HTTP/1.1" 200 1024
INFO 2025-10-13 18:55:00,149 basehttp 24556 15048 "GET /api/parking-status/ HTTP/1.1" 200 484
INFO 2025-10-13 18:55:00,211 basehttp 24556 15048 "POST /api/update-slot/ HTTP/1.1" 200 179
INFO 2025-10-13 18:55:00,284 basehttp 24556 15048 "GET /api/parking-status/ HTTP/1.1" 200 483
INFO 2025-10-13 18:55:00,292 basehttp 24556 3292 "GET /api/parking-data/ HTTP/1.1" 200 38329
INFO 2025-10-13 18:55:01,343 basehttp 24556 3292 "GET / HTTP/1.1" 200 74310
INFO 2025-10-13 18:55:01,419 basehttp 24556 3292 "GET /api/parking-status/ HTTP/1.1" 200 483
INFO 2025-10-13 18:55:01,429 basehttp 24556 15048 "GET /api/parking-data/ HTTP/1.1" 200 38329
INFO 2025-10-13 18:55:01,454 basehttp 24556 26160 "GET /api/recent-activity/ HTTP/1.1" 200 1011
INFO 2025-10-13 18:55:32,095 basehttp 24556 26160 "GET /api/parking-status/ HTTP/1.1" 200 483
INFO 2025-10-13 18:55:32,105 basehttp 24556 15048 "GET /api/parking-data/ HTTP/1.1" 200 38329
INFO 2025-10-13 18:55:32,126 basehttp 24556 3292 "GET /api/recent-activity/ HTTP/1.1" 200 1011
INFO 2025-10-13 18:55:49,228 basehttp 24556 3292 "GET /api/recent-activity/ HTTP/1.1" 200 1011
INFO 2025-10-13 18:55:50,022 basehttp 24556 3292 "GET /api/recent-activity/ HTTP/1.1" 200 1011
INFO 2025-10-13 18:55:50,598 basehttp 24556 3292 "GET /api/recent-activity/ HTTP/1.1" 200 1011
INFO 2025-10-13 18:55:50,962 basehttp 24556 3292 "GET /api/recent-activity/ HTTP/1.1" 200 1011
INFO 2025-10-13 18:55:51,210 basehttp 24556 3292 "GET /api/recent-activity/ HTTP/1.1" 200 1011
INFO 2025-10-13 18:55:52,180 basehttp 24556 3292 "GET /api/recent-activity/ HTTP/1.1" 200 1011
INFO 2025-10-13 18:56:00,096 basehttp 24556 26160 "GET /api/recent-activity/ HTTP/1.1" 200 1011
INFO 2025-10-13 18:56:00,124 basehttp 24556 3292 "GET /api/parking-status/ HTTP/1.1" 200 483
INFO 2025-10-13 18:56:00,127 basehttp 24556 15048 "GET /api/parking-data/ HTTP/1.1" 200 38329
INFO 2025-10-13 18:56:01,411 basehttp 24556 15048 "GET /api/parking-status/ HTTP/1.1" 200 483
INFO 2025-10-13 18:56:01,418 basehttp 24556 3292 "GET /api/parking-data/ HTTP/1.1" 200 38329
INFO 2025-10-13 18:56:01,444 basehttp 24556 26160 "GET /api/recent-activity/ HTTP/1.1" 200 1010
INFO 2025-10-13 18:56:04,895 basehttp 24556 26160 "GET /realtime/ HTTP/1.1" 200 51716
INFO 2025-10-13 18:56:04,990 basehttp 24556 26160 "GET /api/realtime-monitoring/ HTTP/1.1" 200 1546
INFO 2025-10-13 18:56:09,325 basehttp 24556 26160 "GET /analytics/ HTTP/1.1" 200 55308
INFO 2025-10-13 18:56:09,459 basehttp 24556 26160 "GET /api/analytics-data/?range=today HTTP/1.1" 200 2621
INFO 2025-10-13 18:56:13,034 basehttp 24556 26160 "GET /realtime/ HTTP/1.1" 200 51716
INFO 2025-10-13 18:56:13,095 basehttp 24556 26160 "GET /api/realtime-monitoring/ HTTP/1.1" 200 1546
INFO 2025-10-13 18:56:20,435 basehttp 24556 26160 "GET /realtime/ HTTP/1.1" 200 51716
INFO 2025-10-13 18:56:20,500 basehttp 24556 26160 "GET /api/realtime-monitoring/ HTTP/1.1" 200 1546
INFO 2025-10-13 18:56:22,834 autoreload 24556 20836 C:\Users\athar\OneDrive\Desktop\TY - Sem 1\EDI\parking-system\dashboard\parking_app\views.py changed, reloading.
INFO 2025-10-13 18:56:24,000 autoreload 14604 20792 Watching for file changes with StatReloader
INFO 2025-10-13 18:56:24,804 basehttp 14604 21824 "GET /analytics/ HTTP/1.1" 200 55308
INFO 2025-10-13 18:56:24,971 basehttp 14604 21824 "GET /api/analytics-data/?range=today HTTP/1.1" 200 2621
INFO 2025-10-13 18:56:25,409 basehttp 14604 21824 "GET / HTTP/1.1" 200 74310
INFO 2025-10-13 18:56:25,489 basehttp 14604 21824 "GET /api/parking-status/ HTTP/1.1" 200 483
INFO 2025-10-13 18:56:25,543 basehttp 14604 22004 "GET /api/recent-activity/ HTTP/1.1" 200 1010
INFO 2025-10-13 18:56:25,553 basehttp 14604 2960 "GET /api/parking-data/ HTTP/1.1" 200 38329
INFO 2025-10-13 18:56:40,450 autoreload 14604 20792 C:\Users\athar\OneDrive\Desktop\TY - Sem 1\EDI\parking-system\dashboard\parking_app\views.py changed, reloading.
INFO 2025-10-13 18:56:41,281 autoreload 11092 16716 Watching for file changes with StatReloader
INFO 2025-10-13 18:56:56,104 basehttp 11092 10384 "GET /api/parking-status/ HTTP/1.1" 200 483
INFO 2025-10-13 18:56:56,140 basehttp 11092 4088 "GET /api/parking-data/ HTTP/1.1" 200 38329
INFO 2025-10-13 18:56:56,163 basehttp 11092 904 "GET /api/recent-activity/ HTTP/1.1" 200 1008
INFO 2025-10-13 18:56:59,624 autoreload 11092 16716 C:\Users\athar\OneDrive\Desktop\TY - Sem 1\EDI\parking-system\dashboard\parking_app\views.py changed, reloading.
INFO 2025-10-13 18:57:00,409 autoreload 5104 13904 Watching for file changes with StatReloader
INFO 2025-10-13 18:57:00,902 basehttp 5104 7668 "GET /api/parking-status/ HTTP/1.1" 200 483
INFO 2025-10-13 18:57:00,930 basehttp 5104 7668 "GET /api/parking-data/ HTTP/1.1" 200 38329
INFO 2025-10-13 18:57:00,969 basehttp 5104 7668 "GET /api/recent-activity/ HTTP/1.1" 200 1009
INFO 2025-10-13 18:57:17,522 autoreload 5104 13904 C:\Users\athar\OneDrive\Desktop\TY - Sem 1\EDI\parking-system\dashboard\parking_app\views.py changed, reloading.
INFO 2025-10-13 18:57:18,408 autoreload 21928 10016 Watching for file changes with StatReloader
INFO 2025-10-13 18:57:26,123 basehttp 21928 16928 "GET /api/parking-status/ HTTP/1.1" 200 483
INFO 2025-10-13 18:57:26,135 basehttp 21928 23192 "GET /api/parking-data/ HTTP/1.1" 200 38329
INFO 2025-10-13 18:57:26,157 basehttp 21928 17052 "GET /api/recent-activity/ HTTP/1.1" 200 1009
INFO 2025-10-13 18:57:32,598 autoreload 21928 10016 C:\Users\athar\OneDrive\Desktop\TY - Sem 1\EDI\parking-system\dashboard\parking_app\views.py changed, reloading.
INFO 2025-10-13 18:57:33,382 autoreload 2592 19836 Watching for file changes with StatReloader
INFO 2025-10-13 18:57:56,112 basehttp 2592 24292 "GET /api/parking-status/ HTTP/1.1" 200 483
INFO 2025-10-13 18:57:56,137 basehttp 2592 19188 "GET /api/parking-data/ HTTP/1.1" 200 38329
INFO 2025-10-13 18:57:56,159 basehttp 2592 17580 "GET /api/recent-activity/ HTTP/1.1" 200 1009
INFO 2025-10-13 18:58:00,097 basehttp 2592 17580 "GET /api/parking-status/ HTTP/1.1" 200 483
INFO 2025-10-13 18:58:00,104 basehttp 2592 19188 "GET /api/parking-data/ HTTP/1.1" 200 38329
INFO 2025-10-13 18:58:00,123 basehttp 2592 24292 "GET /api/recent-activity/ HTTP/1.1" 200 1009
INFO 2025-10-13 18:58:14,527 autoreload 2592 19836 C:\Users\athar\OneDrive\Desktop\TY - Sem 1\EDI\parking-system\dashboard\parking_app\views.py changed, reloading.
INFO 2025-10-13 18:58:15,330 autoreload 7776 8476 Watching for file changes with StatReloader
INFO 2025-10-13 18:58:26,097 basehttp 7776 6360 "GET /api/parking-status/ HTTP/1.1" 200 483
INFO 2025-10-13 18:58:26,160 basehttp 7776 17012 "GET /api/recent-activity/ HTTP/1.1" 200 1009
INFO 2025-10-13 18:58:26,170 basehttp 7776 9656 "GET /api/parking-data/ HTTP/1.1" 200 38329
INFO 2025-10-13 18:58:56,089 basehttp 7776 9656 "GET /api/parking-status/ HTTP/1.1" 200 483
INFO 2025-10-13 18:58:56,105 basehttp 7776 6360 "GET /api/recent-activity/ HTTP/1.1" 200 1009
INFO 2025-10-13 18:58:56,115 basehttp 7776 17012 "GET /api/parking-data/ HTTP/1.1" 200 38329
INFO 2025-10-13 18:59:00,086 basehttp 7776 17012 "GET /api/parking-status/ HTTP/1.1" 200 483
INFO 2025-10-13 18:59:00,094 basehttp 7776 6360 "GET /api/parking-data/ HTTP/1.1" 200 38329
INFO 2025-10-13 18:59:00,111 basehttp 7776 9656 "GET /api/recent-activity/ HTTP/1.1" 200 1009
INFO 2025-10-13 18:59:26,089 basehttp 7776 6360 "GET /api/parking-data/ HTTP/1.1" 200 38329
INFO 2025-10-13 18:59:26,111 basehttp 7776 9656 "GET /api/parking-status/ HTTP/1.1" 200 483
INFO 2025-10-13 18:59:26,126 basehttp 7776 17012 "GET /api/recent-activity/ HTTP/1.1" 200 1009
INFO 2025-10-13 19:00:00,088 basehttp 7776 9656 "GET /api/parking-data/ HTTP/1.1" 200 38329
INFO 2025-10-13 19:00:00,106 basehttp 7776 17012 "GET /api/parking-status/ HTTP/1.1" 200 483
INFO 2025-10-13 19:00:00,127 basehttp 7776 6360 "GET /api/recent-activity/ HTTP/1.1" 200 1009
INFO 2025-10-13 19:00:00,138 basehttp 7776 9656 "GET /api/parking-data/ HTTP/1.1" 200 38329
INFO 2025-10-13 19:00:00,167 basehttp 7776 17012 "GET /api/parking-status/ HTTP/1.1" 200 483
INFO 2025-10-13 19:00:00,178 basehttp 7776 6360 "GET /api/recent-activity/ HTTP/1.1" 200 1009
INFO 2025-10-13 19:00:53,836 basehttp 7776 17012 "GET /api/parking-data/ HTTP/1.1" 200 38329
INFO 2025-10-13 19:00:53,869 basehttp 7776 6360 "GET /api/parking-status/ HTTP/1.1" 200 483
INFO 2025-10-13 19:00:53,888 basehttp 7776 9656 "GET /api/recent-activity/ HTTP/1.1" 200 1009
INFO 2025-10-13 19:00:55,072 basehttp 7776 9656 "GET / HTTP/1.1" 200 74310
INFO 2025-10-13 19:00:55,231 basehttp 7776 6360 "GET /api/parking-data/ HTTP/1.1" 200 38329
INFO 2025-10-13 19:00:55,267 basehttp 7776 9656 "GET /api/parking-status/ HTTP/1.1" 200 483
INFO 2025-10-13 19:00:55,276 basehttp 7776 17012 "GET /api/recent-activity/ HTTP/1.1" 200 1009
INFO 2025-10-13 19:00:55,685 basehttp 7776 17012 "GET / HTTP/1.1" 200 74310
INFO 2025-10-13 19:00:55,751 basehttp 7776 9656 "GET /api/parking-data/ HTTP/1.1" 200 38329
INFO 2025-10-13 19:00:55,787 basehttp 7776 17012 "GET /api/parking-status/ HTTP/1.1" 200 483
INFO 2025-10-13 19:00:55,798 basehttp 7776 6360 "GET /api/recent-activity/ HTTP/1.1" 200 1009
INFO 2025-10-13 19:01:00,087 basehttp 7776 6360 "GET /api/parking-status/ HTTP/1.1" 200 483
INFO 2025-10-13 19:01:00,098 basehttp 7776 17012 "GET /api/parking-data/ HTTP/1.1" 200 38329
INFO 2025-10-13 19:01:00,117 basehttp 7776 9656 "GET /api/recent-activity/ HTTP/1.1" 200 1009
WARNING 2025-10-13 19:01:18,106 log 7776 9656 Not Found: /.well-known/appspecific/com.chrome.devtools.json
WARNING 2025-10-13 19:01:18,107 basehttp 7776 9656 "GET /.well-known/appspecific/com.chrome.devtools.json HTTP/1.1" 404 6009
INFO 2025-10-13 19:01:25,763 basehttp 7776 9656 "GET /api/parking-status/ HTTP/1.1" 200 483
INFO 2025-10-13 19:01:25,772 basehttp 7776 17012 "GET /api/parking-data/ HTTP/1.1" 200 38329
INFO 2025-10-13 19:01:25,797 basehttp 7776 6360 "GET /api/recent-activity/ HTTP/1.1" 200 1009
INFO 2025-10-13 19:01:55,759 basehttp 7776 6360 "GET /api/parking-status/ HTTP/1.1" 200 483
INFO 2025-10-13 19:01:55,767 basehttp 7776 17012 "GET /api/parking-data/ HTTP/1.1" 200 38329
INFO 2025-10-13 19:01:55,791 basehttp 7776 9656 "GET /api/recent-activity/ HTTP/1.1" 200 1009
INFO 2025-10-13 19:02:00,092 basehttp 7776 17012 "GET /api/parking-data/ HTTP/1.1" 200 38329
INFO 2025-10-13 19:02:00,128 basehttp 7776 9656 "GET /api/parking-status/ HTTP/1.1" 200 483
INFO 2025-10-13 19:02:00,136 basehttp 7776 6360 "GET /api/recent-activity/ HTTP/1.1" 200 1009
INFO 2025-10-13 19:02:25,757 basehttp 7776 6360 "GET /api/parking-status/ HTTP/1.1" 200 483
INFO 2025-10-13 19:02:25,763 basehttp 7776 9656 "GET /api/parking-data/ HTTP/1.1" 200 38329
INFO 2025-10-13 19:02:25,791 basehttp 7776 17012 "GET /api/recent-activity/ HTTP/1.1" 200 1009
INFO 2025-10-13 19:02:46,619 autoreload 7776 8476 C:\Users\athar\OneDrive\Desktop\TY - Sem 1\EDI\parking-system\dashboard\parking_app\views.py changed, reloading.
INFO 2025-10-13 19:02:47,400 autoreload 24752 24984 Watching for file changes with StatReloader
INFO 2025-10-13 19:02:56,123 basehttp 24752 21748 "GET /api/parking-status/ HTTP/1.1" 200 483
INFO 2025-10-13 19:02:56,137 basehttp 24752 22460 "GET /api/parking-data/ HTTP/1.1" 200 38329
INFO 2025-10-13 19:02:56,146 basehttp 24752 3652 "GET /api/recent-activity/ HTTP/1.1" 200 1009
INFO 2025-10-13 19:03:00,091 basehttp 24752 22460 "GET /api/parking-data/ HTTP/1.1" 200 38329
INFO 2025-10-13 19:03:00,110 basehttp 24752 3652 "GET /api/parking-status/ HTTP/1.1" 200 483
INFO 2025-10-13 19:03:00,125 basehttp 24752 21748 "GET /api/recent-activity/ HTTP/1.1" 200 1009
INFO 2025-10-13 19:03:26,088 basehttp 24752 3652 "GET /api/parking-data/ HTTP/1.1" 200 38329
INFO 2025-10-13 19:03:26,116 basehttp 24752 21748 "GET /api/parking-status/ HTTP/1.1" 200 483
INFO 2025-10-13 19:03:26,128 basehttp 24752 22460 "GET /api/recent-activity/ HTTP/1.1" 200 1009
INFO 2025-10-13 19:03:35,306 basehttp 24752 21748 "GET /api/parking-data/ HTTP/1.1" 200 38329
INFO 2025-10-13 19:03:35,321 basehttp 24752 22460 "GET /api/parking-status/ HTTP/1.1" 200 483
INFO 2025-10-13 19:03:35,338 basehttp 24752 3652 "GET /api/recent-activity/ HTTP/1.1" 200 1009
INFO 2025-10-13 19:03:44,318 autoreload 24752 24984 C:\Users\athar\OneDrive\Desktop\TY - Sem 1\EDI\parking-system\dashboard\parking_app\views.py changed, reloading.
INFO 2025-10-13 19:03:45,364 autoreload 20908 20412 Watching for file changes with StatReloader
INFO 2025-10-13 19:03:56,129 basehttp 20908 18440 "GET /api/parking-status/ HTTP/1.1" 200 483
INFO 2025-10-13 19:03:56,153 basehttp 20908 16248 "GET /api/recent-activity/ HTTP/1.1" 200 1009
INFO 2025-10-13 19:03:56,165 basehttp 20908 4580 "GET /api/parking-data/ HTTP/1.1" 200 38329
INFO 2025-10-13 19:04:08,270 autoreload 20908 20412 C:\Users\athar\OneDrive\Desktop\TY - Sem 1\EDI\parking-system\dashboard\parking_app\api_urls.py changed, reloading.
INFO 2025-10-13 19:04:09,191 autoreload 10284 13576 Watching for file changes with StatReloader
INFO 2025-10-13 19:04:26,114 basehttp 10284 9124 "GET /api/parking-status/ HTTP/1.1" 200 483
INFO 2025-10-13 19:04:26,130 basehttp 10284 9608 "GET /api/parking-data/ HTTP/1.1" 200 38329
INFO 2025-10-13 19:04:26,154 basehttp 10284 4568 "GET /api/recent-activity/ HTTP/1.1" 200 1009
INFO 2025-10-13 19:05:00,097 basehttp 10284 9608 "GET /api/parking-data/ HTTP/1.1" 200 38329
INFO 2025-10-13 19:05:00,119 basehttp 10284 9124 "GET /api/recent-activity/ HTTP/1.1" 200 1009
INFO 2025-10-13 19:05:00,139 basehttp 10284 4568 "GET /api/parking-status/ HTTP/1.1" 200 483
INFO 2025-10-13 19:05:32,425 basehttp 10284 9124 "GET /api/parking-data/ HTTP/1.1" 200 38329
INFO 2025-10-13 19:05:32,456 basehttp 10284 4568 "GET /api/parking-status/ HTTP/1.1" 200 483
INFO 2025-10-13 19:05:32,479 basehttp 10284 9608 "GET /api/recent-activity/ HTTP/1.1" 200 1010
INFO 2025-10-13 19:05:53,908 basehttp 10284 9608 "GET / HTTP/1.1" 200 81576
INFO 2025-10-13 19:05:54,046 basehttp 10284 9608 "GET /api/parking-status/ HTTP/1.1" 200 483
INFO 2025-10-13 19:05:54,046 basehttp 10284 4568 "GET /api/parking-data/ HTTP/1.1" 200 38329
INFO 2025-10-13 19:05:54,093 basehttp 10284 9124 "GET /api/recent-activity/ HTTP/1.1" 200 1010
INFO 2025-10-13 19:06:03,237 basehttp 10284 9124 "GET /api/recent-activity/ HTTP/1.1" 200 1010
INFO 2025-10-13 19:06:08,758 basehttp 10284 9124 "GET /api/recent-activity/ HTTP/1.1" 200 1010
INFO 2025-10-13 19:06:15,741 basehttp 10284 9124 "GET /realtime/ HTTP/1.1" 200 51716
INFO 2025-10-13 19:06:15,814 basehttp 10284 9124 "GET /api/realtime-monitoring/ HTTP/1.1" 200 1546
INFO 2025-10-13 19:06:22,459 basehttp 10284 9124 "GET /analytics/ HTTP/1.1" 200 55308
INFO 2025-10-13 19:06:22,603 basehttp 10284 9124 "GET /api/analytics-data/?range=today HTTP/1.1" 200 2619
INFO 2025-10-13 19:06:27,679 basehttp 10284 9124 "GET / HTTP/1.1" 200 84776
INFO 2025-10-13 19:06:27,757 basehttp 10284 9124 "GET /api/parking-status/ HTTP/1.1" 200 483
INFO 2025-10-13 19:06:27,767 basehttp 10284 4568 "GET /api/parking-data/ HTTP/1.1" 200 38329
INFO 2025-10-13 19:06:27,791 basehttp 10284 9608 "GET /api/recent-activity/ HTTP/1.1" 200 1010
INFO 2025-10-13 19:06:57,744 basehttp 10284 4568 "GET /api/parking-data/ HTTP/1.1" 200 38329
INFO 2025-10-13 19:06:57,772 basehttp 10284 9608 "GET /api/parking-status/ HTTP/1.1" 200 483
INFO 2025-10-13 19:06:57,790 basehttp 10284 9124 "GET /api/recent-activity/ HTTP/1.1" 200 1010
INFO 2025-10-13 19:07:27,744 basehttp 10284 9608 "GET /api/parking-data/ HTTP/1.1" 200 38329
INFO 2025-10-13 19:07:27,781 basehttp 10284 9124 "GET /api/parking-status/ HTTP/1.1" 200 483
INFO 2025-10-13 19:07:27,793 basehttp 10284 4568 "GET /api/recent-activity/ HTTP/1.1" 200 1010
INFO 2025-10-13 19:07:57,752 basehttp 10284 4568 "GET /api/parking-status/ HTTP/1.1" 200 483
INFO 2025-10-13 19:07:57,759 basehttp 10284 9124 "GET /api/parking-data/ HTTP/1.1" 200 38329
INFO 2025-10-13 19:07:57,800 basehttp 10284 9608 "GET /api/recent-activity/ HTTP/1.1" 200 1010
INFO 2025-10-13 19:08:27,741 basehttp 10284 9124 "GET /api/parking-data/ HTTP/1.1" 200 38329
INFO 2025-10-13 19:08:27,773 basehttp 10284 9608 "GET /api/parking-status/ HTTP/1.1" 200 483
INFO 2025-10-13 19:08:27,789 basehttp 10284 4568 "GET /api/recent-activity/ HTTP/1.1" 200 1010
INFO 2025-10-13 19:08:45,358 basehttp 10284 4568 "GET / HTTP/1.1" 200 84776
INFO 2025-10-13 19:08:45,427 basehttp 10284 9608 "GET /api/parking-data/ HTTP/1.1" 200 38329
INFO 2025-10-13 19:08:45,466 basehttp 10284 4568 "GET /api/parking-status/ HTTP/1.1" 200 483
INFO 2025-10-13 19:08:45,475 basehttp 10284 9124 "GET /api/recent-activity/ HTTP/1.1" 200 1010
INFO 2025-10-13 19:08:47,964 basehttp 10284 9124 "GET /api/vehicle-details/L31/ HTTP/1.1" 200 94
INFO 2025-10-13 19:08:53,284 basehttp 10284 9124 "GET /api/vehicle-details/C31/ HTTP/1.1" 200 85
INFO 2025-10-13 19:08:59,305 basehttp 10284 9124 "GET /api/vehicle-details/L31/ HTTP/1.1" 200 94
INFO 2025-10-13 19:09:06,170 basehttp 10284 9124 "GET /api/vehicle-details/L31/ HTTP/1.1" 200 94
INFO 2025-10-13 19:09:15,430 basehttp 10284 9124 "GET /api/parking-status/ HTTP/1.1" 200 483
INFO 2025-10-13 19:09:15,446 basehttp 10284 9608 "GET /api/recent-activity/ HTTP/1.1" 200 1010
INFO 2025-10-13 19:09:15,452 basehttp 10284 4568 "GET /api/parking-data/ HTTP/1.1" 200 38329
INFO 2025-10-13 19:09:31,874 basehttp 10284 4568 "POST /api/update-slot/ HTTP/1.1" 200 183
INFO 2025-10-13 19:09:33,104 basehttp 10284 9608 "GET /api/parking-data/ HTTP/1.1" 200 38526
INFO 2025-10-13 19:09:33,129 basehttp 10284 4568 "GET /api/parking-status/ HTTP/1.1" 200 484
INFO 2025-10-13 19:09:36,122 basehttp 10284 4568 "GET /api/recent-activity/ HTTP/1.1" 200 1021
ERROR 2025-10-13 19:09:42,316 log 10284 4568 Internal Server Error: /api/vehicle-details/H60/
ERROR 2025-10-13 19:09:42,317 basehttp 10284 4568 "GET /api/vehicle-details/H60/ HTTP/1.1" 500 54
ERROR 2025-10-13 19:09:43,831 log 10284 4568 Internal Server Error: /api/vehicle-details/H60/
ERROR 2025-10-13 19:09:43,831 basehttp 10284 4568 "GET /api/vehicle-details/H60/ HTTP/1.1" 500 54
ERROR 2025-10-13 19:09:44,534 log 10284 4568 Internal Server Error: /api/vehicle-details/H60/
ERROR 2025-10-13 19:09:44,534 basehttp 10284 4568 "GET /api/vehicle-details/H60/ HTTP/1.1" 500 54
INFO 2025-10-13 19:09:45,425 basehttp 10284 9608 "GET /api/parking-data/ HTTP/1.1" 200 38526
INFO 2025-10-13 19:09:45,454 basehttp 10284 4568 "GET /api/parking-status/ HTTP/1.1" 200 484
INFO 2025-10-13 19:09:45,487 basehttp 10284 9124 "GET /api/recent-activity/ HTTP/1.1" 200 1021
ERROR 2025-10-13 19:09:46,891 log 10284 9124 Internal Server Error: /api/vehicle-details/H60/
ERROR 2025-10-13 19:09:46,891 basehttp 10284 9124 "GET /api/vehicle-details/H60/ HTTP/1.1" 500 54
ERROR 2025-10-13 19:09:49,293 log 10284 9124 Internal Server Error: /api/vehicle-details/H60/
ERROR 2025-10-13 19:09:49,293 basehttp 10284 9124 "GET /api/vehicle-details/H60/ HTTP/1.1" 500 54
INFO 2025-10-13 19:10:15,427 basehttp 10284 4568 "GET /api/parking-data/ HTTP/1.1" 200 38526
INFO 2025-10-13 19:10:15,460 basehttp 10284 9124 "GET /api/parking-status/ HTTP/1.1" 200 484
INFO 2025-10-13 19:10:15,476 basehttp 10284 9608 "GET /api/recent-activity/ HTTP/1.1" 200 1021
INFO 2025-10-13 19:10:46,099 basehttp 10284 9608 "GET /api/parking-status/ HTTP/1.1" 200 484
INFO 2025-10-13 19:10:46,112 basehttp 10284 4568 "GET /api/recent-activity/ HTTP/1.1" 200 1020
INFO 2025-10-13 19:10:46,120 basehttp 10284 9124 "GET /api/parking-data/ HTTP/1.1" 200 38526
INFO 2025-10-13 19:11:16,094 basehttp 10284 9124 "GET /api/parking-status/ HTTP/1.1" 200 484
INFO 2025-10-13 19:11:16,112 basehttp 10284 9608 "GET /api/recent-activity/ HTTP/1.1" 200 1020
INFO 2025-10-13 19:11:16,121 basehttp 10284 4568 "GET /api/parking-data/ HTTP/1.1" 200 38526
INFO 2025-10-13 19:11:46,096 basehttp 10284 4568 "GET /api/parking-status/ HTTP/1.1" 200 484
INFO 2025-10-13 19:11:46,109 basehttp 10284 9608 "GET /api/parking-data/ HTTP/1.1" 200 38526
INFO 2025-10-13 19:11:46,134 basehttp 10284 9124 "GET /api/recent-activity/ HTTP/1.1" 200 1021
INFO 2025-10-13 19:13:00,095 basehttp 10284 9608 "GET /api/parking-data/ HTTP/1.1" 200 38526
INFO 2025-10-13 19:13:00,122 basehttp 10284 9124 "GET /api/parking-status/ HTTP/1.1" 200 484
INFO 2025-10-13 19:13:00,136 basehttp 10284 4568 "GET /api/recent-activity/ HTTP/1.1" 200 1021
INFO 2025-10-13 19:14:00,112 basehttp 10284 9124 "GET /api/parking-data/ HTTP/1.1" 200 38526
INFO 2025-10-13 19:14:00,131 basehttp 10284 4568 "GET /api/parking-status/ HTTP/1.1" 200 484
INFO 2025-10-13 19:14:00,140 basehttp 10284 9608 "GET /api/recent-activity/ HTTP/1.1" 200 1021
INFO 2025-10-13 19:14:08,036 basehttp 10284 9608 "GET / HTTP/1.1" 200 84779
INFO 2025-10-13 19:14:08,212 basehttp 10284 4568 "GET /api/parking-data/ HTTP/1.1" 200 38526
INFO 2025-10-13 19:14:08,272 basehttp 10284 9608 "GET /api/parking-status/ HTTP/1.1" 200 484
INFO 2025-10-13 19:14:08,281 basehttp 10284 9124 "GET /api/recent-activity/ HTTP/1.1" 200 1021
ERROR 2025-10-13 19:14:13,017 log 10284 9124 Internal Server Error: /api/vehicle-details/H60/
ERROR 2025-10-13 19:14:13,018 basehttp 10284 9124 "GET /api/vehicle-details/H60/ HTTP/1.1" 500 54
ERROR 2025-10-13 19:14:14,208 log 10284 9124 Internal Server Error: /api/vehicle-details/H60/
ERROR 2025-10-13 19:14:14,209 basehttp 10284 9124 "GET /api/vehicle-details/H60/ HTTP/1.1" 500 54
ERROR 2025-10-13 19:14:24,223 log 10284 9124 Internal Server Error: /api/vehicle-details/H60/
ERROR 2025-10-13 19:14:24,223 basehttp 10284 9124 "GET /api/vehicle-details/H60/ HTTP/1.1" 500 54
INFO 2025-10-13 19:14:30,105 basehttp 10284 9124 "GET / HTTP/1.1" 200 84779
INFO 2025-10-13 19:14:30,191 basehttp 10284 9608 "GET /api/parking-data/ HTTP/1.1" 200 38526
INFO 2025-10-13 19:14:30,227 basehttp 10284 4568 "GET /api/recent-activity/ HTTP/1.1" 200 1021
INFO 2025-10-13 19:14:30,242 basehttp 10284 9124 "GET /api/parking-status/ HTTP/1.1" 200 484
ERROR 2025-10-13 19:14:32,736 log 10284 9124 Internal Server Error: /api/vehicle-details/H60/
ERROR 2025-10-13 19:14:32,736 basehttp 10284 9124 "GET /api/vehicle-details/H60/ HTTP/1.1" 500 54
INFO 2025-10-13 19:14:34,576 basehttp 10284 9124 "GET /api/vehicle-details/C31/ HTTP/1.1" 200 85
INFO 2025-10-13 19:14:46,751 autoreload 10284 13576 C:\Users\athar\OneDrive\Desktop\TY - Sem 1\EDI\parking-system\dashboard\parking_app\views.py changed, reloading.
INFO 2025-10-13 19:14:47,649 autoreload 10984 4660 Watching for file changes with StatReloader
INFO 2025-10-13 19:15:01,133 basehttp 10984 4580 "GET /api/parking-data/ HTTP/1.1" 200 38526
INFO 2025-10-13 19:15:01,163 basehttp 10984 21048 "GET /api/parking-status/ HTTP/1.1" 200 484
INFO 2025-10-13 19:15:01,180 basehttp 10984 1268 "GET /api/recent-activity/ HTTP/1.1" 200 1021
INFO 2025-10-13 19:15:17,614 autoreload 10984 4660 C:\Users\athar\OneDrive\Desktop\TY - Sem 1\EDI\parking-system\dashboard\parking_app\views.py changed, reloading.
INFO 2025-10-13 19:15:18,677 autoreload 5060 14100 Watching for file changes with StatReloader
INFO 2025-10-13 19:15:31,113 basehttp 5060 24680 "GET /api/parking-status/ HTTP/1.1" 200 484
INFO 2025-10-13 19:15:31,150 basehttp 5060 9960 "GET /api/parking-data/ HTTP/1.1" 200 38526
INFO 2025-10-13 19:15:31,171 basehttp 5060 22872 "GET /api/recent-activity/ HTTP/1.1" 200 1021
INFO 2025-10-13 19:15:36,377 autoreload 5060 14100 C:\Users\athar\OneDrive\Desktop\TY - Sem 1\EDI\parking-system\dashboard\parking_app\views.py changed, reloading.
INFO 2025-10-13 19:15:37,433 autoreload 14216 10972 Watching for file changes with StatReloader
INFO 2025-10-13 19:16:01,123 basehttp 14216 4532 "GET /api/parking-status/ HTTP/1.1" 200 484
INFO 2025-10-13 19:16:01,149 basehttp 14216 2996 "GET /api/parking-data/ HTTP/1.1" 200 38526
INFO 2025-10-13 19:16:01,189 basehttp 14216 26084 "GET /api/recent-activity/ HTTP/1.1" 200 1021
INFO 2025-10-13 19:22:20,584 autoreload 9720 25392 Watching for file changes with StatReloader
INFO 2025-10-13 19:22:22,609 basehttp 9720 1276 "GET / HTTP/1.1" 200 84779
INFO 2025-10-13 19:22:22,809 basehttp 9720 1276 "GET /api/parking-status/ HTTP/1.1" 200 484
INFO 2025-10-13 19:22:22,830 basehttp 9720 25372 "GET /api/parking-data/ HTTP/1.1" 200 38526
INFO 2025-10-13 19:22:22,856 basehttp 9720 14216 "GET /api/recent-activity/ HTTP/1.1" 200 1022
INFO 2025-10-13 19:22:24,387 basehttp 9720 14216 "GET /api/vehicle-details/H60/ HTTP/1.1" 200 447
INFO 2025-10-13 19:22:25,502 basehttp 9720 14216 "GET /api/vehicle-details/H60/ HTTP/1.1" 200 447
INFO 2025-10-13 19:22:25,763 basehttp 9720 14216 "GET /api/vehicle-details/H60/ HTTP/1.1" 200 447
INFO 2025-10-13 19:22:52,573 autoreload 9720 25392 C:\Users\athar\OneDrive\Desktop\TY - Sem 1\EDI\parking-system\dashboard\parking_app\views.py changed, reloading.
INFO 2025-10-13 19:22:53,363 autoreload 972 18540 Watching for file changes with StatReloader
INFO 2025-10-13 19:22:53,892 basehttp 972 21800 "GET /api/parking-status/ HTTP/1.1" 200 484
INFO 2025-10-13 19:22:53,926 basehttp 972 21800 "GET /api/parking-data/ HTTP/1.1" 200 38526
INFO 2025-10-13 19:22:53,963 basehttp 972 21800 "GET /api/recent-activity/ HTTP/1.1" 200 1022
INFO 2025-10-13 19:23:09,447 autoreload 972 18540 C:\Users\athar\OneDrive\Desktop\TY - Sem 1\EDI\parking-system\dashboard\parking_app\views.py changed, reloading.
INFO 2025-10-13 19:23:10,261 autoreload 26608 6100 Watching for file changes with StatReloader
INFO 2025-10-13 19:23:23,119 basehttp 26608 20940 "GET /api/parking-status/ HTTP/1.1" 200 484
INFO 2025-10-13 19:23:23,154 basehttp 26608 24056 "GET /api/parking-data/ HTTP/1.1" 200 38526
INFO 2025-10-13 19:23:23,179 basehttp 26608 11876 "GET /api/recent-activity/ HTTP/1.1" 200 1022
INFO 2025-10-13 19:23:24,477 autoreload 26608 6100 C:\Users\athar\OneDrive\Desktop\TY - Sem 1\EDI\parking-system\dashboard\parking_app\api_urls.py changed, reloading.
INFO 2025-10-13 19:23:25,252 autoreload 18100 21452 Watching for file changes with StatReloader
INFO 2025-10-13 19:23:53,099 basehttp 18100 3172 "GET /api/parking-status/ HTTP/1.1" 200 484
INFO 2025-10-13 19:23:53,150 basehttp 18100 4576 "GET /api/parking-data/ HTTP/1.1" 200 38526
INFO 2025-10-13 19:23:53,159 basehttp 18100 3288 "GET /api/recent-activity/ HTTP/1.1" 200 1022
INFO 2025-10-13 19:24:23,111 basehttp 18100 3288 "GET /api/parking-status/ HTTP/1.1" 200 484
INFO 2025-10-13 19:24:23,112 basehttp 18100 4576 "GET /api/parking-data/ HTTP/1.1" 200 38526
INFO 2025-10-13 19:24:23,127 basehttp 18100 3172 "GET /api/recent-activity/ HTTP/1.1" 200 1022
INFO 2025-10-13 19:24:53,085 basehttp 18100 4576 "GET /api/parking-data/ HTTP/1.1" 200 38526
INFO 2025-10-13 19:24:53,114 basehttp 18100 3172 "GET /api/parking-status/ HTTP/1.1" 200 484
INFO 2025-10-13 19:24:53,121 basehttp 18100 3288 "GET /api/recent-activity/ HTTP/1.1" 200 1022
INFO 2025-10-13 19:25:23,095 basehttp 18100 3172 "GET /api/parking-data/ HTTP/1.1" 200 38526
INFO 2025-10-13 19:25:23,115 basehttp 18100 3288 "GET /api/parking-status/ HTTP/1.1" 200 484
INFO 2025-10-13 19:25:23,129 basehttp 18100 4576 "GET /api/recent-activity/ HTTP/1.1" 200 1022
INFO 2025-10-13 19:26:00,084 basehttp 18100 4576 "GET /api/parking-status/ HTTP/1.1" 200 484
INFO 2025-10-13 19:26:00,099 basehttp 18100 3172 "GET /api/recent-activity/ HTTP/1.1" 200 1022
INFO 2025-10-13 19:26:00,121 basehttp 18100 3288 "GET /api/parking-data/ HTTP/1.1" 200 38526
INFO 2025-10-13 19:27:00,116 basehttp 18100 3172 "GET /api/parking-data/ HTTP/1.1" 200 38526
INFO 2025-10-13 19:27:00,125 basehttp 18100 3288 "GET /api/parking-status/ HTTP/1.1" 200 484
INFO 2025-10-13 19:27:00,143 basehttp 18100 4576 "GET /api/recent-activity/ HTTP/1.1" 200 1022
INFO 2025-10-13 19:28:00,104 basehttp 18100 3288 "GET /api/parking-data/ HTTP/1.1" 200 38526
INFO 2025-10-13 19:28:00,127 basehttp 18100 4576 "GET /api/parking-status/ HTTP/1.1" 200 484
INFO 2025-10-13 19:28:00,140 basehttp 18100 3172 "GET /api/recent-activity/ HTTP/1.1" 200 1022
INFO 2025-10-13 19:29:00,113 basehttp 18100 4576 "GET /api/parking-data/ HTTP/1.1" 200 38526
INFO 2025-10-13 19:29:00,113 basehttp 18100 3172 "GET /api/parking-status/ HTTP/1.1" 200 484
INFO 2025-10-13 19:29:00,134 basehttp 18100 3288 "GET /api/recent-activity/ HTTP/1.1" 200 1022
INFO 2025-10-13 19:30:00,110 basehttp 18100 3288 "GET /api/parking-status/ HTTP/1.1" 200 484
INFO 2025-10-13 19:30:00,139 basehttp 18100 4576 "GET /api/recent-activity/ HTTP/1.1" 200 1022
INFO 2025-10-13 19:30:00,146 basehttp 18100 3172 "GET /api/parking-data/ HTTP/1.1" 200 38526
INFO 2025-10-13 19:31:00,096 basehttp 18100 4576 "GET /api/parking-data/ HTTP/1.1" 200 38526
INFO 2025-10-13 19:31:00,114 basehttp 18100 3288 "GET /api/recent-activity/ HTTP/1.1" 200 1022
INFO 2025-10-13 19:31:00,131 basehttp 18100 3172 "GET /api/parking-status/ HTTP/1.1" 200 484
INFO 2025-10-13 19:32:00,098 basehttp 18100 3288 "GET /api/parking-data/ HTTP/1.1" 200 38526
INFO 2025-10-13 19:32:00,120 basehttp 18100 3172 "GET /api/parking-status/ HTTP/1.1" 200 484
INFO 2025-10-13 19:32:00,131 basehttp 18100 4576 "GET /api/recent-activity/ HTTP/1.1" 200 1022
INFO 2025-10-13 19:33:00,090 basehttp 18100 3172 "GET /api/parking-data/ HTTP/1.1" 200 38526
INFO 2025-10-13 19:33:00,105 basehttp 18100 4576 "GET /api/parking-status/ HTTP/1.1" 200 484
INFO 2025-10-13 19:33:00,122 basehttp 18100 3288 "GET /api/recent-activity/ HTTP/1.1" 200 1023
INFO 2025-10-13 19:34:00,091 basehttp 18100 4576 "GET /api/parking-data/ HTTP/1.1" 200 38526
INFO 2025-10-13 19:34:00,123 basehttp 18100 3288 "GET /api/parking-status/ HTTP/1.1" 200 484
INFO 2025-10-13 19:34:00,129 basehttp 18100 3172 "GET /api/recent-activity/ HTTP/1.1" 200 1023
INFO 2025-10-13 19:35:00,091 basehttp 18100 3288 "GET /api/parking-data/ HTTP/1.1" 200 38526
INFO 2025-10-13 19:35:00,134 basehttp 18100 3172 "GET /api/parking-status/ HTTP/1.1" 200 484
INFO 2025-10-13 19:35:00,134 basehttp 18100 4576 "GET /api/recent-activity/ HTTP/1.1" 200 1023
INFO 2025-10-13 19:36:00,093 basehttp 18100 4576 "GET /api/parking-status/ HTTP/1.1" 200 484
INFO 2025-10-13 19:36:00,107 basehttp 18100 3172 "GET /api/parking-data/ HTTP/1.1" 200 38526
INFO 2025-10-13 19:36:00,126 basehttp 18100 3288 "GET /api/recent-activity/ HTTP/1.1" 200 1023
INFO 2025-10-13 19:37:00,088 basehttp 18100 3172 "GET /api/parking-data/ HTTP/1.1" 200 38526
INFO 2025-10-13 19:37:00,119 basehttp 18100 3288 "GET /api/parking-status/ HTTP/1.1" 200 484
INFO 2025-10-13 19:37:00,132 basehttp 18100 4576 "GET /api/recent-activity/ HTTP/1.1" 200 1023
INFO 2025-10-13 19:38:00,098 basehttp 18100 3288 "GET /api/parking-data/ HTTP/1.1" 200 38526
INFO 2025-10-13 19:38:00,129 basehttp 18100 3172 "GET /api/recent-activity/ HTTP/1.1" 200 1023
INFO 2025-10-13 19:38:00,145 basehttp 18100 4576 "GET /api/parking-status/ HTTP/1.1" 200 484
INFO 2025-10-13 19:39:00,092 basehttp 18100 3172 "GET /api/parking-data/ HTTP/1.1" 200 38526
INFO 2025-10-13 19:39:00,124 basehttp 18100 3288 "GET /api/recent-activity/ HTTP/1.1" 200 1023
INFO 2025-10-13 19:39:00,144 basehttp 18100 4576 "GET /api/parking-status/ HTTP/1.1" 200 484
INFO 2025-10-13 19:40:00,092 basehttp 18100 3288 "GET /api/parking-data/ HTTP/1.1" 200 38526
INFO 2025-10-13 19:40:00,109 basehttp 18100 4576 "GET /api/parking-status/ HTTP/1.1" 200 484
INFO 2025-10-13 19:40:00,116 basehttp 18100 3172 "GET /api/recent-activity/ HTTP/1.1" 200 1023
INFO 2025-10-13 19:41:00,097 basehttp 18100 4576 "GET /api/parking-data/ HTTP/1.1" 200 38526
INFO 2025-10-13 19:41:00,112 basehttp 18100 3172 "GET /api/parking-status/ HTTP/1.1" 200 484
INFO 2025-10-13 19:41:00,126 basehttp 18100 3288 "GET /api/recent-activity/ HTTP/1.1" 200 1023
INFO 2025-10-13 19:42:00,100 basehttp 18100 3288 "GET /api/parking-status/ HTTP/1.1" 200 484
INFO 2025-10-13 19:42:00,114 basehttp 18100 4576 "GET /api/recent-activity/ HTTP/1.1" 200 1023
INFO 2025-10-13 19:42:00,123 basehttp 18100 3172 "GET /api/parking-data/ HTTP/1.1" 200 38526
INFO 2025-10-13 19:43:00,090 basehttp 18100 4576 "GET /api/parking-data/ HTTP/1.1" 200 38526
INFO 2025-10-13 19:43:00,102 basehttp 18100 3172 "GET /api/parking-status/ HTTP/1.1" 200 484
INFO 2025-10-13 19:43:00,133 basehttp 18100 3288 "GET /api/recent-activity/ HTTP/1.1" 200 1023
INFO 2025-10-13 19:43:54,869 basehttp 18100 3172 "GET /api/parking-data/ HTTP/1.1" 200 38526
INFO 2025-10-13 19:43:54,906 basehttp 18100 3288 "GET /api/parking-status/ HTTP/1.1" 200 484
INFO 2025-10-13 19:43:54,940 basehttp 18100 4576 "GET /api/recent-activity/ HTTP/1.1" 200 1023
INFO 2025-10-13 19:43:57,467 basehttp 18100 4576 "GET / HTTP/1.1" 200 84779
INFO 2025-10-13 19:43:57,642 basehttp 18100 4576 "GET / HTTP/1.1" 200 84779
INFO 2025-10-13 19:43:57,656 basehttp 18100 3172 - Broken pipe from ('127.0.0.1', 57946)
INFO 2025-10-13 19:43:57,700 basehttp 18100 3288 - Broken pipe from ('127.0.0.1', 54808)
INFO 2025-10-13 19:43:57,758 basehttp 18100 13800 - Broken pipe from ('127.0.0.1', 62447)
INFO 2025-10-13 19:43:57,934 basehttp 18100 4576 "GET /api/parking-status/ HTTP/1.1" 200 484
INFO 2025-10-13 19:43:57,974 basehttp 18100 13248 - Broken pipe from ('127.0.0.1', 52999)
INFO 2025-10-13 19:43:57,997 basehttp 18100 21036 "GET /api/recent-activity/ HTTP/1.1" 200 1023
INFO 2025-10-13 19:43:58,007 basehttp 18100 18588 "GET /api/parking-data/ HTTP/1.1" 200 38526
INFO 2025-10-13 19:43:58,028 basehttp 18100 4576 "GET / HTTP/1.1" 200 84779
INFO 2025-10-13 19:43:58,173 basehttp 18100 4576 "GET / HTTP/1.1" 200 84779
INFO 2025-10-13 19:43:58,186 basehttp 18100 21036 - Broken pipe from ('127.0.0.1', 57201)
INFO 2025-10-13 19:43:58,233 basehttp 18100 18588 - Broken pipe from ('127.0.0.1', 59784)
INFO 2025-10-13 19:43:58,277 basehttp 18100 4576 "GET / HTTP/1.1" 200 84779
INFO 2025-10-13 19:43:58,310 basehttp 18100 12764 - Broken pipe from ('127.0.0.1', 50767)
INFO 2025-10-13 19:43:58,393 basehttp 18100 21508 - Broken pipe from ('127.0.0.1', 57833)
INFO 2025-10-13 19:43:58,394 basehttp 18100 2988 - Broken pipe from ('127.0.0.1', 54730)
INFO 2025-10-13 19:43:58,460 basehttp 18100 4576 - Broken pipe from ('127.0.0.1', 54111)
INFO 2025-10-13 19:43:58,470 basehttp 18100 18528 "GET /api/parking-status/ HTTP/1.1" 200 484
INFO 2025-10-13 19:43:58,524 basehttp 18100 14396 - Broken pipe from ('127.0.0.1', 51359)
INFO 2025-10-13 19:43:58,562 basehttp 18100 4336 - Broken pipe from ('127.0.0.1', 59139)
INFO 2025-10-13 19:43:58,568 basehttp 18100 6100 "GET /api/parking-data/ HTTP/1.1" 200 38526
INFO 2025-10-13 19:43:58,602 basehttp 18100 21932 "GET /api/recent-activity/ HTTP/1.1" 200 1023
INFO 2025-10-13 19:43:58,617 basehttp 18100 18528 "GET / HTTP/1.1" 200 84779
INFO 2025-10-13 19:43:58,716 basehttp 18100 18528 "GET / HTTP/1.1" 200 84779
INFO 2025-10-13 19:43:58,782 basehttp 18100 6100 - Broken pipe from ('127.0.0.1', 53062)
INFO 2025-10-13 19:43:58,782 basehttp 18100 21932 - Broken pipe from ('127.0.0.1', 64175)
INFO 2025-10-13 19:43:58,816 basehttp 18100 14888 - Broken pipe from ('127.0.0.1', 64698)
INFO 2025-10-13 19:43:58,836 basehttp 18100 18528 "GET /api/parking-status/ HTTP/1.1" 200 484
INFO 2025-10-13 19:43:58,875 basehttp 18100 10016 "GET /api/parking-data/ HTTP/1.1" 200 38526
INFO 2025-10-13 19:43:58,901 basehttp 18100 20928 "GET /api/recent-activity/ HTTP/1.1" 200 1023
INFO 2025-10-13 19:44:03,330 basehttp 18100 20928 "GET /api/vehicle-details/H60/ HTTP/1.1" 200 447
INFO 2025-10-13 19:44:04,646 basehttp 18100 20928 "GET /api/vehicle-details/H60/ HTTP/1.1" 200 447
INFO 2025-10-13 19:44:04,853 basehttp 18100 20928 "GET /api/vehicle-details/H60/ HTTP/1.1" 200 447
INFO 2025-10-13 19:44:29,097 basehttp 18100 10016 "GET /api/parking-data/ HTTP/1.1" 200 38526
INFO 2025-10-13 19:44:29,130 basehttp 18100 20928 "GET /api/parking-status/ HTTP/1.1" 200 484
INFO 2025-10-13 19:44:29,144 basehttp 18100 18528 "GET /api/recent-activity/ HTTP/1.1" 200 1023
INFO 2025-10-13 19:44:59,097 basehttp 18100 18528 "GET /api/parking-status/ HTTP/1.1" 200 484
INFO 2025-10-13 19:44:59,112 basehttp 18100 10016 "GET /api/recent-activity/ HTTP/1.1" 200 1023
INFO 2025-10-13 19:44:59,121 basehttp 18100 20928 "GET /api/parking-data/ HTTP/1.1" 200 38526
INFO 2025-10-13 19:45:29,085 basehttp 18100 10016 "GET /api/parking-data/ HTTP/1.1" 200 38526
INFO 2025-10-13 19:45:29,103 basehttp 18100 18528 "GET /api/recent-activity/ HTTP/1.1" 200 1023
INFO 2025-10-13 19:45:29,116 basehttp 18100 20928 "GET /api/parking-status/ HTTP/1.1" 200 484
INFO 2025-10-13 19:45:59,104 basehttp 18100 20928 "GET /api/parking-status/ HTTP/1.1" 200 484
INFO 2025-10-13 19:45:59,123 basehttp 18100 10016 "GET /api/recent-activity/ HTTP/1.1" 200 1023
INFO 2025-10-13 19:45:59,129 basehttp 18100 18528 "GET /api/parking-data/ HTTP/1.1" 200 38526
INFO 2025-10-13 19:46:29,087 basehttp 18100 18528 "GET /api/parking-status/ HTTP/1.1" 200 484
INFO 2025-10-13 19:46:29,099 basehttp 18100 10016 "GET /api/parking-data/ HTTP/1.1" 200 38526
INFO 2025-10-13 19:46:29,116 basehttp 18100 20928 "GET /api/recent-activity/ HTTP/1.1" 200 1023
INFO 2025-10-13 19:46:59,096 basehttp 18100 10016 "GET /api/parking-data/ HTTP/1.1" 200 38526
INFO 2025-10-13 19:46:59,115 basehttp 18100 20928 "GET /api/parking-status/ HTTP/1.1" 200 484
INFO 2025-10-13 19:46:59,137 basehttp 18100 18528 "GET /api/recent-activity/ HTTP/1.1" 200 1023
INFO 2025-10-13 19:48:00,100 basehttp 18100 20928 "GET /api/parking-data/ HTTP/1.1" 200 38526
INFO 2025-10-13 19:48:00,126 basehttp 18100 18528 "GET /api/parking-status/ HTTP/1.1" 200 484
INFO 2025-10-13 19:48:00,126 basehttp 18100 10016 "GET /api/recent-activity/ HTTP/1.1" 200 1023
INFO 2025-10-13 19:49:00,099 basehttp 18100 21256 "GET /api/parking-status/ HTTP/1.1" 200 484
INFO 2025-10-13 19:49:00,131 basehttp 18100 5932 "GET /api/recent-activity/ HTTP/1.1" 200 1023
INFO 2025-10-13 19:49:00,146 basehttp 18100 11880 "GET /api/parking-data/ HTTP/1.1" 200 38526
INFO 2025-10-13 19:50:00,110 basehttp 18100 11880 "GET /api/parking-status/ HTTP/1.1" 200 484
INFO 2025-10-13 19:50:00,110 basehttp 18100 5932 "GET /api/parking-data/ HTTP/1.1" 200 38526
INFO 2025-10-13 19:50:00,141 basehttp 18100 21256 "GET /api/recent-activity/ HTTP/1.1" 200 1023
INFO 2025-10-13 19:51:00,105 basehttp 18100 5932 "GET /api/parking-data/ HTTP/1.1" 200 38526
INFO 2025-10-13 19:51:00,137 basehttp 18100 21256 "GET /api/parking-status/ HTTP/1.1" 200 484
INFO 2025-10-13 19:51:00,137 basehttp 18100 11880 "GET /api/recent-activity/ HTTP/1.1" 200 1023
INFO 2025-10-13 19:52:00,094 basehttp 18100 21256 "GET /api/parking-data/ HTTP/1.1" 200 38526
INFO 2025-10-13 19:52:00,128 basehttp 18100 5932 "GET /api/recent-activity/ HTTP/1.1" 200 1023
INFO 2025-10-13 19:52:00,144 basehttp 18100 11880 "GET /api/parking-status/ HTTP/1.1" 200 484
INFO 2025-10-13 19:53:00,103 basehttp 18100 5932 "GET /api/parking-data/ HTTP/1.1" 200 38526
INFO 2025-10-13 19:53:00,146 basehttp 18100 11880 "GET /api/parking-status/ HTTP/1.1" 200 484
INFO 2025-10-13 19:53:00,164 basehttp 18100 21256 "GET /api/recent-activity/ HTTP/1.1" 200 1023
INFO 2025-10-13 19:54:00,094 basehttp 18100 11880 "GET /api/parking-data/ HTTP/1.1" 200 38526
INFO 2025-10-13 19:54:00,122 basehttp 18100 21256 "GET /api/parking-status/ HTTP/1.1" 200 484
INFO 2025-10-13 19:54:00,133 basehttp 18100 5932 "GET /api/recent-activity/ HTTP/1.1" 200 1023
INFO 2025-10-13 19:55:00,098 basehttp 18100 21256 "GET /api/parking-data/ HTTP/1.1" 200 38526
INFO 2025-10-13 19:55:00,122 basehttp 18100 5932 "GET /api/parking-status/ HTTP/1.1" 200 484
INFO 2025-10-13 19:55:00,132 basehttp 18100 11880 "GET /api/recent-activity/ HTTP/1.1" 200 1023
INFO 2025-10-13 19:56:00,110 basehttp 18100 11880 "GET /api/parking-status/ HTTP/1.1" 200 484
INFO 2025-10-13 19:56:00,121 basehttp 18100 5932 "GET /api/parking-data/ HTTP/1.1" 200 38526
INFO 2025-10-13 19:56:00,144 basehttp 18100 21256 "GET /api/recent-activity/ HTTP/1.1" 200 1019
INFO 2025-10-13 19:57:00,120 basehttp 18100 5932 "GET /api/parking-data/ HTTP/1.1" 200 38526
INFO 2025-10-13 19:57:00,147 basehttp 18100 21256 "GET /api/parking-status/ HTTP/1.1" 200 484
INFO 2025-10-13 19:57:00,153 basehttp 18100 11880 "GET /api/recent-activity/ HTTP/1.1" 200 1019
INFO 2025-10-13 19:58:00,103 basehttp 18100 11880 "GET /api/parking-status/ HTTP/1.1" 200 484
INFO 2025-10-13 19:58:00,111 basehttp 18100 21256 "GET /api/parking-data/ HTTP/1.1" 200 38526
INFO 2025-10-13 19:58:00,134 basehttp 18100 5932 "GET /api/recent-activity/ HTTP/1.1" 200 1019
INFO 2025-10-13 19:59:00,097 basehttp 18100 5932 "GET /api/parking-status/ HTTP/1.1" 200 484
INFO 2025-10-13 19:59:00,113 basehttp 18100 11880 "GET /api/recent-activity/ HTTP/1.1" 200 1019
INFO 2025-10-13 19:59:00,117 basehttp 18100 21256 "GET /api/parking-data/ HTTP/1.1" 200 38526
INFO 2025-10-13 20:00:00,104 basehttp 18100 21256 "GET /api/parking-status/ HTTP/1.1" 200 484
INFO 2025-10-13 20:00:00,111 basehttp 18100 11880 "GET /api/parking-data/ HTTP/1.1" 200 38526
INFO 2025-10-13 20:00:00,132 basehttp 18100 5932 "GET /api/recent-activity/ HTTP/1.1" 200 1019
INFO 2025-10-13 20:01:00,086 basehttp 18100 5932 "GET /api/parking-status/ HTTP/1.1" 200 484
INFO 2025-10-13 20:01:00,104 basehttp 18100 11880 "GET /api/parking-data/ HTTP/1.1" 200 38526
INFO 2025-10-13 20:01:00,124 basehttp 18100 21256 "GET /api/recent-activity/ HTTP/1.1" 200 1019
INFO 2025-10-13 20:02:00,088 basehttp 18100 11880 "GET /api/parking-data/ HTTP/1.1" 200 38526
INFO 2025-10-13 20:02:00,111 basehttp 18100 21256 "GET /api/parking-status/ HTTP/1.1" 200 484
INFO 2025-10-13 20:02:00,124 basehttp 18100 5932 "GET /api/recent-activity/ HTTP/1.1" 200 1019
INFO 2025-10-13 20:03:00,100 basehttp 18100 21256 "GET /api/parking-data/ HTTP/1.1" 200 38526
INFO 2025-10-13 20:03:00,131 basehttp 18100 5932 "GET /api/parking-status/ HTTP/1.1" 200 484
INFO 2025-10-13 20:03:00,141 basehttp 18100 11880 "GET /api/recent-activity/ HTTP/1.1" 200 1019
INFO 2025-10-13 20:04:00,102 basehttp 18100 11880 "GET /api/parking-status/ HTTP/1.1" 200 484
INFO 2025-10-13 20:04:00,108 basehttp 18100 5932 "GET /api/parking-data/ HTTP/1.1" 200 38526
INFO 2025-10-13 20:04:00,129 basehttp 18100 21256 "GET /api/recent-activity/ HTTP/1.1" 200 1019
INFO 2025-10-13 20:05:00,101 basehttp 18100 5932 "GET /api/parking-data/ HTTP/1.1" 200 38526
INFO 2025-10-13 20:05:00,115 basehttp 18100 21256 "GET /api/parking-status/ HTTP/1.1" 200 484
INFO 2025-10-13 20:05:00,125 basehttp 18100 11880 "GET /api/recent-activity/ HTTP/1.1" 200 1019
INFO 2025-10-13 20:06:00,091 basehttp 18100 21256 "GET /api/parking-data/ HTTP/1.1" 200 38526
INFO 2025-10-13 20:06:00,106 basehttp 18100 5932 "GET /api/recent-activity/ HTTP/1.1" 200 1019
INFO 2025-10-13 20:06:00,125 basehttp 18100 11880 "GET /api/parking-status/ HTTP/1.1" 200 484
INFO 2025-10-13 20:07:00,110 basehttp 18100 11880 "GET /api/parking-status/ HTTP/1.1" 200 484
INFO 2025-10-13 20:07:00,118 basehttp 18100 5932 "GET /api/parking-data/ HTTP/1.1" 200 38526
INFO 2025-10-13 20:07:00,133 basehttp 18100 21256 "GET /api/recent-activity/ HTTP/1.1" 200 1019
INFO 2025-10-13 20:08:00,098 basehttp 18100 21256 "GET /api/parking-status/ HTTP/1.1" 200 484
INFO 2025-10-13 20:08:00,103 basehttp 18100 11880 "GET /api/recent-activity/ HTTP/1.1" 200 1019
INFO 2025-10-13 20:08:00,125 basehttp 18100 5932 "GET /api/parking-data/ HTTP/1.1" 200 38526
INFO 2025-10-13 20:09:00,113 basehttp 18100 5932 "GET /api/parking-status/ HTTP/1.1" 200 484
INFO 2025-10-13 20:09:00,127 basehttp 18100 21256 "GET /api/recent-activity/ HTTP/1.1" 200 1019
INFO 2025-10-13 20:09:00,135 basehttp 18100 11880 "GET /api/parking-data/ HTTP/1.1" 200 38526
INFO 2025-10-13 20:10:00,085 basehttp 18100 21256 "GET /api/parking-data/ HTTP/1.1" 200 38526
INFO 2025-10-13 20:10:00,109 basehttp 18100 11880 "GET /api/parking-status/ HTTP/1.1" 200 484
INFO 2025-10-13 20:10:00,116 basehttp 18100 5932 "GET /api/recent-activity/ HTTP/1.1" 200 1015
INFO 2025-10-13 20:11:00,110 basehttp 18100 5932 "GET /api/parking-status/ HTTP/1.1" 200 484
INFO 2025-10-13 20:11:00,124 basehttp 18100 21256 "GET /api/recent-activity/ HTTP/1.1" 200 1015
INFO 2025-10-13 20:11:00,132 basehttp 18100 11880 "GET /api/parking-data/ HTTP/1.1" 200 38526
INFO 2025-10-13 20:12:00,105 basehttp 18100 11880 "GET /api/parking-status/ HTTP/1.1" 200 484
INFO 2025-10-13 20:12:00,105 basehttp 18100 21256 "GET /api/parking-data/ HTTP/1.1" 200 38526
INFO 2025-10-13 20:12:00,126 basehttp 18100 5932 "GET /api/recent-activity/ HTTP/1.1" 200 1015
INFO 2025-10-13 20:13:00,115 basehttp 18100 5932 "GET /api/parking-status/ HTTP/1.1" 200 484
INFO 2025-10-13 20:13:00,118 basehttp 18100 21256 "GET /api/parking-data/ HTTP/1.1" 200 38526
INFO 2025-10-13 20:13:00,145 basehttp 18100 11880 "GET /api/recent-activity/ HTTP/1.1" 200 1015
INFO 2025-10-13 20:14:00,093 basehttp 18100 11880 "GET /api/parking-status/ HTTP/1.1" 200 484
INFO 2025-10-13 20:14:00,110 basehttp 18100 5932 "GET /api/recent-activity/ HTTP/1.1" 200 1015
INFO 2025-10-13 20:14:00,116 basehttp 18100 21256 "GET /api/parking-data/ HTTP/1.1" 200 38526
INFO 2025-10-13 20:15:00,100 basehttp 18100 21256 "GET /api/parking-status/ HTTP/1.1" 200 484
INFO 2025-10-13 20:15:00,100 basehttp 18100 5932 "GET /api/parking-data/ HTTP/1.1" 200 38526
INFO 2025-10-13 20:15:00,126 basehttp 18100 11880 "GET /api/recent-activity/ HTTP/1.1" 200 1015
INFO 2025-10-13 20:16:00,097 basehttp 18100 11880 "GET /api/parking-status/ HTTP/1.1" 200 484
INFO 2025-10-13 20:16:00,101 basehttp 18100 5932 "GET /api/parking-data/ HTTP/1.1" 200 38526
INFO 2025-10-13 20:16:00,117 basehttp 18100 21256 "GET /api/recent-activity/ HTTP/1.1" 200 1015
INFO 2025-10-13 20:17:00,083 basehttp 18100 21256 "GET /api/parking-status/ HTTP/1.1" 200 484
INFO 2025-10-13 20:17:00,101 basehttp 18100 5932 "GET /api/parking-data/ HTTP/1.1" 200 38526
INFO 2025-10-13 20:17:00,121 basehttp 18100 11880 "GET /api/recent-activity/ HTTP/1.1" 200 1015
INFO 2025-10-13 20:18:00,100 basehttp 18100 11880 "GET /api/parking-status/ HTTP/1.1" 200 484
INFO 2025-10-13 20:18:00,106 basehttp 18100 5932 "GET /api/parking-data/ HTTP/1.1" 200 38526
INFO 2025-10-13 20:18:00,130 basehttp 18100 21256 "GET /api/recent-activity/ HTTP/1.1" 200 1015
INFO 2025-10-13 20:19:00,100 basehttp 18100 10944 "GET /api/parking-status/ HTTP/1.1" 200 484
INFO 2025-10-13 20:19:00,132 basehttp 18100 10712 "GET /api/parking-data/ HTTP/1.1" 200 38526
INFO 2025-10-13 20:19:00,152 basehttp 18100 7588 "GET /api/recent-activity/ HTTP/1.1" 200 1015
INFO 2025-10-13 20:20:00,089 basehttp 18100 10712 "GET /api/parking-data/ HTTP/1.1" 200 38526
INFO 2025-10-13 20:20:00,121 basehttp 18100 7588 "GET /api/parking-status/ HTTP/1.1" 200 484
INFO 2025-10-13 20:20:00,133 basehttp 18100 10944 "GET /api/recent-activity/ HTTP/1.1" 200 1015
INFO 2025-10-13 20:20:33,302 basehttp 18100 7588 "GET /api/parking-data/ HTTP/1.1" 200 38526
INFO 2025-10-13 20:20:33,302 basehttp 18100 10944 "GET /api/parking-status/ HTTP/1.1" 200 484
INFO 2025-10-13 20:20:33,334 basehttp 18100 10712 "GET /api/recent-activity/ HTTP/1.1" 200 1015
INFO 2025-10-13 20:20:36,303 basehttp 18100 10712 "GET / HTTP/1.1" 200 86964
INFO 2025-10-13 20:20:36,510 basehttp 18100 10944 "GET /api/parking-data/ HTTP/1.1" 200 38526
INFO 2025-10-13 20:20:36,542 basehttp 18100 10712 "GET /api/parking-status/ HTTP/1.1" 200 484
INFO 2025-10-13 20:20:36,557 basehttp 18100 7588 "GET /api/recent-activity/ HTTP/1.1" 200 1015
INFO 2025-10-13 20:20:36,600 basehttp 18100 10712 "GET / HTTP/1.1" 200 86964
INFO 2025-10-13 20:20:36,667 basehttp 18100 7588 "GET /api/parking-data/ HTTP/1.1" 200 38526
INFO 2025-10-13 20:20:36,704 basehttp 18100 10944 "GET /api/recent-activity/ HTTP/1.1" 200 1015
INFO 2025-10-13 20:20:36,726 basehttp 18100 10712 "GET /api/parking-status/ HTTP/1.1" 200 484
INFO 2025-10-13 20:20:41,476 autoreload 10012 2756 Watching for file changes with StatReloader
INFO 2025-10-13 20:20:42,905 basehttp 10012 24260 "GET / HTTP/1.1" 200 86964
INFO 2025-10-13 20:20:43,006 basehttp 10012 24260 "GET /api/parking-status/ HTTP/1.1" 200 484
INFO 2025-10-13 20:20:43,031 basehttp 10012 21660 "GET /api/parking-data/ HTTP/1.1" 200 38526
INFO 2025-10-13 20:20:43,059 basehttp 10012 4440 "GET /api/recent-activity/ HTTP/1.1" 200 1015
INFO 2025-10-13 20:20:43,165 basehttp 10012 4440 "GET / HTTP/1.1" 200 86964
INFO 2025-10-13 20:20:43,247 basehttp 10012 21660 "GET /api/parking-data/ HTTP/1.1" 200 38526
INFO 2025-10-13 20:20:43,276 basehttp 10012 4440 "GET /api/parking-status/ HTTP/1.1" 200 484
INFO 2025-10-13 20:20:43,290 basehttp 10012 24260 "GET /api/recent-activity/ HTTP/1.1" 200 1015
INFO 2025-10-13 20:20:43,826 basehttp 10012 24260 "GET / HTTP/1.1" 200 86964
INFO 2025-10-13 20:20:43,903 basehttp 10012 24260 "GET /api/parking-status/ HTTP/1.1" 200 484
INFO 2025-10-13 20:20:43,927 basehttp 10012 4440 "GET /api/parking-data/ HTTP/1.1" 200 38526
INFO 2025-10-13 20:20:43,956 basehttp 10012 21660 "GET /api/recent-activity/ HTTP/1.1" 200 1015
INFO 2025-10-13 20:20:43,978 basehttp 10012 24260 "GET / HTTP/1.1" 200 86964
INFO 2025-10-13 20:20:44,089 basehttp 10012 21660 "GET /api/parking-data/ HTTP/1.1" 200 38526
INFO 2025-10-13 20:20:44,131 basehttp 10012 24260 "GET /api/parking-status/ HTTP/1.1" 200 484
INFO 2025-10-13 20:20:44,148 basehttp 10012 4440 "GET /api/recent-activity/ HTTP/1.1" 200 1015
INFO 2025-10-13 20:20:46,906 basehttp 10012 4440 "GET /api/vehicle-details/H60/ HTTP/1.1" 200 460
INFO 2025-10-13 20:21:14,096 basehttp 10012 24260 "GET /api/parking-data/ HTTP/1.1" 200 38526
INFO 2025-10-13 20:21:14,112 basehttp 10012 4440 "GET /api/parking-status/ HTTP/1.1" 200 484
INFO 2025-10-13 20:21:14,126 basehttp 10012 21660 "GET /api/recent-activity/ HTTP/1.1" 200 1015
INFO 2025-10-13 20:21:44,103 basehttp 10012 21660 "GET /api/parking-status/ HTTP/1.1" 200 484
INFO 2025-10-13 20:21:44,112 basehttp 10012 4440 "GET /api/parking-data/ HTTP/1.1" 200 38526
INFO 2025-10-13 20:21:44,138 basehttp 10012 24260 "GET /api/recent-activity/ HTTP/1.1" 200 1015
INFO 2025-10-13 20:22:14,105 basehttp 10012 4440 "GET /api/parking-data/ HTTP/1.1" 200 38526
INFO 2025-10-13 20:22:14,122 basehttp 10012 24260 "GET /api/parking-status/ HTTP/1.1" 200 484
INFO 2025-10-13 20:22:14,147 basehttp 10012 21660 "GET /api/recent-activity/ HTTP/1.1" 200 1015
INFO 2025-10-13 20:22:44,102 basehttp 10012 24260 "GET /api/parking-data/ HTTP/1.1" 200 38526
INFO 2025-10-13 20:22:44,131 basehttp 10012 21660 "GET /api/parking-status/ HTTP/1.1" 200 484
INFO 2025-10-13 20:22:44,149 basehttp 10012 4440 "GET /api/recent-activity/ HTTP/1.1" 200 1015
INFO 2025-10-13 20:23:14,107 basehttp 10012 4440 "GET /api/parking-status/ HTTP/1.1" 200 484
INFO 2025-10-13 20:23:14,125 basehttp 10012 24260 "GET /api/recent-activity/ HTTP/1.1" 200 1015
INFO 2025-10-13 20:23:14,133 basehttp 10012 21660 "GET /api/parking-data/ HTTP/1.1" 200 38526
INFO 2025-10-13 20:23:44,088 basehttp 10012 24260 "GET /api/parking-data/ HTTP/1.1" 200 38526
INFO 2025-10-13 20:23:44,116 basehttp 10012 21660 "GET /api/parking-status/ HTTP/1.1" 200 484
INFO 2025-10-13 20:23:44,121 basehttp 10012 4440 "GET /api/recent-activity/ HTTP/1.1" 200 1015
INFO 2025-10-13 20:24:14,100 basehttp 10012 4440 "GET /api/parking-status/ HTTP/1.1" 200 484
INFO 2025-10-13 20:24:14,116 basehttp 10012 24260 "GET /api/recent-activity/ HTTP/1.1" 200 1015
INFO 2025-10-13 20:24:14,123 basehttp 10012 21660 "GET /api/parking-data/ HTTP/1.1" 200 38526
INFO 2025-10-13 20:24:44,097 basehttp 10012 24260 "GET /api/parking-data/ HTTP/1.1" 200 38526
INFO 2025-10-13 20:24:44,129 basehttp 10012 21660 "GET /api/parking-status/ HTTP/1.1" 200 484
INFO 2025-10-13 20:24:44,150 basehttp 10012 4440 "GET /api/recent-activity/ HTTP/1.1" 200 1015
INFO 2025-10-13 20:26:00,097 basehttp 10012 21660 "GET /api/parking-data/ HTTP/1.1" 200 38526
INFO 2025-10-13 20:26:00,133 basehttp 10012 4440 "GET /api/parking-status/ HTTP/1.1" 200 484
INFO 2025-10-13 20:26:00,133 basehttp 10012 24260 "GET /api/recent-activity/ HTTP/1.1" 200 1015
INFO 2025-10-13 20:27:00,091 basehttp 10012 4440 "GET /api/parking-data/ HTTP/1.1" 200 38526
INFO 2025-10-13 20:27:00,117 basehttp 10012 24260 "GET /api/parking-status/ HTTP/1.1" 200 484
INFO 2025-10-13 20:27:00,129 basehttp 10012 21660 "GET /api/recent-activity/ HTTP/1.1" 200 1015
INFO 2025-10-13 20:27:46,310 basehttp 10012 15804 "GET /api/parking-status/ HTTP/1.1" 200 484
INFO 2025-10-13 20:27:46,363 basehttp 10012 25276 "GET /api/parking-data/ HTTP/1.1" 200 38526
INFO 2025-10-13 20:27:46,383 basehttp 10012 22168 "GET /api/recent-activity/ HTTP/1.1" 200 1015
INFO 2025-10-13 20:28:14,093 basehttp 10012 25276 "GET /api/parking-data/ HTTP/1.1" 200 38526
INFO 2025-10-13 20:28:14,117 basehttp 10012 15804 "GET /api/recent-activity/ HTTP/1.1" 200 1015
INFO 2025-10-13 20:28:14,126 basehttp 10012 22168 "GET /api/parking-status/ HTTP/1.1" 200 484
INFO 2025-10-13 20:28:44,108 basehttp 10012 22168 "GET /api/parking-status/ HTTP/1.1" 200 484
INFO 2025-10-13 20:28:44,134 basehttp 10012 25276 "GET /api/recent-activity/ HTTP/1.1" 200 1015
INFO 2025-10-13 20:28:44,144 basehttp 10012 15804 "GET /api/parking-data/ HTTP/1.1" 200 38526
INFO 2025-10-13 20:29:14,089 basehttp 10012 25276 "GET /api/parking-data/ HTTP/1.1" 200 38526
INFO 2025-10-13 20:29:14,110 basehttp 10012 15804 "GET /api/parking-status/ HTTP/1.1" 200 484
INFO 2025-10-13 20:29:14,122 basehttp 10012 22168 "GET /api/recent-activity/ HTTP/1.1" 200 1015
INFO 2025-10-13 20:29:44,099 basehttp 10012 15804 "GET /api/parking-data/ HTTP/1.1" 200 38526
INFO 2025-10-13 20:29:44,117 basehttp 10012 22168 "GET /api/parking-status/ HTTP/1.1" 200 484
INFO 2025-10-13 20:29:44,130 basehttp 10012 25276 "GET /api/recent-activity/ HTTP/1.1" 200 1015
INFO 2025-10-13 20:31:00,091 basehttp 10012 22168 "GET /api/parking-data/ HTTP/1.1" 200 38526
INFO 2025-10-13 20:31:00,117 basehttp 10012 25276 "GET /api/parking-status/ HTTP/1.1" 200 484
INFO 2025-10-13 20:31:00,127 basehttp 10012 15804 "GET /api/recent-activity/ HTTP/1.1" 200 1015
INFO 2025-10-13 20:32:00,100 basehttp 10012 25276 "GET /api/parking-data/ HTTP/1.1" 200 38526
INFO 2025-10-13 20:32:00,127 basehttp 10012 15804 "GET /api/parking-status/ HTTP/1.1" 200 484
INFO 2025-10-13 20:32:00,137 basehttp 10012 22168 "GET /api/recent-activity/ HTTP/1.1" 200 1015
INFO 2025-10-13 20:33:00,084 basehttp 10012 15804 "GET /api/parking-data/ HTTP/1.1" 200 38526
INFO 2025-10-13 20:33:00,104 basehttp 10012 22168 "GET /api/parking-status/ HTTP/1.1" 200 484
INFO 2025-10-13 20:33:00,123 basehttp 10012 25276 "GET /api/recent-activity/ HTTP/1.1" 200 1015
INFO 2025-10-13 20:34:00,096 basehttp 10012 22168 "GET /api/parking-data/ HTTP/1.1" 200 38526
INFO 2025-10-13 20:34:00,119 basehttp 10012 25276 "GET /api/parking-status/ HTTP/1.1" 200 484
INFO 2025-10-13 20:34:00,138 basehttp 10012 15804 "GET /api/recent-activity/ HTTP/1.1" 200 1015
INFO 2025-10-13 20:35:00,091 basehttp 10012 15804 "GET /api/parking-status/ HTTP/1.1" 200 484
INFO 2025-10-13 20:35:00,099 basehttp 10012 25276 "GET /api/parking-data/ HTTP/1.1" 200 38526
INFO 2025-10-13 20:35:00,117 basehttp 10012 22168 "GET /api/recent-activity/ HTTP/1.1" 200 1015
INFO 2025-10-13 20:35:15,188 basehttp 10012 25276 "GET /api/parking-data/ HTTP/1.1" 200 38526
INFO 2025-10-13 20:35:15,229 basehttp 10012 22168 "GET /api/parking-status/ HTTP/1.1" 200 484
INFO 2025-10-13 20:35:15,247 basehttp 10012 15804 "GET /api/recent-activity/ HTTP/1.1" 200 1015
INFO 2025-10-13 20:35:44,093 basehttp 10012 22168 "GET /api/parking-data/ HTTP/1.1" 200 38526
INFO 2025-10-13 20:35:44,119 basehttp 10012 15804 "GET /api/parking-status/ HTTP/1.1" 200 484
INFO 2025-10-13 20:35:44,126 basehttp 10012 25276 "GET /api/recent-activity/ HTTP/1.1" 200 1015
INFO 2025-10-13 20:36:14,096 basehttp 10012 15804 "GET /api/parking-data/ HTTP/1.1" 200 38526
INFO 2025-10-13 20:36:14,122 basehttp 10012 22168 "GET /api/recent-activity/ HTTP/1.1" 200 1015
INFO 2025-10-13 20:36:14,134 basehttp 10012 25276 "GET /api/parking-status/ HTTP/1.1" 200 484
INFO 2025-10-13 20:37:00,092 basehttp 10012 22168 "GET /api/parking-data/ HTTP/1.1" 200 38526
INFO 2025-10-13 20:37:00,116 basehttp 10012 25276 "GET /api/parking-status/ HTTP/1.1" 200 484
INFO 2025-10-13 20:37:00,126 basehttp 10012 15804 "GET /api/recent-activity/ HTTP/1.1" 200 1015
INFO 2025-10-13 20:38:00,106 basehttp 10012 15804 "GET /api/parking-status/ HTTP/1.1" 200 484
INFO 2025-10-13 20:38:00,115 basehttp 10012 25276 "GET /api/parking-data/ HTTP/1.1" 200 38526
INFO 2025-10-13 20:38:00,134 basehttp 10012 22168 "GET /api/recent-activity/ HTTP/1.1" 200 1015
INFO 2025-10-13 20:38:25,937 basehttp 10012 25276 "GET /api/parking-data/ HTTP/1.1" 200 38526
INFO 2025-10-13 20:38:25,966 basehttp 10012 22168 "GET /api/parking-status/ HTTP/1.1" 200 484
INFO 2025-10-13 20:38:25,990 basehttp 10012 15804 "GET /api/recent-activity/ HTTP/1.1" 200 1015
INFO 2025-10-13 20:38:44,103 basehttp 10012 22168 "GET /api/parking-data/ HTTP/1.1" 200 38526
INFO 2025-10-13 20:38:44,120 basehttp 10012 25276 "GET /api/recent-activity/ HTTP/1.1" 200 1015
INFO 2025-10-13 20:38:44,129 basehttp 10012 15804 "GET /api/parking-status/ HTTP/1.1" 200 484
INFO 2025-10-13 20:39:14,094 basehttp 10012 15804 "GET /api/parking-status/ HTTP/1.1" 200 484
INFO 2025-10-13 20:39:14,110 basehttp 10012 25276 "GET /api/parking-data/ HTTP/1.1" 200 38526
INFO 2025-10-13 20:39:14,125 basehttp 10012 22168 "GET /api/recent-activity/ HTTP/1.1" 200 1015
INFO 2025-10-13 20:40:00,084 basehttp 10012 25276 "GET /api/parking-data/ HTTP/1.1" 200 38526
INFO 2025-10-13 20:40:00,109 basehttp 10012 22168 "GET /api/parking-status/ HTTP/1.1" 200 484
INFO 2025-10-13 20:40:00,121 basehttp 10012 15804 "GET /api/recent-activity/ HTTP/1.1" 200 1015
INFO 2025-10-13 20:41:00,096 basehttp 10012 22168 "GET /api/parking-data/ HTTP/1.1" 200 38526
INFO 2025-10-13 20:41:00,121 basehttp 10012 15804 "GET /api/parking-status/ HTTP/1.1" 200 484
INFO 2025-10-13 20:41:00,132 basehttp 10012 25276 "GET /api/recent-activity/ HTTP/1.1" 200 1015
INFO 2025-10-13 20:42:00,098 basehttp 10012 25276 "GET /api/parking-status/ HTTP/1.1" 200 484
INFO 2025-10-13 20:42:00,107 basehttp 10012 22168 "GET /api/recent-activity/ HTTP/1.1" 200 1015
INFO 2025-10-13 20:42:00,123 basehttp 10012 15804 "GET /api/parking-data/ HTTP/1.1" 200 38526
INFO 2025-10-13 20:42:50,683 basehttp 10012 22168 - Broken pipe from ('127.0.0.1', 60538)
INFO 2025-10-13 20:42:50,683 basehttp 10012 15804 - Broken pipe from ('127.0.0.1', 52182)
INFO 2025-10-13 20:42:50,683 basehttp 10012 25276 - Broken pipe from ('127.0.0.1', 60203)
INFO 2025-10-13 20:52:15,680 autoreload 20260 26008 Watching for file changes with StatReloader
INFO 2025-10-13 20:52:17,201 basehttp 20260 22000 "GET / HTTP/1.1" 200 94803
INFO 2025-10-13 20:52:17,551 basehttp 20260 22000 "GET /api/parking-status/ HTTP/1.1" 200 484
INFO 2025-10-13 20:52:17,606 basehttp 20260 21112 "GET /api/parking-data/ HTTP/1.1" 200 38526
INFO 2025-10-13 20:52:17,631 basehttp 20260 19992 "GET /api/recent-activity/ HTTP/1.1" 200 1015
INFO 2025-10-13 20:52:21,188 basehttp 20260 19992 "GET /api/vehicle-details/H60/ HTTP/1.1" 200 460
INFO 2025-10-13 20:52:39,452 autoreload 20260 26008 C:\Users\athar\OneDrive\Desktop\TY - Sem 1\EDI\parking-system\dashboard\parking_app\views.py changed, reloading.
INFO 2025-10-13 20:52:40,312 autoreload 19620 16244 Watching for file changes with StatReloader
INFO 2025-10-13 20:52:43,328 basehttp 19620 15532 "GET / HTTP/1.1" 200 74313
INFO 2025-10-13 20:52:43,417 basehttp 19620 15532 "GET /api/parking-status/ HTTP/1.1" 200 484
INFO 2025-10-13 20:52:43,468 basehttp 19620 20080 "GET /api/parking-data/ HTTP/1.1" 200 38526
INFO 2025-10-13 20:52:43,491 basehttp 19620 19736 "GET /api/recent-activity/ HTTP/1.1" 200 1015
INFO 2025-10-13 20:52:48,952 basehttp 19620 19736 "GET / HTTP/1.1" 200 74313
INFO 2025-10-13 20:52:49,032 basehttp 19620 19736 "GET /api/parking-status/ HTTP/1.1" 200 484
INFO 2025-10-13 20:52:49,043 basehttp 19620 20080 "GET /api/parking-data/ HTTP/1.1" 200 38526
INFO 2025-10-13 20:52:49,065 basehttp 19620 15532 "GET /api/recent-activity/ HTTP/1.1" 200 1015
INFO 2025-10-13 20:52:49,175 basehttp 19620 15532 "GET / HTTP/1.1" 200 74313
INFO 2025-10-13 20:52:49,253 basehttp 19620 20080 "GET /api/parking-data/ HTTP/1.1" 200 38526
INFO 2025-10-13 20:52:49,293 basehttp 19620 15532 "GET /api/parking-status/ HTTP/1.1" 200 484
INFO 2025-10-13 20:52:49,316 basehttp 19620 19736 "GET /api/recent-activity/ HTTP/1.1" 200 1015
INFO 2025-10-13 20:52:49,336 basehttp 19620 20080 "GET / HTTP/1.1" 200 74313
INFO 2025-10-13 20:52:49,474 basehttp 19620 20080 "GET /api/parking-status/ HTTP/1.1" 200 484
INFO 2025-10-13 20:52:49,482 basehttp 19620 19736 "GET /api/parking-data/ HTTP/1.1" 200 38526
INFO 2025-10-13 20:52:49,511 basehttp 19620 15532 "GET /api/recent-activity/ HTTP/1.1" 200 1015
INFO 2025-10-13 20:52:50,472 basehttp 19620 15532 "GET /realtime/ HTTP/1.1" 200 51717
INFO 2025-10-13 20:52:50,553 basehttp 19620 15532 "GET /api/realtime-monitoring/ HTTP/1.1" 200 1918
INFO 2025-10-13 20:52:51,725 basehttp 19620 15532 "GET /analytics/ HTTP/1.1" 200 55308
INFO 2025-10-13 20:52:51,865 basehttp 19620 15532 "GET /api/analytics-data/?range=today HTTP/1.1" 200 2794
INFO 2025-10-13 20:57:51,244 autoreload 9820 13524 Watching for file changes with StatReloader
INFO 2025-10-13 20:58:32,117 autoreload 9820 13524 C:\Users\athar\OneDrive\Desktop\TY - Sem 1\EDI\parking-system\dashboard\parking_app\api_urls.py changed, reloading.
INFO 2025-10-13 20:58:32,848 autoreload 14964 4160 Watching for file changes with StatReloader
INFO 2025-10-13 20:58:42,670 autoreload 12240 6200 Watching for file changes with StatReloader
INFO 2025-10-13 21:04:37,031 autoreload 7048 14236 Watching for file changes with StatReloader
INFO 2025-10-13 21:07:54,628 autoreload 7436 16508 Watching for file changes with StatReloader
INFO 2025-10-13 21:07:59,821 basehttp 7436 19160 "GET / HTTP/1.1" 200 95242
INFO 2025-10-13 21:08:00,078 basehttp 7436 19160 "GET /api/parking-data/ HTTP/1.1" 200 38526
INFO 2025-10-13 21:08:00,105 basehttp 7436 2116 "GET /api/parking-status/ HTTP/1.1" 200 484
INFO 2025-10-13 21:08:00,147 basehttp 7436 21784 "GET /api/recent-activity/ HTTP/1.1" 200 1016
INFO 2025-10-13 21:08:04,789 basehttp 7436 21784 "GET /api/vehicle-details/H60/ HTTP/1.1" 200 460
INFO 2025-10-13 21:08:30,182 basehttp 7436 21784 "GET /api/parking-status/ HTTP/1.1" 200 484
INFO 2025-10-13 21:08:30,192 basehttp 7436 2116 "GET /api/parking-data/ HTTP/1.1" 200 38526
INFO 2025-10-13 21:08:30,213 basehttp 7436 19160 "GET /api/recent-activity/ HTTP/1.1" 200 1016
INFO 2025-10-13 21:09:00,190 basehttp 7436 2116 "GET /api/parking-data/ HTTP/1.1" 200 38526
INFO 2025-10-13 21:09:00,210 basehttp 7436 19160 "GET /api/parking-status/ HTTP/1.1" 200 484
INFO 2025-10-13 21:09:00,227 basehttp 7436 21784 "GET /api/recent-activity/ HTTP/1.1" 200 1016
INFO 2025-10-13 21:09:30,185 basehttp 7436 21784 "GET /api/parking-status/ HTTP/1.1" 200 484
INFO 2025-10-13 21:09:30,192 basehttp 7436 19160 "GET /api/parking-data/ HTTP/1.1" 200 38526
INFO 2025-10-13 21:09:30,215 basehttp 7436 2116 "GET /api/recent-activity/ HTTP/1.1" 200 1016
INFO 2025-10-13 21:10:00,192 basehttp 7436 2116 "GET /api/parking-status/ HTTP/1.1" 200 484
INFO 2025-10-13 21:10:00,206 basehttp 7436 19160 "GET /api/parking-data/ HTTP/1.1" 200 38526
INFO 2025-10-13 21:10:00,243 basehttp 7436 21784 "GET /api/recent-activity/ HTTP/1.1" 200 1017
INFO 2025-10-13 21:10:30,185 basehttp 7436 19160 "GET /api/parking-data/ HTTP/1.1" 200 38526
INFO 2025-10-13 21:10:30,207 basehttp 7436 21784 "GET /api/parking-status/ HTTP/1.1" 200 484
INFO 2025-10-13 21:10:30,222 basehttp 7436 2116 "GET /api/recent-activity/ HTTP/1.1" 200 1017
INFO 2025-10-13 21:10:31,897 basehttp 7436 2116 "GET / HTTP/1.1" 200 94995
INFO 2025-10-13 21:10:31,995 basehttp 7436 2116 "GET /api/parking-status/ HTTP/1.1" 200 484
INFO 2025-10-13 21:10:32,021 basehttp 7436 19160 "GET /api/recent-activity/ HTTP/1.1" 200 1017
INFO 2025-10-13 21:10:32,028 basehttp 7436 21784 "GET /api/parking-data/ HTTP/1.1" 200 38526
INFO 2025-10-13 21:10:35,977 basehttp 7436 21784 "GET /api/vehicle-details/L31/ HTTP/1.1" 200 94
INFO 2025-10-13 21:10:40,960 basehttp 7436 21784 "GET /api/vehicle-details/H60/ HTTP/1.1" 200 459
INFO 2025-10-13 21:10:52,323 basehttp 7436 21784 "GET / HTTP/1.1" 200 94995
INFO 2025-10-13 21:10:52,391 basehttp 7436 21784 "GET /api/parking-status/ HTTP/1.1" 200 484
INFO 2025-10-13 21:10:52,400 basehttp 7436 19160 "GET /api/parking-data/ HTTP/1.1" 200 38526
INFO 2025-10-13 21:10:52,424 basehttp 7436 2116 "GET /api/recent-activity/ HTTP/1.1" 200 1017
INFO 2025-10-13 21:10:58,652 basehttp 7436 2116 "GET /api/vehicle-details/H60/ HTTP/1.1" 200 459
INFO 2025-10-13 21:11:17,534 basehttp 7436 2116 "GET / HTTP/1.1" 200 95130
INFO 2025-10-13 21:11:17,625 basehttp 7436 2116 "GET /api/parking-status/ HTTP/1.1" 200 484
INFO 2025-10-13 21:11:17,645 basehttp 7436 19160 "GET /api/parking-data/ HTTP/1.1" 200 38526
INFO 2025-10-13 21:11:17,661 basehttp 7436 21784 "GET /api/recent-activity/ HTTP/1.1" 200 1017
INFO 2025-10-13 21:11:21,181 basehttp 7436 21784 "GET /api/vehicle-details/H60/ HTTP/1.1" 200 459
INFO 2025-10-13 21:11:47,612 basehttp 7436 19160 "GET /api/parking-data/ HTTP/1.1" 200 38526
INFO 2025-10-13 21:11:47,642 basehttp 7436 21784 "GET /api/parking-status/ HTTP/1.1" 200 484
INFO 2025-10-13 21:11:47,656 basehttp 7436 2116 "GET /api/recent-activity/ HTTP/1.1" 200 1017
INFO 2025-10-13 21:12:17,608 basehttp 7436 21784 "GET /api/parking-data/ HTTP/1.1" 200 38526
INFO 2025-10-13 21:12:17,638 basehttp 7436 2116 "GET /api/parking-status/ HTTP/1.1" 200 484
INFO 2025-10-13 21:12:17,655 basehttp 7436 19160 "GET /api/recent-activity/ HTTP/1.1" 200 1017
INFO 2025-10-13 21:12:47,611 basehttp 7436 2116 "GET /api/parking-data/ HTTP/1.1" 200 38526
INFO 2025-10-13 21:12:47,642 basehttp 7436 19160 "GET /api/parking-status/ HTTP/1.1" 200 484
INFO 2025-10-13 21:12:47,652 basehttp 7436 21784 "GET /api/recent-activity/ HTTP/1.1" 200 1017
INFO 2025-10-13 21:13:17,621 basehttp 7436 21784 "GET /api/parking-status/ HTTP/1.1" 200 484
INFO 2025-10-13 21:13:17,631 basehttp 7436 19160 "GET /api/parking-data/ HTTP/1.1" 200 38526
INFO 2025-10-13 21:13:17,658 basehttp 7436 2116 "GET /api/recent-activity/ HTTP/1.1" 200 1017
INFO 2025-10-13 21:13:47,618 basehttp 7436 2116 "GET /api/parking-status/ HTTP/1.1" 200 484
INFO 2025-10-13 21:13:47,628 basehttp 7436 19160 "GET /api/parking-data/ HTTP/1.1" 200 38526
INFO 2025-10-13 21:13:47,649 basehttp 7436 21784 "GET /api/recent-activity/ HTTP/1.1" 200 1017
INFO 2025-10-13 21:14:08,188 basehttp 7436 21784 "GET /api/vehicle-details/H60/ HTTP/1.1" 200 460
INFO 2025-10-13 21:14:17,636 basehttp 7436 2116 "GET /api/recent-activity/ HTTP/1.1" 200 1017
INFO 2025-10-13 21:14:17,656 basehttp 7436 21784 "GET /api/parking-status/ HTTP/1.1" 200 484
INFO 2025-10-13 21:14:17,660 basehttp 7436 19160 "GET /api/parking-data/ HTTP/1.1" 200 38526
INFO 2025-10-13 21:14:48,185 basehttp 7436 21784 "GET /api/parking-data/ HTTP/1.1" 200 38526
INFO 2025-10-13 21:14:48,211 basehttp 7436 19160 "GET /api/parking-status/ HTTP/1.1" 200 484
INFO 2025-10-13 21:14:48,228 basehttp 7436 2116 "GET /api/recent-activity/ HTTP/1.1" 200 1017
INFO 2025-10-13 21:15:23,390 basehttp 7436 19160 "GET /api/parking-data/ HTTP/1.1" 200 38526
INFO 2025-10-13 21:15:23,423 basehttp 7436 2116 "GET /api/parking-status/ HTTP/1.1" 200 484
INFO 2025-10-13 21:15:23,439 basehttp 7436 21784 "GET /api/recent-activity/ HTTP/1.1" 200 1017
INFO 2025-10-13 21:15:48,190 basehttp 7436 2116 "GET /api/parking-data/ HTTP/1.1" 200 38526
INFO 2025-10-13 21:15:48,216 basehttp 7436 21784 "GET /api/parking-status/ HTTP/1.1" 200 484
INFO 2025-10-13 21:15:48,225 basehttp 7436 19160 "GET /api/recent-activity/ HTTP/1.1" 200 1017
INFO 2025-10-13 21:16:18,195 basehttp 7436 19160 "GET /api/parking-status/ HTTP/1.1" 200 484
INFO 2025-10-13 21:16:18,204 basehttp 7436 21784 "GET /api/parking-data/ HTTP/1.1" 200 38526
INFO 2025-10-13 21:16:18,227 basehttp 7436 2116 "GET /api/recent-activity/ HTTP/1.1" 200 1017
INFO 2025-10-13 21:17:35,187 basehttp 7436 21784 "GET /api/parking-data/ HTTP/1.1" 200 38526
INFO 2025-10-13 21:17:35,233 basehttp 7436 2116 "GET /api/parking-status/ HTTP/1.1" 200 484
INFO 2025-10-13 21:17:35,236 basehttp 7436 19160 "GET /api/recent-activity/ HTTP/1.1" 200 1017
INFO 2025-10-13 21:18:35,184 basehttp 7436 2116 "GET /api/parking-data/ HTTP/1.1" 200 38526
INFO 2025-10-13 21:18:35,203 basehttp 7436 21784 "GET /api/recent-activity/ HTTP/1.1" 200 1017
INFO 2025-10-13 21:18:35,225 basehttp 7436 19160 "GET /api/parking-status/ HTTP/1.1" 200 484
INFO 2025-10-13 21:19:35,184 basehttp 7436 21784 "GET /api/parking-data/ HTTP/1.1" 200 38526
INFO 2025-10-13 21:19:35,206 basehttp 7436 19160 "GET /api/parking-status/ HTTP/1.1" 200 484
INFO 2025-10-13 21:19:35,222 basehttp 7436 2116 "GET /api/recent-activity/ HTTP/1.1" 200 1017
INFO 2025-10-13 21:19:41,728 autoreload 2504 18608 Watching for file changes with StatReloader
INFO 2025-10-13 21:19:45,081 basehttp 7436 2116 "GET / HTTP/1.1" 200 95949
INFO 2025-10-13 21:19:45,259 basehttp 7436 2116 "GET /api/parking-status/ HTTP/1.1" 200 484
INFO 2025-10-13 21:19:45,271 basehttp 7436 19160 "GET /api/parking-data/ HTTP/1.1" 200 38526
INFO 2025-10-13 21:19:45,292 basehttp 7436 21784 "GET /api/recent-activity/ HTTP/1.1" 200 1017
INFO 2025-10-13 21:19:47,201 basehttp 7436 21784 "GET /api/vehicle-details/H60/ HTTP/1.1" 200 461
INFO 2025-10-13 21:20:04,614 basehttp 7436 21784 "GET /api/vehicle-details/H60/ HTTP/1.1" 200 461
INFO 2025-10-13 21:20:15,254 basehttp 7436 21784 "GET /api/parking-status/ HTTP/1.1" 200 484
INFO 2025-10-13 21:20:15,268 basehttp 7436 19160 "GET /api/parking-data/ HTTP/1.1" 200 38526
INFO 2025-10-13 21:20:15,287 basehttp 7436 2116 "GET /api/recent-activity/ HTTP/1.1" 200 1017
INFO 2025-10-13 21:20:20,283 autoreload 7436 16508 C:\Users\athar\OneDrive\Desktop\TY - Sem 1\EDI\parking-system\dashboard\parking_app\views.py changed, reloading.
INFO 2025-10-13 21:20:20,958 autoreload 2504 18608 C:\Users\athar\OneDrive\Desktop\TY - Sem 1\EDI\parking-system\dashboard\parking_app\api_urls.py changed, reloading.
INFO 2025-10-13 21:20:20,991 autoreload 13320 3016 Watching for file changes with StatReloader
INFO 2025-10-13 21:20:21,713 autoreload 15148 4988 Watching for file changes with StatReloader
INFO 2025-10-13 21:20:46,221 basehttp 13320 21584 "GET /api/parking-status/ HTTP/1.1" 200 484
INFO 2025-10-13 21:20:46,255 basehttp 13320 17856 "GET /api/recent-activity/ HTTP/1.1" 200 1017
INFO 2025-10-13 21:20:46,267 basehttp 13320 4460 "GET /api/parking-data/ HTTP/1.1" 200 38526
INFO 2025-10-13 21:21:16,202 basehttp 13320 4460 "GET /api/parking-status/ HTTP/1.1" 200 484
INFO 2025-10-13 21:21:16,204 basehttp 13320 17856 "GET /api/parking-data/ HTTP/1.1" 200 38526
INFO 2025-10-13 21:21:16,226 basehttp 13320 21584 "GET /api/recent-activity/ HTTP/1.1" 200 1017
INFO 2025-10-13 21:21:46,180 basehttp 13320 17856 "GET /api/parking-data/ HTTP/1.1" 200 38526
INFO 2025-10-13 21:21:46,206 basehttp 13320 21584 "GET /api/parking-status/ HTTP/1.1" 200 484
INFO 2025-10-13 21:21:46,220 basehttp 13320 4460 "GET /api/recent-activity/ HTTP/1.1" 200 1017
INFO 2025-10-13 21:22:16,185 basehttp 13320 21584 "GET /api/parking-data/ HTTP/1.1" 200 38526
INFO 2025-10-13 21:22:16,224 basehttp 13320 4460 "GET /api/parking-status/ HTTP/1.1" 200 484
INFO 2025-10-13 21:22:16,234 basehttp 13320 17856 "GET /api/recent-activity/ HTTP/1.1" 200 1017
INFO 2025-10-13 21:22:46,201 basehttp 13320 4460 "GET /api/parking-data/ HTTP/1.1" 200 38526
INFO 2025-10-13 21:22:46,250 basehttp 13320 17856 "GET /api/parking-status/ HTTP/1.1" 200 484
INFO 2025-10-13 21:22:46,266 basehttp 13320 21584 "GET /api/recent-activity/ HTTP/1.1" 200 1017
INFO 2025-10-13 21:23:35,193 basehttp 13320 21584 "GET /api/parking-status/ HTTP/1.1" 200 484
INFO 2025-10-13 21:23:35,207 basehttp 13320 4460 "GET /api/recent-activity/ HTTP/1.1" 200 1017
INFO 2025-10-13 21:23:35,216 basehttp 13320 17856 "GET /api/parking-data/ HTTP/1.1" 200 38526
INFO 2025-10-13 21:24:35,191 basehttp 13320 4460 "GET /api/parking-data/ HTTP/1.1" 200 38526
INFO 2025-10-13 21:24:35,216 basehttp 13320 17856 "GET /api/parking-status/ HTTP/1.1" 200 484
INFO 2025-10-13 21:24:35,227 basehttp 13320 21584 "GET /api/recent-activity/ HTTP/1.1" 200 1017
INFO 2025-10-13 21:25:09,069 basehttp 13320 17856 "GET /api/parking-data/ HTTP/1.1" 200 38526
INFO 2025-10-13 21:25:09,102 basehttp 13320 21584 "GET /api/parking-status/ HTTP/1.1" 200 484
INFO 2025-10-13 21:25:09,118 basehttp 13320 4460 "GET /api/recent-activity/ HTTP/1.1" 200 1017
INFO 2025-10-13 21:25:14,289 basehttp 13320 4460 "GET / HTTP/1.1" 200 96098
INFO 2025-10-13 21:25:14,476 basehttp 13320 21584 "GET /api/parking-data/ HTTP/1.1" 200 38526
INFO 2025-10-13 21:25:14,510 basehttp 13320 4460 "GET /api/parking-status/ HTTP/1.1" 200 484
INFO 2025-10-13 21:25:14,526 basehttp 13320 17856 "GET /api/recent-activity/ HTTP/1.1" 200 1017
INFO 2025-10-13 21:25:16,544 basehttp 13320 17856 "GET /api/vehicle-details/H60/ HTTP/1.1" 200 461
INFO 2025-10-13 21:25:45,176 basehttp 13320 4460 "GET /api/parking-data/ HTTP/1.1" 200 38526
INFO 2025-10-13 21:25:45,204 basehttp 13320 17856 "GET /api/parking-status/ HTTP/1.1" 200 484
INFO 2025-10-13 21:25:45,220 basehttp 13320 21584 "GET /api/recent-activity/ HTTP/1.1" 200 1017
INFO 2025-10-13 21:26:02,384 basehttp 13320 21584 "GET / HTTP/1.1" 200 96089
INFO 2025-10-13 21:26:02,450 basehttp 13320 17856 "GET /api/parking-data/ HTTP/1.1" 200 38526
INFO 2025-10-13 21:26:02,492 basehttp 13320 21584 "GET /api/parking-status/ HTTP/1.1" 200 484
INFO 2025-10-13 21:26:02,502 basehttp 13320 4460 "GET /api/recent-activity/ HTTP/1.1" 200 1017
INFO 2025-10-13 21:26:04,694 basehttp 13320 4460 "GET /api/vehicle-details/H60/ HTTP/1.1" 200 461
INFO 2025-10-13 21:26:32,488 basehttp 13320 4460 "GET /api/parking-status/ HTTP/1.1" 200 484
INFO 2025-10-13 21:26:32,514 basehttp 13320 21584 "GET /api/parking-data/ HTTP/1.1" 200 38526
INFO 2025-10-13 21:26:32,530 basehttp 13320 17856 "GET /api/recent-activity/ HTTP/1.1" 200 1017
INFO 2025-10-13 21:26:32,711 basehttp 13320 17856 "GET /api/vehicle-details/H60/ HTTP/1.1" 200 461
INFO 2025-10-13 21:26:40,985 basehttp 13320 17856 "GET /api/vehicle-details/H60/ HTTP/1.1" 200 461
INFO 2025-10-13 21:26:43,870 basehttp 13320 17856 "GET /api/vehicle-details/H60/ HTTP/1.1" 200 461
INFO 2025-10-13 21:26:47,375 basehttp 13320 17856 "GET /api/recent-activity/ HTTP/1.1" 200 1017
INFO 2025-10-13 21:26:49,749 basehttp 13320 17856 "GET / HTTP/1.1" 200 96307
INFO 2025-10-13 21:26:49,828 basehttp 13320 17856 "GET /api/parking-status/ HTTP/1.1" 200 484
INFO 2025-10-13 21:26:49,837 basehttp 13320 21584 "GET /api/parking-data/ HTTP/1.1" 200 38526
INFO 2025-10-13 21:26:49,861 basehttp 13320 4460 "GET /api/recent-activity/ HTTP/1.1" 200 1017
INFO 2025-10-13 21:26:55,039 basehttp 13320 4460 "GET /api/vehicle-details/H60/ HTTP/1.1" 200 461
INFO 2025-10-13 21:26:58,289 basehttp 13320 4460 "GET /api/recent-activity/ HTTP/1.1" 200 1017
INFO 2025-10-13 21:26:59,852 basehttp 13320 4460 "GET /api/vehicle-details/H60/ HTTP/1.1" 200 461
INFO 2025-10-13 21:27:19,836 basehttp 13320 4460 "GET /api/parking-status/ HTTP/1.1" 200 484
INFO 2025-10-13 21:27:19,843 basehttp 13320 21584 "GET /api/parking-data/ HTTP/1.1" 200 38526
INFO 2025-10-13 21:27:19,864 basehttp 13320 17856 "GET /api/recent-activity/ HTTP/1.1" 200 1017
INFO 2025-10-13 21:27:49,828 basehttp 13320 17856 "GET /api/parking-status/ HTTP/1.1" 200 484
INFO 2025-10-13 21:27:49,845 basehttp 13320 4460 "GET /api/recent-activity/ HTTP/1.1" 200 1017
INFO 2025-10-13 21:27:49,855 basehttp 13320 21584 "GET /api/parking-data/ HTTP/1.1" 200 38526
INFO 2025-10-13 21:28:19,802 basehttp 13320 4460 "GET /api/parking-data/ HTTP/1.1" 200 38526
INFO 2025-10-13 21:28:19,836 basehttp 13320 21584 "GET /api/parking-status/ HTTP/1.1" 200 484
INFO 2025-10-13 21:28:19,849 basehttp 13320 17856 "GET /api/recent-activity/ HTTP/1.1" 200 1017
INFO 2025-10-13 21:28:40,980 basehttp 13320 17856 "GET / HTTP/1.1" 200 96966
INFO 2025-10-13 21:28:41,069 basehttp 13320 21584 "GET /api/parking-data/ HTTP/1.1" 200 38526
INFO 2025-10-13 21:28:41,107 basehttp 13320 17856 "GET /api/parking-status/ HTTP/1.1" 200 484
INFO 2025-10-13 21:28:41,127 basehttp 13320 4460 "GET /api/recent-activity/ HTTP/1.1" 200 1017
INFO 2025-10-13 21:28:41,911 basehttp 13320 4460 "GET / HTTP/1.1" 200 96966
INFO 2025-10-13 21:28:42,024 basehttp 13320 4460 "GET /api/parking-status/ HTTP/1.1" 200 484
INFO 2025-10-13 21:28:42,026 basehttp 13320 17856 "GET /api/parking-data/ HTTP/1.1" 200 38526
INFO 2025-10-13 21:28:42,068 basehttp 13320 21584 "GET /api/recent-activity/ HTTP/1.1" 200 1017
INFO 2025-10-13 21:28:44,264 basehttp 13320 21584 "GET /api/vehicle-details/H60/ HTTP/1.1" 200 461
INFO 2025-10-13 21:29:11,980 basehttp 13320 17856 "GET /api/parking-data/ HTTP/1.1" 200 38526
INFO 2025-10-13 21:29:12,006 basehttp 13320 4460 "GET /api/recent-activity/ HTTP/1.1" 200 1017
INFO 2025-10-13 21:29:12,024 basehttp 13320 21584 "GET /api/parking-status/ HTTP/1.1" 200 484
INFO 2025-10-13 21:29:31,809 basehttp 13320 21584 "GET / HTTP/1.1" 200 96966
INFO 2025-10-13 21:29:31,871 basehttp 13320 4460 "GET /api/parking-data/ HTTP/1.1" 200 38526
INFO 2025-10-13 21:29:31,903 basehttp 13320 21584 "GET /api/parking-status/ HTTP/1.1" 200 484
INFO 2025-10-13 21:29:31,914 basehttp 13320 17856 "GET /api/recent-activity/ HTTP/1.1" 200 1017
INFO 2025-10-13 21:30:02,194 basehttp 13320 21584 "GET /api/parking-data/ HTTP/1.1" 200 38526
INFO 2025-10-13 21:30:02,222 basehttp 13320 17856 "GET /api/parking-status/ HTTP/1.1" 200 484
INFO 2025-10-13 21:30:02,238 basehttp 13320 4460 "GET /api/recent-activity/ HTTP/1.1" 200 1017
INFO 2025-10-13 21:30:32,202 basehttp 13320 4460 "GET /api/parking-status/ HTTP/1.1" 200 484
INFO 2025-10-13 21:30:32,214 basehttp 13320 17856 "GET /api/parking-data/ HTTP/1.1" 200 38526
INFO 2025-10-13 21:30:32,236 basehttp 13320 21584 "GET /api/recent-activity/ HTTP/1.1" 200 1017
INFO 2025-10-13 21:30:52,899 basehttp 13320 21584 "GET / HTTP/1.1" 200 97301
INFO 2025-10-13 21:30:52,992 basehttp 13320 17856 "GET /api/parking-data/ HTTP/1.1" 200 38526
INFO 2025-10-13 21:30:53,028 basehttp 13320 21584 "GET /api/parking-status/ HTTP/1.1" 200 484
INFO 2025-10-13 21:30:53,032 basehttp 13320 4460 "GET /api/recent-activity/ HTTP/1.1" 200 1017
INFO 2025-10-13 21:30:53,119 basehttp 13320 4460 "GET / HTTP/1.1" 200 97301
INFO 2025-10-13 21:30:53,202 basehttp 13320 21584 "GET /api/parking-data/ HTTP/1.1" 200 38526
INFO 2025-10-13 21:30:53,240 basehttp 13320 4460 "GET /api/parking-status/ HTTP/1.1" 200 484
INFO 2025-10-13 21:30:53,258 basehttp 13320 17856 "GET /api/recent-activity/ HTTP/1.1" 200 1017
INFO 2025-10-13 21:30:53,284 basehttp 13320 15936 "GET / HTTP/1.1" 200 97301
INFO 2025-10-13 21:30:53,362 basehttp 13320 17856 "GET /api/parking-data/ HTTP/1.1" 200 38526
INFO 2025-10-13 21:30:53,390 basehttp 13320 4460 "GET /api/recent-activity/ HTTP/1.1" 200 1017
INFO 2025-10-13 21:30:53,407 basehttp 13320 15936 "GET /api/parking-status/ HTTP/1.1" 200 484
INFO 2025-10-13 21:30:54,833 basehttp 13320 15936 "GET /api/vehicle-details/H60/ HTTP/1.1" 200 461
INFO 2025-10-13 21:31:24,188 basehttp 13320 22260 "GET /api/parking-status/ HTTP/1.1" 200 484
INFO 2025-10-13 21:31:24,222 basehttp 13320 18148 "GET /api/parking-data/ HTTP/1.1" 200 38526
INFO 2025-10-13 21:31:24,269 basehttp 13320 1964 "GET /api/recent-activity/ HTTP/1.1" 200 1017
INFO 2025-10-13 21:31:54,184 basehttp 13320 18148 "GET /api/parking-data/ HTTP/1.1" 200 38526
INFO 2025-10-13 21:31:54,208 basehttp 13320 1964 "GET /api/parking-status/ HTTP/1.1" 200 484
INFO 2025-10-13 21:31:54,215 basehttp 13320 22260 "GET /api/recent-activity/ HTTP/1.1" 200 1017
INFO 2025-10-13 21:32:24,184 basehttp 13320 1964 "GET /api/parking-data/ HTTP/1.1" 200 38526
INFO 2025-10-13 21:32:24,206 basehttp 13320 22260 "GET /api/parking-status/ HTTP/1.1" 200 484
INFO 2025-10-13 21:32:24,220 basehttp 13320 18148 "GET /api/recent-activity/ HTTP/1.1" 200 1017
INFO 2025-10-13 21:32:54,195 basehttp 13320 22260 "GET /api/parking-data/ HTTP/1.1" 200 38526
INFO 2025-10-13 21:32:54,218 basehttp 13320 18148 "GET /api/parking-status/ HTTP/1.1" 200 484
INFO 2025-10-13 21:32:54,230 basehttp 13320 1964 "GET /api/recent-activity/ HTTP/1.1" 200 1017
INFO 2025-10-13 21:33:24,193 basehttp 13320 1964 "GET /api/parking-status/ HTTP/1.1" 200 484
INFO 2025-10-13 21:33:24,206 basehttp 13320 18148 "GET /api/parking-data/ HTTP/1.1" 200 38526
INFO 2025-10-13 21:33:24,226 basehttp 13320 22260 "GET /api/recent-activity/ HTTP/1.1" 200 1017
INFO 2025-10-13 21:33:53,360 basehttp 13320 18148 "GET /api/parking-data/ HTTP/1.1" 200 38526
INFO 2025-10-13 21:33:53,399 basehttp 13320 22260 "GET /api/parking-status/ HTTP/1.1" 200 484
INFO 2025-10-13 21:33:53,412 basehttp 13320 1964 "GET /api/recent-activity/ HTTP/1.1" 200 1017
INFO 2025-10-13 21:33:54,775 basehttp 13320 1964 "GET / HTTP/1.1" 200 98768
INFO 2025-10-13 21:33:54,877 basehttp 13320 1964 "GET /api/parking-status/ HTTP/1.1" 200 484
INFO 2025-10-13 21:33:54,904 basehttp 13320 22260 "GET /api/parking-data/ HTTP/1.1" 200 38526
INFO 2025-10-13 21:33:54,922 basehttp 13320 18148 "GET /api/recent-activity/ HTTP/1.1" 200 1017
INFO 2025-10-13 21:33:54,967 basehttp 13320 22260 "GET / HTTP/1.1" 200 98768
INFO 2025-10-13 21:33:55,064 basehttp 13320 18148 "GET /api/parking-data/ HTTP/1.1" 200 38526
INFO 2025-10-13 21:33:55,093 basehttp 13320 22260 "GET /api/parking-status/ HTTP/1.1" 200 484
INFO 2025-10-13 21:33:55,105 basehttp 13320 1964 "GET /api/recent-activity/ HTTP/1.1" 200 1017
INFO 2025-10-13 21:33:55,165 basehttp 13320 1964 "GET / HTTP/1.1" 200 98768
INFO 2025-10-13 21:33:55,228 basehttp 13320 1964 "GET /api/parking-status/ HTTP/1.1" 200 484
INFO 2025-10-13 21:33:55,241 basehttp 13320 22260 "GET /api/parking-data/ HTTP/1.1" 200 38526
INFO 2025-10-13 21:33:55,264 basehttp 13320 18148 "GET /api/recent-activity/ HTTP/1.1" 200 1017
INFO 2025-10-13 21:33:55,343 basehttp 13320 18148 "GET / HTTP/1.1" 200 98768
INFO 2025-10-13 21:33:55,422 basehttp 13320 22260 "GET /api/parking-data/ HTTP/1.1" 200 38526
INFO 2025-10-13 21:33:55,446 basehttp 13320 18148 "GET /api/parking-status/ HTTP/1.1" 200 484
INFO 2025-10-13 21:33:55,460 basehttp 13320 1964 "GET /api/recent-activity/ HTTP/1.1" 200 1017
INFO 2025-10-13 21:33:57,009 basehttp 13320 1964 "GET /api/vehicle-details/H60/ HTTP/1.1" 200 461
INFO 2025-10-13 21:34:26,186 basehttp 13320 18148 "GET /api/parking-data/ HTTP/1.1" 200 38526
INFO 2025-10-13 21:34:26,210 basehttp 13320 1964 "GET /api/parking-status/ HTTP/1.1" 200 484
INFO 2025-10-13 21:34:26,221 basehttp 13320 22260 "GET /api/recent-activity/ HTTP/1.1" 200 1017
INFO 2025-10-13 21:34:56,184 basehttp 13320 1964 "GET /api/parking-data/ HTTP/1.1" 200 38526
INFO 2025-10-13 21:34:56,207 basehttp 13320 22260 "GET /api/parking-status/ HTTP/1.1" 200 484
INFO 2025-10-13 21:34:56,220 basehttp 13320 18148 "GET /api/recent-activity/ HTTP/1.1" 200 1017
INFO 2025-10-13 21:35:26,189 basehttp 13320 18148 "GET /api/parking-status/ HTTP/1.1" 200 484
INFO 2025-10-13 21:35:26,197 basehttp 13320 22260 "GET /api/parking-data/ HTTP/1.1" 200 38526
INFO 2025-10-13 21:35:26,217 basehttp 13320 1964 "GET /api/recent-activity/ HTTP/1.1" 200 1017
INFO 2025-10-13 21:35:56,190 basehttp 13320 1964 "GET /api/parking-status/ HTTP/1.1" 200 484
INFO 2025-10-13 21:35:56,197 basehttp 13320 22260 "GET /api/parking-data/ HTTP/1.1" 200 38526
INFO 2025-10-13 21:35:56,219 basehttp 13320 18148 "GET /api/recent-activity/ HTTP/1.1" 200 1017
INFO 2025-10-13 21:36:26,188 basehttp 13320 22260 "GET /api/parking-data/ HTTP/1.1" 200 38526
INFO 2025-10-13 21:36:26,212 basehttp 13320 18148 "GET /api/parking-status/ HTTP/1.1" 200 484
INFO 2025-10-13 21:36:26,219 basehttp 13320 1964 "GET /api/recent-activity/ HTTP/1.1" 200 1017
INFO 2025-10-13 21:36:56,202 basehttp 13320 18148 "GET /api/parking-data/ HTTP/1.1" 200 38526
INFO 2025-10-13 21:36:56,223 basehttp 13320 1964 "GET /api/parking-status/ HTTP/1.1" 200 484
INFO 2025-10-13 21:36:56,233 basehttp 13320 22260 "GET /api/recent-activity/ HTTP/1.1" 200 1017
INFO 2025-10-13 21:37:35,192 basehttp 13320 22260 "GET /api/parking-status/ HTTP/1.1" 200 484
INFO 2025-10-13 21:37:35,209 basehttp 13320 18148 "GET /api/recent-activity/ HTTP/1.1" 200 1017
INFO 2025-10-13 21:37:35,219 basehttp 13320 1964 "GET /api/parking-data/ HTTP/1.1" 200 38526
INFO 2025-10-13 21:38:10,281 basehttp 13320 18148 "GET /api/parking-data/ HTTP/1.1" 200 38526
INFO 2025-10-13 21:38:10,313 basehttp 13320 1964 "GET /api/parking-status/ HTTP/1.1" 200 484
INFO 2025-10-13 21:38:10,332 basehttp 13320 22260 "GET /api/recent-activity/ HTTP/1.1" 200 1017
INFO 2025-10-13 21:38:12,451 basehttp 13320 22260 "GET / HTTP/1.1" 200 98768
INFO 2025-10-13 21:38:12,566 basehttp 13320 1964 "GET /api/parking-data/ HTTP/1.1" 200 38526
INFO 2025-10-13 21:38:12,616 basehttp 13320 18148 "GET /api/recent-activity/ HTTP/1.1" 200 1017
INFO 2025-10-13 21:38:12,624 basehttp 13320 22260 "GET /api/parking-status/ HTTP/1.1" 200 484
INFO 2025-10-13 21:38:12,637 basehttp 13320 14868 "GET / HTTP/1.1" 200 98768
INFO 2025-10-13 21:38:12,715 basehttp 13320 14868 "GET /api/parking-status/ HTTP/1.1" 200 484
INFO 2025-10-13 21:38:12,725 basehttp 13320 22260 "GET /api/parking-data/ HTTP/1.1" 200 38526
INFO 2025-10-13 21:38:12,747 basehttp 13320 18148 "GET /api/recent-activity/ HTTP/1.1" 200 1017
INFO 2025-10-13 21:38:12,909 basehttp 13320 18148 "GET / HTTP/1.1" 200 98768
INFO 2025-10-13 21:38:12,975 basehttp 13320 18148 "GET /api/parking-status/ HTTP/1.1" 200 484
INFO 2025-10-13 21:38:12,996 basehttp 13320 14868 "GET /api/recent-activity/ HTTP/1.1" 200 1017
INFO 2025-10-13 21:38:13,004 basehttp 13320 22260 "GET /api/parking-data/ HTTP/1.1" 200 38526
INFO 2025-10-13 21:38:13,064 basehttp 13320 22260 "GET / HTTP/1.1" 200 98768
INFO 2025-10-13 21:38:13,134 basehttp 13320 14868 "GET /api/parking-data/ HTTP/1.1" 200 38526
INFO 2025-10-13 21:38:13,189 basehttp 13320 22260 "GET /api/parking-status/ HTTP/1.1" 200 484
INFO 2025-10-13 21:38:13,200 basehttp 13320 18148 "GET /api/recent-activity/ HTTP/1.1" 200 1017
INFO 2025-10-13 21:38:14,533 basehttp 13320 18148 "GET /api/vehicle-details/H60/ HTTP/1.1" 200 461
INFO 2025-10-13 21:38:24,783 basehttp 13320 18148 "GET /api/vehicle-details/H60/ HTTP/1.1" 200 461
INFO 2025-10-13 21:38:28,132 basehttp 13320 18148 "GET /api/vehicle-details/H60/ HTTP/1.1" 200 461
INFO 2025-10-13 21:38:43,191 basehttp 13320 22260 "GET /api/parking-data/ HTTP/1.1" 200 38526
INFO 2025-10-13 21:38:43,213 basehttp 13320 18148 "GET /api/parking-status/ HTTP/1.1" 200 484
INFO 2025-10-13 21:38:43,225 basehttp 13320 14868 "GET /api/recent-activity/ HTTP/1.1" 200 1017
INFO 2025-10-13 21:39:13,191 basehttp 13320 18148 "GET /api/parking-data/ HTTP/1.1" 200 38526
INFO 2025-10-13 21:39:13,216 basehttp 13320 14868 "GET /api/parking-status/ HTTP/1.1" 200 484
INFO 2025-10-13 21:39:13,229 basehttp 13320 22260 "GET /api/recent-activity/ HTTP/1.1" 200 1017
INFO 2025-10-13 21:40:23,797 autoreload 11252 23696 Watching for file changes with StatReloader
INFO 2025-10-13 21:40:25,314 basehttp 11252 12308 "GET / HTTP/1.1" 200 97440
INFO 2025-10-13 21:40:25,397 basehttp 11252 12308 "GET /api/parking-status/ HTTP/1.1" 200 484
INFO 2025-10-13 21:40:25,445 basehttp 11252 22524 "GET /api/recent-activity/ HTTP/1.1" 200 1017
INFO 2025-10-13 21:40:25,467 basehttp 11252 23452 "GET /api/parking-data/ HTTP/1.1" 200 38526
INFO 2025-10-13 21:40:25,671 basehttp 11252 23452 "GET / HTTP/1.1" 200 97440
INFO 2025-10-13 21:40:25,747 basehttp 11252 23452 "GET /api/parking-status/ HTTP/1.1" 200 484
INFO 2025-10-13 21:40:25,768 basehttp 11252 12308 "GET /api/recent-activity/ HTTP/1.1" 200 1017
INFO 2025-10-13 21:40:25,776 basehttp 11252 22524 "GET /api/parking-data/ HTTP/1.1" 200 38526
INFO 2025-10-13 21:40:28,048 basehttp 11252 22524 "GET /api/vehicle-details/H60/ HTTP/1.1" 200 461
INFO 2025-10-13 21:40:34,775 basehttp 11252 22524 "GET /api/vehicle-details/H60/ HTTP/1.1" 200 461
INFO 2025-10-13 21:40:56,181 basehttp 11252 12308 "GET /api/parking-data/ HTTP/1.1" 200 38526
INFO 2025-10-13 21:40:56,199 basehttp 11252 22524 "GET /api/parking-status/ HTTP/1.1" 200 484
INFO 2025-10-13 21:40:56,219 basehttp 11252 23452 "GET /api/recent-activity/ HTTP/1.1" 200 1017
INFO 2025-10-13 21:41:26,183 basehttp 11252 22524 "GET /api/parking-data/ HTTP/1.1" 200 38526
INFO 2025-10-13 21:41:26,212 basehttp 11252 23452 "GET /api/parking-status/ HTTP/1.1" 200 484
INFO 2025-10-13 21:41:26,228 basehttp 11252 12308 "GET /api/recent-activity/ HTTP/1.1" 200 1017
INFO 2025-10-13 21:41:56,195 basehttp 11252 12308 "GET /api/parking-status/ HTTP/1.1" 200 484
INFO 2025-10-13 21:41:56,207 basehttp 11252 22524 "GET /api/recent-activity/ HTTP/1.1" 200 1017
INFO 2025-10-13 21:41:56,219 basehttp 11252 23452 "GET /api/parking-data/ HTTP/1.1" 200 38526
INFO 2025-10-13 21:42:26,205 basehttp 11252 23452 "GET /api/parking-status/ HTTP/1.1" 200 484
INFO 2025-10-13 21:42:26,217 basehttp 11252 22524 "GET /api/parking-data/ HTTP/1.1" 200 38526
INFO 2025-10-13 21:42:26,234 basehttp 11252 12308 "GET /api/recent-activity/ HTTP/1.1" 200 1017
INFO 2025-10-13 21:42:56,198 basehttp 11252 22524 "GET /api/parking-data/ HTTP/1.1" 200 38526
INFO 2025-10-13 21:42:56,220 basehttp 11252 23452 "GET /api/recent-activity/ HTTP/1.1" 200 1017
INFO 2025-10-13 21:42:56,234 basehttp 11252 12308 "GET /api/parking-status/ HTTP/1.1" 200 484
INFO 2025-10-13 21:43:26,185 basehttp 11252 23452 "GET /api/parking-data/ HTTP/1.1" 200 38526
INFO 2025-10-13 21:43:26,213 basehttp 11252 12308 "GET /api/parking-status/ HTTP/1.1" 200 484
INFO 2025-10-13 21:43:26,224 basehttp 11252 22524 "GET /api/recent-activity/ HTTP/1.1" 200 1017
INFO 2025-10-13 21:44:13,648 basehttp 11252 12308 "GET /api/parking-data/ HTTP/1.1" 200 38526
INFO 2025-10-13 21:44:13,681 basehttp 11252 22524 "GET /api/parking-status/ HTTP/1.1" 200 484
INFO 2025-10-13 21:44:13,693 basehttp 11252 23452 "GET /api/recent-activity/ HTTP/1.1" 200 1017
INFO 2025-10-13 21:44:18,859 basehttp 11252 23452 "GET / HTTP/1.1" 200 98316
INFO 2025-10-13 21:44:18,955 basehttp 11252 23452 "GET / HTTP/1.1" 200 98316
INFO 2025-10-13 21:44:19,058 basehttp 11252 12308 "GET /api/recent-activity/ HTTP/1.1" 200 1017
INFO 2025-10-13 21:44:19,082 basehttp 11252 23452 "GET /api/parking-status/ HTTP/1.1" 200 484
INFO 2025-10-13 21:44:19,091 basehttp 11252 22524 "GET /api/parking-data/ HTTP/1.1" 200 38526
INFO 2025-10-13 21:44:19,166 basehttp 11252 22524 "GET / HTTP/1.1" 200 98316
INFO 2025-10-13 21:44:19,245 basehttp 11252 22524 "GET /api/parking-status/ HTTP/1.1" 200 484
INFO 2025-10-13 21:44:19,258 basehttp 11252 23452 "GET /api/parking-data/ HTTP/1.1" 200 38526
INFO 2025-10-13 21:44:19,280 basehttp 11252 12308 "GET /api/recent-activity/ HTTP/1.1" 200 1017
INFO 2025-10-13 21:44:21,325 basehttp 11252 12308 "GET /api/vehicle-details/H60/ HTTP/1.1" 200 461
INFO 2025-10-13 21:44:40,030 basehttp 11252 12308 "GET / HTTP/1.1" 200 98316
INFO 2025-10-13 21:44:40,096 basehttp 11252 12308 "GET /api/parking-status/ HTTP/1.1" 200 484
INFO 2025-10-13 21:44:40,106 basehttp 11252 23452 "GET /api/parking-data/ HTTP/1.1" 200 38526
INFO 2025-10-13 21:44:40,137 basehttp 11252 22524 "GET /api/recent-activity/ HTTP/1.1" 200 1017
INFO 2025-10-13 21:44:43,073 basehttp 11252 22524 "GET /api/vehicle-details/H60/ HTTP/1.1" 200 461
INFO 2025-10-13 21:44:45,845 basehttp 11252 22524 "GET / HTTP/1.1" 200 97440
INFO 2025-10-13 21:44:45,906 basehttp 11252 23452 "GET /api/parking-data/ HTTP/1.1" 200 38526
INFO 2025-10-13 21:44:45,934 basehttp 11252 22524 "GET /api/parking-status/ HTTP/1.1" 200 484
INFO 2025-10-13 21:44:45,947 basehttp 11252 12308 "GET /api/recent-activity/ HTTP/1.1" 200 1017
INFO 2025-10-13 21:44:47,403 basehttp 11252 12308 "GET /api/vehicle-details/H60/ HTTP/1.1" 200 461
INFO 2025-10-13 21:45:13,386 basehttp 11252 12308 "GET /api/vehicle-details/H60/ HTTP/1.1" 200 461
INFO 2025-10-13 21:45:15,919 basehttp 11252 12308 "GET /api/parking-status/ HTTP/1.1" 200 484
INFO 2025-10-13 21:45:15,931 basehttp 11252 22524 "GET /api/parking-data/ HTTP/1.1" 200 38526
INFO 2025-10-13 21:45:15,953 basehttp 11252 23452 "GET /api/recent-activity/ HTTP/1.1" 200 1017
INFO 2025-10-13 21:46:21,360 autoreload 18776 3060 Watching for file changes with StatReloader
INFO 2025-10-13 21:46:25,055 basehttp 18776 18904 "GET / HTTP/1.1" 200 97668
INFO 2025-10-13 21:46:25,157 basehttp 18776 18904 "GET /api/parking-status/ HTTP/1.1" 200 484
INFO 2025-10-13 21:46:25,183 basehttp 18776 2036 "GET /api/parking-data/ HTTP/1.1" 200 38526
INFO 2025-10-13 21:46:25,214 basehttp 18776 19464 "GET /api/recent-activity/ HTTP/1.1" 200 1017
INFO 2025-10-13 21:46:26,733 basehttp 18776 19464 "GET /api/vehicle-details/H60/ HTTP/1.1" 200 461
INFO 2025-10-13 21:46:35,061 basehttp 18776 19464 "GET /realtime/ HTTP/1.1" 200 51717
INFO 2025-10-13 21:46:35,141 basehttp 18776 19464 "GET /api/realtime-monitoring/ HTTP/1.1" 200 1920
INFO 2025-10-13 21:46:37,412 basehttp 18776 19464 "GET /analytics/ HTTP/1.1" 200 55308
INFO 2025-10-13 21:46:37,561 basehttp 18776 19464 "GET /api/analytics-data/?range=today HTTP/1.1" 200 2794
INFO 2025-10-13 21:47:01,391 basehttp 18776 19464 "GET /driver/dashboard/ HTTP/1.1" 200 40800
INFO 2025-10-13 21:47:04,088 basehttp 18776 19464 "GET / HTTP/1.1" 200 97668
INFO 2025-10-13 21:47:04,155 basehttp 18776 2036 "GET /api/parking-data/ HTTP/1.1" 200 38526
INFO 2025-10-13 21:47:04,179 basehttp 18776 19464 "GET /api/parking-status/ HTTP/1.1" 200 484
INFO 2025-10-13 21:47:04,202 basehttp 18776 18904 "GET /api/recent-activity/ HTTP/1.1" 200 1017
INFO 2025-10-13 21:47:06,171 basehttp 18776 18904 "GET /api/vehicle-details/H60/ HTTP/1.1" 200 461
INFO 2025-10-13 21:47:08,678 basehttp 18776 18904 "POST /api/update-slot/ HTTP/1.1" 200 185
INFO 2025-10-13 21:47:08,727 basehttp 18776 18904 "GET /api/parking-status/ HTTP/1.1" 200 482
INFO 2025-10-13 21:47:08,734 basehttp 18776 19464 "GET /api/parking-data/ HTTP/1.1" 200 38329
INFO 2025-10-13 21:47:13,664 basehttp 18776 19464 "GET / HTTP/1.1" 200 97665
INFO 2025-10-13 21:47:13,721 basehttp 18776 18904 "GET /api/parking-data/ HTTP/1.1" 200 38329
INFO 2025-10-13 21:47:13,751 basehttp 18776 19464 "GET /api/parking-status/ HTTP/1.1" 200 482
INFO 2025-10-13 21:47:13,764 basehttp 18776 2036 "GET /api/recent-activity/ HTTP/1.1" 200 1007
INFO 2025-10-13 21:47:37,756 basehttp 18776 2036 "GET /api/recent-activity/ HTTP/1.1" 200 1007
INFO 2025-10-13 21:47:39,015 basehttp 18776 2036 "GET /api/recent-activity/ HTTP/1.1" 200 1007
INFO 2025-10-13 21:47:44,201 basehttp 18776 2036 "GET /api/parking-status/ HTTP/1.1" 200 482
INFO 2025-10-13 21:47:44,206 basehttp 18776 19464 "GET /api/parking-data/ HTTP/1.1" 200 38329
INFO 2025-10-13 21:47:44,228 basehttp 18776 18904 "GET /api/recent-activity/ HTTP/1.1" 200 1007
INFO 2025-10-13 21:48:14,204 basehttp 18776 18904 "GET /api/parking-status/ HTTP/1.1" 200 482
INFO 2025-10-13 21:48:14,223 basehttp 18776 2036 "GET /api/recent-activity/ HTTP/1.1" 200 1006
INFO 2025-10-13 21:48:14,231 basehttp 18776 19464 "GET /api/parking-data/ HTTP/1.1" 200 38329
INFO 2025-10-13 21:48:44,185 basehttp 18776 19464 "GET /api/parking-status/ HTTP/1.1" 200 482
INFO 2025-10-13 21:48:44,199 basehttp 18776 2036 "GET /api/parking-data/ HTTP/1.1" 200 38329
INFO 2025-10-13 21:48:44,220 basehttp 18776 18904 "GET /api/recent-activity/ HTTP/1.1" 200 1006
INFO 2025-10-13 21:49:14,204 basehttp 18776 18904 "GET /api/parking-status/ HTTP/1.1" 200 482
INFO 2025-10-13 21:49:14,210 basehttp 18776 2036 "GET /api/parking-data/ HTTP/1.1" 200 38329
INFO 2025-10-13 21:49:14,229 basehttp 18776 19464 "GET /api/recent-activity/ HTTP/1.1" 200 1007
INFO 2025-10-13 21:49:35,191 autoreload 18912 17936 Watching for file changes with StatReloader
INFO 2025-10-13 21:49:37,158 basehttp 18912 18172 "GET / HTTP/1.1" 200 97632
INFO 2025-10-13 21:49:37,602 basehttp 18912 18172 "GET /api/parking-status/ HTTP/1.1" 200 482
INFO 2025-10-13 21:49:37,646 basehttp 18912 17780 "GET /api/parking-data/ HTTP/1.1" 200 38329
INFO 2025-10-13 21:49:37,684 basehttp 18912 4060 "GET /api/recent-activity/ HTTP/1.1" 200 1007
INFO 2025-10-13 21:49:41,105 basehttp 18912 19564 "GET / HTTP/1.1" 200 97632
INFO 2025-10-13 21:49:41,197 basehttp 18912 19564 "GET /api/parking-status/ HTTP/1.1" 200 482
INFO 2025-10-13 21:49:41,221 basehttp 18912 19112 "GET /api/parking-data/ HTTP/1.1" 200 38329
INFO 2025-10-13 21:49:41,244 basehttp 18912 18440 "GET /api/recent-activity/ HTTP/1.1" 200 1007
INFO 2025-10-13 21:49:55,507 basehttp 18912 18440 "GET /api/vehicle-details/H60/ HTTP/1.1" 200 92
INFO 2025-10-13 21:50:11,194 basehttp 18912 18440 "GET /api/parking-status/ HTTP/1.1" 200 482
INFO 2025-10-13 21:50:11,201 basehttp 18912 19112 "GET /api/parking-data/ HTTP/1.1" 200 38329
INFO 2025-10-13 21:50:11,222 basehttp 18912 19564 "GET /api/recent-activity/ HTTP/1.1" 200 1007
INFO 2025-10-13 21:50:30,439 basehttp 18912 19564 "GET /realtime/ HTTP/1.1" 200 51716
INFO 2025-10-13 21:50:30,546 basehttp 18912 19564 "GET /api/realtime-monitoring/ HTTP/1.1" 200 1543
INFO 2025-10-13 21:50:30,868 basehttp 18912 19564 "GET / HTTP/1.1" 200 97632
INFO 2025-10-13 21:50:30,937 basehttp 18912 19564 "GET /api/parking-status/ HTTP/1.1" 200 482
INFO 2025-10-13 21:50:30,948 basehttp 18912 19112 "GET /api/parking-data/ HTTP/1.1" 200 38329
INFO 2025-10-13 21:50:30,986 basehttp 18912 18440 "GET /api/recent-activity/ HTTP/1.1" 200 1007
INFO 2025-10-13 21:50:32,862 basehttp 18912 18440 "GET /realtime/ HTTP/1.1" 200 51716
INFO 2025-10-13 21:50:32,937 basehttp 18912 18440 "GET /api/realtime-monitoring/ HTTP/1.1" 200 1543
INFO 2025-10-13 21:50:35,437 basehttp 18912 18440 "GET /analytics/ HTTP/1.1" 200 55307
INFO 2025-10-13 21:50:35,589 basehttp 18912 18440 "GET /api/analytics-data/?range=today HTTP/1.1" 200 2797
INFO 2025-10-13 21:50:42,711 basehttp 18912 18440 "GET / HTTP/1.1" 200 97632
INFO 2025-10-13 21:50:42,773 basehttp 18912 19112 "GET /api/parking-data/ HTTP/1.1" 200 38329
INFO 2025-10-13 21:50:42,804 basehttp 18912 18440 "GET /api/parking-status/ HTTP/1.1" 200 482
INFO 2025-10-13 21:50:42,814 basehttp 18912 19564 "GET /api/recent-activity/ HTTP/1.1" 200 1007
INFO 2025-10-13 21:51:13,180 basehttp 18912 19112 "GET /api/recent-activity/ HTTP/1.1" 200 1007
INFO 2025-10-13 21:51:13,205 basehttp 18912 19564 "GET /api/parking-status/ HTTP/1.1" 200 482
INFO 2025-10-13 21:51:13,211 basehttp 18912 18440 "GET /api/parking-data/ HTTP/1.1" 200 38329
INFO 2025-10-13 21:51:43,188 basehttp 18912 19564 "GET /api/parking-data/ HTTP/1.1" 200 38329
INFO 2025-10-13 21:51:43,220 basehttp 18912 19112 "GET /api/recent-activity/ HTTP/1.1" 200 1007
INFO 2025-10-13 21:51:43,235 basehttp 18912 18440 "GET /api/parking-status/ HTTP/1.1" 200 482
INFO 2025-10-13 21:52:13,201 basehttp 18912 18440 "GET /api/parking-status/ HTTP/1.1" 200 482
INFO 2025-10-13 21:52:13,201 basehttp 18912 19112 "GET /api/parking-data/ HTTP/1.1" 200 38329
INFO 2025-10-13 21:52:13,219 basehttp 18912 19564 "GET /api/recent-activity/ HTTP/1.1" 200 1007
INFO 2025-10-13 21:52:43,179 basehttp 18912 18440 "GET /api/parking-data/ HTTP/1.1" 200 38329
INFO 2025-10-13 21:52:43,209 basehttp 18912 19564 "GET /api/parking-status/ HTTP/1.1" 200 482
INFO 2025-10-13 21:52:43,222 basehttp 18912 19112 "GET /api/recent-activity/ HTTP/1.1" 200 1007
INFO 2025-10-13 21:53:01,220 basehttp 18912 19112 "GET / HTTP/1.1" 200 99220
INFO 2025-10-13 21:53:01,329 basehttp 18912 19564 "GET /api/parking-data/ HTTP/1.1" 200 38329
INFO 2025-10-13 21:53:01,353 basehttp 18912 19112 "GET /api/parking-status/ HTTP/1.1" 200 482
INFO 2025-10-13 21:53:01,362 basehttp 18912 18440 "GET /api/recent-activity/ HTTP/1.1" 200 1007
INFO 2025-10-13 21:53:01,995 basehttp 18912 18440 "GET / HTTP/1.1" 200 99220
INFO 2025-10-13 21:53:02,066 basehttp 18912 19112 "GET /api/parking-data/ HTTP/1.1" 200 38329
INFO 2025-10-13 21:53:02,100 basehttp 18912 18440 "GET /api/parking-status/ HTTP/1.1" 200 482
INFO 2025-10-13 21:53:02,114 basehttp 18912 19564 "GET /api/recent-activity/ HTTP/1.1" 200 1007
INFO 2025-10-13 21:53:27,334 basehttp 18912 19564 "GET /api/vehicle-details/H60/ HTTP/1.1" 200 92
INFO 2025-10-13 21:53:32,067 basehttp 18912 18440 "GET /api/parking-data/ HTTP/1.1" 200 38329
INFO 2025-10-13 21:53:32,094 basehttp 18912 19564 "GET /api/parking-status/ HTTP/1.1" 200 482
INFO 2025-10-13 21:53:32,115 basehttp 18912 19112 "GET /api/recent-activity/ HTTP/1.1" 200 1007
INFO 2025-10-13 21:54:02,190 basehttp 18912 19112 "GET /api/parking-status/ HTTP/1.1" 200 482
INFO 2025-10-13 21:54:02,199 basehttp 18912 19564 "GET /api/parking-data/ HTTP/1.1" 200 38329
INFO 2025-10-13 21:54:02,218 basehttp 18912 18440 "GET /api/recent-activity/ HTTP/1.1" 200 1007
INFO 2025-10-13 21:54:32,180 basehttp 18912 19564 "GET /api/parking-data/ HTTP/1.1" 200 38329
INFO 2025-10-13 21:54:32,220 basehttp 18912 19112 "GET /api/recent-activity/ HTTP/1.1" 200 1007
INFO 2025-10-13 21:54:32,220 basehttp 18912 18440 "GET /api/parking-status/ HTTP/1.1" 200 482
INFO 2025-10-13 21:55:02,186 basehttp 18912 19112 "GET /api/parking-data/ HTTP/1.1" 200 38329
INFO 2025-10-13 21:55:02,207 basehttp 18912 18440 "GET /api/parking-status/ HTTP/1.1" 200 482
INFO 2025-10-13 21:55:02,225 basehttp 18912 19564 "GET /api/recent-activity/ HTTP/1.1" 200 1007
INFO 2025-10-13 21:55:32,196 basehttp 18912 19564 "GET /api/parking-status/ HTTP/1.1" 200 482
INFO 2025-10-13 21:55:32,203 basehttp 18912 18440 "GET /api/parking-data/ HTTP/1.1" 200 38329
INFO 2025-10-13 21:55:32,219 basehttp 18912 19112 "GET /api/recent-activity/ HTTP/1.1" 200 1007
INFO 2025-10-13 21:55:52,776 basehttp 18912 19112 "GET / HTTP/1.1" 200 103094
INFO 2025-10-13 21:55:52,883 basehttp 18912 19112 "GET /api/parking-status/ HTTP/1.1" 200 482
INFO 2025-10-13 21:55:52,892 basehttp 18912 18440 "GET /api/parking-data/ HTTP/1.1" 200 38329
INFO 2025-10-13 21:55:52,914 basehttp 18912 19564 "GET /api/recent-activity/ HTTP/1.1" 200 1007
INFO 2025-10-13 21:55:55,602 basehttp 18912 19564 "GET /api/vehicle-details/H60/ HTTP/1.1" 200 92
INFO 2025-10-13 21:56:23,195 basehttp 18912 18440 "GET /api/parking-data/ HTTP/1.1" 200 38329
INFO 2025-10-13 21:56:23,229 basehttp 18912 19112 "GET /api/recent-activity/ HTTP/1.1" 200 1007
INFO 2025-10-13 21:56:23,243 basehttp 18912 19564 "GET /api/parking-status/ HTTP/1.1" 200 482
INFO 2025-10-13 21:56:53,179 basehttp 18912 19112 "GET /api/parking-data/ HTTP/1.1" 200 38329
INFO 2025-10-13 21:56:53,201 basehttp 18912 19564 "GET /api/parking-status/ HTTP/1.1" 200 482
INFO 2025-10-13 21:56:53,217 basehttp 18912 18440 "GET /api/recent-activity/ HTTP/1.1" 200 1007
INFO 2025-10-13 21:57:15,281 basehttp 18912 18440 "GET / HTTP/1.1" 200 103233
INFO 2025-10-13 21:57:15,364 basehttp 18912 18440 "GET /api/parking-status/ HTTP/1.1" 200 482
INFO 2025-10-13 21:57:15,367 basehttp 18912 19564 "GET /api/parking-data/ HTTP/1.1" 200 38329
INFO 2025-10-13 21:57:15,393 basehttp 18912 19112 "GET /api/recent-activity/ HTTP/1.1" 200 1008
INFO 2025-10-13 21:57:15,530 basehttp 18912 19112 "GET / HTTP/1.1" 200 103233
INFO 2025-10-13 21:57:15,615 basehttp 18912 18440 "GET /api/recent-activity/ HTTP/1.1" 200 1008
INFO 2025-10-13 21:57:15,639 basehttp 18912 19112 "GET /api/parking-status/ HTTP/1.1" 200 482
INFO 2025-10-13 21:57:15,645 basehttp 18912 19564 "GET /api/parking-data/ HTTP/1.1" 200 38329
INFO 2025-10-13 21:57:15,796 basehttp 18912 19564 "GET / HTTP/1.1" 200 103233
INFO 2025-10-13 21:57:15,886 basehttp 18912 19564 "GET /api/parking-status/ HTTP/1.1" 200 482
INFO 2025-10-13 21:57:15,896 basehttp 18912 19112 "GET /api/parking-data/ HTTP/1.1" 200 38329
INFO 2025-10-13 21:57:15,942 basehttp 18912 18440 "GET /api/recent-activity/ HTTP/1.1" 200 1008
INFO 2025-10-13 21:57:16,003 basehttp 18912 19112 "GET / HTTP/1.1" 200 103233
INFO 2025-10-13 21:57:16,091 basehttp 18912 19112 "GET /api/parking-status/ HTTP/1.1" 200 482
INFO 2025-10-13 21:57:16,096 basehttp 18912 18440 "GET /api/parking-data/ HTTP/1.1" 200 38329
INFO 2025-10-13 21:57:16,137 basehttp 18912 19564 "GET /api/recent-activity/ HTTP/1.1" 200 1008
INFO 2025-10-13 21:57:17,999 basehttp 18912 19564 "GET /api/vehicle-details/H60/ HTTP/1.1" 200 92
INFO 2025-10-13 21:57:22,014 basehttp 18912 19564 "GET /api/vehicle-details/H60/ HTTP/1.1" 200 92
INFO 2025-10-13 21:57:33,863 basehttp 18912 19564 "GET /api/vehicle-details/H60/ HTTP/1.1" 200 92
INFO 2025-10-13 21:57:42,008 basehttp 18912 19564 "GET / HTTP/1.1" 200 103233
INFO 2025-10-13 21:57:42,082 basehttp 18912 18440 "GET /api/parking-data/ HTTP/1.1" 200 38329
INFO 2025-10-13 21:57:42,123 basehttp 18912 19564 "GET /api/parking-status/ HTTP/1.1" 200 482
INFO 2025-10-13 21:57:42,136 basehttp 18912 19112 "GET /api/recent-activity/ HTTP/1.1" 200 1008
INFO 2025-10-13 21:57:45,633 basehttp 18912 19112 "GET /api/vehicle-details/H60/ HTTP/1.1" 200 92
INFO 2025-10-13 21:58:09,347 basehttp 18912 19112 "GET /api/vehicle-details/H60/ HTTP/1.1" 200 92
INFO 2025-10-13 21:58:12,206 basehttp 18912 19564 "GET /api/parking-data/ HTTP/1.1" 200 38329
INFO 2025-10-13 21:58:12,238 basehttp 18912 19112 "GET /api/parking-status/ HTTP/1.1" 200 482
INFO 2025-10-13 21:58:12,250 basehttp 18912 18440 "GET /api/recent-activity/ HTTP/1.1" 200 1008
INFO 2025-10-13 21:58:42,193 basehttp 18912 18440 "GET /api/parking-status/ HTTP/1.1" 200 482
INFO 2025-10-13 21:58:42,206 basehttp 18912 19564 "GET /api/recent-activity/ HTTP/1.1" 200 1008
INFO 2025-10-13 21:58:42,216 basehttp 18912 19112 "GET /api/parking-data/ HTTP/1.1" 200 38329
INFO 2025-10-13 21:59:50,271 autoreload 4888 19692 Watching for file changes with StatReloader
INFO 2025-10-13 22:00:05,109 autoreload 2580 18096 Watching for file changes with StatReloader
INFO 2025-10-13 22:00:06,732 basehttp 2580 18504 "GET / HTTP/1.1" 200 115927
INFO 2025-10-13 22:00:07,057 basehttp 2580 18504 "GET /api/parking-status/ HTTP/1.1" 200 482
INFO 2025-10-13 22:00:07,105 basehttp 2580 5736 "GET /api/parking-data/ HTTP/1.1" 200 38329
INFO 2025-10-13 22:00:07,134 basehttp 2580 23616 "GET /api/recent-activity/ HTTP/1.1" 200 1008
INFO 2025-10-13 22:00:37,036 basehttp 2580 23616 "GET /api/parking-status/ HTTP/1.1" 200 482
INFO 2025-10-13 22:00:37,040 basehttp 2580 5736 "GET /api/parking-data/ HTTP/1.1" 200 38329
INFO 2025-10-13 22:00:37,067 basehttp 2580 18504 "GET /api/recent-activity/ HTTP/1.1" 200 1008
INFO 2025-10-13 22:00:57,275 basehttp 2580 18504 "GET / HTTP/1.1" 200 103233
INFO 2025-10-13 22:00:57,404 basehttp 2580 18504 "GET /api/parking-status/ HTTP/1.1" 200 482
INFO 2025-10-13 22:00:57,411 basehttp 2580 5736 "GET /api/parking-data/ HTTP/1.1" 200 38329
INFO 2025-10-13 22:00:57,435 basehttp 2580 23616 "GET /api/recent-activity/ HTTP/1.1" 200 1008
INFO 2025-10-13 22:01:28,190 basehttp 2580 23616 "GET /api/parking-status/ HTTP/1.1" 200 482
INFO 2025-10-13 22:01:28,202 basehttp 2580 18504 "GET /api/recent-activity/ HTTP/1.1" 200 1008
INFO 2025-10-13 22:01:28,212 basehttp 2580 5736 "GET /api/parking-data/ HTTP/1.1" 200 38329
INFO 2025-10-13 22:01:58,197 basehttp 2580 18504 "GET /api/parking-data/ HTTP/1.1" 200 38329
INFO 2025-10-13 22:01:58,205 basehttp 2580 5736 "GET /api/parking-status/ HTTP/1.1" 200 482
INFO 2025-10-13 22:01:58,216 basehttp 2580 23616 "GET /api/recent-activity/ HTTP/1.1" 200 1008
INFO 2025-10-13 22:02:28,177 basehttp 2580 5736 "GET /api/parking-data/ HTTP/1.1" 200 38329
INFO 2025-10-13 22:02:28,203 basehttp 2580 18504 "GET /api/recent-activity/ HTTP/1.1" 200 1008
INFO 2025-10-13 22:02:28,219 basehttp 2580 23616 "GET /api/parking-status/ HTTP/1.1" 200 482
INFO 2025-10-16 12:11:48,172 autoreload 20092 21308 Watching for file changes with StatReloader
INFO 2025-10-16 12:11:55,453 basehttp 20092 1728 "GET / HTTP/1.1" 200 103233
INFO 2025-10-16 12:11:55,557 basehttp 20092 1728 "GET /static/css/professional-theme.css HTTP/1.1" 304 0
INFO 2025-10-16 12:11:57,539 basehttp 20092 1728 "GET /api/parking-status/ HTTP/1.1" 200 482
INFO 2025-10-16 12:11:57,632 basehttp 20092 8652 "GET /api/parking-data/ HTTP/1.1" 200 38329
INFO 2025-10-16 12:11:57,743 basehttp 20092 28580 "GET /api/recent-activity/ HTTP/1.1" 200 1000
INFO 2025-10-16 12:12:27,456 basehttp 20092 28032 "GET /api/parking-status/ HTTP/1.1" 200 482
INFO 2025-10-16 12:12:27,562 basehttp 20092 18028 "GET /api/parking-data/ HTTP/1.1" 200 38329
INFO 2025-10-16 12:12:27,627 basehttp 20092 2360 "GET /api/recent-activity/ HTTP/1.1" 200 1000
INFO 2025-10-16 12:12:29,864 basehttp 20092 2360 "GET /realtime/ HTTP/1.1" 200 51716
INFO 2025-10-16 12:12:30,095 basehttp 20092 2360 "GET /api/realtime-monitoring/ HTTP/1.1" 200 1536
INFO 2025-10-16 12:12:40,095 basehttp 20092 2360 "GET /api/realtime-monitoring/ HTTP/1.1" 200 1536
INFO 2025-10-16 12:12:40,159 basehttp 20092 18028 "GET /analytics/ HTTP/1.1" 200 55307
INFO 2025-10-16 12:12:40,449 basehttp 20092 18028 "GET /api/analytics-data/?range=today HTTP/1.1" 200 1645
INFO 2025-10-16 12:12:48,873 basehttp 20092 18028 "GET / HTTP/1.1" 200 103233
INFO 2025-10-16 12:12:49,025 basehttp 20092 18028 "GET /api/parking-status/ HTTP/1.1" 200 482
INFO 2025-10-16 12:12:49,068 basehttp 20092 28032 "GET /api/recent-activity/ HTTP/1.1" 200 1000
INFO 2025-10-16 12:12:49,084 basehttp 20092 2360 "GET /api/parking-data/ HTTP/1.1" 200 38329
INFO 2025-10-16 12:13:18,999 basehttp 20092 28032 "GET /api/parking-data/ HTTP/1.1" 200 38329
INFO 2025-10-16 12:13:19,067 basehttp 20092 2360 "GET /api/parking-status/ HTTP/1.1" 200 482
INFO 2025-10-16 12:13:19,099 basehttp 20092 18028 "GET /api/recent-activity/ HTTP/1.1" 200 1000
INFO 2025-10-16 12:13:38,976 basehttp 20092 18028 "POST /api/update-slot/ HTTP/1.1" 200 183
INFO 2025-10-16 12:13:40,870 basehttp 20092 18028 "GET /api/parking-status/ HTTP/1.1" 200 483
INFO 2025-10-16 12:13:40,898 basehttp 20092 2360 "GET /api/parking-data/ HTTP/1.1" 200 38532
INFO 2025-10-16 12:13:42,691 basehttp 20092 2360 "GET / HTTP/1.1" 200 103236
INFO 2025-10-16 12:13:42,880 basehttp 20092 2360 "GET /api/parking-status/ HTTP/1.1" 200 483
INFO 2025-10-16 12:13:42,901 basehttp 20092 18028 "GET /api/parking-data/ HTTP/1.1" 200 38532
INFO 2025-10-16 12:13:42,951 basehttp 20092 28032 "GET /api/recent-activity/ HTTP/1.1" 200 1015
INFO 2025-10-16 12:13:44,707 basehttp 20092 28032 "GET / HTTP/1.1" 200 103236
INFO 2025-10-16 12:13:44,878 basehttp 20092 28032 "GET /api/parking-status/ HTTP/1.1" 200 483
INFO 2025-10-16 12:13:44,899 basehttp 20092 18028 "GET /api/parking-data/ HTTP/1.1" 200 38532
INFO 2025-10-16 12:13:44,960 basehttp 20092 2360 "GET /api/recent-activity/ HTTP/1.1" 200 1015
INFO 2025-10-16 12:13:44,995 basehttp 20092 5008 "GET / HTTP/1.1" 200 103236
INFO 2025-10-16 12:13:45,190 basehttp 20092 5008 "GET / HTTP/1.1" 200 103236
INFO 2025-10-16 12:13:45,235 basehttp 20092 2360 - Broken pipe from ('127.0.0.1', 57190)
INFO 2025-10-16 12:13:45,277 basehttp 20092 28032 - Broken pipe from ('127.0.0.1', 52579)
INFO 2025-10-16 12:13:45,296 basehttp 20092 18028 - Broken pipe from ('127.0.0.1', 63886)
INFO 2025-10-16 12:13:45,374 basehttp 20092 5008 "GET /api/parking-status/ HTTP/1.1" 200 483
INFO 2025-10-16 12:13:45,475 basehttp 20092 18436 "GET /api/parking-data/ HTTP/1.1" 200 38532
INFO 2025-10-16 12:13:45,533 basehttp 20092 18756 "GET /api/recent-activity/ HTTP/1.1" 200 1015
INFO 2025-10-16 12:14:07,824 autoreload 13284 9880 Watching for file changes with StatReloader
INFO 2025-10-16 12:14:08,665 basehttp 13284 24212 "GET / HTTP/1.1" 200 103236
INFO 2025-10-16 12:14:08,883 basehttp 13284 24212 "GET /api/parking-status/ HTTP/1.1" 200 483
INFO 2025-10-16 12:14:08,939 basehttp 13284 16948 "GET /api/parking-data/ HTTP/1.1" 200 38532
INFO 2025-10-16 12:14:08,990 basehttp 13284 8932 "GET /api/recent-activity/ HTTP/1.1" 200 1015
INFO 2025-10-16 12:14:13,998 basehttp 13284 8932 "GET /api/vehicle-details/H60/ HTTP/1.1" 200 452
INFO 2025-10-16 12:14:20,974 basehttp 13284 8932 "GET / HTTP/1.1" 200 103236
INFO 2025-10-16 12:14:21,151 basehttp 13284 8932 "GET /api/parking-status/ HTTP/1.1" 200 483
INFO 2025-10-16 12:14:21,174 basehttp 13284 16948 "GET /api/parking-data/ HTTP/1.1" 200 38532
INFO 2025-10-16 12:14:21,235 basehttp 13284 24212 "GET /api/recent-activity/ HTTP/1.1" 200 1015
INFO 2025-10-16 12:14:21,282 basehttp 13284 13740 "GET / HTTP/1.1" 200 103236
INFO 2025-10-16 12:14:21,459 basehttp 13284 13740 - Broken pipe from ('127.0.0.1', 53974)
INFO 2025-10-16 12:14:21,514 basehttp 13284 24212 "GET /api/parking-status/ HTTP/1.1" 200 483
INFO 2025-10-16 12:14:21,529 basehttp 13284 16948 "GET /api/parking-data/ HTTP/1.1" 200 38532
INFO 2025-10-16 12:14:21,596 basehttp 13284 8932 "GET /api/recent-activity/ HTTP/1.1" 200 1015
INFO 2025-10-16 12:14:21,636 basehttp 13284 1864 "GET / HTTP/1.1" 200 103236
INFO 2025-10-16 12:14:21,833 basehttp 13284 1864 "GET /api/parking-status/ HTTP/1.1" 200 483
INFO 2025-10-16 12:14:21,853 basehttp 13284 8932 "GET /api/parking-data/ HTTP/1.1" 200 38532
INFO 2025-10-16 12:14:21,907 basehttp 13284 16948 "GET /api/recent-activity/ HTTP/1.1" 200 1015
INFO 2025-10-16 12:14:24,407 basehttp 13284 16948 "GET /api/vehicle-details/H60/ HTTP/1.1" 200 452
INFO 2025-10-16 12:14:28,804 basehttp 13284 16948 "GET /api/vehicle-details/H60/ HTTP/1.1" 200 452
INFO 2025-10-16 12:14:32,180 basehttp 13284 16948 "POST /api/update-slot/ HTTP/1.1" 200 185
INFO 2025-10-16 12:14:32,260 basehttp 13284 8932 "GET /api/parking-data/ HTTP/1.1" 200 38329
INFO 2025-10-16 12:14:32,320 basehttp 13284 16948 "GET /api/parking-status/ HTTP/1.1" 200 483
INFO 2025-10-16 12:14:34,394 basehttp 13284 16948 "GET / HTTP/1.1" 200 103233
INFO 2025-10-16 12:14:34,556 basehttp 13284 8932 "GET /api/parking-data/ HTTP/1.1" 200 38329
INFO 2025-10-16 12:14:34,622 basehttp 13284 16948 "GET /api/parking-status/ HTTP/1.1" 200 483
INFO 2025-10-16 12:14:34,660 basehttp 13284 1864 "GET /api/recent-activity/ HTTP/1.1" 200 1003
INFO 2025-10-16 12:14:34,702 basehttp 13284 8932 "GET / HTTP/1.1" 200 103233
INFO 2025-10-16 12:14:34,862 basehttp 13284 1864 "GET /api/parking-data/ HTTP/1.1" 200 38329
INFO 2025-10-16 12:14:34,925 basehttp 13284 8932 "GET /api/parking-status/ HTTP/1.1" 200 483
INFO 2025-10-16 12:14:34,963 basehttp 13284 16948 "GET /api/recent-activity/ HTTP/1.1" 200 1003
