INFO 2025-10-01 02:07:06,524 apps 11836 19904 [CAR] Parking App: Initializing Forbes Marshall SpotCheck...
INFO 2025-10-01 02:07:06,526 apps 11836 19904 [OK] Parking App: Signal handlers loaded successfully
INFO 2025-10-01 02:07:06,526 apps 11836 19904 [OK] Admin interface customized
INFO 2025-10-01 02:07:06,526 apps 11836 19904 [OK] Model Vehicles: Configuration verified
INFO 2025-10-01 02:07:06,527 apps 11836 19904 [OK] Model Parking Slots: Configuration verified
INFO 2025-10-01 02:07:06,527 apps 11836 19904 [INFO] Model Parking Sessions: Basic configuration checked
INFO 2025-10-01 02:07:06,527 apps 11836 19904 [SUCCESS] Parking App: Forbes Marshall SpotCheck ready!
INFO 2025-10-01 02:07:20,944 apps 7404 5976 [CAR] Parking App: Initializing Forbes Marshall SpotCheck...
INFO 2025-10-01 02:07:20,946 apps 7404 5976 [OK] Parking App: Signal handlers loaded successfully
INFO 2025-10-01 02:07:20,946 apps 7404 5976 [OK] Admin interface customized
INFO 2025-10-01 02:07:20,946 apps 7404 5976 [OK] Model Vehicles: Configuration verified
INFO 2025-10-01 02:07:20,946 apps 7404 5976 [OK] Model Parking Slots: Configuration verified
INFO 2025-10-01 02:07:20,946 apps 7404 5976 [INFO] Model Parking Sessions: Basic configuration checked
INFO 2025-10-01 02:07:20,947 apps 7404 5976 [SUCCESS] Parking App: Forbes Marshall SpotCheck ready!
INFO 2025-10-01 02:09:06,689 apps 20840 14140 [CAR] Parking App: Initializing Forbes Marshall SpotCheck...
INFO 2025-10-01 02:09:06,689 apps 20840 14140 [OK] Parking App: Signal handlers loaded successfully
INFO 2025-10-01 02:09:06,689 apps 20840 14140 [OK] Admin interface customized
INFO 2025-10-01 02:09:06,689 apps 20840 14140 [OK] Model Vehicles: Configuration verified
INFO 2025-10-01 02:09:06,689 apps 20840 14140 [OK] Model Parking Slots: Configuration verified
INFO 2025-10-01 02:09:06,691 apps 20840 14140 [INFO] Model Parking Sessions: Basic configuration checked
INFO 2025-10-01 02:09:06,691 apps 20840 14140 [SUCCESS] Parking App: Forbes Marshall SpotCheck ready!
INFO 2025-10-01 02:09:15,498 apps 22188 6380 [CAR] Parking App: Initializing Forbes Marshall SpotCheck...
INFO 2025-10-01 02:09:15,499 apps 22188 6380 [OK] Parking App: Signal handlers loaded successfully
INFO 2025-10-01 02:09:15,499 apps 22188 6380 [OK] Admin interface customized
INFO 2025-10-01 02:09:15,499 apps 22188 6380 [OK] Model Vehicles: Configuration verified
INFO 2025-10-01 02:09:15,499 apps 22188 6380 [OK] Model Parking Slots: Configuration verified
INFO 2025-10-01 02:09:15,499 apps 22188 6380 [INFO] Model Parking Sessions: Basic configuration checked
INFO 2025-10-01 02:09:15,499 apps 22188 6380 [SUCCESS] Parking App: Forbes Marshall SpotCheck ready!
INFO 2025-10-01 02:09:29,910 apps 27448 20160 [CAR] Parking App: Initializing Forbes Marshall SpotCheck...
INFO 2025-10-01 02:09:29,913 apps 27448 20160 [OK] Parking App: Signal handlers loaded successfully
INFO 2025-10-01 02:09:29,913 apps 27448 20160 [OK] Admin interface customized
INFO 2025-10-01 02:09:29,913 apps 27448 20160 [OK] Model Vehicles: Configuration verified
INFO 2025-10-01 02:09:29,913 apps 27448 20160 [OK] Model Parking Slots: Configuration verified
INFO 2025-10-01 02:09:29,913 apps 27448 20160 [INFO] Model Parking Sessions: Basic configuration checked
INFO 2025-10-01 02:09:29,913 apps 27448 20160 [SUCCESS] Parking App: Forbes Marshall SpotCheck ready!
INFO 2025-10-01 02:09:30,495 apps 10028 17532 [CAR] Parking App: Initializing Forbes Marshall SpotCheck...
INFO 2025-10-01 02:09:30,495 apps 10028 17532 [OK] Parking App: Signal handlers loaded successfully
INFO 2025-10-01 02:09:30,495 apps 10028 17532 [OK] Admin interface customized
INFO 2025-10-01 02:09:30,495 apps 10028 17532 [OK] Model Vehicles: Configuration verified
INFO 2025-10-01 02:09:30,495 apps 10028 17532 [OK] Model Parking Slots: Configuration verified
INFO 2025-10-01 02:09:30,495 apps 10028 17532 [INFO] Model Parking Sessions: Basic configuration checked
INFO 2025-10-01 02:09:30,495 apps 10028 17532 [SUCCESS] Parking App: Forbes Marshall SpotCheck ready!
INFO 2025-10-01 02:11:46,516 apps 15384 18996 [CAR] Parking App: Initializing Forbes Marshall SpotCheck...
INFO 2025-10-01 02:11:46,516 apps 15384 18996 [OK] Parking App: Signal handlers loaded successfully
INFO 2025-10-01 02:11:46,516 apps 15384 18996 [OK] Admin interface customized
INFO 2025-10-01 02:11:46,516 apps 15384 18996 [OK] Model Vehicles: Configuration verified
INFO 2025-10-01 02:11:46,516 apps 15384 18996 [OK] Model Parking Slots: Configuration verified
INFO 2025-10-01 02:11:46,516 apps 15384 18996 [INFO] Model Parking Sessions: Basic configuration checked
INFO 2025-10-01 02:11:46,516 apps 15384 18996 [SUCCESS] Parking App: Forbes Marshall SpotCheck ready!
INFO 2025-10-01 02:12:53,137 apps 14256 20316 [CAR] Parking App: Initializing Forbes Marshall SpotCheck...
INFO 2025-10-01 02:12:53,138 apps 14256 20316 [OK] Parking App: Signal handlers loaded successfully
INFO 2025-10-01 02:12:53,138 apps 14256 20316 [OK] Admin interface customized
INFO 2025-10-01 02:12:53,138 apps 14256 20316 [OK] Model Vehicles: Configuration verified
INFO 2025-10-01 02:12:53,138 apps 14256 20316 [OK] Model Parking Slots: Configuration verified
INFO 2025-10-01 02:12:53,139 apps 14256 20316 [INFO] Model Parking Sessions: Basic configuration checked
INFO 2025-10-01 02:12:53,139 apps 14256 20316 [SUCCESS] Parking App: Forbes Marshall SpotCheck ready!
INFO 2025-10-01 02:12:58,252 apps 27528 12956 [CAR] Parking App: Initializing Forbes Marshall SpotCheck...
INFO 2025-10-01 02:12:58,253 apps 27528 12956 [OK] Parking App: Signal handlers loaded successfully
INFO 2025-10-01 02:12:58,254 apps 27528 12956 [OK] Admin interface customized
INFO 2025-10-01 02:12:58,254 apps 27528 12956 [OK] Model Vehicles: Configuration verified
INFO 2025-10-01 02:12:58,254 apps 27528 12956 [OK] Model Parking Slots: Configuration verified
INFO 2025-10-01 02:12:58,254 apps 27528 12956 [INFO] Model Parking Sessions: Basic configuration checked
INFO 2025-10-01 02:12:58,254 apps 27528 12956 [SUCCESS] Parking App: Forbes Marshall SpotCheck ready!
INFO 2025-10-01 02:12:58,783 apps 18928 23164 [CAR] Parking App: Initializing Forbes Marshall SpotCheck...
INFO 2025-10-01 02:12:58,786 apps 18928 23164 [OK] Parking App: Signal handlers loaded successfully
INFO 2025-10-01 02:12:58,786 apps 18928 23164 [OK] Admin interface customized
INFO 2025-10-01 02:12:58,786 apps 18928 23164 [OK] Model Vehicles: Configuration verified
INFO 2025-10-01 02:12:58,786 apps 18928 23164 [OK] Model Parking Slots: Configuration verified
INFO 2025-10-01 02:12:58,786 apps 18928 23164 [INFO] Model Parking Sessions: Basic configuration checked
INFO 2025-10-01 02:12:58,786 apps 18928 23164 [SUCCESS] Parking App: Forbes Marshall SpotCheck ready!
INFO 2025-10-01 02:14:56,351 apps 10964 15328 [CAR] Parking App: Initializing Forbes Marshall SpotCheck...
INFO 2025-10-01 02:14:56,354 apps 10964 15328 [OK] Parking App: Signal handlers loaded successfully
INFO 2025-10-01 02:14:56,354 apps 10964 15328 [OK] Admin interface customized
INFO 2025-10-01 02:14:56,354 apps 10964 15328 [OK] Model Vehicles: Configuration verified
INFO 2025-10-01 02:14:56,354 apps 10964 15328 [OK] Model Parking Slots: Configuration verified
INFO 2025-10-01 02:14:56,354 apps 10964 15328 [INFO] Model Parking Sessions: Basic configuration checked
INFO 2025-10-01 02:14:56,354 apps 10964 15328 [SUCCESS] Parking App: Forbes Marshall SpotCheck ready!
INFO 2025-10-01 02:15:08,782 apps 12584 26692 [CAR] Parking App: Initializing Forbes Marshall SpotCheck...
INFO 2025-10-01 02:15:08,787 apps 12584 26692 [OK] Parking App: Signal handlers loaded successfully
INFO 2025-10-01 02:15:08,787 apps 12584 26692 [OK] Admin interface customized
INFO 2025-10-01 02:15:08,787 apps 12584 26692 [OK] Model Vehicles: Configuration verified
INFO 2025-10-01 02:15:08,787 apps 12584 26692 [OK] Model Parking Slots: Configuration verified
INFO 2025-10-01 02:15:08,787 apps 12584 26692 [INFO] Model Parking Sessions: Basic configuration checked
INFO 2025-10-01 02:15:08,787 apps 12584 26692 [SUCCESS] Parking App: Forbes Marshall SpotCheck ready!
INFO 2025-10-01 02:16:33,602 apps 14020 5864 [CAR] Parking App: Initializing Forbes Marshall SpotCheck...
INFO 2025-10-01 02:16:33,603 apps 14020 5864 [OK] Parking App: Signal handlers loaded successfully
INFO 2025-10-01 02:16:33,603 apps 14020 5864 [OK] Admin interface customized
INFO 2025-10-01 02:16:33,603 apps 14020 5864 [OK] Model Vehicles: Configuration verified
INFO 2025-10-01 02:16:33,604 apps 14020 5864 [OK] Model Parking Slots: Configuration verified
INFO 2025-10-01 02:16:33,604 apps 14020 5864 [INFO] Model Parking Sessions: Basic configuration checked
INFO 2025-10-01 02:16:33,604 apps 14020 5864 [SUCCESS] Parking App: Forbes Marshall SpotCheck ready!
INFO 2025-10-01 02:16:34,172 apps 14632 20748 [CAR] Parking App: Initializing Forbes Marshall SpotCheck...
INFO 2025-10-01 02:16:34,174 apps 14632 20748 [OK] Parking App: Signal handlers loaded successfully
INFO 2025-10-01 02:16:34,174 apps 14632 20748 [OK] Admin interface customized
INFO 2025-10-01 02:16:34,174 apps 14632 20748 [OK] Model Vehicles: Configuration verified
INFO 2025-10-01 02:16:34,174 apps 14632 20748 [OK] Model Parking Slots: Configuration verified
INFO 2025-10-01 02:16:34,174 apps 14632 20748 [INFO] Model Parking Sessions: Basic configuration checked
INFO 2025-10-01 02:16:34,174 apps 14632 20748 [SUCCESS] Parking App: Forbes Marshall SpotCheck ready!
INFO 2025-10-01 02:17:14,976 apps 16232 20316 [CAR] Parking App: Initializing Forbes Marshall SpotCheck...
INFO 2025-10-01 02:17:14,976 apps 16232 20316 [OK] Parking App: Signal handlers loaded successfully
INFO 2025-10-01 02:17:14,981 apps 16232 20316 [OK] Admin interface customized
INFO 2025-10-01 02:17:14,981 apps 16232 20316 [OK] Model Vehicles: Configuration verified
INFO 2025-10-01 02:17:14,981 apps 16232 20316 [OK] Model Parking Slots: Configuration verified
INFO 2025-10-01 02:17:14,981 apps 16232 20316 [INFO] Model Parking Sessions: Basic configuration checked
INFO 2025-10-01 02:17:14,981 apps 16232 20316 [SUCCESS] Parking App: Forbes Marshall SpotCheck ready!
INFO 2025-10-01 02:17:47,653 apps 19900 3272 [CAR] Parking App: Initializing Forbes Marshall SpotCheck...
INFO 2025-10-01 02:17:47,654 apps 19900 3272 [OK] Parking App: Signal handlers loaded successfully
INFO 2025-10-01 02:17:47,654 apps 19900 3272 [OK] Admin interface customized
INFO 2025-10-01 02:17:47,655 apps 19900 3272 [OK] Model Vehicles: Configuration verified
INFO 2025-10-01 02:17:47,655 apps 19900 3272 [OK] Model Parking Slots: Configuration verified
INFO 2025-10-01 02:17:47,655 apps 19900 3272 [INFO] Model Parking Sessions: Basic configuration checked
INFO 2025-10-01 02:17:47,655 apps 19900 3272 [SUCCESS] Parking App: Forbes Marshall SpotCheck ready!
INFO 2025-10-01 02:24:31,656 apps 14092 27452 [CAR] Parking App: Initializing Forbes Marshall SpotCheck...
INFO 2025-10-01 02:24:31,656 apps 14092 27452 [OK] Parking App: Signal handlers loaded successfully
INFO 2025-10-01 02:24:31,656 apps 14092 27452 [OK] Admin interface customized
INFO 2025-10-01 02:24:31,656 apps 14092 27452 [OK] Model Vehicles: Configuration verified
INFO 2025-10-01 02:24:31,656 apps 14092 27452 [OK] Model Parking Slots: Configuration verified
INFO 2025-10-01 02:24:31,656 apps 14092 27452 [INFO] Model Parking Sessions: Basic configuration checked
INFO 2025-10-01 02:24:31,656 apps 14092 27452 [SUCCESS] Parking App: Forbes Marshall SpotCheck ready!
INFO 2025-10-01 02:24:32,243 apps 21676 23052 [CAR] Parking App: Initializing Forbes Marshall SpotCheck...
INFO 2025-10-01 02:24:32,243 apps 21676 23052 [OK] Parking App: Signal handlers loaded successfully
INFO 2025-10-01 02:24:32,243 apps 21676 23052 [OK] Admin interface customized
INFO 2025-10-01 02:24:32,243 apps 21676 23052 [OK] Model Vehicles: Configuration verified
INFO 2025-10-01 02:24:32,243 apps 21676 23052 [OK] Model Parking Slots: Configuration verified
INFO 2025-10-01 02:24:32,243 apps 21676 23052 [INFO] Model Parking Sessions: Basic configuration checked
INFO 2025-10-01 02:24:32,243 apps 21676 23052 [SUCCESS] Parking App: Forbes Marshall SpotCheck ready!
INFO 2025-10-01 02:30:12,879 apps 23780 20772 [CAR] Parking App: Initializing Forbes Marshall SpotCheck...
INFO 2025-10-01 02:30:12,879 apps 23780 20772 [OK] Parking App: Signal handlers loaded successfully
INFO 2025-10-01 02:30:12,879 apps 23780 20772 [OK] Admin interface customized
INFO 2025-10-01 02:30:12,879 apps 23780 20772 [OK] Model Vehicles: Configuration verified
INFO 2025-10-01 02:30:12,879 apps 23780 20772 [OK] Model Parking Slots: Configuration verified
INFO 2025-10-01 02:30:12,879 apps 23780 20772 [INFO] Model Parking Sessions: Basic configuration checked
INFO 2025-10-01 02:30:12,879 apps 23780 20772 [SUCCESS] Parking App: Forbes Marshall SpotCheck ready!
INFO 2025-10-01 02:30:13,447 apps 23640 11032 [CAR] Parking App: Initializing Forbes Marshall SpotCheck...
INFO 2025-10-01 02:30:13,453 apps 23640 11032 [OK] Parking App: Signal handlers loaded successfully
INFO 2025-10-01 02:30:13,453 apps 23640 11032 [OK] Admin interface customized
INFO 2025-10-01 02:30:13,453 apps 23640 11032 [OK] Model Vehicles: Configuration verified
INFO 2025-10-01 02:30:13,453 apps 23640 11032 [OK] Model Parking Slots: Configuration verified
INFO 2025-10-01 02:30:13,453 apps 23640 11032 [INFO] Model Parking Sessions: Basic configuration checked
INFO 2025-10-01 02:30:13,453 apps 23640 11032 [SUCCESS] Parking App: Forbes Marshall SpotCheck ready!
INFO 2025-10-01 02:36:55,010 apps 7760 12008 [CAR] Parking App: Initializing Forbes Marshall SpotCheck...
INFO 2025-10-01 02:36:55,010 apps 7760 12008 [OK] Parking App: Signal handlers loaded successfully
INFO 2025-10-01 02:36:55,010 apps 7760 12008 [OK] Admin interface customized
INFO 2025-10-01 02:36:55,010 apps 7760 12008 [OK] Model Vehicles: Configuration verified
INFO 2025-10-01 02:36:55,014 apps 7760 12008 [OK] Model Parking Slots: Configuration verified
INFO 2025-10-01 02:36:55,014 apps 7760 12008 [INFO] Model Parking Sessions: Basic configuration checked
INFO 2025-10-01 02:36:55,014 apps 7760 12008 [SUCCESS] Parking App: Forbes Marshall SpotCheck ready!
INFO 2025-10-01 02:36:55,549 apps 19724 17568 [CAR] Parking App: Initializing Forbes Marshall SpotCheck...
INFO 2025-10-01 02:36:55,554 apps 19724 17568 [OK] Parking App: Signal handlers loaded successfully
INFO 2025-10-01 02:36:55,554 apps 19724 17568 [OK] Admin interface customized
INFO 2025-10-01 02:36:55,554 apps 19724 17568 [OK] Model Vehicles: Configuration verified
INFO 2025-10-01 02:36:55,554 apps 19724 17568 [OK] Model Parking Slots: Configuration verified
INFO 2025-10-01 02:36:55,554 apps 19724 17568 [INFO] Model Parking Sessions: Basic configuration checked
INFO 2025-10-01 02:36:55,554 apps 19724 17568 [SUCCESS] Parking App: Forbes Marshall SpotCheck ready!
INFO 2025-10-01 02:37:21,837 apps 23064 27000 [CAR] Parking App: Initializing Forbes Marshall SpotCheck...
INFO 2025-10-01 02:37:21,853 apps 23064 27000 [OK] Parking App: Signal handlers loaded successfully
INFO 2025-10-01 02:37:21,853 apps 23064 27000 [OK] Admin interface customized
INFO 2025-10-01 02:37:21,853 apps 23064 27000 [OK] Model Vehicles: Configuration verified
INFO 2025-10-01 02:37:21,853 apps 23064 27000 [OK] Model Parking Slots: Configuration verified
INFO 2025-10-01 02:37:21,853 apps 23064 27000 [INFO] Model Parking Sessions: Basic configuration checked
INFO 2025-10-01 02:37:21,853 apps 23064 27000 [SUCCESS] Parking App: Forbes Marshall SpotCheck ready!
INFO 2025-10-01 02:37:22,442 apps 27492 20004 [CAR] Parking App: Initializing Forbes Marshall SpotCheck...
INFO 2025-10-01 02:37:22,443 apps 27492 20004 [OK] Parking App: Signal handlers loaded successfully
INFO 2025-10-01 02:37:22,443 apps 27492 20004 [OK] Admin interface customized
INFO 2025-10-01 02:37:22,444 apps 27492 20004 [OK] Model Vehicles: Configuration verified
INFO 2025-10-01 02:37:22,444 apps 27492 20004 [OK] Model Parking Slots: Configuration verified
INFO 2025-10-01 02:37:22,444 apps 27492 20004 [INFO] Model Parking Sessions: Basic configuration checked
INFO 2025-10-01 02:37:22,444 apps 27492 20004 [SUCCESS] Parking App: Forbes Marshall SpotCheck ready!
INFO 2025-10-01 02:46:30,390 apps 19272 14212 [CAR] Parking App: Initializing Forbes Marshall SpotCheck...
INFO 2025-10-01 02:46:30,390 apps 19272 14212 [OK] Parking App: Signal handlers loaded successfully
INFO 2025-10-01 02:46:30,390 apps 19272 14212 [OK] Admin interface customized
INFO 2025-10-01 02:46:30,390 apps 19272 14212 [OK] Model Vehicles: Configuration verified
INFO 2025-10-01 02:46:30,390 apps 19272 14212 [OK] Model Parking Slots: Configuration verified
INFO 2025-10-01 02:46:30,390 apps 19272 14212 [INFO] Model Parking Sessions: Basic configuration checked
INFO 2025-10-01 02:46:30,390 apps 19272 14212 [SUCCESS] Parking App: Forbes Marshall SpotCheck ready!
INFO 2025-10-01 02:46:30,946 apps 12572 21800 [CAR] Parking App: Initializing Forbes Marshall SpotCheck...
INFO 2025-10-01 02:46:30,946 apps 12572 21800 [OK] Parking App: Signal handlers loaded successfully
INFO 2025-10-01 02:46:30,946 apps 12572 21800 [OK] Admin interface customized
INFO 2025-10-01 02:46:30,946 apps 12572 21800 [OK] Model Vehicles: Configuration verified
INFO 2025-10-01 02:46:30,946 apps 12572 21800 [OK] Model Parking Slots: Configuration verified
INFO 2025-10-01 02:46:30,948 apps 12572 21800 [INFO] Model Parking Sessions: Basic configuration checked
INFO 2025-10-01 02:46:30,948 apps 12572 21800 [SUCCESS] Parking App: Forbes Marshall SpotCheck ready!
INFO 2025-10-01 03:02:04,329 apps 12324 8464 [CAR] Parking App: Initializing Forbes Marshall SpotCheck...
INFO 2025-10-01 03:02:04,329 apps 12324 8464 [OK] Parking App: Signal handlers loaded successfully
INFO 2025-10-01 03:02:04,329 apps 12324 8464 [OK] Admin interface customized
INFO 2025-10-01 03:02:04,329 apps 12324 8464 [OK] Model Vehicles: Configuration verified
INFO 2025-10-01 03:02:04,329 apps 12324 8464 [OK] Model Parking Slots: Configuration verified
INFO 2025-10-01 03:02:04,329 apps 12324 8464 [INFO] Model Parking Sessions: Basic configuration checked
INFO 2025-10-01 03:02:04,329 apps 12324 8464 [SUCCESS] Parking App: Forbes Marshall SpotCheck ready!
INFO 2025-10-01 03:02:04,888 apps 21548 20952 [CAR] Parking App: Initializing Forbes Marshall SpotCheck...
INFO 2025-10-01 03:02:04,889 apps 21548 20952 [OK] Parking App: Signal handlers loaded successfully
INFO 2025-10-01 03:02:04,889 apps 21548 20952 [OK] Admin interface customized
INFO 2025-10-01 03:02:04,889 apps 21548 20952 [OK] Model Vehicles: Configuration verified
INFO 2025-10-01 03:02:04,889 apps 21548 20952 [OK] Model Parking Slots: Configuration verified
INFO 2025-10-01 03:02:04,889 apps 21548 20952 [INFO] Model Parking Sessions: Basic configuration checked
INFO 2025-10-01 03:02:04,889 apps 21548 20952 [SUCCESS] Parking App: Forbes Marshall SpotCheck ready!
INFO 2025-10-01 03:16:42,038 apps 15008 7388 [CAR] Parking App: Initializing Forbes Marshall SpotCheck...
INFO 2025-10-01 03:16:42,038 apps 15008 7388 [OK] Parking App: Signal handlers loaded successfully
INFO 2025-10-01 03:16:42,038 apps 15008 7388 [OK] Admin interface customized
INFO 2025-10-01 03:16:42,038 apps 15008 7388 [OK] Model Vehicles: Configuration verified
INFO 2025-10-01 03:16:42,038 apps 15008 7388 [OK] Model Parking Slots: Configuration verified
INFO 2025-10-01 03:16:42,038 apps 15008 7388 [INFO] Model Parking Sessions: Basic configuration checked
INFO 2025-10-01 03:16:42,038 apps 15008 7388 [SUCCESS] Parking App: Forbes Marshall SpotCheck ready!
INFO 2025-10-01 03:16:42,581 apps 14324 26956 [CAR] Parking App: Initializing Forbes Marshall SpotCheck...
INFO 2025-10-01 03:16:42,581 apps 14324 26956 [OK] Parking App: Signal handlers loaded successfully
INFO 2025-10-01 03:16:42,581 apps 14324 26956 [OK] Admin interface customized
INFO 2025-10-01 03:16:42,581 apps 14324 26956 [OK] Model Vehicles: Configuration verified
INFO 2025-10-01 03:16:42,581 apps 14324 26956 [OK] Model Parking Slots: Configuration verified
INFO 2025-10-01 03:16:42,581 apps 14324 26956 [INFO] Model Parking Sessions: Basic configuration checked
INFO 2025-10-01 03:16:42,581 apps 14324 26956 [SUCCESS] Parking App: Forbes Marshall SpotCheck ready!
INFO 2025-10-01 03:22:37,776 apps 24068 13548 [CAR] Parking App: Initializing Forbes Marshall SpotCheck...
INFO 2025-10-01 03:22:37,776 apps 24068 13548 [OK] Parking App: Signal handlers loaded successfully
INFO 2025-10-01 03:22:37,776 apps 24068 13548 [OK] Admin interface customized
INFO 2025-10-01 03:22:37,776 apps 24068 13548 [OK] Model Vehicles: Configuration verified
INFO 2025-10-01 03:22:37,776 apps 24068 13548 [OK] Model Parking Slots: Configuration verified
INFO 2025-10-01 03:22:37,776 apps 24068 13548 [INFO] Model Parking Sessions: Basic configuration checked
INFO 2025-10-01 03:22:37,776 apps 24068 13548 [SUCCESS] Parking App: Forbes Marshall SpotCheck ready!
INFO 2025-10-01 03:22:38,381 apps 21156 9652 [CAR] Parking App: Initializing Forbes Marshall SpotCheck...
INFO 2025-10-01 03:22:38,383 apps 21156 9652 [OK] Parking App: Signal handlers loaded successfully
INFO 2025-10-01 03:22:38,383 apps 21156 9652 [OK] Admin interface customized
INFO 2025-10-01 03:22:38,383 apps 21156 9652 [OK] Model Vehicles: Configuration verified
INFO 2025-10-01 03:22:38,383 apps 21156 9652 [OK] Model Parking Slots: Configuration verified
INFO 2025-10-01 03:22:38,383 apps 21156 9652 [INFO] Model Parking Sessions: Basic configuration checked
INFO 2025-10-01 03:22:38,384 apps 21156 9652 [SUCCESS] Parking App: Forbes Marshall SpotCheck ready!
INFO 2025-10-01 03:41:40,361 apps 22668 1300 [CAR] Parking App: Initializing Forbes Marshall SpotCheck...
INFO 2025-10-01 03:41:40,362 apps 22668 1300 [OK] Parking App: Signal handlers loaded successfully
INFO 2025-10-01 03:41:40,362 apps 22668 1300 [OK] Admin interface customized
INFO 2025-10-01 03:41:40,362 apps 22668 1300 [OK] Model Vehicles: Configuration verified
INFO 2025-10-01 03:41:40,362 apps 22668 1300 [OK] Model Parking Slots: Configuration verified
INFO 2025-10-01 03:41:40,364 apps 22668 1300 [INFO] Model Parking Sessions: Basic configuration checked
INFO 2025-10-01 03:41:40,364 apps 22668 1300 [SUCCESS] Parking App: Forbes Marshall SpotCheck ready!
INFO 2025-10-01 03:41:40,911 apps 5752 22336 [CAR] Parking App: Initializing Forbes Marshall SpotCheck...
INFO 2025-10-01 03:41:40,912 apps 5752 22336 [OK] Parking App: Signal handlers loaded successfully
INFO 2025-10-01 03:41:40,912 apps 5752 22336 [OK] Admin interface customized
INFO 2025-10-01 03:41:40,912 apps 5752 22336 [OK] Model Vehicles: Configuration verified
INFO 2025-10-01 03:41:40,912 apps 5752 22336 [OK] Model Parking Slots: Configuration verified
INFO 2025-10-01 03:41:40,912 apps 5752 22336 [INFO] Model Parking Sessions: Basic configuration checked
INFO 2025-10-01 03:41:40,913 apps 5752 22336 [SUCCESS] Parking App: Forbes Marshall SpotCheck ready!
INFO 2025-10-01 03:52:30,625 apps 18460 20404 [CAR] Parking App: Initializing Forbes Marshall SpotCheck...
INFO 2025-10-01 03:52:30,625 apps 18460 20404 [OK] Parking App: Signal handlers loaded successfully
INFO 2025-10-01 03:52:30,625 apps 18460 20404 [OK] Admin interface customized
INFO 2025-10-01 03:52:30,625 apps 18460 20404 [OK] Model Vehicles: Configuration verified
INFO 2025-10-01 03:52:30,625 apps 18460 20404 [OK] Model Parking Slots: Configuration verified
INFO 2025-10-01 03:52:30,625 apps 18460 20404 [INFO] Model Parking Sessions: Basic configuration checked
INFO 2025-10-01 03:52:30,625 apps 18460 20404 [SUCCESS] Parking App: Forbes Marshall SpotCheck ready!
INFO 2025-10-01 03:52:31,160 apps 19276 18492 [CAR] Parking App: Initializing Forbes Marshall SpotCheck...
INFO 2025-10-01 03:52:31,160 apps 19276 18492 [OK] Parking App: Signal handlers loaded successfully
INFO 2025-10-01 03:52:31,160 apps 19276 18492 [OK] Admin interface customized
INFO 2025-10-01 03:52:31,160 apps 19276 18492 [OK] Model Vehicles: Configuration verified
INFO 2025-10-01 03:52:31,160 apps 19276 18492 [OK] Model Parking Slots: Configuration verified
INFO 2025-10-01 03:52:31,160 apps 19276 18492 [INFO] Model Parking Sessions: Basic configuration checked
INFO 2025-10-01 03:52:31,160 apps 19276 18492 [SUCCESS] Parking App: Forbes Marshall SpotCheck ready!
INFO 2025-10-01 03:59:24,703 apps 3700 9104 [CAR] Parking App: Initializing Forbes Marshall SpotCheck...
INFO 2025-10-01 03:59:24,703 apps 3700 9104 [OK] Parking App: Signal handlers loaded successfully
INFO 2025-10-01 03:59:24,703 apps 3700 9104 [OK] Admin interface customized
INFO 2025-10-01 03:59:24,703 apps 3700 9104 [OK] Model Vehicles: Configuration verified
INFO 2025-10-01 03:59:24,703 apps 3700 9104 [OK] Model Parking Slots: Configuration verified
INFO 2025-10-01 03:59:24,703 apps 3700 9104 [INFO] Model Parking Sessions: Basic configuration checked
INFO 2025-10-01 03:59:24,703 apps 3700 9104 [SUCCESS] Parking App: Forbes Marshall SpotCheck ready!
INFO 2025-10-01 03:59:25,267 apps 15772 10036 [CAR] Parking App: Initializing Forbes Marshall SpotCheck...
INFO 2025-10-01 03:59:25,267 apps 15772 10036 [OK] Parking App: Signal handlers loaded successfully
INFO 2025-10-01 03:59:25,270 apps 15772 10036 [OK] Admin interface customized
INFO 2025-10-01 03:59:25,270 apps 15772 10036 [OK] Model Vehicles: Configuration verified
INFO 2025-10-01 03:59:25,270 apps 15772 10036 [OK] Model Parking Slots: Configuration verified
INFO 2025-10-01 03:59:25,270 apps 15772 10036 [INFO] Model Parking Sessions: Basic configuration checked
INFO 2025-10-01 03:59:25,270 apps 15772 10036 [SUCCESS] Parking App: Forbes Marshall SpotCheck ready!
INFO 2025-10-01 04:01:14,008 apps 5760 1844 [CAR] Parking App: Initializing Forbes Marshall SpotCheck...
INFO 2025-10-01 04:01:14,008 apps 5760 1844 [OK] Parking App: Signal handlers loaded successfully
INFO 2025-10-01 04:01:14,008 apps 5760 1844 [OK] Admin interface customized
INFO 2025-10-01 04:01:14,008 apps 5760 1844 [OK] Model Vehicles: Configuration verified
INFO 2025-10-01 04:01:14,008 apps 5760 1844 [OK] Model Parking Slots: Configuration verified
INFO 2025-10-01 04:01:14,008 apps 5760 1844 [INFO] Model Parking Sessions: Basic configuration checked
INFO 2025-10-01 04:01:14,008 apps 5760 1844 [SUCCESS] Parking App: Forbes Marshall SpotCheck ready!
INFO 2025-10-01 04:01:14,650 apps 26960 26288 [CAR] Parking App: Initializing Forbes Marshall SpotCheck...
INFO 2025-10-01 04:01:14,650 apps 26960 26288 [OK] Parking App: Signal handlers loaded successfully
INFO 2025-10-01 04:01:14,650 apps 26960 26288 [OK] Admin interface customized
INFO 2025-10-01 04:01:14,650 apps 26960 26288 [OK] Model Vehicles: Configuration verified
INFO 2025-10-01 04:01:14,650 apps 26960 26288 [OK] Model Parking Slots: Configuration verified
INFO 2025-10-01 04:01:14,650 apps 26960 26288 [INFO] Model Parking Sessions: Basic configuration checked
INFO 2025-10-01 04:01:14,652 apps 26960 26288 [SUCCESS] Parking App: Forbes Marshall SpotCheck ready!
INFO 2025-10-01 10:08:48,732 apps 9408 23296 [CAR] Parking App: Initializing Forbes Marshall SpotCheck...
INFO 2025-10-01 10:08:48,735 apps 9408 23296 [OK] Parking App: Signal handlers loaded successfully
INFO 2025-10-01 10:08:48,735 apps 9408 23296 [OK] Admin interface customized
INFO 2025-10-01 10:08:48,735 apps 9408 23296 [OK] Model Vehicles: Configuration verified
INFO 2025-10-01 10:08:48,735 apps 9408 23296 [OK] Model Parking Slots: Configuration verified
INFO 2025-10-01 10:08:48,736 apps 9408 23296 [INFO] Model Parking Sessions: Basic configuration checked
INFO 2025-10-01 10:08:48,736 apps 9408 23296 [SUCCESS] Parking App: Forbes Marshall SpotCheck ready!
INFO 2025-10-01 10:08:49,550 apps 3200 6080 [CAR] Parking App: Initializing Forbes Marshall SpotCheck...
INFO 2025-10-01 10:08:49,553 apps 3200 6080 [OK] Parking App: Signal handlers loaded successfully
INFO 2025-10-01 10:08:49,553 apps 3200 6080 [OK] Admin interface customized
INFO 2025-10-01 10:08:49,553 apps 3200 6080 [OK] Model Vehicles: Configuration verified
INFO 2025-10-01 10:08:49,553 apps 3200 6080 [OK] Model Parking Slots: Configuration verified
INFO 2025-10-01 10:08:49,554 apps 3200 6080 [INFO] Model Parking Sessions: Basic configuration checked
INFO 2025-10-01 10:08:49,554 apps 3200 6080 [SUCCESS] Parking App: Forbes Marshall SpotCheck ready!
INFO 2025-10-01 11:51:52,596 apps 24020 22424 [CAR] Parking App: Initializing Forbes Marshall SpotCheck...
INFO 2025-10-01 11:51:52,598 apps 24020 22424 [OK] Parking App: Signal handlers loaded successfully
INFO 2025-10-01 11:51:52,599 apps 24020 22424 [OK] Admin interface customized
INFO 2025-10-01 11:51:52,599 apps 24020 22424 [OK] Model Vehicles: Configuration verified
INFO 2025-10-01 11:51:52,599 apps 24020 22424 [OK] Model Parking Slots: Configuration verified
INFO 2025-10-01 11:51:52,599 apps 24020 22424 [INFO] Model Parking Sessions: Basic configuration checked
INFO 2025-10-01 11:51:52,600 apps 24020 22424 [SUCCESS] Parking App: Forbes Marshall SpotCheck ready!
INFO 2025-10-01 11:51:53,535 apps 26896 11648 [CAR] Parking App: Initializing Forbes Marshall SpotCheck...
INFO 2025-10-01 11:51:53,538 apps 26896 11648 [OK] Parking App: Signal handlers loaded successfully
INFO 2025-10-01 11:51:53,538 apps 26896 11648 [OK] Admin interface customized
INFO 2025-10-01 11:51:53,538 apps 26896 11648 [OK] Model Vehicles: Configuration verified
INFO 2025-10-01 11:51:53,538 apps 26896 11648 [OK] Model Parking Slots: Configuration verified
INFO 2025-10-01 11:51:53,539 apps 26896 11648 [INFO] Model Parking Sessions: Basic configuration checked
INFO 2025-10-01 11:51:53,539 apps 26896 11648 [SUCCESS] Parking App: Forbes Marshall SpotCheck ready!
INFO 2025-10-04 19:09:16,827 apps 17048 3584 [CAR] Parking App: Initializing Forbes Marshall SpotCheck...
INFO 2025-10-04 19:09:16,827 apps 17048 3584 [OK] Parking App: Signal handlers loaded successfully
INFO 2025-10-04 19:09:16,827 apps 17048 3584 [OK] Admin interface customized
INFO 2025-10-04 19:09:16,827 apps 17048 3584 [OK] Model Vehicles: Configuration verified
INFO 2025-10-04 19:09:16,827 apps 17048 3584 [OK] Model Parking Slots: Configuration verified
INFO 2025-10-04 19:09:16,827 apps 17048 3584 [INFO] Model Parking Sessions: Basic configuration checked
INFO 2025-10-04 19:09:16,827 apps 17048 3584 [SUCCESS] Parking App: Forbes Marshall SpotCheck ready!
INFO 2025-10-04 19:09:17,357 apps 16668 9880 [CAR] Parking App: Initializing Forbes Marshall SpotCheck...
INFO 2025-10-04 19:09:17,357 apps 16668 9880 [OK] Parking App: Signal handlers loaded successfully
INFO 2025-10-04 19:09:17,357 apps 16668 9880 [OK] Admin interface customized
INFO 2025-10-04 19:09:17,357 apps 16668 9880 [OK] Model Vehicles: Configuration verified
INFO 2025-10-04 19:09:17,362 apps 16668 9880 [OK] Model Parking Slots: Configuration verified
INFO 2025-10-04 19:09:17,362 apps 16668 9880 [INFO] Model Parking Sessions: Basic configuration checked
INFO 2025-10-04 19:09:17,362 apps 16668 9880 [SUCCESS] Parking App: Forbes Marshall SpotCheck ready!
INFO 2025-10-05 21:33:25,142 apps 24140 13056 [CAR] Parking App: Initializing Forbes Marshall SpotCheck...
INFO 2025-10-05 21:33:25,142 apps 24140 13056 [OK] Parking App: Signal handlers loaded successfully
INFO 2025-10-05 21:33:25,142 apps 24140 13056 [OK] Admin interface customized
INFO 2025-10-05 21:33:25,142 apps 24140 13056 [OK] Model Vehicles: Configuration verified
INFO 2025-10-05 21:33:25,142 apps 24140 13056 [OK] Model Parking Slots: Configuration verified
INFO 2025-10-05 21:33:25,142 apps 24140 13056 [INFO] Model Parking Sessions: Basic configuration checked
INFO 2025-10-05 21:33:25,142 apps 24140 13056 [SUCCESS] Parking App: Forbes Marshall SpotCheck ready!
INFO 2025-10-05 21:33:25,688 apps 24648 22740 [CAR] Parking App: Initializing Forbes Marshall SpotCheck...
INFO 2025-10-05 21:33:25,689 apps 24648 22740 [OK] Parking App: Signal handlers loaded successfully
INFO 2025-10-05 21:33:25,689 apps 24648 22740 [OK] Admin interface customized
INFO 2025-10-05 21:33:25,689 apps 24648 22740 [OK] Model Vehicles: Configuration verified
INFO 2025-10-05 21:33:25,689 apps 24648 22740 [OK] Model Parking Slots: Configuration verified
INFO 2025-10-05 21:33:25,689 apps 24648 22740 [INFO] Model Parking Sessions: Basic configuration checked
INFO 2025-10-05 21:33:25,689 apps 24648 22740 [SUCCESS] Parking App: Forbes Marshall SpotCheck ready!
INFO 2025-10-05 23:26:13,435 apps 23724 1696 [CAR] Parking App: Initializing Forbes Marshall SpotCheck...
INFO 2025-10-05 23:26:13,438 apps 23724 1696 [OK] Parking App: Signal handlers loaded successfully
INFO 2025-10-05 23:26:13,438 apps 23724 1696 [OK] Admin interface customized
INFO 2025-10-05 23:26:13,438 apps 23724 1696 [OK] Model Vehicles: Configuration verified
INFO 2025-10-05 23:26:13,438 apps 23724 1696 [OK] Model Parking Slots: Configuration verified
INFO 2025-10-05 23:26:13,438 apps 23724 1696 [INFO] Model Parking Sessions: Basic configuration checked
INFO 2025-10-05 23:26:13,438 apps 23724 1696 [SUCCESS] Parking App: Forbes Marshall SpotCheck ready!
INFO 2025-10-05 23:35:01,821 apps 13984 22668 [CAR] Parking App: Initializing Forbes Marshall SpotCheck...
INFO 2025-10-05 23:35:01,822 apps 13984 22668 [OK] Parking App: Signal handlers loaded successfully
INFO 2025-10-05 23:35:01,822 apps 13984 22668 [OK] Admin interface customized
INFO 2025-10-05 23:35:01,824 apps 13984 22668 [OK] Model Vehicles: Configuration verified
INFO 2025-10-05 23:35:01,824 apps 13984 22668 [OK] Model Parking Slots: Configuration verified
INFO 2025-10-05 23:35:01,824 apps 13984 22668 [INFO] Model Parking Sessions: Basic configuration checked
INFO 2025-10-05 23:35:01,824 apps 13984 22668 [SUCCESS] Parking App: Forbes Marshall SpotCheck ready!
INFO 2025-10-05 23:35:02,501 apps 26144 12012 [CAR] Parking App: Initializing Forbes Marshall SpotCheck...
INFO 2025-10-05 23:35:02,503 apps 26144 12012 [OK] Parking App: Signal handlers loaded successfully
INFO 2025-10-05 23:35:02,503 apps 26144 12012 [OK] Admin interface customized
INFO 2025-10-05 23:35:02,503 apps 26144 12012 [OK] Model Vehicles: Configuration verified
INFO 2025-10-05 23:35:02,503 apps 26144 12012 [OK] Model Parking Slots: Configuration verified
INFO 2025-10-05 23:35:02,504 apps 26144 12012 [INFO] Model Parking Sessions: Basic configuration checked
INFO 2025-10-05 23:35:02,504 apps 26144 12012 [SUCCESS] Parking App: Forbes Marshall SpotCheck ready!
INFO 2025-10-05 23:52:29,678 apps 16804 21852 [CAR] Parking App: Initializing Forbes Marshall SpotCheck...
INFO 2025-10-05 23:52:29,680 apps 16804 21852 [OK] Parking App: Signal handlers loaded successfully
INFO 2025-10-05 23:52:29,680 apps 16804 21852 [OK] Admin interface customized
INFO 2025-10-05 23:52:29,680 apps 16804 21852 [OK] Model Vehicles: Configuration verified
INFO 2025-10-05 23:52:29,680 apps 16804 21852 [OK] Model Parking Slots: Configuration verified
INFO 2025-10-05 23:52:29,681 apps 16804 21852 [INFO] Model Parking Sessions: Basic configuration checked
INFO 2025-10-05 23:52:29,681 apps 16804 21852 [SUCCESS] Parking App: Forbes Marshall SpotCheck ready!
INFO 2025-10-05 23:53:50,188 apps 26276 1864 [CAR] Parking App: Initializing Forbes Marshall SpotCheck...
INFO 2025-10-05 23:53:50,190 apps 26276 1864 [OK] Parking App: Signal handlers loaded successfully
INFO 2025-10-05 23:53:50,190 apps 26276 1864 [OK] Admin interface customized
INFO 2025-10-05 23:53:50,190 apps 26276 1864 [OK] Model Vehicles: Configuration verified
INFO 2025-10-05 23:53:50,190 apps 26276 1864 [OK] Model Parking Slots: Configuration verified
INFO 2025-10-05 23:53:50,191 apps 26276 1864 [INFO] Model Parking Sessions: Basic configuration checked
INFO 2025-10-05 23:53:50,191 apps 26276 1864 [SUCCESS] Parking App: Forbes Marshall SpotCheck ready!
INFO 2025-10-05 23:53:50,876 apps 24988 25476 [CAR] Parking App: Initializing Forbes Marshall SpotCheck...
INFO 2025-10-05 23:53:50,877 apps 24988 25476 [OK] Parking App: Signal handlers loaded successfully
INFO 2025-10-05 23:53:50,879 apps 24988 25476 [OK] Admin interface customized
INFO 2025-10-05 23:53:50,879 apps 24988 25476 [OK] Model Vehicles: Configuration verified
INFO 2025-10-05 23:53:50,879 apps 24988 25476 [OK] Model Parking Slots: Configuration verified
INFO 2025-10-05 23:53:50,879 apps 24988 25476 [INFO] Model Parking Sessions: Basic configuration checked
INFO 2025-10-05 23:53:50,879 apps 24988 25476 [SUCCESS] Parking App: Forbes Marshall SpotCheck ready!
INFO 2025-10-05 23:54:51,507 apps 25244 4700 [CAR] Parking App: Initializing Forbes Marshall SpotCheck...
INFO 2025-10-05 23:54:51,509 apps 25244 4700 [OK] Parking App: Signal handlers loaded successfully
INFO 2025-10-05 23:54:51,509 apps 25244 4700 [OK] Admin interface customized
INFO 2025-10-05 23:54:51,509 apps 25244 4700 [OK] Model Vehicles: Configuration verified
INFO 2025-10-05 23:54:51,509 apps 25244 4700 [OK] Model Parking Slots: Configuration verified
INFO 2025-10-05 23:54:51,509 apps 25244 4700 [INFO] Model Parking Sessions: Basic configuration checked
INFO 2025-10-05 23:54:51,509 apps 25244 4700 [SUCCESS] Parking App: Forbes Marshall SpotCheck ready!
INFO 2025-10-05 23:54:52,220 apps 24372 17960 [CAR] Parking App: Initializing Forbes Marshall SpotCheck...
INFO 2025-10-05 23:54:52,221 apps 24372 17960 [OK] Parking App: Signal handlers loaded successfully
INFO 2025-10-05 23:54:52,222 apps 24372 17960 [OK] Admin interface customized
INFO 2025-10-05 23:54:52,222 apps 24372 17960 [OK] Model Vehicles: Configuration verified
INFO 2025-10-05 23:54:52,222 apps 24372 17960 [OK] Model Parking Slots: Configuration verified
INFO 2025-10-05 23:54:52,223 apps 24372 17960 [INFO] Model Parking Sessions: Basic configuration checked
INFO 2025-10-05 23:54:52,223 apps 24372 17960 [SUCCESS] Parking App: Forbes Marshall SpotCheck ready!
INFO 2025-10-06 00:04:13,953 apps 26168 16500 [CAR] Parking App: Initializing Forbes Marshall SpotCheck...
INFO 2025-10-06 00:04:13,955 apps 26168 16500 [OK] Parking App: Signal handlers loaded successfully
INFO 2025-10-06 00:04:13,955 apps 26168 16500 [OK] Admin interface customized
INFO 2025-10-06 00:04:13,955 apps 26168 16500 [OK] Model Vehicles: Configuration verified
INFO 2025-10-06 00:04:13,955 apps 26168 16500 [OK] Model Parking Slots: Configuration verified
INFO 2025-10-06 00:04:13,955 apps 26168 16500 [INFO] Model Parking Sessions: Basic configuration checked
INFO 2025-10-06 00:04:13,956 apps 26168 16500 [SUCCESS] Parking App: Forbes Marshall SpotCheck ready!
INFO 2025-10-06 00:04:14,554 apps 25640 21356 [CAR] Parking App: Initializing Forbes Marshall SpotCheck...
INFO 2025-10-06 00:04:14,555 apps 25640 21356 [OK] Parking App: Signal handlers loaded successfully
INFO 2025-10-06 00:04:14,556 apps 25640 21356 [OK] Admin interface customized
INFO 2025-10-06 00:04:14,556 apps 25640 21356 [OK] Model Vehicles: Configuration verified
INFO 2025-10-06 00:04:14,556 apps 25640 21356 [OK] Model Parking Slots: Configuration verified
INFO 2025-10-06 00:04:14,556 apps 25640 21356 [INFO] Model Parking Sessions: Basic configuration checked
INFO 2025-10-06 00:04:14,556 apps 25640 21356 [SUCCESS] Parking App: Forbes Marshall SpotCheck ready!
INFO 2025-10-06 00:04:40,502 apps 18540 7160 [CAR] Parking App: Initializing Forbes Marshall SpotCheck...
INFO 2025-10-06 00:04:40,504 apps 18540 7160 [OK] Parking App: Signal handlers loaded successfully
INFO 2025-10-06 00:04:40,505 apps 18540 7160 [OK] Admin interface customized
INFO 2025-10-06 00:04:40,505 apps 18540 7160 [OK] Model Vehicles: Configuration verified
INFO 2025-10-06 00:04:40,505 apps 18540 7160 [OK] Model Parking Slots: Configuration verified
INFO 2025-10-06 00:04:40,505 apps 18540 7160 [INFO] Model Parking Sessions: Basic configuration checked
INFO 2025-10-06 00:04:40,505 apps 18540 7160 [SUCCESS] Parking App: Forbes Marshall SpotCheck ready!
INFO 2025-10-06 00:04:41,177 apps 17836 7856 [CAR] Parking App: Initializing Forbes Marshall SpotCheck...
INFO 2025-10-06 00:04:41,179 apps 17836 7856 [OK] Parking App: Signal handlers loaded successfully
INFO 2025-10-06 00:04:41,179 apps 17836 7856 [OK] Admin interface customized
INFO 2025-10-06 00:04:41,179 apps 17836 7856 [OK] Model Vehicles: Configuration verified
INFO 2025-10-06 00:04:41,179 apps 17836 7856 [OK] Model Parking Slots: Configuration verified
INFO 2025-10-06 00:04:41,180 apps 17836 7856 [INFO] Model Parking Sessions: Basic configuration checked
INFO 2025-10-06 00:04:41,180 apps 17836 7856 [SUCCESS] Parking App: Forbes Marshall SpotCheck ready!
INFO 2025-10-06 00:05:07,743 apps 26552 23324 [CAR] Parking App: Initializing Forbes Marshall SpotCheck...
INFO 2025-10-06 00:05:07,744 apps 26552 23324 [OK] Parking App: Signal handlers loaded successfully
INFO 2025-10-06 00:05:07,744 apps 26552 23324 [OK] Admin interface customized
INFO 2025-10-06 00:05:07,744 apps 26552 23324 [OK] Model Vehicles: Configuration verified
INFO 2025-10-06 00:05:07,746 apps 26552 23324 [OK] Model Parking Slots: Configuration verified
INFO 2025-10-06 00:05:07,746 apps 26552 23324 [INFO] Model Parking Sessions: Basic configuration checked
INFO 2025-10-06 00:05:07,746 apps 26552 23324 [SUCCESS] Parking App: Forbes Marshall SpotCheck ready!
INFO 2025-10-06 00:05:08,395 apps 13820 25324 [CAR] Parking App: Initializing Forbes Marshall SpotCheck...
INFO 2025-10-06 00:05:08,399 apps 13820 25324 [OK] Parking App: Signal handlers loaded successfully
INFO 2025-10-06 00:05:08,399 apps 13820 25324 [OK] Admin interface customized
INFO 2025-10-06 00:05:08,399 apps 13820 25324 [OK] Model Vehicles: Configuration verified
INFO 2025-10-06 00:05:08,399 apps 13820 25324 [OK] Model Parking Slots: Configuration verified
INFO 2025-10-06 00:05:08,399 apps 13820 25324 [INFO] Model Parking Sessions: Basic configuration checked
INFO 2025-10-06 00:05:08,400 apps 13820 25324 [SUCCESS] Parking App: Forbes Marshall SpotCheck ready!
INFO 2025-10-06 00:05:33,275 apps 10868 8976 [CAR] Parking App: Initializing Forbes Marshall SpotCheck...
INFO 2025-10-06 00:05:33,276 apps 10868 8976 [OK] Parking App: Signal handlers loaded successfully
INFO 2025-10-06 00:05:33,277 apps 10868 8976 [OK] Admin interface customized
INFO 2025-10-06 00:05:33,277 apps 10868 8976 [OK] Model Vehicles: Configuration verified
INFO 2025-10-06 00:05:33,277 apps 10868 8976 [OK] Model Parking Slots: Configuration verified
INFO 2025-10-06 00:05:33,277 apps 10868 8976 [INFO] Model Parking Sessions: Basic configuration checked
INFO 2025-10-06 00:05:33,277 apps 10868 8976 [SUCCESS] Parking App: Forbes Marshall SpotCheck ready!
INFO 2025-10-06 00:05:33,919 apps 9696 23544 [CAR] Parking App: Initializing Forbes Marshall SpotCheck...
INFO 2025-10-06 00:05:33,921 apps 9696 23544 [OK] Parking App: Signal handlers loaded successfully
INFO 2025-10-06 00:05:33,921 apps 9696 23544 [OK] Admin interface customized
INFO 2025-10-06 00:05:33,921 apps 9696 23544 [OK] Model Vehicles: Configuration verified
INFO 2025-10-06 00:05:33,921 apps 9696 23544 [OK] Model Parking Slots: Configuration verified
INFO 2025-10-06 00:05:33,922 apps 9696 23544 [INFO] Model Parking Sessions: Basic configuration checked
INFO 2025-10-06 00:05:33,922 apps 9696 23544 [SUCCESS] Parking App: Forbes Marshall SpotCheck ready!
INFO 2025-10-06 00:27:04,757 apps 3560 25620 [CAR] Parking App: Initializing Forbes Marshall SpotCheck...
INFO 2025-10-06 00:27:04,757 apps 3560 25620 [OK] Parking App: Signal handlers loaded successfully
INFO 2025-10-06 00:27:04,757 apps 3560 25620 [OK] Admin interface customized
INFO 2025-10-06 00:27:04,757 apps 3560 25620 [OK] Model Vehicles: Configuration verified
INFO 2025-10-06 00:27:04,757 apps 3560 25620 [OK] Model Parking Slots: Configuration verified
INFO 2025-10-06 00:27:04,757 apps 3560 25620 [INFO] Model Parking Sessions: Basic configuration checked
INFO 2025-10-06 00:27:04,757 apps 3560 25620 [SUCCESS] Parking App: Forbes Marshall SpotCheck ready!
INFO 2025-10-06 00:27:05,880 apps 25564 10200 [CAR] Parking App: Initializing Forbes Marshall SpotCheck...
INFO 2025-10-06 00:27:05,882 apps 25564 10200 [OK] Parking App: Signal handlers loaded successfully
INFO 2025-10-06 00:27:05,882 apps 25564 10200 [OK] Admin interface customized
INFO 2025-10-06 00:27:05,882 apps 25564 10200 [OK] Model Vehicles: Configuration verified
INFO 2025-10-06 00:27:05,882 apps 25564 10200 [OK] Model Parking Slots: Configuration verified
INFO 2025-10-06 00:27:05,882 apps 25564 10200 [INFO] Model Parking Sessions: Basic configuration checked
INFO 2025-10-06 00:27:05,882 apps 25564 10200 [SUCCESS] Parking App: Forbes Marshall SpotCheck ready!
INFO 2025-10-07 20:35:37,379 apps 23308 10136 [CAR] Parking App: Initializing Forbes Marshall SpotCheck...
INFO 2025-10-07 20:35:37,380 apps 23308 10136 [OK] Parking App: Signal handlers loaded successfully
INFO 2025-10-07 20:35:37,380 apps 23308 10136 [OK] Admin interface customized
INFO 2025-10-07 20:35:37,380 apps 23308 10136 [OK] Model Vehicles: Configuration verified
INFO 2025-10-07 20:35:37,380 apps 23308 10136 [OK] Model Parking Slots: Configuration verified
INFO 2025-10-07 20:35:37,380 apps 23308 10136 [INFO] Model Parking Sessions: Basic configuration checked
INFO 2025-10-07 20:35:37,380 apps 23308 10136 [SUCCESS] Parking App: Forbes Marshall SpotCheck ready!
INFO 2025-10-07 20:35:37,888 apps 15288 4300 [CAR] Parking App: Initializing Forbes Marshall SpotCheck...
INFO 2025-10-07 20:35:37,888 apps 15288 4300 [OK] Parking App: Signal handlers loaded successfully
INFO 2025-10-07 20:35:37,888 apps 15288 4300 [OK] Admin interface customized
INFO 2025-10-07 20:35:37,888 apps 15288 4300 [OK] Model Vehicles: Configuration verified
INFO 2025-10-07 20:35:37,888 apps 15288 4300 [OK] Model Parking Slots: Configuration verified
INFO 2025-10-07 20:35:37,888 apps 15288 4300 [INFO] Model Parking Sessions: Basic configuration checked
INFO 2025-10-07 20:35:37,888 apps 15288 4300 [SUCCESS] Parking App: Forbes Marshall SpotCheck ready!
INFO 2025-10-07 21:26:00,437 apps 12824 23672 [CAR] Parking App: Initializing Forbes Marshall SpotCheck...
INFO 2025-10-07 21:26:00,460 apps 12824 23672 [OK] Parking App: Signal handlers loaded successfully
INFO 2025-10-07 21:26:00,461 apps 12824 23672 [OK] Admin interface customized
INFO 2025-10-07 21:26:00,462 apps 12824 23672 [OK] Model Vehicles: Configuration verified
INFO 2025-10-07 21:26:00,462 apps 12824 23672 [OK] Model Parking Slots: Configuration verified
INFO 2025-10-07 21:26:00,462 apps 12824 23672 [INFO] Model Parking Sessions: Basic configuration checked
INFO 2025-10-07 21:26:00,462 apps 12824 23672 [SUCCESS] Parking App: Forbes Marshall SpotCheck ready!
INFO 2025-10-07 22:33:06,730 apps 20356 10228 [CAR] Parking App: Initializing Forbes Marshall SpotCheck...
INFO 2025-10-07 22:33:06,748 apps 20356 10228 [OK] Parking App: Signal handlers loaded successfully
INFO 2025-10-07 22:33:06,748 apps 20356 10228 [OK] Admin interface customized
INFO 2025-10-07 22:33:06,748 apps 20356 10228 [OK] Model Vehicles: Configuration verified
INFO 2025-10-07 22:33:06,748 apps 20356 10228 [OK] Model Parking Slots: Configuration verified
INFO 2025-10-07 22:33:06,749 apps 20356 10228 [INFO] Model Parking Sessions: Basic configuration checked
INFO 2025-10-07 22:33:06,749 apps 20356 10228 [SUCCESS] Parking App: Forbes Marshall SpotCheck ready!
INFO 2025-10-07 22:33:19,312 apps 22644 2396 [CAR] Parking App: Initializing Forbes Marshall SpotCheck...
INFO 2025-10-07 22:33:19,312 apps 22644 2396 [OK] Parking App: Signal handlers loaded successfully
INFO 2025-10-07 22:33:19,312 apps 22644 2396 [OK] Admin interface customized
INFO 2025-10-07 22:33:19,312 apps 22644 2396 [OK] Model Vehicles: Configuration verified
INFO 2025-10-07 22:33:19,312 apps 22644 2396 [OK] Model Parking Slots: Configuration verified
INFO 2025-10-07 22:33:19,318 apps 22644 2396 [INFO] Model Parking Sessions: Basic configuration checked
INFO 2025-10-07 22:33:19,318 apps 22644 2396 [SUCCESS] Parking App: Forbes Marshall SpotCheck ready!
INFO 2025-10-07 22:33:19,839 apps 17124 3788 [CAR] Parking App: Initializing Forbes Marshall SpotCheck...
INFO 2025-10-07 22:33:19,840 apps 17124 3788 [OK] Parking App: Signal handlers loaded successfully
INFO 2025-10-07 22:33:19,841 apps 17124 3788 [OK] Admin interface customized
INFO 2025-10-07 22:33:19,841 apps 17124 3788 [OK] Model Vehicles: Configuration verified
INFO 2025-10-07 22:33:19,841 apps 17124 3788 [OK] Model Parking Slots: Configuration verified
INFO 2025-10-07 22:33:19,841 apps 17124 3788 [INFO] Model Parking Sessions: Basic configuration checked
INFO 2025-10-07 22:33:19,841 apps 17124 3788 [SUCCESS] Parking App: Forbes Marshall SpotCheck ready!
INFO 2025-10-07 22:41:50,604 apps 10748 9348 [CAR] Parking App: Initializing Forbes Marshall SpotCheck...
INFO 2025-10-07 22:41:50,609 apps 10748 9348 [OK] Parking App: Signal handlers loaded successfully
INFO 2025-10-07 22:41:50,609 apps 10748 9348 [OK] Admin interface customized
INFO 2025-10-07 22:41:50,610 apps 10748 9348 [OK] Model Vehicles: Configuration verified
INFO 2025-10-07 22:41:50,610 apps 10748 9348 [OK] Model Parking Slots: Configuration verified
INFO 2025-10-07 22:41:50,610 apps 10748 9348 [INFO] Model Parking Sessions: Basic configuration checked
INFO 2025-10-07 22:41:50,610 apps 10748 9348 [SUCCESS] Parking App: Forbes Marshall SpotCheck ready!
INFO 2025-10-07 22:48:18,578 apps 15096 3488 [CAR] Parking App: Initializing Forbes Marshall SpotCheck...
INFO 2025-10-07 22:48:18,578 apps 15096 3488 [OK] Parking App: Signal handlers loaded successfully
INFO 2025-10-07 22:48:18,578 apps 15096 3488 [OK] Admin interface customized
INFO 2025-10-07 22:48:18,578 apps 15096 3488 [OK] Model Vehicles: Configuration verified
INFO 2025-10-07 22:48:18,578 apps 15096 3488 [OK] Model Parking Slots: Configuration verified
INFO 2025-10-07 22:48:18,578 apps 15096 3488 [INFO] Model Parking Sessions: Basic configuration checked
INFO 2025-10-07 22:48:18,578 apps 15096 3488 [SUCCESS] Parking App: Forbes Marshall SpotCheck ready!
INFO 2025-10-07 22:51:21,373 apps 7480 4936 [CAR] Parking App: Initializing Forbes Marshall SpotCheck...
INFO 2025-10-07 22:51:21,374 apps 7480 4936 [OK] Parking App: Signal handlers loaded successfully
INFO 2025-10-07 22:51:21,374 apps 7480 4936 [OK] Admin interface customized
INFO 2025-10-07 22:51:21,374 apps 7480 4936 [OK] Model Vehicles: Configuration verified
INFO 2025-10-07 22:51:21,375 apps 7480 4936 [OK] Model Parking Slots: Configuration verified
INFO 2025-10-07 22:51:21,375 apps 7480 4936 [INFO] Model Parking Sessions: Basic configuration checked
INFO 2025-10-07 22:51:21,375 apps 7480 4936 [SUCCESS] Parking App: Forbes Marshall SpotCheck ready!
INFO 2025-10-07 22:51:39,665 apps 12548 20404 [CAR] Parking App: Initializing Forbes Marshall SpotCheck...
INFO 2025-10-07 22:51:39,666 apps 12548 20404 [OK] Parking App: Signal handlers loaded successfully
INFO 2025-10-07 22:51:39,666 apps 12548 20404 [OK] Admin interface customized
INFO 2025-10-07 22:51:39,667 apps 12548 20404 [OK] Model Vehicles: Configuration verified
INFO 2025-10-07 22:51:39,667 apps 12548 20404 [OK] Model Parking Slots: Configuration verified
INFO 2025-10-07 22:51:39,667 apps 12548 20404 [INFO] Model Parking Sessions: Basic configuration checked
INFO 2025-10-07 22:51:39,667 apps 12548 20404 [SUCCESS] Parking App: Forbes Marshall SpotCheck ready!
INFO 2025-10-07 22:59:20,806 apps 20336 8616 [CAR] Parking App: Initializing Forbes Marshall SpotCheck...
INFO 2025-10-07 22:59:20,808 apps 20336 8616 [OK] Parking App: Signal handlers loaded successfully
INFO 2025-10-07 22:59:20,808 apps 20336 8616 [OK] Admin interface customized
INFO 2025-10-07 22:59:20,809 apps 20336 8616 [OK] Model Vehicles: Configuration verified
INFO 2025-10-07 22:59:20,809 apps 20336 8616 [OK] Model Parking Slots: Configuration verified
INFO 2025-10-07 22:59:20,809 apps 20336 8616 [INFO] Model Parking Sessions: Basic configuration checked
INFO 2025-10-07 22:59:20,809 apps 20336 8616 [SUCCESS] Parking App: Forbes Marshall SpotCheck ready!
INFO 2025-10-07 23:12:35,460 apps 18824 23256 [CAR] Parking App: Initializing Forbes Marshall SpotCheck...
INFO 2025-10-07 23:12:35,463 apps 18824 23256 [OK] Parking App: Signal handlers loaded successfully
INFO 2025-10-07 23:12:35,463 apps 18824 23256 [OK] Admin interface customized
INFO 2025-10-07 23:12:35,463 apps 18824 23256 [OK] Model Vehicles: Configuration verified
INFO 2025-10-07 23:12:35,463 apps 18824 23256 [OK] Model Parking Slots: Configuration verified
INFO 2025-10-07 23:12:35,463 apps 18824 23256 [INFO] Model Parking Sessions: Basic configuration checked
INFO 2025-10-07 23:12:35,463 apps 18824 23256 [SUCCESS] Parking App: Forbes Marshall SpotCheck ready!
INFO 2025-10-07 23:12:36,064 apps 18792 10732 [CAR] Parking App: Initializing Forbes Marshall SpotCheck...
INFO 2025-10-07 23:12:36,066 apps 18792 10732 [OK] Parking App: Signal handlers loaded successfully
INFO 2025-10-07 23:12:36,066 apps 18792 10732 [OK] Admin interface customized
INFO 2025-10-07 23:12:36,066 apps 18792 10732 [OK] Model Vehicles: Configuration verified
INFO 2025-10-07 23:12:36,066 apps 18792 10732 [OK] Model Parking Slots: Configuration verified
INFO 2025-10-07 23:12:36,066 apps 18792 10732 [INFO] Model Parking Sessions: Basic configuration checked
INFO 2025-10-07 23:12:36,066 apps 18792 10732 [SUCCESS] Parking App: Forbes Marshall SpotCheck ready!
INFO 2025-10-07 23:13:37,936 apps 18900 19040 [CAR] Parking App: Initializing Forbes Marshall SpotCheck...
INFO 2025-10-07 23:13:37,938 apps 18900 19040 [OK] Parking App: Signal handlers loaded successfully
INFO 2025-10-07 23:13:37,938 apps 18900 19040 [OK] Admin interface customized
INFO 2025-10-07 23:13:37,938 apps 18900 19040 [OK] Model Vehicles: Configuration verified
INFO 2025-10-07 23:13:37,938 apps 18900 19040 [OK] Model Parking Slots: Configuration verified
INFO 2025-10-07 23:13:37,938 apps 18900 19040 [INFO] Model Parking Sessions: Basic configuration checked
INFO 2025-10-07 23:13:37,938 apps 18900 19040 [SUCCESS] Parking App: Forbes Marshall SpotCheck ready!
INFO 2025-10-07 23:13:38,570 apps 17728 18420 [CAR] Parking App: Initializing Forbes Marshall SpotCheck...
INFO 2025-10-07 23:13:38,572 apps 17728 18420 [OK] Parking App: Signal handlers loaded successfully
INFO 2025-10-07 23:13:38,572 apps 17728 18420 [OK] Admin interface customized
INFO 2025-10-07 23:13:38,572 apps 17728 18420 [OK] Model Vehicles: Configuration verified
INFO 2025-10-07 23:13:38,572 apps 17728 18420 [OK] Model Parking Slots: Configuration verified
INFO 2025-10-07 23:13:38,573 apps 17728 18420 [INFO] Model Parking Sessions: Basic configuration checked
INFO 2025-10-07 23:13:38,573 apps 17728 18420 [SUCCESS] Parking App: Forbes Marshall SpotCheck ready!
INFO 2025-10-07 23:16:14,347 apps 22536 24036 [CAR] Parking App: Initializing Forbes Marshall SpotCheck...
INFO 2025-10-07 23:16:14,348 apps 22536 24036 [OK] Parking App: Signal handlers loaded successfully
INFO 2025-10-07 23:16:14,348 apps 22536 24036 [OK] Admin interface customized
INFO 2025-10-07 23:16:14,350 apps 22536 24036 [OK] Model Vehicles: Configuration verified
INFO 2025-10-07 23:16:14,350 apps 22536 24036 [OK] Model Parking Slots: Configuration verified
INFO 2025-10-07 23:16:14,350 apps 22536 24036 [INFO] Model Parking Sessions: Basic configuration checked
INFO 2025-10-07 23:16:14,350 apps 22536 24036 [SUCCESS] Parking App: Forbes Marshall SpotCheck ready!
INFO 2025-10-07 23:16:15,069 apps 16272 7740 [CAR] Parking App: Initializing Forbes Marshall SpotCheck...
INFO 2025-10-07 23:16:15,071 apps 16272 7740 [OK] Parking App: Signal handlers loaded successfully
INFO 2025-10-07 23:16:15,071 apps 16272 7740 [OK] Admin interface customized
INFO 2025-10-07 23:16:15,071 apps 16272 7740 [OK] Model Vehicles: Configuration verified
INFO 2025-10-07 23:16:15,071 apps 16272 7740 [OK] Model Parking Slots: Configuration verified
INFO 2025-10-07 23:16:15,071 apps 16272 7740 [INFO] Model Parking Sessions: Basic configuration checked
INFO 2025-10-07 23:16:15,071 apps 16272 7740 [SUCCESS] Parking App: Forbes Marshall SpotCheck ready!
INFO 2025-10-07 23:17:19,826 apps 25196 17984 [CAR] Parking App: Initializing Forbes Marshall SpotCheck...
INFO 2025-10-07 23:17:19,827 apps 25196 17984 [OK] Parking App: Signal handlers loaded successfully
INFO 2025-10-07 23:17:19,828 apps 25196 17984 [OK] Admin interface customized
INFO 2025-10-07 23:17:19,828 apps 25196 17984 [OK] Model Vehicles: Configuration verified
INFO 2025-10-07 23:17:19,828 apps 25196 17984 [OK] Model Parking Slots: Configuration verified
INFO 2025-10-07 23:17:19,828 apps 25196 17984 [INFO] Model Parking Sessions: Basic configuration checked
INFO 2025-10-07 23:17:19,828 apps 25196 17984 [SUCCESS] Parking App: Forbes Marshall SpotCheck ready!
INFO 2025-10-07 23:17:20,487 apps 21808 24216 [CAR] Parking App: Initializing Forbes Marshall SpotCheck...
INFO 2025-10-07 23:17:20,489 apps 21808 24216 [OK] Parking App: Signal handlers loaded successfully
INFO 2025-10-07 23:17:20,489 apps 21808 24216 [OK] Admin interface customized
INFO 2025-10-07 23:17:20,489 apps 21808 24216 [OK] Model Vehicles: Configuration verified
INFO 2025-10-07 23:17:20,490 apps 21808 24216 [OK] Model Parking Slots: Configuration verified
INFO 2025-10-07 23:17:20,490 apps 21808 24216 [INFO] Model Parking Sessions: Basic configuration checked
INFO 2025-10-07 23:17:20,490 apps 21808 24216 [SUCCESS] Parking App: Forbes Marshall SpotCheck ready!
INFO 2025-10-07 23:19:53,501 apps 11100 4992 [CAR] Parking App: Initializing Forbes Marshall SpotCheck...
INFO 2025-10-07 23:19:53,503 apps 11100 4992 [OK] Parking App: Signal handlers loaded successfully
INFO 2025-10-07 23:19:53,503 apps 11100 4992 [OK] Admin interface customized
INFO 2025-10-07 23:19:53,505 apps 11100 4992 [OK] Model Vehicles: Configuration verified
INFO 2025-10-07 23:19:53,506 apps 11100 4992 [OK] Model Parking Slots: Configuration verified
INFO 2025-10-07 23:19:53,506 apps 11100 4992 [INFO] Model Parking Sessions: Basic configuration checked
INFO 2025-10-07 23:19:53,506 apps 11100 4992 [SUCCESS] Parking App: Forbes Marshall SpotCheck ready!
INFO 2025-10-07 23:19:54,073 apps 24916 18576 [CAR] Parking App: Initializing Forbes Marshall SpotCheck...
INFO 2025-10-07 23:19:54,075 apps 24916 18576 [OK] Parking App: Signal handlers loaded successfully
INFO 2025-10-07 23:19:54,076 apps 24916 18576 [OK] Admin interface customized
INFO 2025-10-07 23:19:54,076 apps 24916 18576 [OK] Model Vehicles: Configuration verified
INFO 2025-10-07 23:19:54,076 apps 24916 18576 [OK] Model Parking Slots: Configuration verified
INFO 2025-10-07 23:19:54,076 apps 24916 18576 [INFO] Model Parking Sessions: Basic configuration checked
INFO 2025-10-07 23:19:54,076 apps 24916 18576 [SUCCESS] Parking App: Forbes Marshall SpotCheck ready!
INFO 2025-10-07 23:19:54,085 apps 23756 20228 [CAR] Parking App: Initializing Forbes Marshall SpotCheck...
INFO 2025-10-07 23:19:54,087 apps 23756 20228 [OK] Parking App: Signal handlers loaded successfully
INFO 2025-10-07 23:19:54,087 apps 23756 20228 [OK] Admin interface customized
INFO 2025-10-07 23:19:54,088 apps 23756 20228 [OK] Model Vehicles: Configuration verified
INFO 2025-10-07 23:19:54,088 apps 23756 20228 [OK] Model Parking Slots: Configuration verified
INFO 2025-10-07 23:19:54,088 apps 23756 20228 [INFO] Model Parking Sessions: Basic configuration checked
INFO 2025-10-07 23:19:54,088 apps 23756 20228 [SUCCESS] Parking App: Forbes Marshall SpotCheck ready!
INFO 2025-10-07 23:22:40,109 apps 1236 10532 [CAR] Parking App: Initializing Forbes Marshall SpotCheck...
INFO 2025-10-07 23:22:40,111 apps 1236 10532 [OK] Parking App: Signal handlers loaded successfully
INFO 2025-10-07 23:22:40,111 apps 1236 10532 [OK] Admin interface customized
INFO 2025-10-07 23:22:40,111 apps 1236 10532 [OK] Model Vehicles: Configuration verified
INFO 2025-10-07 23:22:40,111 apps 1236 10532 [OK] Model Parking Slots: Configuration verified
INFO 2025-10-07 23:22:40,112 apps 1236 10532 [INFO] Model Parking Sessions: Basic configuration checked
INFO 2025-10-07 23:22:40,112 apps 1236 10532 [SUCCESS] Parking App: Forbes Marshall SpotCheck ready!
INFO 2025-10-07 23:23:55,481 apps 19092 23616 [CAR] Parking App: Initializing Forbes Marshall SpotCheck...
INFO 2025-10-07 23:23:55,482 apps 19092 23616 [OK] Parking App: Signal handlers loaded successfully
INFO 2025-10-07 23:23:55,482 apps 19092 23616 [OK] Admin interface customized
INFO 2025-10-07 23:23:55,482 apps 19092 23616 [OK] Model Vehicles: Configuration verified
INFO 2025-10-07 23:23:55,483 apps 19092 23616 [OK] Model Parking Slots: Configuration verified
INFO 2025-10-07 23:23:55,483 apps 19092 23616 [INFO] Model Parking Sessions: Basic configuration checked
INFO 2025-10-07 23:23:55,483 apps 19092 23616 [SUCCESS] Parking App: Forbes Marshall SpotCheck ready!
INFO 2025-10-07 23:23:56,097 apps 5748 18908 [CAR] Parking App: Initializing Forbes Marshall SpotCheck...
INFO 2025-10-07 23:23:56,099 apps 5748 18908 [OK] Parking App: Signal handlers loaded successfully
INFO 2025-10-07 23:23:56,099 apps 5748 18908 [OK] Admin interface customized
INFO 2025-10-07 23:23:56,099 apps 5748 18908 [OK] Model Vehicles: Configuration verified
INFO 2025-10-07 23:23:56,099 apps 5748 18908 [OK] Model Parking Slots: Configuration verified
INFO 2025-10-07 23:23:56,099 apps 5748 18908 [INFO] Model Parking Sessions: Basic configuration checked
INFO 2025-10-07 23:23:56,099 apps 5748 18908 [SUCCESS] Parking App: Forbes Marshall SpotCheck ready!
INFO 2025-10-07 23:32:04,840 apps 4044 10856 [CAR] Parking App: Initializing Forbes Marshall SpotCheck...
INFO 2025-10-07 23:32:04,841 apps 4044 10856 [OK] Parking App: Signal handlers loaded successfully
INFO 2025-10-07 23:32:04,841 apps 4044 10856 [OK] Admin interface customized
INFO 2025-10-07 23:32:04,841 apps 4044 10856 [OK] Model Vehicles: Configuration verified
INFO 2025-10-07 23:32:04,842 apps 4044 10856 [OK] Model Parking Slots: Configuration verified
INFO 2025-10-07 23:32:04,842 apps 4044 10856 [INFO] Model Parking Sessions: Basic configuration checked
INFO 2025-10-07 23:32:04,842 apps 4044 10856 [SUCCESS] Parking App: Forbes Marshall SpotCheck ready!
INFO 2025-10-07 23:32:05,066 apps 24816 10680 [CAR] Parking App: Initializing Forbes Marshall SpotCheck...
INFO 2025-10-07 23:32:05,068 apps 24816 10680 [OK] Parking App: Signal handlers loaded successfully
INFO 2025-10-07 23:32:05,069 apps 24816 10680 [OK] Admin interface customized
INFO 2025-10-07 23:32:05,069 apps 24816 10680 [OK] Model Vehicles: Configuration verified
INFO 2025-10-07 23:32:05,069 apps 24816 10680 [OK] Model Parking Slots: Configuration verified
INFO 2025-10-07 23:32:05,070 apps 24816 10680 [INFO] Model Parking Sessions: Basic configuration checked
INFO 2025-10-07 23:32:05,070 apps 24816 10680 [SUCCESS] Parking App: Forbes Marshall SpotCheck ready!
INFO 2025-10-07 23:32:05,166 apps 25412 22492 [CAR] Parking App: Initializing Forbes Marshall SpotCheck...
INFO 2025-10-07 23:32:05,167 apps 25412 22492 [OK] Parking App: Signal handlers loaded successfully
INFO 2025-10-07 23:32:05,169 apps 25412 22492 [OK] Admin interface customized
INFO 2025-10-07 23:32:05,169 apps 25412 22492 [OK] Model Vehicles: Configuration verified
INFO 2025-10-07 23:32:05,169 apps 25412 22492 [OK] Model Parking Slots: Configuration verified
INFO 2025-10-07 23:32:05,170 apps 25412 22492 [INFO] Model Parking Sessions: Basic configuration checked
INFO 2025-10-07 23:32:05,170 apps 25412 22492 [SUCCESS] Parking App: Forbes Marshall SpotCheck ready!
INFO 2025-10-07 23:32:46,901 apps 19600 9884 [CAR] Parking App: Initializing Forbes Marshall SpotCheck...
INFO 2025-10-07 23:32:46,902 apps 19600 9884 [OK] Parking App: Signal handlers loaded successfully
INFO 2025-10-07 23:32:46,904 apps 19600 9884 [OK] Admin interface customized
INFO 2025-10-07 23:32:46,904 apps 19600 9884 [OK] Model Vehicles: Configuration verified
INFO 2025-10-07 23:32:46,904 apps 19600 9884 [OK] Model Parking Slots: Configuration verified
INFO 2025-10-07 23:32:46,904 apps 19600 9884 [INFO] Model Parking Sessions: Basic configuration checked
INFO 2025-10-07 23:32:46,904 apps 19600 9884 [SUCCESS] Parking App: Forbes Marshall SpotCheck ready!
INFO 2025-10-07 23:32:47,089 apps 18656 1268 [CAR] Parking App: Initializing Forbes Marshall SpotCheck...
INFO 2025-10-07 23:32:47,091 apps 18656 1268 [OK] Parking App: Signal handlers loaded successfully
INFO 2025-10-07 23:32:47,091 apps 18656 1268 [OK] Admin interface customized
INFO 2025-10-07 23:32:47,091 apps 18656 1268 [OK] Model Vehicles: Configuration verified
INFO 2025-10-07 23:32:47,091 apps 18656 1268 [OK] Model Parking Slots: Configuration verified
INFO 2025-10-07 23:32:47,093 apps 18656 1268 [INFO] Model Parking Sessions: Basic configuration checked
INFO 2025-10-07 23:32:47,093 apps 18656 1268 [SUCCESS] Parking App: Forbes Marshall SpotCheck ready!
INFO 2025-10-07 23:32:47,516 apps 18352 25228 [CAR] Parking App: Initializing Forbes Marshall SpotCheck...
INFO 2025-10-07 23:32:47,518 apps 18352 25228 [OK] Parking App: Signal handlers loaded successfully
INFO 2025-10-07 23:32:47,518 apps 18352 25228 [OK] Admin interface customized
INFO 2025-10-07 23:32:47,519 apps 18352 25228 [OK] Model Vehicles: Configuration verified
INFO 2025-10-07 23:32:47,519 apps 18352 25228 [OK] Model Parking Slots: Configuration verified
INFO 2025-10-07 23:32:47,519 apps 18352 25228 [INFO] Model Parking Sessions: Basic configuration checked
INFO 2025-10-07 23:32:47,519 apps 18352 25228 [SUCCESS] Parking App: Forbes Marshall SpotCheck ready!
INFO 2025-10-07 23:33:06,113 apps 25348 14900 [CAR] Parking App: Initializing Forbes Marshall SpotCheck...
INFO 2025-10-07 23:33:06,114 apps 25348 14900 [OK] Parking App: Signal handlers loaded successfully
INFO 2025-10-07 23:33:06,114 apps 25348 14900 [OK] Admin interface customized
INFO 2025-10-07 23:33:06,114 apps 25348 14900 [OK] Model Vehicles: Configuration verified
INFO 2025-10-07 23:33:06,114 apps 25348 14900 [OK] Model Parking Slots: Configuration verified
INFO 2025-10-07 23:33:06,115 apps 25348 14900 [INFO] Model Parking Sessions: Basic configuration checked
INFO 2025-10-07 23:33:06,115 apps 25348 14900 [SUCCESS] Parking App: Forbes Marshall SpotCheck ready!
INFO 2025-10-07 23:33:06,237 apps 1172 14944 [CAR] Parking App: Initializing Forbes Marshall SpotCheck...
INFO 2025-10-07 23:33:06,240 apps 1172 14944 [OK] Parking App: Signal handlers loaded successfully
INFO 2025-10-07 23:33:06,240 apps 1172 14944 [OK] Admin interface customized
INFO 2025-10-07 23:33:06,240 apps 1172 14944 [OK] Model Vehicles: Configuration verified
INFO 2025-10-07 23:33:06,241 apps 1172 14944 [OK] Model Parking Slots: Configuration verified
INFO 2025-10-07 23:33:06,241 apps 1172 14944 [INFO] Model Parking Sessions: Basic configuration checked
INFO 2025-10-07 23:33:06,241 apps 1172 14944 [SUCCESS] Parking App: Forbes Marshall SpotCheck ready!
INFO 2025-10-07 23:33:06,849 apps 15744 17428 [CAR] Parking App: Initializing Forbes Marshall SpotCheck...
INFO 2025-10-07 23:33:06,852 apps 15744 17428 [OK] Parking App: Signal handlers loaded successfully
INFO 2025-10-07 23:33:06,852 apps 15744 17428 [OK] Admin interface customized
INFO 2025-10-07 23:33:06,852 apps 15744 17428 [OK] Model Vehicles: Configuration verified
INFO 2025-10-07 23:33:06,852 apps 15744 17428 [OK] Model Parking Slots: Configuration verified
INFO 2025-10-07 23:33:06,854 apps 15744 17428 [INFO] Model Parking Sessions: Basic configuration checked
INFO 2025-10-07 23:33:06,854 apps 15744 17428 [SUCCESS] Parking App: Forbes Marshall SpotCheck ready!
INFO 2025-10-07 23:33:12,767 apps 5856 25028 [CAR] Parking App: Initializing Forbes Marshall SpotCheck...
INFO 2025-10-07 23:33:12,769 apps 5856 25028 [OK] Parking App: Signal handlers loaded successfully
INFO 2025-10-07 23:33:12,769 apps 5856 25028 [OK] Admin interface customized
INFO 2025-10-07 23:33:12,769 apps 5856 25028 [OK] Model Vehicles: Configuration verified
INFO 2025-10-07 23:33:12,770 apps 5856 25028 [OK] Model Parking Slots: Configuration verified
INFO 2025-10-07 23:33:12,770 apps 5856 25028 [INFO] Model Parking Sessions: Basic configuration checked
INFO 2025-10-07 23:33:12,770 apps 5856 25028 [SUCCESS] Parking App: Forbes Marshall SpotCheck ready!
INFO 2025-10-07 23:33:13,449 apps 15516 18692 [CAR] Parking App: Initializing Forbes Marshall SpotCheck...
INFO 2025-10-07 23:33:13,451 apps 15516 18692 [OK] Parking App: Signal handlers loaded successfully
INFO 2025-10-07 23:33:13,451 apps 15516 18692 [OK] Admin interface customized
INFO 2025-10-07 23:33:13,451 apps 15516 18692 [OK] Model Vehicles: Configuration verified
INFO 2025-10-07 23:33:13,451 apps 15516 18692 [OK] Model Parking Slots: Configuration verified
INFO 2025-10-07 23:33:13,451 apps 15516 18692 [INFO] Model Parking Sessions: Basic configuration checked
INFO 2025-10-07 23:33:13,451 apps 15516 18692 [SUCCESS] Parking App: Forbes Marshall SpotCheck ready!
INFO 2025-10-07 23:33:13,746 apps 24168 20016 [CAR] Parking App: Initializing Forbes Marshall SpotCheck...
INFO 2025-10-07 23:33:13,748 apps 24168 20016 [OK] Parking App: Signal handlers loaded successfully
INFO 2025-10-07 23:33:13,749 apps 24168 20016 [OK] Admin interface customized
INFO 2025-10-07 23:33:13,749 apps 24168 20016 [OK] Model Vehicles: Configuration verified
INFO 2025-10-07 23:33:13,749 apps 24168 20016 [OK] Model Parking Slots: Configuration verified
INFO 2025-10-07 23:33:13,749 apps 24168 20016 [INFO] Model Parking Sessions: Basic configuration checked
INFO 2025-10-07 23:33:13,750 apps 24168 20016 [SUCCESS] Parking App: Forbes Marshall SpotCheck ready!
INFO 2025-10-07 23:33:19,014 apps 19580 25016 [CAR] Parking App: Initializing Forbes Marshall SpotCheck...
INFO 2025-10-07 23:33:19,016 apps 19580 25016 [OK] Parking App: Signal handlers loaded successfully
INFO 2025-10-07 23:33:19,016 apps 19580 25016 [OK] Admin interface customized
INFO 2025-10-07 23:33:19,017 apps 19580 25016 [OK] Model Vehicles: Configuration verified
INFO 2025-10-07 23:33:19,017 apps 19580 25016 [OK] Model Parking Slots: Configuration verified
INFO 2025-10-07 23:33:19,017 apps 19580 25016 [INFO] Model Parking Sessions: Basic configuration checked
INFO 2025-10-07 23:33:19,018 apps 19580 25016 [SUCCESS] Parking App: Forbes Marshall SpotCheck ready!
INFO 2025-10-07 23:33:19,111 apps 24632 17556 [CAR] Parking App: Initializing Forbes Marshall SpotCheck...
INFO 2025-10-07 23:33:19,112 apps 24632 17556 [OK] Parking App: Signal handlers loaded successfully
INFO 2025-10-07 23:33:19,113 apps 24632 17556 [OK] Admin interface customized
INFO 2025-10-07 23:33:19,113 apps 24632 17556 [OK] Model Vehicles: Configuration verified
INFO 2025-10-07 23:33:19,114 apps 24632 17556 [OK] Model Parking Slots: Configuration verified
INFO 2025-10-07 23:33:19,114 apps 24632 17556 [INFO] Model Parking Sessions: Basic configuration checked
INFO 2025-10-07 23:33:19,114 apps 24632 17556 [SUCCESS] Parking App: Forbes Marshall SpotCheck ready!
INFO 2025-10-07 23:33:19,842 apps 15784 9020 [CAR] Parking App: Initializing Forbes Marshall SpotCheck...
INFO 2025-10-07 23:33:19,843 apps 15784 9020 [OK] Parking App: Signal handlers loaded successfully
INFO 2025-10-07 23:33:19,843 apps 15784 9020 [OK] Admin interface customized
INFO 2025-10-07 23:33:19,843 apps 15784 9020 [OK] Model Vehicles: Configuration verified
INFO 2025-10-07 23:33:19,844 apps 15784 9020 [OK] Model Parking Slots: Configuration verified
INFO 2025-10-07 23:33:19,845 apps 15784 9020 [INFO] Model Parking Sessions: Basic configuration checked
INFO 2025-10-07 23:33:19,845 apps 15784 9020 [SUCCESS] Parking App: Forbes Marshall SpotCheck ready!
INFO 2025-10-07 23:33:26,216 apps 3572 22380 [CAR] Parking App: Initializing Forbes Marshall SpotCheck...
INFO 2025-10-07 23:33:26,218 apps 3572 22380 [OK] Parking App: Signal handlers loaded successfully
INFO 2025-10-07 23:33:26,218 apps 3572 22380 [OK] Admin interface customized
INFO 2025-10-07 23:33:26,218 apps 3572 22380 [OK] Model Vehicles: Configuration verified
INFO 2025-10-07 23:33:26,219 apps 3572 22380 [OK] Model Parking Slots: Configuration verified
INFO 2025-10-07 23:33:26,219 apps 3572 22380 [INFO] Model Parking Sessions: Basic configuration checked
INFO 2025-10-07 23:33:26,219 apps 3572 22380 [SUCCESS] Parking App: Forbes Marshall SpotCheck ready!
INFO 2025-10-07 23:33:26,410 apps 10516 24224 [CAR] Parking App: Initializing Forbes Marshall SpotCheck...
INFO 2025-10-07 23:33:26,411 apps 10516 24224 [OK] Parking App: Signal handlers loaded successfully
INFO 2025-10-07 23:33:26,412 apps 10516 24224 [OK] Admin interface customized
INFO 2025-10-07 23:33:26,412 apps 10516 24224 [OK] Model Vehicles: Configuration verified
INFO 2025-10-07 23:33:26,412 apps 10516 24224 [OK] Model Parking Slots: Configuration verified
INFO 2025-10-07 23:33:26,413 apps 10516 24224 [INFO] Model Parking Sessions: Basic configuration checked
INFO 2025-10-07 23:33:26,413 apps 10516 24224 [SUCCESS] Parking App: Forbes Marshall SpotCheck ready!
INFO 2025-10-07 23:33:26,448 apps 10084 24640 [CAR] Parking App: Initializing Forbes Marshall SpotCheck...
INFO 2025-10-07 23:33:26,450 apps 10084 24640 [OK] Parking App: Signal handlers loaded successfully
INFO 2025-10-07 23:33:26,451 apps 10084 24640 [OK] Admin interface customized
INFO 2025-10-07 23:33:26,451 apps 10084 24640 [OK] Model Vehicles: Configuration verified
INFO 2025-10-07 23:33:26,451 apps 10084 24640 [OK] Model Parking Slots: Configuration verified
INFO 2025-10-07 23:33:26,452 apps 10084 24640 [INFO] Model Parking Sessions: Basic configuration checked
INFO 2025-10-07 23:33:26,452 apps 10084 24640 [SUCCESS] Parking App: Forbes Marshall SpotCheck ready!
INFO 2025-10-07 23:33:33,681 apps 22496 19512 [CAR] Parking App: Initializing Forbes Marshall SpotCheck...
INFO 2025-10-07 23:33:33,682 apps 22496 19512 [OK] Parking App: Signal handlers loaded successfully
INFO 2025-10-07 23:33:33,683 apps 22496 19512 [OK] Admin interface customized
INFO 2025-10-07 23:33:33,684 apps 22496 19512 [OK] Model Vehicles: Configuration verified
INFO 2025-10-07 23:33:33,684 apps 22496 19512 [OK] Model Parking Slots: Configuration verified
INFO 2025-10-07 23:33:33,684 apps 22496 19512 [INFO] Model Parking Sessions: Basic configuration checked
INFO 2025-10-07 23:33:33,684 apps 22496 19512 [SUCCESS] Parking App: Forbes Marshall SpotCheck ready!
INFO 2025-10-07 23:33:33,823 apps 21628 4976 [CAR] Parking App: Initializing Forbes Marshall SpotCheck...
INFO 2025-10-07 23:33:33,826 apps 21628 4976 [OK] Parking App: Signal handlers loaded successfully
INFO 2025-10-07 23:33:33,826 apps 21628 4976 [OK] Admin interface customized
INFO 2025-10-07 23:33:33,826 apps 21628 4976 [OK] Model Vehicles: Configuration verified
INFO 2025-10-07 23:33:33,826 apps 21628 4976 [OK] Model Parking Slots: Configuration verified
INFO 2025-10-07 23:33:33,827 apps 21628 4976 [INFO] Model Parking Sessions: Basic configuration checked
INFO 2025-10-07 23:33:33,827 apps 21628 4976 [SUCCESS] Parking App: Forbes Marshall SpotCheck ready!
INFO 2025-10-07 23:33:33,856 apps 12244 23872 [CAR] Parking App: Initializing Forbes Marshall SpotCheck...
INFO 2025-10-07 23:33:33,858 apps 12244 23872 [OK] Parking App: Signal handlers loaded successfully
INFO 2025-10-07 23:33:33,859 apps 12244 23872 [OK] Admin interface customized
INFO 2025-10-07 23:33:33,859 apps 12244 23872 [OK] Model Vehicles: Configuration verified
INFO 2025-10-07 23:33:33,859 apps 12244 23872 [OK] Model Parking Slots: Configuration verified
INFO 2025-10-07 23:33:33,860 apps 12244 23872 [INFO] Model Parking Sessions: Basic configuration checked
INFO 2025-10-07 23:33:33,860 apps 12244 23872 [SUCCESS] Parking App: Forbes Marshall SpotCheck ready!
INFO 2025-10-07 23:36:46,949 apps 24904 25456 [CAR] Parking App: Initializing Forbes Marshall SpotCheck...
INFO 2025-10-07 23:36:46,951 apps 24904 25456 [OK] Parking App: Signal handlers loaded successfully
INFO 2025-10-07 23:36:46,951 apps 24904 25456 [OK] Admin interface customized
INFO 2025-10-07 23:36:46,951 apps 24904 25456 [OK] Model Vehicles: Configuration verified
INFO 2025-10-07 23:36:46,951 apps 24904 25456 [OK] Model Parking Slots: Configuration verified
INFO 2025-10-07 23:36:46,951 apps 24904 25456 [INFO] Model Parking Sessions: Basic configuration checked
INFO 2025-10-07 23:36:46,952 apps 24904 25456 [SUCCESS] Parking App: Forbes Marshall SpotCheck ready!
INFO 2025-10-07 23:36:47,627 apps 16976 2860 [CAR] Parking App: Initializing Forbes Marshall SpotCheck...
INFO 2025-10-07 23:36:47,629 apps 16976 2860 [OK] Parking App: Signal handlers loaded successfully
INFO 2025-10-07 23:36:47,629 apps 16976 2860 [OK] Admin interface customized
INFO 2025-10-07 23:36:47,629 apps 16976 2860 [OK] Model Vehicles: Configuration verified
INFO 2025-10-07 23:36:47,629 apps 16976 2860 [OK] Model Parking Slots: Configuration verified
INFO 2025-10-07 23:36:47,630 apps 16976 2860 [INFO] Model Parking Sessions: Basic configuration checked
INFO 2025-10-07 23:36:47,630 apps 16976 2860 [SUCCESS] Parking App: Forbes Marshall SpotCheck ready!
INFO 2025-10-07 23:37:58,607 apps 17692 22556 [CAR] Parking App: Initializing Forbes Marshall SpotCheck...
INFO 2025-10-07 23:37:58,609 apps 17692 22556 [OK] Parking App: Signal handlers loaded successfully
INFO 2025-10-07 23:37:58,609 apps 17692 22556 [OK] Admin interface customized
INFO 2025-10-07 23:37:58,610 apps 17692 22556 [OK] Model Vehicles: Configuration verified
INFO 2025-10-07 23:37:58,610 apps 17692 22556 [OK] Model Parking Slots: Configuration verified
INFO 2025-10-07 23:37:58,610 apps 17692 22556 [INFO] Model Parking Sessions: Basic configuration checked
INFO 2025-10-07 23:37:58,611 apps 17692 22556 [SUCCESS] Parking App: Forbes Marshall SpotCheck ready!
INFO 2025-10-07 23:37:58,694 apps 22260 20460 [CAR] Parking App: Initializing Forbes Marshall SpotCheck...
INFO 2025-10-07 23:37:58,694 apps 9392 11864 [CAR] Parking App: Initializing Forbes Marshall SpotCheck...
INFO 2025-10-07 23:37:58,696 apps 22260 20460 [OK] Parking App: Signal handlers loaded successfully
INFO 2025-10-07 23:37:58,696 apps 22260 20460 [OK] Admin interface customized
loaded successfully
INFO 2025-10-07 23:37:58,696 apps 9392 11864 [OK] Admin interface customized
INFO 2025-10-07 23:37:58,696 apps 22260 20460 [OK] Model Vehicles: Configuration verified
INFO 2025-10-07 23:37:58,696 apps 9392 11864 [OK] Model Vehicles: Configuration verified
INFO 2025-10-07 23:37:58,697 apps 22260 20460 [OK] Model Parking Slots: Configuration verified
INFO 2025-10-07 23:37:58,697 apps 9392 11864 [OK] Model Parking Slots: Configuration verified
INFO 2025-10-07 23:37:58,697 apps 22260 20460 [INFO] Model Parking Sessions: Basic configuration checked
INFO 2025-10-07 23:37:58,697 apps 9392 11864 [INFO] Model Parking Sessions: Basic configuration checked
INFO 2025-10-07 23:37:58,697 apps 22260 20460 [SUCCESS] Parking App: Forbes Marshall SpotCheck ready!
INFO 2025-10-07 23:37:58,698 apps 9392 11864 [SUCCESS] Parking App: Forbes Marshall SpotCheck ready!
INFO 2025-10-07 23:38:07,517 apps 13000 22124 [CAR] Parking App: Initializing Forbes Marshall SpotCheck...
INFO 2025-10-07 23:38:07,518 apps 13000 22124 [OK] Parking App: Signal handlers loaded successfully
INFO 2025-10-07 23:38:07,518 apps 13000 22124 [OK] Admin interface customized
INFO 2025-10-07 23:38:07,518 apps 18824 21528 [CAR] Parking App: Initializing Forbes Marshall SpotCheck...
INFO 2025-10-07 23:38:07,519 apps 13000 22124 [OK] Model Vehicles: Configuration verified
INFO 2025-10-07 23:38:07,519 apps 13000 22124 [OK] Model Parking Slots: Configuration verified
INFO 2025-10-07 23:38:07,519 apps 13000 22124 [INFO] Model Parking Sessions: Basic configuration checked
INFO 2025-10-07 23:38:07,519 apps 13000 22124 [SUCCESS] Parking App: Forbes Marshall SpotCheck ready!
INFO 2025-10-07 23:38:07,520 apps 18824 21528 [OK] Parking App: Signal handlers loaded successfully
INFO 2025-10-07 23:38:07,520 apps 18824 21528 [OK] Admin interface customized
INFO 2025-10-07 23:38:07,520 apps 18824 21528 [OK] Model Vehicles: Configuration verified
INFO 2025-10-07 23:38:07,521 apps 18824 21528 [OK] Model Parking Slots: Configuration verified
INFO 2025-10-07 23:38:07,521 apps 18824 21528 [INFO] Model Parking Sessions: Basic configuration checked
INFO 2025-10-07 23:38:07,522 apps 18824 21528 [SUCCESS] Parking App: Forbes Marshall SpotCheck ready!
INFO 2025-10-07 23:38:07,574 apps 8668 3084 [CAR] Parking App: Initializing Forbes Marshall SpotCheck...
INFO 2025-10-07 23:38:07,575 apps 8668 3084 [OK] Parking App: Signal handlers loaded successfully
INFO 2025-10-07 23:38:07,575 apps 8668 3084 [OK] Admin interface customized
INFO 2025-10-07 23:38:07,575 apps 8668 3084 [OK] Model Vehicles: Configuration verified
INFO 2025-10-07 23:38:07,575 apps 8668 3084 [OK] Model Parking Slots: Configuration verified
INFO 2025-10-07 23:38:07,577 apps 8668 3084 [INFO] Model Parking Sessions: Basic configuration checked
INFO 2025-10-07 23:38:07,577 apps 8668 3084 [SUCCESS] Parking App: Forbes Marshall SpotCheck ready!
INFO 2025-10-07 23:38:19,427 apps 10988 10072 [CAR] Parking App: Initializing Forbes Marshall SpotCheck...
INFO 2025-10-07 23:38:19,429 apps 3056 14608 [CAR] Parking App: Initializing Forbes Marshall SpotCheck...
INFO 2025-10-07 23:38:19,430 apps 10988 10072 [OK] Parking App: Signal handlers loaded successfully
INFO 2025-10-07 23:38:19,430 apps 3056 14608 [OK] Parking App: Signal handlers loaded successfully
INFO 2025-10-07 23:38:19,430 apps 10988 10072 [OK] Admin interface customized
INFO 2025-10-07 23:38:19,430 apps 3056 14608 [OK] Admin interface customized
INFO 2025-10-07 23:38:19,430 apps 10988 10072 [OK] Model Vehicles: Configuration verified
INFO 2025-10-07 23:38:19,431 apps 3056 14608 [OK] Model Vehicles: Configuration verified
INFO 2025-10-07 23:38:19,431 apps 10988 10072 [OK] Model Parking Slots: Configuration verified
INFO 2025-10-07 23:38:19,431 apps 3056 14608 [OK] Model Parking Slots: Configuration verified
INFO 2025-10-07 23:38:19,431 apps 10988 10072 [INFO] Model Parking Sessions: Basic configuration checked
INFO 2025-10-07 23:38:19,431 apps 3056 14608 [INFO] Model Parking Sessions: Basic configuration checked
INFO 2025-10-07 23:38:19,431 apps 10988 10072 [SUCCESS] Parking App: Forbes Marshall SpotCheck ready!
INFO 2025-10-07 23:38:19,431 apps 3056 14608 [SUCCESS] Parking App: Forbes Marshall SpotCheck ready!
INFO 2025-10-07 23:38:19,581 apps 24588 25516 [CAR] Parking App: Initializing Forbes Marshall SpotCheck...
INFO 2025-10-07 23:38:19,582 apps 24588 25516 [OK] Parking App: Signal handlers loaded successfully
INFO 2025-10-07 23:38:19,582 apps 24588 25516 [OK] Admin interface customized
INFO 2025-10-07 23:38:19,583 apps 24588 25516 [OK] Model Vehicles: Configuration verified
INFO 2025-10-07 23:38:19,583 apps 24588 25516 [OK] Model Parking Slots: Configuration verified
INFO 2025-10-07 23:38:19,583 apps 24588 25516 [INFO] Model Parking Sessions: Basic configuration checked
INFO 2025-10-07 23:38:19,583 apps 24588 25516 [SUCCESS] Parking App: Forbes Marshall SpotCheck ready!
INFO 2025-10-07 23:38:26,104 apps 22356 24312 [CAR] Parking App: Initializing Forbes Marshall SpotCheck...
INFO 2025-10-07 23:38:26,105 apps 22356 24312 [OK] Parking App: Signal handlers loaded successfully
INFO 2025-10-07 23:38:26,106 apps 22356 24312 [OK] Admin interface customized
INFO 2025-10-07 23:38:26,106 apps 22356 24312 [OK] Model Vehicles: Configuration verified
INFO 2025-10-07 23:38:26,106 apps 22356 24312 [OK] Model Parking Slots: Configuration verified
INFO 2025-10-07 23:38:26,107 apps 22356 24312 [INFO] Model Parking Sessions: Basic configuration checked
INFO 2025-10-07 23:38:26,107 apps 22356 24312 [SUCCESS] Parking App: Forbes Marshall SpotCheck ready!
INFO 2025-10-07 23:38:26,118 apps 7924 14900 [CAR] Parking App: Initializing Forbes Marshall SpotCheck...
INFO 2025-10-07 23:38:26,120 apps 7924 14900 [OK] Parking App: Signal handlers loaded successfully
INFO 2025-10-07 23:38:26,120 apps 7924 14900 [OK] Admin interface customized
INFO 2025-10-07 23:38:26,121 apps 7924 14900 [OK] Model Vehicles: Configuration verified
INFO 2025-10-07 23:38:26,121 apps 7924 14900 [OK] Model Parking Slots: Configuration verified
INFO 2025-10-07 23:38:26,121 apps 7924 14900 [INFO] Model Parking Sessions: Basic configuration checked
INFO 2025-10-07 23:38:26,122 apps 7924 14900 [SUCCESS] Parking App: Forbes Marshall SpotCheck ready!
INFO 2025-10-07 23:38:26,293 apps 20016 25164 [CAR] Parking App: Initializing Forbes Marshall SpotCheck...
INFO 2025-10-07 23:38:26,295 apps 20016 25164 [OK] Parking App: Signal handlers loaded successfully
INFO 2025-10-07 23:38:26,295 apps 20016 25164 [OK] Admin interface customized
INFO 2025-10-07 23:38:26,296 apps 20016 25164 [OK] Model Vehicles: Configuration verified
INFO 2025-10-07 23:38:26,296 apps 20016 25164 [OK] Model Parking Slots: Configuration verified
INFO 2025-10-07 23:38:26,296 apps 20016 25164 [INFO] Model Parking Sessions: Basic configuration checked
INFO 2025-10-07 23:38:26,296 apps 20016 25164 [SUCCESS] Parking App: Forbes Marshall SpotCheck ready!
INFO 2025-10-07 23:38:33,824 apps 22648 21292 [CAR] Parking App: Initializing Forbes Marshall SpotCheck...
INFO 2025-10-07 23:38:33,826 apps 22648 21292 [OK] Parking App: Signal handlers loaded successfully
INFO 2025-10-07 23:38:33,826 apps 22648 21292 [OK] Admin interface customized
INFO 2025-10-07 23:38:33,826 apps 22648 21292 [OK] Model Vehicles: Configuration verified
INFO 2025-10-07 23:38:33,827 apps 22648 21292 [OK] Model Parking Slots: Configuration verified
INFO 2025-10-07 23:38:33,828 apps 22648 21292 [INFO] Model Parking Sessions: Basic configuration checked
INFO 2025-10-07 23:38:33,828 apps 22648 21292 [SUCCESS] Parking App: Forbes Marshall SpotCheck ready!
INFO 2025-10-07 23:38:33,831 apps 1188 15000 [CAR] Parking App: Initializing Forbes Marshall SpotCheck...
INFO 2025-10-07 23:38:33,833 apps 1188 15000 [OK] Parking App: Signal handlers loaded successfully
INFO 2025-10-07 23:38:33,833 apps 1188 15000 [OK] Admin interface customized
INFO 2025-10-07 23:38:33,833 apps 1188 15000 [OK] Model Vehicles: Configuration verified
INFO 2025-10-07 23:38:33,834 apps 1188 15000 [OK] Model Parking Slots: Configuration verified
INFO 2025-10-07 23:38:33,834 apps 1188 15000 [INFO] Model Parking Sessions: Basic configuration checked
INFO 2025-10-07 23:38:33,834 apps 1188 15000 [SUCCESS] Parking App: Forbes Marshall SpotCheck ready!
INFO 2025-10-07 23:38:34,042 apps 12572 4648 [CAR] Parking App: Initializing Forbes Marshall SpotCheck...
INFO 2025-10-07 23:38:34,044 apps 12572 4648 [OK] Parking App: Signal handlers loaded successfully
INFO 2025-10-07 23:38:34,045 apps 12572 4648 [OK] Admin interface customized
INFO 2025-10-07 23:38:34,045 apps 12572 4648 [OK] Model Vehicles: Configuration verified
INFO 2025-10-07 23:38:34,045 apps 12572 4648 [OK] Model Parking Slots: Configuration verified
INFO 2025-10-07 23:38:34,045 apps 12572 4648 [INFO] Model Parking Sessions: Basic configuration checked
INFO 2025-10-07 23:38:34,045 apps 12572 4648 [SUCCESS] Parking App: Forbes Marshall SpotCheck ready!
INFO 2025-10-07 23:38:41,790 apps 10112 18600 [CAR] Parking App: Initializing Forbes Marshall SpotCheck...
INFO 2025-10-07 23:38:41,793 apps 10112 18600 [OK] Parking App: Signal handlers loaded successfully
INFO 2025-10-07 23:38:41,793 apps 10112 18600 [OK] Admin interface customized
INFO 2025-10-07 23:38:41,793 apps 10112 18600 [OK] Model Vehicles: Configuration verified
INFO 2025-10-07 23:38:41,794 apps 10112 18600 [OK] Model Parking Slots: Configuration verified
INFO 2025-10-07 23:38:41,794 apps 10112 18600 [INFO] Model Parking Sessions: Basic configuration checked
INFO 2025-10-07 23:38:41,794 apps 10112 18600 [SUCCESS] Parking App: Forbes Marshall SpotCheck ready!
INFO 2025-10-07 23:38:42,592 apps 19680 4116 [CAR] Parking App: Initializing Forbes Marshall SpotCheck...
INFO 2025-10-07 23:38:42,592 apps 18588 24068 [CAR] Parking App: Initializing Forbes Marshall SpotCheck...
INFO 2025-10-07 23:38:42,594 apps 19680 4116 [OK] Parking App: Signal handlers loaded successfully
INFO 2025-10-07 23:38:42,594 apps 19680 4116 [OK] Admin interface customized
s loaded successfully
INFO 2025-10-07 23:38:42,594 apps 18588 24068 [OK] Admin interface customized
INFO 2025-10-07 23:38:42,594 apps 19680 4116 [OK] Model Vehicles: Configuration verified
INFO 2025-10-07 23:38:42,594 apps 18588 24068 [OK] Model Vehicles: Configuration verified
INFO 2025-10-07 23:38:42,594 apps 19680 4116 [OK] Model Parking Slots: Configuration verified
INFO 2025-10-07 23:38:42,595 apps 18588 24068 [OK] Model Parking Slots: Configuration verified
INFO 2025-10-07 23:38:42,595 apps 19680 4116 [INFO] Model Parking Sessions: Basic configuration checked
INFO 2025-10-07 23:38:42,595 apps 18588 24068 [INFO] Model Parking Sessions: Basic configuration checked
INFO 2025-10-07 23:38:42,595 apps 19680 4116 [SUCCESS] Parking App: Forbes Marshall SpotCheck ready!
INFO 2025-10-07 23:38:42,595 apps 18588 24068 [SUCCESS] Parking App: Forbes Marshall SpotCheck ready!
INFO 2025-10-07 23:41:57,325 apps 12088 18368 [CAR] Parking App: Initializing Forbes Marshall SpotCheck...
INFO 2025-10-07 23:41:57,327 apps 12088 18368 [OK] Parking App: Signal handlers loaded successfully
INFO 2025-10-07 23:41:57,327 apps 12088 18368 [OK] Admin interface customized
INFO 2025-10-07 23:41:57,327 apps 12088 18368 [OK] Model Vehicles: Configuration verified
INFO 2025-10-07 23:41:57,327 apps 12088 18368 [OK] Model Parking Slots: Configuration verified
INFO 2025-10-07 23:41:57,328 apps 12088 18368 [INFO] Model Parking Sessions: Basic configuration checked
INFO 2025-10-07 23:41:57,328 apps 12088 18368 [SUCCESS] Parking App: Forbes Marshall SpotCheck ready!
INFO 2025-10-07 23:41:58,055 apps 2540 24052 [CAR] Parking App: Initializing Forbes Marshall SpotCheck...
INFO 2025-10-07 23:41:58,056 apps 2540 24052 [OK] Parking App: Signal handlers loaded successfully
INFO 2025-10-07 23:41:58,057 apps 2540 24052 [OK] Admin interface customized
INFO 2025-10-07 23:41:58,057 apps 2540 24052 [OK] Model Vehicles: Configuration verified
INFO 2025-10-07 23:41:58,057 apps 2540 24052 [OK] Model Parking Slots: Configuration verified
INFO 2025-10-07 23:41:58,058 apps 2540 24052 [INFO] Model Parking Sessions: Basic configuration checked
INFO 2025-10-07 23:41:58,059 apps 2540 24052 [SUCCESS] Parking App: Forbes Marshall SpotCheck ready!
INFO 2025-10-07 23:42:44,223 apps 12572 24996 [CAR] Parking App: Initializing Forbes Marshall SpotCheck...
INFO 2025-10-07 23:42:44,224 apps 12572 24996 [OK] Parking App: Signal handlers loaded successfully
INFO 2025-10-07 23:42:44,225 apps 12572 24996 [OK] Admin interface customized
INFO 2025-10-07 23:42:44,225 apps 12572 24996 [OK] Model Vehicles: Configuration verified
INFO 2025-10-07 23:42:44,225 apps 12572 24996 [OK] Model Parking Slots: Configuration verified
INFO 2025-10-07 23:42:44,225 apps 12572 24996 [INFO] Model Parking Sessions: Basic configuration checked
INFO 2025-10-07 23:42:44,225 apps 12572 24996 [SUCCESS] Parking App: Forbes Marshall SpotCheck ready!
INFO 2025-10-07 23:51:01,772 apps 14700 16748 [CAR] Parking App: Initializing Forbes Marshall SpotCheck...
INFO 2025-10-07 23:51:01,775 apps 14700 16748 [OK] Parking App: Signal handlers loaded successfully
INFO 2025-10-07 23:51:01,775 apps 14700 16748 [OK] Admin interface customized
INFO 2025-10-07 23:51:01,775 apps 14700 16748 [OK] Model Vehicles: Configuration verified
INFO 2025-10-07 23:51:01,776 apps 14700 16748 [OK] Model Parking Slots: Configuration verified
INFO 2025-10-07 23:51:01,776 apps 14700 16748 [INFO] Model Parking Sessions: Basic configuration checked
INFO 2025-10-07 23:51:01,777 apps 14700 16748 [SUCCESS] Parking App: Forbes Marshall SpotCheck ready!
INFO 2025-10-07 23:51:01,813 apps 22368 21560 [CAR] Parking App: Initializing Forbes Marshall SpotCheck...
INFO 2025-10-07 23:51:01,816 apps 22368 21560 [OK] Parking App: Signal handlers loaded successfully
INFO 2025-10-07 23:51:01,816 apps 22368 21560 [OK] Admin interface customized
INFO 2025-10-07 23:51:01,817 apps 22368 21560 [OK] Model Vehicles: Configuration verified
INFO 2025-10-07 23:51:01,817 apps 22368 21560 [OK] Model Parking Slots: Configuration verified
INFO 2025-10-07 23:51:01,818 apps 22368 21560 [INFO] Model Parking Sessions: Basic configuration checked
INFO 2025-10-07 23:51:01,818 apps 22368 21560 [SUCCESS] Parking App: Forbes Marshall SpotCheck ready!
INFO 2025-10-07 23:51:13,696 apps 21548 22100 [CAR] Parking App: Initializing Forbes Marshall SpotCheck...
INFO 2025-10-07 23:51:13,696 apps 13984 12748 [CAR] Parking App: Initializing Forbes Marshall SpotCheck...
INFO 2025-10-07 23:51:13,697 apps 21548 22100 [OK] Parking App: Signal handlers loaded successfully
INFO 2025-10-07 23:51:13,697 apps 21548 22100 [OK] Admin interface customized
INFO 2025-10-07 23:51:13,698 apps 13984 12748 [OK] Parking App: Signal handlers loaded successfully
INFO 2025-10-07 23:51:13,698 apps 21548 22100 [OK] Model Vehicles: Configuration verified
INFO 2025-10-07 23:51:13,698 apps 13984 12748 [OK] Admin interface customized
INFO 2025-10-07 23:51:13,698 apps 21548 22100 [OK] Model Parking Slots: Configuration verified
INFO 2025-10-07 23:51:13,698 apps 13984 12748 [OK] Model Vehicles: Configuration verified
INFO 2025-10-07 23:51:13,698 apps 13984 12748 [OK] Model Parking Slots: Configuration verified
INFO 2025-10-07 23:51:13,698 apps 21548 22100 [INFO] Model Parking Sessions: Basic configuration checked
INFO 2025-10-07 23:51:13,698 apps 21548 22100 [SUCCESS] Parking App: Forbes Marshall SpotCheck ready!
INFO 2025-10-07 23:51:13,699 apps 13984 12748 [INFO] Model Parking Sessions: Basic configuration checked
INFO 2025-10-07 23:51:13,699 apps 13984 12748 [SUCCESS] Parking App: Forbes Marshall SpotCheck ready!
INFO 2025-10-07 23:55:32,134 apps 22408 9968 [CAR] Parking App: Initializing Forbes Marshall SpotCheck...
INFO 2025-10-07 23:55:32,136 apps 22408 9968 [OK] Parking App: Signal handlers loaded successfully
INFO 2025-10-07 23:55:32,136 apps 22408 9968 [OK] Admin interface customized
INFO 2025-10-07 23:55:32,137 apps 22408 9968 [OK] Model Vehicles: Configuration verified
INFO 2025-10-07 23:55:32,137 apps 22408 9968 [OK] Model Parking Slots: Configuration verified
INFO 2025-10-07 23:55:32,137 apps 22408 9968 [INFO] Model Parking Sessions: Basic configuration checked
INFO 2025-10-07 23:55:32,138 apps 22408 9968 [SUCCESS] Parking App: Forbes Marshall SpotCheck ready!
INFO 2025-10-07 23:58:21,929 apps 17072 4976 [CAR] Parking App: Initializing Forbes Marshall SpotCheck...
INFO 2025-10-07 23:58:21,931 apps 17072 4976 [OK] Parking App: Signal handlers loaded successfully
INFO 2025-10-07 23:58:21,931 apps 17072 4976 [OK] Admin interface customized
INFO 2025-10-07 23:58:21,931 apps 17072 4976 [OK] Model Vehicles: Configuration verified
INFO 2025-10-07 23:58:21,931 apps 17072 4976 [OK] Model Parking Slots: Configuration verified
INFO 2025-10-07 23:58:21,932 apps 17072 4976 [INFO] Model Parking Sessions: Basic configuration checked
INFO 2025-10-07 23:58:21,932 apps 17072 4976 [SUCCESS] Parking App: Forbes Marshall SpotCheck ready!
INFO 2025-10-07 23:58:22,631 apps 16416 9324 [CAR] Parking App: Initializing Forbes Marshall SpotCheck...
INFO 2025-10-07 23:58:22,633 apps 16416 9324 [OK] Parking App: Signal handlers loaded successfully
INFO 2025-10-07 23:58:22,633 apps 16416 9324 [OK] Admin interface customized
INFO 2025-10-07 23:58:22,633 apps 16416 9324 [OK] Model Vehicles: Configuration verified
INFO 2025-10-07 23:58:22,634 apps 16416 9324 [OK] Model Parking Slots: Configuration verified
INFO 2025-10-07 23:58:22,635 apps 16416 9324 [INFO] Model Parking Sessions: Basic configuration checked
INFO 2025-10-07 23:58:22,635 apps 16416 9324 [SUCCESS] Parking App: Forbes Marshall SpotCheck ready!
INFO 2025-10-07 23:59:46,150 apps 4116 6028 [CAR] Parking App: Initializing Forbes Marshall SpotCheck...
INFO 2025-10-07 23:59:46,152 apps 4116 6028 [OK] Parking App: Signal handlers loaded successfully
INFO 2025-10-07 23:59:46,153 apps 4116 6028 [OK] Admin interface customized
INFO 2025-10-07 23:59:46,153 apps 4116 6028 [OK] Model Vehicles: Configuration verified
INFO 2025-10-07 23:59:46,153 apps 4116 6028 [OK] Model Parking Slots: Configuration verified
INFO 2025-10-07 23:59:46,154 apps 4116 6028 [INFO] Model Parking Sessions: Basic configuration checked
INFO 2025-10-07 23:59:46,154 apps 4116 6028 [SUCCESS] Parking App: Forbes Marshall SpotCheck ready!
INFO 2025-10-07 23:59:46,374 apps 24744 1692 [CAR] Parking App: Initializing Forbes Marshall SpotCheck...
INFO 2025-10-07 23:59:46,375 apps 24744 1692 [OK] Parking App: Signal handlers loaded successfully
INFO 2025-10-07 23:59:46,375 apps 24744 1692 [OK] Admin interface customized
INFO 2025-10-07 23:59:46,377 apps 24744 1692 [OK] Model Vehicles: Configuration verified
INFO 2025-10-07 23:59:46,377 apps 24744 1692 [OK] Model Parking Slots: Configuration verified
INFO 2025-10-07 23:59:46,377 apps 24744 1692 [INFO] Model Parking Sessions: Basic configuration checked
INFO 2025-10-07 23:59:46,377 apps 24744 1692 [SUCCESS] Parking App: Forbes Marshall SpotCheck ready!
INFO 2025-10-07 23:59:46,740 apps 17936 23188 [CAR] Parking App: Initializing Forbes Marshall SpotCheck...
INFO 2025-10-07 23:59:46,742 apps 17936 23188 [OK] Parking App: Signal handlers loaded successfully
INFO 2025-10-07 23:59:46,742 apps 17936 23188 [OK] Admin interface customized
INFO 2025-10-07 23:59:46,742 apps 17936 23188 [OK] Model Vehicles: Configuration verified
INFO 2025-10-07 23:59:46,742 apps 17936 23188 [OK] Model Parking Slots: Configuration verified
INFO 2025-10-07 23:59:46,742 apps 17936 23188 [INFO] Model Parking Sessions: Basic configuration checked
INFO 2025-10-07 23:59:46,744 apps 17936 23188 [SUCCESS] Parking App: Forbes Marshall SpotCheck ready!
INFO 2025-10-08 00:00:12,769 apps 5272 7412 [CAR] Parking App: Initializing Forbes Marshall SpotCheck...
INFO 2025-10-08 00:00:12,772 apps 5272 7412 [OK] Parking App: Signal handlers loaded successfully
INFO 2025-10-08 00:00:12,772 apps 5272 7412 [OK] Admin interface customized
INFO 2025-10-08 00:00:12,773 apps 5272 7412 [OK] Model Vehicles: Configuration verified
INFO 2025-10-08 00:00:12,773 apps 5272 7412 [OK] Model Parking Slots: Configuration verified
INFO 2025-10-08 00:00:12,773 apps 5272 7412 [INFO] Model Parking Sessions: Basic configuration checked
INFO 2025-10-08 00:00:12,774 apps 5272 7412 [SUCCESS] Parking App: Forbes Marshall SpotCheck ready!
INFO 2025-10-08 00:00:12,948 apps 21824 2516 [CAR] Parking App: Initializing Forbes Marshall SpotCheck...
INFO 2025-10-08 00:00:12,950 apps 21824 2516 [OK] Parking App: Signal handlers loaded successfully
INFO 2025-10-08 00:00:12,950 apps 21824 2516 [OK] Admin interface customized
INFO 2025-10-08 00:00:12,951 apps 21824 2516 [OK] Model Vehicles: Configuration verified
INFO 2025-10-08 00:00:12,951 apps 21824 2516 [OK] Model Parking Slots: Configuration verified
INFO 2025-10-08 00:00:12,952 apps 21824 2516 [INFO] Model Parking Sessions: Basic configuration checked
INFO 2025-10-08 00:00:12,952 apps 21824 2516 [SUCCESS] Parking App: Forbes Marshall SpotCheck ready!
INFO 2025-10-08 00:00:13,308 apps 10492 8728 [CAR] Parking App: Initializing Forbes Marshall SpotCheck...
INFO 2025-10-08 00:00:13,310 apps 10492 8728 [OK] Parking App: Signal handlers loaded successfully
INFO 2025-10-08 00:00:13,310 apps 10492 8728 [OK] Admin interface customized
INFO 2025-10-08 00:00:13,310 apps 10492 8728 [OK] Model Vehicles: Configuration verified
INFO 2025-10-08 00:00:13,311 apps 10492 8728 [OK] Model Parking Slots: Configuration verified
INFO 2025-10-08 00:00:13,311 apps 10492 8728 [INFO] Model Parking Sessions: Basic configuration checked
INFO 2025-10-08 00:00:13,311 apps 10492 8728 [SUCCESS] Parking App: Forbes Marshall SpotCheck ready!
INFO 2025-10-08 00:02:09,068 apps 14332 18468 [CAR] Parking App: Initializing Forbes Marshall SpotCheck...
INFO 2025-10-08 00:02:09,068 apps 14332 18468 [OK] Parking App: Signal handlers loaded successfully
INFO 2025-10-08 00:02:09,068 apps 14332 18468 [OK] Admin interface customized
INFO 2025-10-08 00:02:09,068 apps 14332 18468 [OK] Model Vehicles: Configuration verified
INFO 2025-10-08 00:02:09,068 apps 14332 18468 [OK] Model Parking Slots: Configuration verified
INFO 2025-10-08 00:02:09,068 apps 14332 18468 [INFO] Model Parking Sessions: Basic configuration checked
INFO 2025-10-08 00:02:09,068 apps 14332 18468 [SUCCESS] Parking App: Forbes Marshall SpotCheck ready!
INFO 2025-10-08 00:02:09,638 apps 21300 3572 [CAR] Parking App: Initializing Forbes Marshall SpotCheck...
INFO 2025-10-08 00:02:09,639 apps 21300 3572 [OK] Parking App: Signal handlers loaded successfully
INFO 2025-10-08 00:02:09,640 apps 21300 3572 [OK] Admin interface customized
INFO 2025-10-08 00:02:09,640 apps 21300 3572 [OK] Model Vehicles: Configuration verified
INFO 2025-10-08 00:02:09,640 apps 21300 3572 [OK] Model Parking Slots: Configuration verified
INFO 2025-10-08 00:02:09,640 apps 21300 3572 [INFO] Model Parking Sessions: Basic configuration checked
INFO 2025-10-08 00:02:09,640 apps 21300 3572 [SUCCESS] Parking App: Forbes Marshall SpotCheck ready!
INFO 2025-10-08 00:05:08,491 apps 16032 23128 [CAR] Parking App: Initializing Forbes Marshall SpotCheck...
INFO 2025-10-08 00:05:08,493 apps 16032 23128 [OK] Parking App: Signal handlers loaded successfully
INFO 2025-10-08 00:05:08,493 apps 16032 23128 [OK] Admin interface customized
INFO 2025-10-08 00:05:08,493 apps 16032 23128 [OK] Model Vehicles: Configuration verified
INFO 2025-10-08 00:05:08,493 apps 16032 23128 [OK] Model Parking Slots: Configuration verified
INFO 2025-10-08 00:05:08,493 apps 16032 23128 [INFO] Model Parking Sessions: Basic configuration checked
INFO 2025-10-08 00:05:08,493 apps 16032 23128 [SUCCESS] Parking App: Forbes Marshall SpotCheck ready!
INFO 2025-10-08 00:05:18,060 apps 24044 12584 [CAR] Parking App: Initializing Forbes Marshall SpotCheck...
INFO 2025-10-08 00:05:18,063 apps 24044 12584 [OK] Parking App: Signal handlers loaded successfully
INFO 2025-10-08 00:05:18,063 apps 24044 12584 [OK] Admin interface customized
INFO 2025-10-08 00:05:18,063 apps 24044 12584 [OK] Model Vehicles: Configuration verified
INFO 2025-10-08 00:05:18,063 apps 24044 12584 [OK] Model Parking Slots: Configuration verified
INFO 2025-10-08 00:05:18,063 apps 24044 12584 [INFO] Model Parking Sessions: Basic configuration checked
INFO 2025-10-08 00:05:18,063 apps 24044 12584 [SUCCESS] Parking App: Forbes Marshall SpotCheck ready!
INFO 2025-10-08 00:05:25,508 apps 24232 19136 [CAR] Parking App: Initializing Forbes Marshall SpotCheck...
INFO 2025-10-08 00:05:25,510 apps 24232 19136 [OK] Parking App: Signal handlers loaded successfully
INFO 2025-10-08 00:05:25,510 apps 24232 19136 [OK] Admin interface customized
INFO 2025-10-08 00:05:25,511 apps 24232 19136 [OK] Model Vehicles: Configuration verified
INFO 2025-10-08 00:05:25,511 apps 24232 19136 [OK] Model Parking Slots: Configuration verified
INFO 2025-10-08 00:05:25,511 apps 24232 19136 [INFO] Model Parking Sessions: Basic configuration checked
INFO 2025-10-08 00:05:25,511 apps 24232 19136 [SUCCESS] Parking App: Forbes Marshall SpotCheck ready!
INFO 2025-10-08 00:13:15,623 apps 9884 22248 [CAR] Parking App: Initializing Forbes Marshall SpotCheck...
INFO 2025-10-08 00:13:15,624 apps 9884 22248 [OK] Parking App: Signal handlers loaded successfully
INFO 2025-10-08 00:13:15,625 apps 9884 22248 [OK] Admin interface customized
INFO 2025-10-08 00:13:15,625 apps 9884 22248 [OK] Model Vehicles: Configuration verified
INFO 2025-10-08 00:13:15,625 apps 9884 22248 [OK] Model Parking Slots: Configuration verified
INFO 2025-10-08 00:13:15,625 apps 9884 22248 [INFO] Model Parking Sessions: Basic configuration checked
INFO 2025-10-08 00:13:15,625 apps 9884 22248 [SUCCESS] Parking App: Forbes Marshall SpotCheck ready!
INFO 2025-10-08 00:13:16,138 apps 25580 12884 [CAR] Parking App: Initializing Forbes Marshall SpotCheck...
INFO 2025-10-08 00:13:16,139 apps 25580 12884 [OK] Parking App: Signal handlers loaded successfully
INFO 2025-10-08 00:13:16,139 apps 25580 12884 [OK] Admin interface customized
INFO 2025-10-08 00:13:16,140 apps 25580 12884 [OK] Model Vehicles: Configuration verified
INFO 2025-10-08 00:13:16,140 apps 25580 12884 [OK] Model Parking Slots: Configuration verified
INFO 2025-10-08 00:13:16,140 apps 25580 12884 [INFO] Model Parking Sessions: Basic configuration checked
INFO 2025-10-08 00:13:16,140 apps 25580 12884 [SUCCESS] Parking App: Forbes Marshall SpotCheck ready!
INFO 2025-10-08 00:13:50,405 apps 13964 22368 [CAR] Parking App: Initializing Forbes Marshall SpotCheck...
INFO 2025-10-08 00:13:50,407 apps 13964 22368 [OK] Parking App: Signal handlers loaded successfully
INFO 2025-10-08 00:13:50,407 apps 13964 22368 [OK] Admin interface customized
INFO 2025-10-08 00:13:50,407 apps 13964 22368 [OK] Model Vehicles: Configuration verified
INFO 2025-10-08 00:13:50,407 apps 13964 22368 [OK] Model Parking Slots: Configuration verified
INFO 2025-10-08 00:13:50,407 apps 13964 22368 [INFO] Model Parking Sessions: Basic configuration checked
INFO 2025-10-08 00:13:50,407 apps 13964 22368 [SUCCESS] Parking App: Forbes Marshall SpotCheck ready!
INFO 2025-10-08 00:13:50,951 apps 23852 3260 [CAR] Parking App: Initializing Forbes Marshall SpotCheck...
INFO 2025-10-08 00:13:50,953 apps 23852 3260 [OK] Parking App: Signal handlers loaded successfully
INFO 2025-10-08 00:13:50,953 apps 23852 3260 [OK] Admin interface customized
INFO 2025-10-08 00:13:50,953 apps 23852 3260 [OK] Model Vehicles: Configuration verified
INFO 2025-10-08 00:13:50,953 apps 23852 3260 [OK] Model Parking Slots: Configuration verified
INFO 2025-10-08 00:13:50,954 apps 23852 3260 [INFO] Model Parking Sessions: Basic configuration checked
INFO 2025-10-08 00:13:50,954 apps 23852 3260 [SUCCESS] Parking App: Forbes Marshall SpotCheck ready!
INFO 2025-10-08 00:20:31,518 apps 4276 10212 [CAR] Parking App: Initializing Forbes Marshall SpotCheck...
INFO 2025-10-08 00:20:31,524 apps 4276 10212 [OK] Parking App: Signal handlers loaded successfully
INFO 2025-10-08 00:20:31,524 apps 4276 10212 [OK] Admin interface customized
INFO 2025-10-08 00:20:31,524 apps 4276 10212 [OK] Model Vehicles: Configuration verified
INFO 2025-10-08 00:20:31,524 apps 4276 10212 [OK] Model Parking Slots: Configuration verified
INFO 2025-10-08 00:20:31,524 apps 4276 10212 [INFO] Model Parking Sessions: Basic configuration checked
INFO 2025-10-08 00:20:31,524 apps 4276 10212 [SUCCESS] Parking App: Forbes Marshall SpotCheck ready!
INFO 2025-10-08 00:20:32,034 apps 24792 6308 [CAR] Parking App: Initializing Forbes Marshall SpotCheck...
INFO 2025-10-08 00:20:32,034 apps 24792 6308 [OK] Parking App: Signal handlers loaded successfully
INFO 2025-10-08 00:20:32,034 apps 24792 6308 [OK] Admin interface customized
INFO 2025-10-08 00:20:32,034 apps 24792 6308 [OK] Model Vehicles: Configuration verified
INFO 2025-10-08 00:20:32,034 apps 24792 6308 [OK] Model Parking Slots: Configuration verified
INFO 2025-10-08 00:20:32,034 apps 24792 6308 [INFO] Model Parking Sessions: Basic configuration checked
INFO 2025-10-08 00:20:32,034 apps 24792 6308 [SUCCESS] Parking App: Forbes Marshall SpotCheck ready!
INFO 2025-10-08 00:24:54,471 apps 10184 10516 [CAR] Parking App: Initializing Forbes Marshall SpotCheck...
INFO 2025-10-08 00:24:54,471 apps 10184 10516 [OK] Parking App: Signal handlers loaded successfully
INFO 2025-10-08 00:24:54,471 apps 10184 10516 [OK] Admin interface customized
INFO 2025-10-08 00:24:54,471 apps 10184 10516 [OK] Model Vehicles: Configuration verified
INFO 2025-10-08 00:24:54,471 apps 10184 10516 [OK] Model Parking Slots: Configuration verified
INFO 2025-10-08 00:24:54,471 apps 10184 10516 [INFO] Model Parking Sessions: Basic configuration checked
INFO 2025-10-08 00:24:54,471 apps 10184 10516 [SUCCESS] Parking App: Forbes Marshall SpotCheck ready!
INFO 2025-10-08 00:24:54,971 apps 2540 24708 [CAR] Parking App: Initializing Forbes Marshall SpotCheck...
INFO 2025-10-08 00:24:54,971 apps 2540 24708 [OK] Parking App: Signal handlers loaded successfully
INFO 2025-10-08 00:24:54,971 apps 2540 24708 [OK] Admin interface customized
INFO 2025-10-08 00:24:54,971 apps 2540 24708 [OK] Model Vehicles: Configuration verified
INFO 2025-10-08 00:24:54,971 apps 2540 24708 [OK] Model Parking Slots: Configuration verified
INFO 2025-10-08 00:24:54,971 apps 2540 24708 [INFO] Model Parking Sessions: Basic configuration checked
INFO 2025-10-08 00:24:54,971 apps 2540 24708 [SUCCESS] Parking App: Forbes Marshall SpotCheck ready!
INFO 2025-10-08 00:27:30,059 apps 23200 24244 [CAR] Parking App: Initializing Forbes Marshall SpotCheck...
INFO 2025-10-08 00:27:30,059 apps 23200 24244 [OK] Parking App: Signal handlers loaded successfully
INFO 2025-10-08 00:27:30,059 apps 23200 24244 [OK] Admin interface customized
INFO 2025-10-08 00:27:30,059 apps 23200 24244 [OK] Model Vehicles: Configuration verified
INFO 2025-10-08 00:27:30,059 apps 23200 24244 [OK] Model Parking Slots: Configuration verified
INFO 2025-10-08 00:27:30,059 apps 23200 24244 [INFO] Model Parking Sessions: Basic configuration checked
INFO 2025-10-08 00:27:30,059 apps 23200 24244 [SUCCESS] Parking App: Forbes Marshall SpotCheck ready!
INFO 2025-10-08 00:27:30,552 apps 22516 24964 [CAR] Parking App: Initializing Forbes Marshall SpotCheck...
INFO 2025-10-08 00:27:30,553 apps 22516 24964 [OK] Parking App: Signal handlers loaded successfully
INFO 2025-10-08 00:27:30,553 apps 22516 24964 [OK] Admin interface customized
INFO 2025-10-08 00:27:30,553 apps 22516 24964 [OK] Model Vehicles: Configuration verified
INFO 2025-10-08 00:27:30,553 apps 22516 24964 [OK] Model Parking Slots: Configuration verified
INFO 2025-10-08 00:27:30,554 apps 22516 24964 [INFO] Model Parking Sessions: Basic configuration checked
INFO 2025-10-08 00:27:30,554 apps 22516 24964 [SUCCESS] Parking App: Forbes Marshall SpotCheck ready!
INFO 2025-10-08 00:33:10,676 apps 3464 24616 [CAR] Parking App: Initializing Forbes Marshall SpotCheck...
INFO 2025-10-08 00:33:10,676 apps 3464 24616 [OK] Parking App: Signal handlers loaded successfully
INFO 2025-10-08 00:33:10,676 apps 3464 24616 [OK] Admin interface customized
INFO 2025-10-08 00:33:10,676 apps 3464 24616 [OK] Model Vehicles: Configuration verified
INFO 2025-10-08 00:33:10,676 apps 3464 24616 [OK] Model Parking Slots: Configuration verified
INFO 2025-10-08 00:33:10,676 apps 3464 24616 [INFO] Model Parking Sessions: Basic configuration checked
INFO 2025-10-08 00:33:10,676 apps 3464 24616 [SUCCESS] Parking App: Forbes Marshall SpotCheck ready!
INFO 2025-10-08 00:33:11,205 apps 25092 17012 [CAR] Parking App: Initializing Forbes Marshall SpotCheck...
INFO 2025-10-08 00:33:11,205 apps 25092 17012 [OK] Parking App: Signal handlers loaded successfully
INFO 2025-10-08 00:33:11,205 apps 25092 17012 [OK] Admin interface customized
INFO 2025-10-08 00:33:11,205 apps 25092 17012 [OK] Model Vehicles: Configuration verified
INFO 2025-10-08 00:33:11,205 apps 25092 17012 [OK] Model Parking Slots: Configuration verified
INFO 2025-10-08 00:33:11,205 apps 25092 17012 [INFO] Model Parking Sessions: Basic configuration checked
INFO 2025-10-08 00:33:11,205 apps 25092 17012 [SUCCESS] Parking App: Forbes Marshall SpotCheck ready!
INFO 2025-10-08 00:34:42,308 apps 16424 16976 [CAR] Parking App: Initializing Forbes Marshall SpotCheck...
INFO 2025-10-08 00:34:42,309 apps 16424 16976 [OK] Parking App: Signal handlers loaded successfully
INFO 2025-10-08 00:34:42,309 apps 16424 16976 [OK] Admin interface customized
INFO 2025-10-08 00:34:42,309 apps 16424 16976 [OK] Model Vehicles: Configuration verified
INFO 2025-10-08 00:34:42,309 apps 16424 16976 [OK] Model Parking Slots: Configuration verified
INFO 2025-10-08 00:34:42,309 apps 16424 16976 [INFO] Model Parking Sessions: Basic configuration checked
INFO 2025-10-08 00:34:42,309 apps 16424 16976 [SUCCESS] Parking App: Forbes Marshall SpotCheck ready!
INFO 2025-10-08 00:34:42,844 apps 19028 15224 [CAR] Parking App: Initializing Forbes Marshall SpotCheck...
INFO 2025-10-08 00:34:42,846 apps 19028 15224 [OK] Parking App: Signal handlers loaded successfully
INFO 2025-10-08 00:34:42,846 apps 19028 15224 [OK] Admin interface customized
INFO 2025-10-08 00:34:42,846 apps 19028 15224 [OK] Model Vehicles: Configuration verified
INFO 2025-10-08 00:34:42,846 apps 19028 15224 [OK] Model Parking Slots: Configuration verified
INFO 2025-10-08 00:34:42,846 apps 19028 15224 [INFO] Model Parking Sessions: Basic configuration checked
INFO 2025-10-08 00:34:42,846 apps 19028 15224 [SUCCESS] Parking App: Forbes Marshall SpotCheck ready!
INFO 2025-10-08 00:39:22,061 apps 14600 17064 [CAR] Parking App: Initializing Forbes Marshall SpotCheck...
INFO 2025-10-08 00:39:22,061 apps 14600 17064 [OK] Parking App: Signal handlers loaded successfully
INFO 2025-10-08 00:39:22,061 apps 14600 17064 [OK] Admin interface customized
INFO 2025-10-08 00:39:22,061 apps 14600 17064 [OK] Model Vehicles: Configuration verified
INFO 2025-10-08 00:39:22,061 apps 14600 17064 [OK] Model Parking Slots: Configuration verified
INFO 2025-10-08 00:39:22,061 apps 14600 17064 [INFO] Model Parking Sessions: Basic configuration checked
INFO 2025-10-08 00:39:22,061 apps 14600 17064 [SUCCESS] Parking App: Forbes Marshall SpotCheck ready!
INFO 2025-10-09 10:51:29,353 apps 15764 18884 [CAR] Parking App: Initializing Forbes Marshall SpotCheck...
INFO 2025-10-09 10:51:29,356 apps 15764 18884 [OK] Parking App: Signal handlers loaded successfully
INFO 2025-10-09 10:51:29,356 apps 15764 18884 [OK] Admin interface customized
INFO 2025-10-09 10:51:29,356 apps 15764 18884 [OK] Model Vehicles: Configuration verified
INFO 2025-10-09 10:51:29,356 apps 15764 18884 [OK] Model Parking Slots: Configuration verified
INFO 2025-10-09 10:51:29,356 apps 15764 18884 [INFO] Model Parking Sessions: Basic configuration checked
INFO 2025-10-09 10:51:29,356 apps 15764 18884 [SUCCESS] Parking App: Forbes Marshall SpotCheck ready!
INFO 2025-10-09 10:51:30,610 apps 5136 14908 [CAR] Parking App: Initializing Forbes Marshall SpotCheck...
INFO 2025-10-09 10:51:30,614 apps 5136 14908 [OK] Parking App: Signal handlers loaded successfully
INFO 2025-10-09 10:51:30,614 apps 5136 14908 [OK] Admin interface customized
INFO 2025-10-09 10:51:30,614 apps 5136 14908 [OK] Model Vehicles: Configuration verified
INFO 2025-10-09 10:51:30,614 apps 5136 14908 [OK] Model Parking Slots: Configuration verified
INFO 2025-10-09 10:51:30,614 apps 5136 14908 [INFO] Model Parking Sessions: Basic configuration checked
INFO 2025-10-09 10:51:30,614 apps 5136 14908 [SUCCESS] Parking App: Forbes Marshall SpotCheck ready!
INFO 2025-10-09 11:41:42,275 apps 21176 24212 [CAR] Parking App: Initializing Forbes Marshall SpotCheck...
INFO 2025-10-09 11:41:42,277 apps 21176 24212 [OK] Parking App: Signal handlers loaded successfully
INFO 2025-10-09 11:41:42,277 apps 21176 24212 [OK] Admin interface customized
INFO 2025-10-09 11:41:42,280 apps 21176 24212 [OK] Model Vehicles: Configuration verified
INFO 2025-10-09 11:41:42,280 apps 21176 24212 [OK] Model Parking Slots: Configuration verified
INFO 2025-10-09 11:41:42,280 apps 21176 24212 [INFO] Model Parking Sessions: Basic configuration checked
INFO 2025-10-09 11:41:42,280 apps 21176 24212 [SUCCESS] Parking App: Forbes Marshall SpotCheck ready!
INFO 2025-10-09 11:41:43,552 apps 17252 14076 [CAR] Parking App: Initializing Forbes Marshall SpotCheck...
INFO 2025-10-09 11:41:43,556 apps 17252 14076 [OK] Parking App: Signal handlers loaded successfully
INFO 2025-10-09 11:41:43,556 apps 17252 14076 [OK] Admin interface customized
INFO 2025-10-09 11:41:43,556 apps 17252 14076 [OK] Model Vehicles: Configuration verified
INFO 2025-10-09 11:41:43,556 apps 17252 14076 [OK] Model Parking Slots: Configuration verified
INFO 2025-10-09 11:41:43,556 apps 17252 14076 [INFO] Model Parking Sessions: Basic configuration checked
INFO 2025-10-09 11:41:43,556 apps 17252 14076 [SUCCESS] Parking App: Forbes Marshall SpotCheck ready!
INFO 2025-10-09 11:42:22,167 apps 24304 19140 [CAR] Parking App: Initializing Forbes Marshall SpotCheck...
INFO 2025-10-09 11:42:22,167 apps 24304 19140 [OK] Parking App: Signal handlers loaded successfully
INFO 2025-10-09 11:42:22,167 apps 24304 19140 [OK] Admin interface customized
INFO 2025-10-09 11:42:22,174 apps 24304 19140 [OK] Model Vehicles: Configuration verified
INFO 2025-10-09 11:42:22,174 apps 24304 19140 [OK] Model Parking Slots: Configuration verified
INFO 2025-10-09 11:42:22,174 apps 24304 19140 [INFO] Model Parking Sessions: Basic configuration checked
INFO 2025-10-09 11:42:22,174 apps 24304 19140 [SUCCESS] Parking App: Forbes Marshall SpotCheck ready!
INFO 2025-10-09 11:55:41,996 apps 13832 11856 [CAR] Parking App: Initializing Forbes Marshall SpotCheck...
INFO 2025-10-09 11:55:42,004 apps 13832 11856 [OK] Parking App: Signal handlers loaded successfully
INFO 2025-10-09 11:55:42,004 apps 13832 11856 [OK] Admin interface customized
INFO 2025-10-09 11:55:42,004 apps 13832 11856 [OK] Model Vehicles: Configuration verified
INFO 2025-10-09 11:55:42,004 apps 13832 11856 [OK] Model Parking Slots: Configuration verified
INFO 2025-10-09 11:55:42,004 apps 13832 11856 [INFO] Model Parking Sessions: Basic configuration checked
INFO 2025-10-09 11:55:42,004 apps 13832 11856 [SUCCESS] Parking App: Forbes Marshall SpotCheck ready!
INFO 2025-10-09 11:59:33,386 apps 19340 12876 [CAR] Parking App: Initializing Forbes Marshall SpotCheck...
INFO 2025-10-09 11:59:33,389 apps 19340 12876 [OK] Parking App: Signal handlers loaded successfully
INFO 2025-10-09 11:59:33,389 apps 19340 12876 [OK] Admin interface customized
INFO 2025-10-09 11:59:33,389 apps 19340 12876 [OK] Model Vehicles: Configuration verified
INFO 2025-10-09 11:59:33,389 apps 19340 12876 [OK] Model Parking Slots: Configuration verified
INFO 2025-10-09 11:59:33,389 apps 19340 12876 [INFO] Model Parking Sessions: Basic configuration checked
INFO 2025-10-09 11:59:33,389 apps 19340 12876 [SUCCESS] Parking App: Forbes Marshall SpotCheck ready!
INFO 2025-10-09 11:59:34,681 apps 23788 27404 [CAR] Parking App: Initializing Forbes Marshall SpotCheck...
INFO 2025-10-09 11:59:34,683 apps 23788 27404 [OK] Parking App: Signal handlers loaded successfully
INFO 2025-10-09 11:59:34,683 apps 23788 27404 [OK] Admin interface customized
INFO 2025-10-09 11:59:34,683 apps 23788 27404 [OK] Model Vehicles: Configuration verified
INFO 2025-10-09 11:59:34,683 apps 23788 27404 [OK] Model Parking Slots: Configuration verified
INFO 2025-10-09 11:59:34,683 apps 23788 27404 [INFO] Model Parking Sessions: Basic configuration checked
INFO 2025-10-09 11:59:34,683 apps 23788 27404 [SUCCESS] Parking App: Forbes Marshall SpotCheck ready!
INFO 2025-10-11 18:47:25,723 apps 17104 11800 [CAR] Parking App: Initializing Forbes Marshall SpotCheck...
INFO 2025-10-11 18:47:25,726 apps 17104 11800 [OK] Parking App: Signal handlers loaded successfully
INFO 2025-10-11 18:47:25,726 apps 17104 11800 [OK] Admin interface customized
INFO 2025-10-11 18:47:25,726 apps 17104 11800 [OK] Model Vehicles: Configuration verified
INFO 2025-10-11 18:47:25,726 apps 17104 11800 [OK] Model Parking Slots: Configuration verified
INFO 2025-10-11 18:47:25,726 apps 17104 11800 [INFO] Model Parking Sessions: Basic configuration checked
INFO 2025-10-11 18:47:25,726 apps 17104 11800 [SUCCESS] Parking App: Forbes Marshall SpotCheck ready!
INFO 2025-10-11 18:47:26,223 apps 17008 11040 [CAR] Parking App: Initializing Forbes Marshall SpotCheck...
INFO 2025-10-11 18:47:26,224 apps 17008 11040 [OK] Parking App: Signal handlers loaded successfully
INFO 2025-10-11 18:47:26,225 apps 17008 11040 [OK] Admin interface customized
INFO 2025-10-11 18:47:26,225 apps 17008 11040 [OK] Model Vehicles: Configuration verified
INFO 2025-10-11 18:47:26,225 apps 17008 11040 [OK] Model Parking Slots: Configuration verified
INFO 2025-10-11 18:47:26,225 apps 17008 11040 [INFO] Model Parking Sessions: Basic configuration checked
INFO 2025-10-11 18:47:26,225 apps 17008 11040 [SUCCESS] Parking App: Forbes Marshall SpotCheck ready!
INFO 2025-10-11 20:08:47,048 apps 20200 22464 [CAR] Parking App: Initializing Forbes Marshall SpotCheck...
INFO 2025-10-11 20:08:47,050 apps 20200 22464 [OK] Parking App: Signal handlers loaded successfully
INFO 2025-10-11 20:08:47,051 apps 20200 22464 [OK] Admin interface customized
INFO 2025-10-11 20:08:47,051 apps 20200 22464 [OK] Model Vehicles: Configuration verified
INFO 2025-10-11 20:08:47,051 apps 20200 22464 [OK] Model Parking Slots: Configuration verified
INFO 2025-10-11 20:08:47,051 apps 20200 22464 [INFO] Model Parking Sessions: Basic configuration checked
INFO 2025-10-11 20:08:47,051 apps 20200 22464 [SUCCESS] Parking App: Forbes Marshall SpotCheck ready!
INFO 2025-10-11 20:08:47,715 apps 24180 19988 [CAR] Parking App: Initializing Forbes Marshall SpotCheck...
INFO 2025-10-11 20:08:47,716 apps 24180 19988 [OK] Parking App: Signal handlers loaded successfully
INFO 2025-10-11 20:08:47,716 apps 24180 19988 [OK] Admin interface customized
INFO 2025-10-11 20:08:47,718 apps 24180 19988 [OK] Model Vehicles: Configuration verified
INFO 2025-10-11 20:08:47,718 apps 24180 19988 [OK] Model Parking Slots: Configuration verified
INFO 2025-10-11 20:08:47,718 apps 24180 19988 [INFO] Model Parking Sessions: Basic configuration checked
INFO 2025-10-11 20:08:47,718 apps 24180 19988 [SUCCESS] Parking App: Forbes Marshall SpotCheck ready!
INFO 2025-10-11 20:11:57,268 apps 23564 18572 [CAR] Parking App: Initializing Forbes Marshall SpotCheck...
INFO 2025-10-11 20:11:57,270 apps 23564 18572 [OK] Parking App: Signal handlers loaded successfully
INFO 2025-10-11 20:11:57,270 apps 23564 18572 [OK] Admin interface customized
INFO 2025-10-11 20:11:57,270 apps 23564 18572 [OK] Model Vehicles: Configuration verified
INFO 2025-10-11 20:11:57,270 apps 23564 18572 [OK] Model Parking Slots: Configuration verified
INFO 2025-10-11 20:11:57,271 apps 23564 18572 [INFO] Model Parking Sessions: Basic configuration checked
INFO 2025-10-11 20:11:57,271 apps 23564 18572 [SUCCESS] Parking App: Forbes Marshall SpotCheck ready!
INFO 2025-10-11 20:12:13,534 apps 24040 18884 [CAR] Parking App: Initializing Forbes Marshall SpotCheck...
INFO 2025-10-11 20:12:13,536 apps 24040 18884 [OK] Parking App: Signal handlers loaded successfully
INFO 2025-10-11 20:12:13,536 apps 24040 18884 [OK] Admin interface customized
INFO 2025-10-11 20:12:13,537 apps 24040 18884 [OK] Model Vehicles: Configuration verified
INFO 2025-10-11 20:12:13,537 apps 24040 18884 [OK] Model Parking Slots: Configuration verified
INFO 2025-10-11 20:12:13,537 apps 24040 18884 [INFO] Model Parking Sessions: Basic configuration checked
INFO 2025-10-11 20:12:13,538 apps 24040 18884 [SUCCESS] Parking App: Forbes Marshall SpotCheck ready!
INFO 2025-10-11 20:16:19,363 apps 14244 15092 [CAR] Parking App: Initializing Forbes Marshall SpotCheck...
INFO 2025-10-11 20:16:19,364 apps 14244 15092 [OK] Parking App: Signal handlers loaded successfully
INFO 2025-10-11 20:16:19,364 apps 14244 15092 [OK] Admin interface customized
INFO 2025-10-11 20:16:19,365 apps 14244 15092 [OK] Model Vehicles: Configuration verified
INFO 2025-10-11 20:16:19,365 apps 14244 15092 [OK] Model Parking Slots: Configuration verified
INFO 2025-10-11 20:16:19,365 apps 14244 15092 [INFO] Model Parking Sessions: Basic configuration checked
INFO 2025-10-11 20:16:19,365 apps 14244 15092 [SUCCESS] Parking App: Forbes Marshall SpotCheck ready!
INFO 2025-10-11 20:16:20,103 apps 12008 25080 [CAR] Parking App: Initializing Forbes Marshall SpotCheck...
INFO 2025-10-11 20:16:20,105 apps 12008 25080 [OK] Parking App: Signal handlers loaded successfully
INFO 2025-10-11 20:16:20,105 apps 12008 25080 [OK] Admin interface customized
INFO 2025-10-11 20:16:20,105 apps 12008 25080 [OK] Model Vehicles: Configuration verified
INFO 2025-10-11 20:16:20,105 apps 12008 25080 [OK] Model Parking Slots: Configuration verified
INFO 2025-10-11 20:16:20,106 apps 12008 25080 [INFO] Model Parking Sessions: Basic configuration checked
INFO 2025-10-11 20:16:20,106 apps 12008 25080 [SUCCESS] Parking App: Forbes Marshall SpotCheck ready!
INFO 2025-10-12 02:29:53,097 apps 20868 18372 [CAR] Parking App: Initializing Forbes Marshall SpotCheck...
INFO 2025-10-12 02:29:53,099 apps 20868 18372 [OK] Parking App: Signal handlers loaded successfully
INFO 2025-10-12 02:29:53,100 apps 20868 18372 [OK] Admin interface customized
INFO 2025-10-12 02:29:53,100 apps 20868 18372 [OK] Model Vehicles: Configuration verified
INFO 2025-10-12 02:29:53,100 apps 20868 18372 [OK] Model Parking Slots: Configuration verified
INFO 2025-10-12 02:29:53,100 apps 20868 18372 [INFO] Model Parking Sessions: Basic configuration checked
INFO 2025-10-12 02:29:53,100 apps 20868 18372 [SUCCESS] Parking App: Forbes Marshall SpotCheck ready!
INFO 2025-10-12 02:32:49,898 apps 25860 18568 [CAR] Parking App: Initializing Forbes Marshall SpotCheck...
INFO 2025-10-12 02:32:49,899 apps 25860 18568 [OK] Parking App: Signal handlers loaded successfully
INFO 2025-10-12 02:32:49,899 apps 25860 18568 [OK] Admin interface customized
INFO 2025-10-12 02:32:49,899 apps 25860 18568 [OK] Model Vehicles: Configuration verified
INFO 2025-10-12 02:32:49,899 apps 25860 18568 [OK] Model Parking Slots: Configuration verified
INFO 2025-10-12 02:32:49,900 apps 25860 18568 [INFO] Model Parking Sessions: Basic configuration checked
INFO 2025-10-12 02:32:49,900 apps 25860 18568 [SUCCESS] Parking App: Forbes Marshall SpotCheck ready!
INFO 2025-10-12 02:32:56,791 apps 11472 19200 [CAR] Parking App: Initializing Forbes Marshall SpotCheck...
INFO 2025-10-12 02:32:56,792 apps 11472 19200 [OK] Parking App: Signal handlers loaded successfully
INFO 2025-10-12 02:32:56,792 apps 11472 19200 [OK] Admin interface customized
INFO 2025-10-12 02:32:56,793 apps 11472 19200 [OK] Model Vehicles: Configuration verified
INFO 2025-10-12 02:32:56,793 apps 11472 19200 [OK] Model Parking Slots: Configuration verified
INFO 2025-10-12 02:32:56,793 apps 11472 19200 [INFO] Model Parking Sessions: Basic configuration checked
INFO 2025-10-12 02:32:56,793 apps 11472 19200 [SUCCESS] Parking App: Forbes Marshall SpotCheck ready!
INFO 2025-10-12 02:45:58,586 apps 3756 25724 [CAR] Parking App: Initializing Forbes Marshall SpotCheck...
INFO 2025-10-12 02:45:58,587 apps 3756 25724 [OK] Parking App: Signal handlers loaded successfully
INFO 2025-10-12 02:45:58,587 apps 3756 25724 [OK] Admin interface customized
INFO 2025-10-12 02:45:58,587 apps 3756 25724 [OK] Model Vehicles: Configuration verified
INFO 2025-10-12 02:45:58,587 apps 3756 25724 [OK] Model Parking Slots: Configuration verified
INFO 2025-10-12 02:45:58,588 apps 3756 25724 [INFO] Model Parking Sessions: Basic configuration checked
INFO 2025-10-12 02:45:58,588 apps 3756 25724 [SUCCESS] Parking App: Forbes Marshall SpotCheck ready!
INFO 2025-10-12 02:47:12,763 apps 23008 25944 [CAR] Parking App: Initializing Forbes Marshall SpotCheck...
INFO 2025-10-12 02:47:12,764 apps 23008 25944 [OK] Parking App: Signal handlers loaded successfully
INFO 2025-10-12 02:47:12,765 apps 23008 25944 [OK] Admin interface customized
INFO 2025-10-12 02:47:12,765 apps 23008 25944 [OK] Model Vehicles: Configuration verified
INFO 2025-10-12 02:47:12,765 apps 23008 25944 [OK] Model Parking Slots: Configuration verified
INFO 2025-10-12 02:47:12,765 apps 23008 25944 [INFO] Model Parking Sessions: Basic configuration checked
INFO 2025-10-12 02:47:12,765 apps 23008 25944 [SUCCESS] Parking App: Forbes Marshall SpotCheck ready!
INFO 2025-10-12 02:47:46,363 apps 24332 23580 [CAR] Parking App: Initializing Forbes Marshall SpotCheck...
INFO 2025-10-12 02:47:46,363 apps 24332 23580 [OK] Parking App: Signal handlers loaded successfully
INFO 2025-10-12 02:47:46,363 apps 24332 23580 [OK] Admin interface customized
INFO 2025-10-12 02:47:46,363 apps 24332 23580 [OK] Model Vehicles: Configuration verified
INFO 2025-10-12 02:47:46,367 apps 24332 23580 [OK] Model Parking Slots: Configuration verified
INFO 2025-10-12 02:47:46,367 apps 24332 23580 [INFO] Model Parking Sessions: Basic configuration checked
INFO 2025-10-12 02:47:46,367 apps 24332 23580 [SUCCESS] Parking App: Forbes Marshall SpotCheck ready!
INFO 2025-10-12 02:49:19,973 apps 20656 16168 [CAR] Parking App: Initializing Forbes Marshall SpotCheck...
INFO 2025-10-12 02:49:19,975 apps 20656 16168 [OK] Parking App: Signal handlers loaded successfully
INFO 2025-10-12 02:49:19,975 apps 20656 16168 [OK] Admin interface customized
INFO 2025-10-12 02:49:19,975 apps 20656 16168 [OK] Model Vehicles: Configuration verified
INFO 2025-10-12 02:49:19,975 apps 20656 16168 [OK] Model Parking Slots: Configuration verified
INFO 2025-10-12 02:49:19,975 apps 20656 16168 [INFO] Model Parking Sessions: Basic configuration checked
INFO 2025-10-12 02:49:19,975 apps 20656 16168 [SUCCESS] Parking App: Forbes Marshall SpotCheck ready!
INFO 2025-10-12 02:50:00,653 apps 21312 15068 [CAR] Parking App: Initializing Forbes Marshall SpotCheck...
INFO 2025-10-12 02:50:00,656 apps 21312 15068 [OK] Parking App: Signal handlers loaded successfully
INFO 2025-10-12 02:50:00,656 apps 21312 15068 [OK] Admin interface customized
INFO 2025-10-12 02:50:00,656 apps 21312 15068 [OK] Model Vehicles: Configuration verified
INFO 2025-10-12 02:50:00,656 apps 21312 15068 [OK] Model Parking Slots: Configuration verified
INFO 2025-10-12 02:50:00,656 apps 21312 15068 [INFO] Model Parking Sessions: Basic configuration checked
INFO 2025-10-12 02:50:00,656 apps 21312 15068 [SUCCESS] Parking App: Forbes Marshall SpotCheck ready!
INFO 2025-10-12 02:50:13,416 apps 14984 4408 [CAR] Parking App: Initializing Forbes Marshall SpotCheck...
INFO 2025-10-12 02:50:13,418 apps 14984 4408 [OK] Parking App: Signal handlers loaded successfully
INFO 2025-10-12 02:50:13,418 apps 14984 4408 [OK] Admin interface customized
INFO 2025-10-12 02:50:13,418 apps 14984 4408 [OK] Model Vehicles: Configuration verified
INFO 2025-10-12 02:50:13,419 apps 14984 4408 [OK] Model Parking Slots: Configuration verified
INFO 2025-10-12 02:50:13,419 apps 14984 4408 [INFO] Model Parking Sessions: Basic configuration checked
INFO 2025-10-12 02:50:13,419 apps 14984 4408 [SUCCESS] Parking App: Forbes Marshall SpotCheck ready!
INFO 2025-10-12 02:50:35,704 apps 25752 4004 [CAR] Parking App: Initializing Forbes Marshall SpotCheck...
INFO 2025-10-12 02:50:35,706 apps 25752 4004 [OK] Parking App: Signal handlers loaded successfully
INFO 2025-10-12 02:50:35,706 apps 25752 4004 [OK] Admin interface customized
INFO 2025-10-12 02:50:35,706 apps 25752 4004 [OK] Model Vehicles: Configuration verified
INFO 2025-10-12 02:50:35,706 apps 25752 4004 [OK] Model Parking Slots: Configuration verified
INFO 2025-10-12 02:50:35,706 apps 25752 4004 [INFO] Model Parking Sessions: Basic configuration checked
INFO 2025-10-12 02:50:35,706 apps 25752 4004 [SUCCESS] Parking App: Forbes Marshall SpotCheck ready!
INFO 2025-10-12 02:50:46,440 apps 10104 11500 [CAR] Parking App: Initializing Forbes Marshall SpotCheck...
INFO 2025-10-12 02:50:46,442 apps 10104 11500 [OK] Parking App: Signal handlers loaded successfully
INFO 2025-10-12 02:50:46,442 apps 10104 11500 [OK] Admin interface customized
INFO 2025-10-12 02:50:46,442 apps 10104 11500 [OK] Model Vehicles: Configuration verified
INFO 2025-10-12 02:50:46,443 apps 10104 11500 [OK] Model Parking Slots: Configuration verified
INFO 2025-10-12 02:50:46,443 apps 10104 11500 [INFO] Model Parking Sessions: Basic configuration checked
INFO 2025-10-12 02:50:46,443 apps 10104 11500 [SUCCESS] Parking App: Forbes Marshall SpotCheck ready!
INFO 2025-10-12 02:51:55,599 apps 8640 16012 [CAR] Parking App: Initializing Forbes Marshall SpotCheck...
INFO 2025-10-12 02:51:55,600 apps 8640 16012 [OK] Parking App: Signal handlers loaded successfully
INFO 2025-10-12 02:51:55,600 apps 8640 16012 [OK] Admin interface customized
INFO 2025-10-12 02:51:55,600 apps 8640 16012 [OK] Model Vehicles: Configuration verified
INFO 2025-10-12 02:51:55,600 apps 8640 16012 [OK] Model Parking Slots: Configuration verified
INFO 2025-10-12 02:51:55,600 apps 8640 16012 [INFO] Model Parking Sessions: Basic configuration checked
INFO 2025-10-12 02:51:55,600 apps 8640 16012 [SUCCESS] Parking App: Forbes Marshall SpotCheck ready!
INFO 2025-10-12 02:51:56,866 signals 8640 16012    Owner: John Doe
INFO 2025-10-12 02:51:56,872 signals 8640 16012    Owner: Jane Smith
INFO 2025-10-12 02:51:56,876 signals 8640 16012    Owner: Bob Johnson
INFO 2025-10-12 02:51:56,883 signals 8640 16012    Owner: Alice Brown
INFO 2025-10-12 02:52:27,541 apps 25748 13368 [CAR] Parking App: Initializing Forbes Marshall SpotCheck...
INFO 2025-10-12 02:52:27,541 apps 25748 13368 [OK] Parking App: Signal handlers loaded successfully
INFO 2025-10-12 02:52:27,541 apps 25748 13368 [OK] Admin interface customized
INFO 2025-10-12 02:52:27,541 apps 25748 13368 [OK] Model Vehicles: Configuration verified
INFO 2025-10-12 02:52:27,541 apps 25748 13368 [OK] Model Parking Slots: Configuration verified
INFO 2025-10-12 02:52:27,541 apps 25748 13368 [INFO] Model Parking Sessions: Basic configuration checked
INFO 2025-10-12 02:52:27,541 apps 25748 13368 [SUCCESS] Parking App: Forbes Marshall SpotCheck ready!
INFO 2025-10-12 02:52:28,116 apps 13216 23472 [CAR] Parking App: Initializing Forbes Marshall SpotCheck...
INFO 2025-10-12 02:52:28,118 apps 13216 23472 [OK] Parking App: Signal handlers loaded successfully
INFO 2025-10-12 02:52:28,118 apps 13216 23472 [OK] Admin interface customized
INFO 2025-10-12 02:52:28,118 apps 13216 23472 [OK] Model Vehicles: Configuration verified
INFO 2025-10-12 02:52:28,118 apps 13216 23472 [OK] Model Parking Slots: Configuration verified
INFO 2025-10-12 02:52:28,119 apps 13216 23472 [INFO] Model Parking Sessions: Basic configuration checked
INFO 2025-10-12 02:52:28,119 apps 13216 23472 [SUCCESS] Parking App: Forbes Marshall SpotCheck ready!
INFO 2025-10-12 02:52:52,079 apps 12492 20384 [CAR] Parking App: Initializing Forbes Marshall SpotCheck...
INFO 2025-10-12 02:52:52,080 apps 12492 20384 [OK] Parking App: Signal handlers loaded successfully
INFO 2025-10-12 02:52:52,081 apps 12492 20384 [OK] Admin interface customized
INFO 2025-10-12 02:52:52,081 apps 12492 20384 [OK] Model Vehicles: Configuration verified
INFO 2025-10-12 02:52:52,081 apps 12492 20384 [OK] Model Parking Slots: Configuration verified
INFO 2025-10-12 02:52:52,081 apps 12492 20384 [INFO] Model Parking Sessions: Basic configuration checked
INFO 2025-10-12 02:52:52,081 apps 12492 20384 [SUCCESS] Parking App: Forbes Marshall SpotCheck ready!
INFO 2025-10-12 02:52:52,615 apps 24300 9784 [CAR] Parking App: Initializing Forbes Marshall SpotCheck...
INFO 2025-10-12 02:52:52,616 apps 24300 9784 [OK] Parking App: Signal handlers loaded successfully
INFO 2025-10-12 02:52:52,616 apps 24300 9784 [OK] Admin interface customized
INFO 2025-10-12 02:52:52,616 apps 24300 9784 [OK] Model Vehicles: Configuration verified
INFO 2025-10-12 02:52:52,616 apps 24300 9784 [OK] Model Parking Slots: Configuration verified
INFO 2025-10-12 02:52:52,616 apps 24300 9784 [INFO] Model Parking Sessions: Basic configuration checked
INFO 2025-10-12 02:52:52,616 apps 24300 9784 [SUCCESS] Parking App: Forbes Marshall SpotCheck ready!
INFO 2025-10-12 02:57:00,940 apps 17088 9256 [CAR] Parking App: Initializing Forbes Marshall SpotCheck...
INFO 2025-10-12 02:57:00,941 apps 17088 9256 [OK] Parking App: Signal handlers loaded successfully
INFO 2025-10-12 02:57:00,941 apps 17088 9256 [OK] Admin interface customized
INFO 2025-10-12 02:57:00,941 apps 17088 9256 [OK] Model Vehicles: Configuration verified
INFO 2025-10-12 02:57:00,941 apps 17088 9256 [OK] Model Parking Slots: Configuration verified
INFO 2025-10-12 02:57:00,942 apps 17088 9256 [INFO] Model Parking Sessions: Basic configuration checked
INFO 2025-10-12 02:57:00,942 apps 17088 9256 [SUCCESS] Parking App: Forbes Marshall SpotCheck ready!
INFO 2025-10-12 02:57:10,616 apps 26140 14072 [CAR] Parking App: Initializing Forbes Marshall SpotCheck...
INFO 2025-10-12 02:57:10,618 apps 26140 14072 [OK] Parking App: Signal handlers loaded successfully
INFO 2025-10-12 02:57:10,618 apps 26140 14072 [OK] Admin interface customized
INFO 2025-10-12 02:57:10,618 apps 26140 14072 [OK] Model Vehicles: Configuration verified
INFO 2025-10-12 02:57:10,618 apps 26140 14072 [OK] Model Parking Slots: Configuration verified
INFO 2025-10-12 02:57:10,619 apps 26140 14072 [INFO] Model Parking Sessions: Basic configuration checked
INFO 2025-10-12 02:57:10,619 apps 26140 14072 [SUCCESS] Parking App: Forbes Marshall SpotCheck ready!
INFO 2025-10-12 02:58:43,224 apps 17500 2868 [CAR] Parking App: Initializing Forbes Marshall SpotCheck...
INFO 2025-10-12 02:58:43,226 apps 17500 2868 [OK] Parking App: Signal handlers loaded successfully
INFO 2025-10-12 02:58:43,226 apps 17500 2868 [OK] Admin interface customized
INFO 2025-10-12 02:58:43,226 apps 17500 2868 [OK] Model Vehicles: Configuration verified
INFO 2025-10-12 02:58:43,226 apps 17500 2868 [OK] Model Parking Slots: Configuration verified
INFO 2025-10-12 02:58:43,226 apps 17500 2868 [INFO] Model Parking Sessions: Basic configuration checked
INFO 2025-10-12 02:58:43,226 apps 17500 2868 [SUCCESS] Parking App: Forbes Marshall SpotCheck ready!
INFO 2025-10-12 02:59:13,108 apps 22516 15516 [CAR] Parking App: Initializing Forbes Marshall SpotCheck...
INFO 2025-10-12 02:59:13,109 apps 22516 15516 [OK] Parking App: Signal handlers loaded successfully
INFO 2025-10-12 02:59:13,109 apps 22516 15516 [OK] Admin interface customized
INFO 2025-10-12 02:59:13,109 apps 22516 15516 [OK] Model Vehicles: Configuration verified
INFO 2025-10-12 02:59:13,109 apps 22516 15516 [OK] Model Parking Slots: Configuration verified
INFO 2025-10-12 02:59:13,110 apps 22516 15516 [INFO] Model Parking Sessions: Basic configuration checked
INFO 2025-10-12 02:59:13,110 apps 22516 15516 [SUCCESS] Parking App: Forbes Marshall SpotCheck ready!
INFO 2025-10-12 02:59:20,451 apps 23984 9488 [CAR] Parking App: Initializing Forbes Marshall SpotCheck...
INFO 2025-10-12 02:59:20,451 apps 23984 9488 [OK] Parking App: Signal handlers loaded successfully
INFO 2025-10-12 02:59:20,451 apps 23984 9488 [OK] Admin interface customized
INFO 2025-10-12 02:59:20,451 apps 23984 9488 [OK] Model Vehicles: Configuration verified
INFO 2025-10-12 02:59:20,451 apps 23984 9488 [OK] Model Parking Slots: Configuration verified
INFO 2025-10-12 02:59:20,451 apps 23984 9488 [INFO] Model Parking Sessions: Basic configuration checked
INFO 2025-10-12 02:59:20,451 apps 23984 9488 [SUCCESS] Parking App: Forbes Marshall SpotCheck ready!
INFO 2025-10-12 03:00:54,251 apps 16056 25152 [CAR] Parking App: Initializing Forbes Marshall SpotCheck...
INFO 2025-10-12 03:00:54,254 apps 16056 25152 [OK] Parking App: Signal handlers loaded successfully
INFO 2025-10-12 03:00:54,254 apps 16056 25152 [OK] Admin interface customized
INFO 2025-10-12 03:00:54,254 apps 16056 25152 [OK] Model Vehicles: Configuration verified
INFO 2025-10-12 03:00:54,256 apps 16056 25152 [OK] Model Parking Slots: Configuration verified
INFO 2025-10-12 03:00:54,256 apps 16056 25152 [INFO] Model Parking Sessions: Basic configuration checked
INFO 2025-10-12 03:00:54,256 apps 16056 25152 [SUCCESS] Parking App: Forbes Marshall SpotCheck ready!
INFO 2025-10-12 03:00:54,802 apps 10540 25916 [CAR] Parking App: Initializing Forbes Marshall SpotCheck...
INFO 2025-10-12 03:00:54,803 apps 10540 25916 [OK] Parking App: Signal handlers loaded successfully
INFO 2025-10-12 03:00:54,803 apps 10540 25916 [OK] Admin interface customized
INFO 2025-10-12 03:00:54,803 apps 10540 25916 [OK] Model Vehicles: Configuration verified
INFO 2025-10-12 03:00:54,804 apps 10540 25916 [OK] Model Parking Slots: Configuration verified
INFO 2025-10-12 03:00:54,804 apps 10540 25916 [INFO] Model Parking Sessions: Basic configuration checked
INFO 2025-10-12 03:00:54,804 apps 10540 25916 [SUCCESS] Parking App: Forbes Marshall SpotCheck ready!
INFO 2025-10-12 03:01:54,154 apps 26164 2084 [CAR] Parking App: Initializing Forbes Marshall SpotCheck...
INFO 2025-10-12 03:01:54,154 apps 26164 2084 [OK] Parking App: Signal handlers loaded successfully
INFO 2025-10-12 03:01:54,155 apps 26164 2084 [OK] Admin interface customized
INFO 2025-10-12 03:01:54,155 apps 26164 2084 [OK] Model Vehicles: Configuration verified
INFO 2025-10-12 03:01:54,155 apps 26164 2084 [OK] Model Parking Slots: Configuration verified
INFO 2025-10-12 03:01:54,155 apps 26164 2084 [INFO] Model Parking Sessions: Basic configuration checked
INFO 2025-10-12 03:01:54,155 apps 26164 2084 [SUCCESS] Parking App: Forbes Marshall SpotCheck ready!
INFO 2025-10-12 03:01:54,689 apps 24780 26156 [CAR] Parking App: Initializing Forbes Marshall SpotCheck...
INFO 2025-10-12 03:01:54,689 apps 24780 26156 [OK] Parking App: Signal handlers loaded successfully
INFO 2025-10-12 03:01:54,689 apps 24780 26156 [OK] Admin interface customized
INFO 2025-10-12 03:01:54,689 apps 24780 26156 [OK] Model Vehicles: Configuration verified
INFO 2025-10-12 03:01:54,689 apps 24780 26156 [OK] Model Parking Slots: Configuration verified
INFO 2025-10-12 03:01:54,689 apps 24780 26156 [INFO] Model Parking Sessions: Basic configuration checked
INFO 2025-10-12 03:01:54,689 apps 24780 26156 [SUCCESS] Parking App: Forbes Marshall SpotCheck ready!
INFO 2025-10-12 03:04:10,419 apps 23188 25220 [CAR] Parking App: Initializing Forbes Marshall SpotCheck...
INFO 2025-10-12 03:04:10,420 apps 23188 25220 [OK] Parking App: Signal handlers loaded successfully
INFO 2025-10-12 03:04:10,420 apps 23188 25220 [OK] Admin interface customized
INFO 2025-10-12 03:04:10,420 apps 23188 25220 [OK] Model Vehicles: Configuration verified
INFO 2025-10-12 03:04:10,420 apps 23188 25220 [OK] Model Parking Slots: Configuration verified
INFO 2025-10-12 03:04:10,421 apps 23188 25220 [INFO] Model Parking Sessions: Basic configuration checked
INFO 2025-10-12 03:04:10,421 apps 23188 25220 [SUCCESS] Parking App: Forbes Marshall SpotCheck ready!
INFO 2025-10-12 03:04:10,951 apps 22932 21500 [CAR] Parking App: Initializing Forbes Marshall SpotCheck...
INFO 2025-10-12 03:04:10,953 apps 22932 21500 [OK] Parking App: Signal handlers loaded successfully
INFO 2025-10-12 03:04:10,953 apps 22932 21500 [OK] Admin interface customized
INFO 2025-10-12 03:04:10,953 apps 22932 21500 [OK] Model Vehicles: Configuration verified
INFO 2025-10-12 03:04:10,953 apps 22932 21500 [OK] Model Parking Slots: Configuration verified
INFO 2025-10-12 03:04:10,953 apps 22932 21500 [INFO] Model Parking Sessions: Basic configuration checked
INFO 2025-10-12 03:04:10,954 apps 22932 21500 [SUCCESS] Parking App: Forbes Marshall SpotCheck ready!
INFO 2025-10-12 03:04:55,775 apps 4136 16916 [CAR] Parking App: Initializing Forbes Marshall SpotCheck...
INFO 2025-10-12 03:04:55,776 apps 4136 16916 [OK] Parking App: Signal handlers loaded successfully
INFO 2025-10-12 03:04:55,776 apps 4136 16916 [OK] Admin interface customized
INFO 2025-10-12 03:04:55,777 apps 4136 16916 [OK] Model Vehicles: Configuration verified
INFO 2025-10-12 03:04:55,777 apps 4136 16916 [OK] Model Parking Slots: Configuration verified
INFO 2025-10-12 03:04:55,777 apps 4136 16916 [INFO] Model Parking Sessions: Basic configuration checked
INFO 2025-10-12 03:04:55,777 apps 4136 16916 [SUCCESS] Parking App: Forbes Marshall SpotCheck ready!
INFO 2025-10-12 03:05:01,105 apps 26164 16896 [CAR] Parking App: Initializing Forbes Marshall SpotCheck...
INFO 2025-10-12 03:05:01,106 apps 26164 16896 [OK] Parking App: Signal handlers loaded successfully
INFO 2025-10-12 03:05:01,106 apps 26164 16896 [OK] Admin interface customized
INFO 2025-10-12 03:05:01,106 apps 26164 16896 [OK] Model Vehicles: Configuration verified
INFO 2025-10-12 03:05:01,106 apps 26164 16896 [OK] Model Parking Slots: Configuration verified
INFO 2025-10-12 03:05:01,107 apps 26164 16896 [INFO] Model Parking Sessions: Basic configuration checked
INFO 2025-10-12 03:05:01,107 apps 26164 16896 [SUCCESS] Parking App: Forbes Marshall SpotCheck ready!
INFO 2025-10-12 03:05:15,228 apps 18172 11432 [CAR] Parking App: Initializing Forbes Marshall SpotCheck...
INFO 2025-10-12 03:05:15,229 apps 18172 11432 [OK] Parking App: Signal handlers loaded successfully
INFO 2025-10-12 03:05:15,229 apps 18172 11432 [OK] Admin interface customized
INFO 2025-10-12 03:05:15,229 apps 18172 11432 [OK] Model Vehicles: Configuration verified
INFO 2025-10-12 03:05:15,229 apps 18172 11432 [OK] Model Parking Slots: Configuration verified
INFO 2025-10-12 03:05:15,230 apps 18172 11432 [INFO] Model Parking Sessions: Basic configuration checked
INFO 2025-10-12 03:05:15,230 apps 18172 11432 [SUCCESS] Parking App: Forbes Marshall SpotCheck ready!
INFO 2025-10-12 03:07:25,741 apps 15824 20308 [CAR] Parking App: Initializing Forbes Marshall SpotCheck...
INFO 2025-10-12 03:07:25,742 apps 15824 20308 [OK] Parking App: Signal handlers loaded successfully
INFO 2025-10-12 03:07:25,742 apps 15824 20308 [OK] Admin interface customized
INFO 2025-10-12 03:07:25,742 apps 15824 20308 [OK] Model Vehicles: Configuration verified
INFO 2025-10-12 03:07:25,743 apps 15824 20308 [OK] Model Parking Slots: Configuration verified
INFO 2025-10-12 03:07:25,743 apps 15824 20308 [INFO] Model Parking Sessions: Basic configuration checked
INFO 2025-10-12 03:07:25,743 apps 15824 20308 [SUCCESS] Parking App: Forbes Marshall SpotCheck ready!
INFO 2025-10-12 03:07:36,282 apps 19204 21672 [CAR] Parking App: Initializing Forbes Marshall SpotCheck...
INFO 2025-10-12 03:07:36,283 apps 19204 21672 [OK] Parking App: Signal handlers loaded successfully
INFO 2025-10-12 03:07:36,283 apps 19204 21672 [OK] Admin interface customized
INFO 2025-10-12 03:07:36,284 apps 19204 21672 [OK] Model Vehicles: Configuration verified
INFO 2025-10-12 03:07:36,284 apps 19204 21672 [OK] Model Parking Slots: Configuration verified
INFO 2025-10-12 03:07:36,284 apps 19204 21672 [INFO] Model Parking Sessions: Basic configuration checked
INFO 2025-10-12 03:07:36,284 apps 19204 21672 [SUCCESS] Parking App: Forbes Marshall SpotCheck ready!
INFO 2025-10-12 03:12:00,537 apps 17364 3212 [CAR] Parking App: Initializing Forbes Marshall SpotCheck...
INFO 2025-10-12 03:12:00,538 apps 17364 3212 [OK] Parking App: Signal handlers loaded successfully
INFO 2025-10-12 03:12:00,538 apps 17364 3212 [OK] Admin interface customized
INFO 2025-10-12 03:12:00,539 apps 17364 3212 [OK] Model Vehicles: Configuration verified
INFO 2025-10-12 03:12:00,539 apps 17364 3212 [OK] Model Parking Slots: Configuration verified
INFO 2025-10-12 03:12:00,539 apps 17364 3212 [INFO] Model Parking Sessions: Basic configuration checked
INFO 2025-10-12 03:12:00,539 apps 17364 3212 [SUCCESS] Parking App: Forbes Marshall SpotCheck ready!
INFO 2025-10-12 03:12:57,108 apps 11248 15484 [CAR] Parking App: Initializing Forbes Marshall SpotCheck...
INFO 2025-10-12 03:12:57,108 apps 11248 15484 [OK] Parking App: Signal handlers loaded successfully
INFO 2025-10-12 03:12:57,109 apps 11248 15484 [OK] Admin interface customized
INFO 2025-10-12 03:12:57,109 apps 11248 15484 [OK] Model Vehicles: Configuration verified
INFO 2025-10-12 03:12:57,109 apps 11248 15484 [OK] Model Parking Slots: Configuration verified
INFO 2025-10-12 03:12:57,109 apps 11248 15484 [INFO] Model Parking Sessions: Basic configuration checked
INFO 2025-10-12 03:12:57,109 apps 11248 15484 [SUCCESS] Parking App: Forbes Marshall SpotCheck ready!
INFO 2025-10-12 03:13:12,163 apps 26424 16988 [CAR] Parking App: Initializing Forbes Marshall SpotCheck...
INFO 2025-10-12 03:13:12,164 apps 26424 16988 [OK] Parking App: Signal handlers loaded successfully
INFO 2025-10-12 03:13:12,164 apps 26424 16988 [OK] Admin interface customized
INFO 2025-10-12 03:13:12,164 apps 26424 16988 [OK] Model Vehicles: Configuration verified
INFO 2025-10-12 03:13:12,164 apps 26424 16988 [OK] Model Parking Slots: Configuration verified
INFO 2025-10-12 03:13:12,166 apps 26424 16988 [INFO] Model Parking Sessions: Basic configuration checked
INFO 2025-10-12 03:13:12,166 apps 26424 16988 [SUCCESS] Parking App: Forbes Marshall SpotCheck ready!
INFO 2025-10-12 03:13:12,493 apps 23708 20308 [CAR] Parking App: Initializing Forbes Marshall SpotCheck...
INFO 2025-10-12 03:13:12,495 apps 23708 20308 [OK] Parking App: Signal handlers loaded successfully
INFO 2025-10-12 03:13:12,495 apps 23708 20308 [OK] Admin interface customized
INFO 2025-10-12 03:13:12,495 apps 23708 20308 [OK] Model Vehicles: Configuration verified
INFO 2025-10-12 03:13:12,495 apps 23708 20308 [OK] Model Parking Slots: Configuration verified
INFO 2025-10-12 03:13:12,496 apps 23708 20308 [INFO] Model Parking Sessions: Basic configuration checked
INFO 2025-10-12 03:13:12,496 apps 23708 20308 [SUCCESS] Parking App: Forbes Marshall SpotCheck ready!
INFO 2025-10-12 03:13:29,549 apps 23464 14804 [CAR] Parking App: Initializing Forbes Marshall SpotCheck...
INFO 2025-10-12 03:13:29,552 apps 23464 14804 [OK] Parking App: Signal handlers loaded successfully
INFO 2025-10-12 03:13:29,552 apps 23464 14804 [OK] Admin interface customized
INFO 2025-10-12 03:13:29,553 apps 23464 14804 [OK] Model Vehicles: Configuration verified
INFO 2025-10-12 03:13:29,553 apps 23464 14804 [OK] Model Parking Slots: Configuration verified
INFO 2025-10-12 03:13:29,553 apps 23464 14804 [INFO] Model Parking Sessions: Basic configuration checked
INFO 2025-10-12 03:13:29,553 apps 23464 14804 [SUCCESS] Parking App: Forbes Marshall SpotCheck ready!
INFO 2025-10-12 03:13:30,126 apps 25084 17216 [CAR] Parking App: Initializing Forbes Marshall SpotCheck...
INFO 2025-10-12 03:13:30,127 apps 25084 17216 [OK] Parking App: Signal handlers loaded successfully
INFO 2025-10-12 03:13:30,127 apps 25084 17216 [OK] Admin interface customized
INFO 2025-10-12 03:13:30,128 apps 25084 17216 [OK] Model Vehicles: Configuration verified
INFO 2025-10-12 03:13:30,128 apps 25084 17216 [OK] Model Parking Slots: Configuration verified
INFO 2025-10-12 03:13:30,128 apps 25084 17216 [INFO] Model Parking Sessions: Basic configuration checked
INFO 2025-10-12 03:13:30,128 apps 25084 17216 [SUCCESS] Parking App: Forbes Marshall SpotCheck ready!
INFO 2025-10-12 03:13:43,461 apps 25620 16896 [CAR] Parking App: Initializing Forbes Marshall SpotCheck...
INFO 2025-10-12 03:13:43,463 apps 25620 16896 [OK] Parking App: Signal handlers loaded successfully
INFO 2025-10-12 03:13:43,463 apps 25620 16896 [OK] Admin interface customized
INFO 2025-10-12 03:13:43,463 apps 25620 16896 [OK] Model Vehicles: Configuration verified
INFO 2025-10-12 03:13:43,463 apps 25620 16896 [OK] Model Parking Slots: Configuration verified
INFO 2025-10-12 03:13:43,464 apps 25620 16896 [INFO] Model Parking Sessions: Basic configuration checked
INFO 2025-10-12 03:13:43,464 apps 25620 16896 [SUCCESS] Parking App: Forbes Marshall SpotCheck ready!
INFO 2025-10-12 03:13:43,837 apps 15092 10184 [CAR] Parking App: Initializing Forbes Marshall SpotCheck...
INFO 2025-10-12 03:13:43,838 apps 15092 10184 [OK] Parking App: Signal handlers loaded successfully
INFO 2025-10-12 03:13:43,839 apps 15092 10184 [OK] Admin interface customized
INFO 2025-10-12 03:13:43,839 apps 15092 10184 [OK] Model Vehicles: Configuration verified
INFO 2025-10-12 03:13:43,839 apps 15092 10184 [OK] Model Parking Slots: Configuration verified
INFO 2025-10-12 03:13:43,839 apps 15092 10184 [INFO] Model Parking Sessions: Basic configuration checked
INFO 2025-10-12 03:13:43,840 apps 15092 10184 [SUCCESS] Parking App: Forbes Marshall SpotCheck ready!
INFO 2025-10-12 03:14:02,783 apps 21068 23988 [CAR] Parking App: Initializing Forbes Marshall SpotCheck...
INFO 2025-10-12 03:14:02,785 apps 21068 23988 [OK] Parking App: Signal handlers loaded successfully
INFO 2025-10-12 03:14:02,785 apps 21068 23988 [OK] Admin interface customized
INFO 2025-10-12 03:14:02,785 apps 21068 23988 [OK] Model Vehicles: Configuration verified
INFO 2025-10-12 03:14:02,785 apps 21068 23988 [OK] Model Parking Slots: Configuration verified
INFO 2025-10-12 03:14:02,786 apps 21068 23988 [INFO] Model Parking Sessions: Basic configuration checked
INFO 2025-10-12 03:14:02,786 apps 21068 23988 [SUCCESS] Parking App: Forbes Marshall SpotCheck ready!
INFO 2025-10-12 03:14:03,669 apps 11848 16212 [CAR] Parking App: Initializing Forbes Marshall SpotCheck...
INFO 2025-10-12 03:14:03,670 apps 11848 16212 [OK] Parking App: Signal handlers loaded successfully
INFO 2025-10-12 03:14:03,670 apps 11848 16212 [OK] Admin interface customized
INFO 2025-10-12 03:14:03,671 apps 11848 16212 [OK] Model Vehicles: Configuration verified
INFO 2025-10-12 03:14:03,671 apps 11848 16212 [OK] Model Parking Slots: Configuration verified
INFO 2025-10-12 03:14:03,671 apps 11848 16212 [INFO] Model Parking Sessions: Basic configuration checked
INFO 2025-10-12 03:14:03,671 apps 11848 16212 [SUCCESS] Parking App: Forbes Marshall SpotCheck ready!
INFO 2025-10-12 03:14:19,434 apps 16768 11468 [CAR] Parking App: Initializing Forbes Marshall SpotCheck...
INFO 2025-10-12 03:14:19,436 apps 16768 11468 [OK] Parking App: Signal handlers loaded successfully
INFO 2025-10-12 03:14:19,436 apps 16768 11468 [OK] Admin interface customized
INFO 2025-10-12 03:14:19,436 apps 16768 11468 [OK] Model Vehicles: Configuration verified
INFO 2025-10-12 03:14:19,436 apps 16768 11468 [OK] Model Parking Slots: Configuration verified
INFO 2025-10-12 03:14:19,436 apps 16768 11468 [INFO] Model Parking Sessions: Basic configuration checked
INFO 2025-10-12 03:14:19,437 apps 16768 11468 [SUCCESS] Parking App: Forbes Marshall SpotCheck ready!
INFO 2025-10-12 03:14:19,528 apps 9708 23424 [CAR] Parking App: Initializing Forbes Marshall SpotCheck...
INFO 2025-10-12 03:14:19,530 apps 9708 23424 [OK] Parking App: Signal handlers loaded successfully
INFO 2025-10-12 03:14:19,530 apps 9708 23424 [OK] Admin interface customized
INFO 2025-10-12 03:14:19,530 apps 9708 23424 [OK] Model Vehicles: Configuration verified
INFO 2025-10-12 03:14:19,530 apps 9708 23424 [OK] Model Parking Slots: Configuration verified
INFO 2025-10-12 03:14:19,532 apps 9708 23424 [INFO] Model Parking Sessions: Basic configuration checked
INFO 2025-10-12 03:14:19,532 apps 9708 23424 [SUCCESS] Parking App: Forbes Marshall SpotCheck ready!
INFO 2025-10-12 03:14:43,554 apps 26044 8432 [CAR] Parking App: Initializing Forbes Marshall SpotCheck...
INFO 2025-10-12 03:14:43,555 apps 26044 8432 [OK] Parking App: Signal handlers loaded successfully
INFO 2025-10-12 03:14:43,556 apps 26044 8432 [OK] Admin interface customized
INFO 2025-10-12 03:14:43,556 apps 26044 8432 [OK] Model Vehicles: Configuration verified
INFO 2025-10-12 03:14:43,557 apps 26044 8432 [OK] Model Parking Slots: Configuration verified
INFO 2025-10-12 03:14:43,557 apps 26044 8432 [INFO] Model Parking Sessions: Basic configuration checked
INFO 2025-10-12 03:14:43,557 apps 26044 8432 [SUCCESS] Parking App: Forbes Marshall SpotCheck ready!
INFO 2025-10-12 03:14:43,622 apps 11396 15484 [CAR] Parking App: Initializing Forbes Marshall SpotCheck...
INFO 2025-10-12 03:14:43,623 apps 11396 15484 [OK] Parking App: Signal handlers loaded successfully
INFO 2025-10-12 03:14:43,623 apps 11396 15484 [OK] Admin interface customized
INFO 2025-10-12 03:14:43,623 apps 11396 15484 [OK] Model Vehicles: Configuration verified
INFO 2025-10-12 03:14:43,623 apps 11396 15484 [OK] Model Parking Slots: Configuration verified
INFO 2025-10-12 03:14:43,625 apps 11396 15484 [INFO] Model Parking Sessions: Basic configuration checked
INFO 2025-10-12 03:14:43,625 apps 11396 15484 [SUCCESS] Parking App: Forbes Marshall SpotCheck ready!
INFO 2025-10-12 03:14:56,359 apps 24368 13524 [CAR] Parking App: Initializing Forbes Marshall SpotCheck...
INFO 2025-10-12 03:14:56,361 apps 24368 13524 [OK] Parking App: Signal handlers loaded successfully
INFO 2025-10-12 03:14:56,361 apps 24368 13524 [OK] Admin interface customized
INFO 2025-10-12 03:14:56,361 apps 24368 13524 [OK] Model Vehicles: Configuration verified
INFO 2025-10-12 03:14:56,361 apps 24368 13524 [OK] Model Parking Slots: Configuration verified
INFO 2025-10-12 03:14:56,362 apps 24368 13524 [INFO] Model Parking Sessions: Basic configuration checked
INFO 2025-10-12 03:14:56,362 apps 24368 13524 [SUCCESS] Parking App: Forbes Marshall SpotCheck ready!
INFO 2025-10-12 03:14:56,527 apps 26376 20984 [CAR] Parking App: Initializing Forbes Marshall SpotCheck...
INFO 2025-10-12 03:14:56,527 apps 26376 20984 [OK] Parking App: Signal handlers loaded successfully
INFO 2025-10-12 03:14:56,527 apps 26376 20984 [OK] Admin interface customized
INFO 2025-10-12 03:14:56,527 apps 26376 20984 [OK] Model Vehicles: Configuration verified
INFO 2025-10-12 03:14:56,527 apps 26376 20984 [OK] Model Parking Slots: Configuration verified
INFO 2025-10-12 03:14:56,527 apps 26376 20984 [INFO] Model Parking Sessions: Basic configuration checked
INFO 2025-10-12 03:14:56,527 apps 26376 20984 [SUCCESS] Parking App: Forbes Marshall SpotCheck ready!
INFO 2025-10-12 03:15:43,644 apps 21012 26508 [CAR] Parking App: Initializing Forbes Marshall SpotCheck...
INFO 2025-10-12 03:15:43,645 apps 21012 26508 [OK] Parking App: Signal handlers loaded successfully
INFO 2025-10-12 03:15:43,645 apps 21012 26508 [OK] Admin interface customized
INFO 2025-10-12 03:15:43,646 apps 21012 26508 [OK] Model Vehicles: Configuration verified
INFO 2025-10-12 03:15:43,646 apps 21012 26508 [OK] Model Parking Slots: Configuration verified
INFO 2025-10-12 03:15:43,646 apps 21012 26508 [INFO] Model Parking Sessions: Basic configuration checked
INFO 2025-10-12 03:15:43,646 apps 21012 26508 [SUCCESS] Parking App: Forbes Marshall SpotCheck ready!
INFO 2025-10-12 03:17:15,189 apps 10460 26268 [CAR] Parking App: Initializing Forbes Marshall SpotCheck...
INFO 2025-10-12 03:17:15,212 apps 10460 26268 [OK] Parking App: Signal handlers loaded successfully
INFO 2025-10-12 03:17:15,212 apps 10460 26268 [OK] Admin interface customized
INFO 2025-10-12 03:17:15,212 apps 10460 26268 [OK] Model Vehicles: Configuration verified
INFO 2025-10-12 03:17:15,212 apps 10460 26268 [OK] Model Parking Slots: Configuration verified
INFO 2025-10-12 03:17:15,213 apps 10460 26268 [INFO] Model Parking Sessions: Basic configuration checked
INFO 2025-10-12 03:17:15,213 apps 10460 26268 [SUCCESS] Parking App: Forbes Marshall SpotCheck ready!
INFO 2025-10-12 03:17:15,496 apps 17548 16284 [CAR] Parking App: Initializing Forbes Marshall SpotCheck...
INFO 2025-10-12 03:17:15,498 apps 17548 16284 [OK] Parking App: Signal handlers loaded successfully
INFO 2025-10-12 03:17:15,498 apps 17548 16284 [OK] Admin interface customized
INFO 2025-10-12 03:17:15,499 apps 17548 16284 [OK] Model Vehicles: Configuration verified
INFO 2025-10-12 03:17:15,499 apps 17548 16284 [OK] Model Parking Slots: Configuration verified
INFO 2025-10-12 03:17:15,499 apps 17548 16284 [INFO] Model Parking Sessions: Basic configuration checked
INFO 2025-10-12 03:17:15,499 apps 17548 16284 [SUCCESS] Parking App: Forbes Marshall SpotCheck ready!
INFO 2025-10-12 03:17:31,214 apps 17320 3320 [CAR] Parking App: Initializing Forbes Marshall SpotCheck...
INFO 2025-10-12 03:17:31,238 apps 17320 3320 [OK] Parking App: Signal handlers loaded successfully
INFO 2025-10-12 03:17:31,238 apps 17320 3320 [OK] Admin interface customized
INFO 2025-10-12 03:17:31,240 apps 17320 3320 [OK] Model Vehicles: Configuration verified
INFO 2025-10-12 03:17:31,240 apps 17320 3320 [OK] Model Parking Slots: Configuration verified
INFO 2025-10-12 03:17:31,240 apps 17320 3320 [INFO] Model Parking Sessions: Basic configuration checked
INFO 2025-10-12 03:17:31,240 apps 17320 3320 [SUCCESS] Parking App: Forbes Marshall SpotCheck ready!
INFO 2025-10-12 03:17:31,282 apps 15244 16988 [CAR] Parking App: Initializing Forbes Marshall SpotCheck...
INFO 2025-10-12 03:17:31,284 apps 15244 16988 [OK] Parking App: Signal handlers loaded successfully
INFO 2025-10-12 03:17:31,285 apps 15244 16988 [OK] Admin interface customized
INFO 2025-10-12 03:17:31,285 apps 15244 16988 [OK] Model Vehicles: Configuration verified
INFO 2025-10-12 03:17:31,285 apps 15244 16988 [OK] Model Parking Slots: Configuration verified
INFO 2025-10-12 03:17:31,285 apps 15244 16988 [INFO] Model Parking Sessions: Basic configuration checked
INFO 2025-10-12 03:17:31,285 apps 15244 16988 [SUCCESS] Parking App: Forbes Marshall SpotCheck ready!
INFO 2025-10-12 03:17:43,117 apps 16700 25064 [CAR] Parking App: Initializing Forbes Marshall SpotCheck...
INFO 2025-10-12 03:17:43,138 apps 16700 25064 [OK] Parking App: Signal handlers loaded successfully
INFO 2025-10-12 03:17:43,139 apps 16700 25064 [OK] Admin interface customized
INFO 2025-10-12 03:17:43,139 apps 16700 25064 [OK] Model Vehicles: Configuration verified
INFO 2025-10-12 03:17:43,139 apps 16700 25064 [OK] Model Parking Slots: Configuration verified
INFO 2025-10-12 03:17:43,139 apps 16700 25064 [INFO] Model Parking Sessions: Basic configuration checked
INFO 2025-10-12 03:17:43,140 apps 16700 25064 [SUCCESS] Parking App: Forbes Marshall SpotCheck ready!
INFO 2025-10-12 03:17:44,151 apps 26024 26452 [CAR] Parking App: Initializing Forbes Marshall SpotCheck...
INFO 2025-10-12 03:17:44,152 apps 26024 26452 [OK] Parking App: Signal handlers loaded successfully
INFO 2025-10-12 03:17:44,153 apps 26024 26452 [OK] Admin interface customized
INFO 2025-10-12 03:17:44,153 apps 26024 26452 [OK] Model Vehicles: Configuration verified
INFO 2025-10-12 03:17:44,153 apps 26024 26452 [OK] Model Parking Slots: Configuration verified
INFO 2025-10-12 03:17:44,153 apps 26024 26452 [INFO] Model Parking Sessions: Basic configuration checked
INFO 2025-10-12 03:17:44,153 apps 26024 26452 [SUCCESS] Parking App: Forbes Marshall SpotCheck ready!
INFO 2025-10-12 03:17:54,990 apps 21112 4988 [CAR] Parking App: Initializing Forbes Marshall SpotCheck...
INFO 2025-10-12 03:17:55,010 apps 21112 4988 [OK] Parking App: Signal handlers loaded successfully
INFO 2025-10-12 03:17:55,011 apps 21112 4988 [OK] Admin interface customized
INFO 2025-10-12 03:17:55,011 apps 21112 4988 [OK] Model Vehicles: Configuration verified
INFO 2025-10-12 03:17:55,011 apps 21112 4988 [OK] Model Parking Slots: Configuration verified
INFO 2025-10-12 03:17:55,012 apps 21112 4988 [INFO] Model Parking Sessions: Basic configuration checked
INFO 2025-10-12 03:17:55,012 apps 21112 4988 [SUCCESS] Parking App: Forbes Marshall SpotCheck ready!
INFO 2025-10-12 03:17:55,814 apps 4372 25972 [CAR] Parking App: Initializing Forbes Marshall SpotCheck...
INFO 2025-10-12 03:17:55,816 apps 4372 25972 [OK] Parking App: Signal handlers loaded successfully
INFO 2025-10-12 03:17:55,816 apps 4372 25972 [OK] Admin interface customized
INFO 2025-10-12 03:17:55,816 apps 4372 25972 [OK] Model Vehicles: Configuration verified
INFO 2025-10-12 03:17:55,816 apps 4372 25972 [OK] Model Parking Slots: Configuration verified
INFO 2025-10-12 03:17:55,817 apps 4372 25972 [INFO] Model Parking Sessions: Basic configuration checked
INFO 2025-10-12 03:17:55,817 apps 4372 25972 [SUCCESS] Parking App: Forbes Marshall SpotCheck ready!
INFO 2025-10-12 03:18:07,474 apps 17732 26168 [CAR] Parking App: Initializing Forbes Marshall SpotCheck...
INFO 2025-10-12 03:18:07,495 apps 17732 26168 [OK] Parking App: Signal handlers loaded successfully
INFO 2025-10-12 03:18:07,495 apps 17732 26168 [OK] Admin interface customized
INFO 2025-10-12 03:18:07,496 apps 17732 26168 [OK] Model Vehicles: Configuration verified
INFO 2025-10-12 03:18:07,496 apps 17732 26168 [OK] Model Parking Slots: Configuration verified
INFO 2025-10-12 03:18:07,496 apps 17732 26168 [INFO] Model Parking Sessions: Basic configuration checked
INFO 2025-10-12 03:18:07,496 apps 17732 26168 [SUCCESS] Parking App: Forbes Marshall SpotCheck ready!
INFO 2025-10-12 03:18:07,839 apps 7408 10176 [CAR] Parking App: Initializing Forbes Marshall SpotCheck...
INFO 2025-10-12 03:18:07,841 apps 7408 10176 [OK] Parking App: Signal handlers loaded successfully
INFO 2025-10-12 03:18:07,841 apps 7408 10176 [OK] Admin interface customized
INFO 2025-10-12 03:18:07,841 apps 7408 10176 [OK] Model Vehicles: Configuration verified
INFO 2025-10-12 03:18:07,841 apps 7408 10176 [OK] Model Parking Slots: Configuration verified
INFO 2025-10-12 03:18:07,841 apps 7408 10176 [INFO] Model Parking Sessions: Basic configuration checked
INFO 2025-10-12 03:18:07,842 apps 7408 10176 [SUCCESS] Parking App: Forbes Marshall SpotCheck ready!
INFO 2025-10-12 03:18:30,765 apps 2232 24444 [CAR] Parking App: Initializing Forbes Marshall SpotCheck...
INFO 2025-10-12 03:18:30,766 apps 2232 24444 [OK] Parking App: Signal handlers loaded successfully
INFO 2025-10-12 03:18:30,766 apps 2232 24444 [OK] Admin interface customized
INFO 2025-10-12 03:18:30,766 apps 2232 24444 [OK] Model Vehicles: Configuration verified
INFO 2025-10-12 03:18:30,766 apps 2232 24444 [OK] Model Parking Slots: Configuration verified
INFO 2025-10-12 03:18:30,767 apps 2232 24444 [INFO] Model Parking Sessions: Basic configuration checked
INFO 2025-10-12 03:18:30,767 apps 2232 24444 [SUCCESS] Parking App: Forbes Marshall SpotCheck ready!
INFO 2025-10-12 03:18:30,861 signals 2232 24444 New parking session started: MH12AB1234 in slot L2
INFO 2025-10-12 03:18:30,863 signals 2232 24444 Slot L2 is now OCCUPIED
INFO 2025-10-12 03:18:30,865 signals 2232 24444 Slot L2 is now OCCUPIED
INFO 2025-10-12 03:18:30,867 signals 2232 24444 New parking session started: MH01EF9012 in slot U1
INFO 2025-10-12 03:18:30,870 signals 2232 24444 Slot U1 is now OCCUPIED
INFO 2025-10-12 03:18:30,871 signals 2232 24444 Slot U1 is now OCCUPIED
INFO 2025-10-12 03:18:30,873 signals 2232 24444 New parking session started: MH09GH3456 in slot U13
INFO 2025-10-12 03:18:30,875 signals 2232 24444 Slot U13 is now OCCUPIED
INFO 2025-10-12 03:18:30,877 signals 2232 24444 Slot U13 is now OCCUPIED
INFO 2025-10-12 03:18:30,878 signals 2232 24444 New parking session started: MH01EF9012 in slot S2
INFO 2025-10-12 03:18:30,880 signals 2232 24444 Slot S2 is now OCCUPIED
INFO 2025-10-12 03:18:30,880 signals 2232 24444 Slot S2 is now OCCUPIED
INFO 2025-10-12 03:18:30,881 signals 2232 24444 New parking session started: MH01EF9012 in slot H13
INFO 2025-10-12 03:18:30,885 signals 2232 24444 Slot H13 is now OCCUPIED
INFO 2025-10-12 03:18:30,886 signals 2232 24444 Slot H13 is now OCCUPIED
INFO 2025-10-12 03:18:30,887 signals 2232 24444 New parking session started: MH09GH3456 in slot S15
INFO 2025-10-12 03:18:30,887 signals 2232 24444 Slot S15 is now OCCUPIED
INFO 2025-10-12 03:18:30,889 signals 2232 24444 Slot S15 is now OCCUPIED
INFO 2025-10-12 03:18:30,890 signals 2232 24444 New parking session started: MH09GH3456 in slot U15
INFO 2025-10-12 03:18:30,892 signals 2232 24444 Slot U15 is now OCCUPIED
INFO 2025-10-12 03:18:30,892 signals 2232 24444 Slot U15 is now OCCUPIED
INFO 2025-10-12 03:18:30,894 signals 2232 24444 New parking session started: MH01EF9012 in slot U2
INFO 2025-10-12 03:18:30,894 signals 2232 24444 Slot U2 is now OCCUPIED
INFO 2025-10-12 03:18:30,896 signals 2232 24444 Slot U2 is now OCCUPIED
INFO 2025-10-12 03:18:30,899 signals 2232 24444 New parking session started: MH01EF9012 in slot H1
INFO 2025-10-12 03:18:30,901 signals 2232 24444 Slot H1 is now OCCUPIED
INFO 2025-10-12 03:18:30,902 signals 2232 24444 Slot H1 is now OCCUPIED
INFO 2025-10-12 03:18:30,904 signals 2232 24444 New parking session started: MH14CD5678 in slot H4
INFO 2025-10-12 03:18:30,905 signals 2232 24444 Slot H4 is now OCCUPIED
INFO 2025-10-12 03:18:30,906 signals 2232 24444 Slot H4 is now OCCUPIED
INFO 2025-10-12 03:18:30,910 signals 2232 24444 New parking session started: MH01EF9012 in slot S5
INFO 2025-10-12 03:18:30,911 signals 2232 24444 Slot S5 is now OCCUPIED
INFO 2025-10-12 03:18:30,913 signals 2232 24444 New parking session started: MH01EF9012 in slot L10
INFO 2025-10-12 03:18:30,914 signals 2232 24444 Slot L10 is now OCCUPIED
INFO 2025-10-12 03:18:30,916 signals 2232 24444 New parking session started: MH12AB1234 in slot L13
INFO 2025-10-12 03:18:30,918 signals 2232 24444 Slot L13 is now OCCUPIED
INFO 2025-10-12 03:18:30,919 signals 2232 24444 New parking session started: MH12AB1234 in slot H7
INFO 2025-10-12 03:18:30,921 signals 2232 24444 Slot H7 is now OCCUPIED
INFO 2025-10-12 03:18:30,923 signals 2232 24444 New parking session started: MH14CD5678 in slot U3
INFO 2025-10-12 03:18:30,924 signals 2232 24444 Slot U3 is now OCCUPIED
INFO 2025-10-12 03:18:47,525 apps 23652 14256 [CAR] Parking App: Initializing Forbes Marshall SpotCheck...
INFO 2025-10-12 03:18:47,526 apps 23652 14256 [OK] Parking App: Signal handlers loaded successfully
INFO 2025-10-12 03:18:47,526 apps 23652 14256 [OK] Admin interface customized
INFO 2025-10-12 03:18:47,527 apps 23652 14256 [OK] Model Vehicles: Configuration verified
INFO 2025-10-12 03:18:47,527 apps 23652 14256 [OK] Model Parking Slots: Configuration verified
INFO 2025-10-12 03:18:47,527 apps 23652 14256 [INFO] Model Parking Sessions: Basic configuration checked
INFO 2025-10-12 03:18:47,527 apps 23652 14256 [SUCCESS] Parking App: Forbes Marshall SpotCheck ready!
INFO 2025-10-12 03:18:48,069 apps 25764 5572 [CAR] Parking App: Initializing Forbes Marshall SpotCheck...
INFO 2025-10-12 03:18:48,070 apps 25764 5572 [OK] Parking App: Signal handlers loaded successfully
INFO 2025-10-12 03:18:48,070 apps 25764 5572 [OK] Admin interface customized
INFO 2025-10-12 03:18:48,070 apps 25764 5572 [OK] Model Vehicles: Configuration verified
INFO 2025-10-12 03:18:48,071 apps 25764 5572 [OK] Model Parking Slots: Configuration verified
INFO 2025-10-12 03:18:48,071 apps 25764 5572 [INFO] Model Parking Sessions: Basic configuration checked
INFO 2025-10-12 03:18:48,071 apps 25764 5572 [SUCCESS] Parking App: Forbes Marshall SpotCheck ready!
INFO 2025-10-12 03:19:10,789 apps 16916 23860 [CAR] Parking App: Initializing Forbes Marshall SpotCheck...
INFO 2025-10-12 03:19:10,790 apps 16916 23860 [OK] Parking App: Signal handlers loaded successfully
INFO 2025-10-12 03:19:10,790 apps 16916 23860 [OK] Admin interface customized
INFO 2025-10-12 03:19:10,791 apps 16916 23860 [OK] Model Vehicles: Configuration verified
INFO 2025-10-12 03:19:10,791 apps 16916 23860 [OK] Model Parking Slots: Configuration verified
INFO 2025-10-12 03:19:10,791 apps 16916 23860 [INFO] Model Parking Sessions: Basic configuration checked
INFO 2025-10-12 03:19:10,792 apps 16916 23860 [SUCCESS] Parking App: Forbes Marshall SpotCheck ready!
INFO 2025-10-12 03:19:11,336 apps 6188 1564 [CAR] Parking App: Initializing Forbes Marshall SpotCheck...
INFO 2025-10-12 03:19:11,338 apps 6188 1564 [OK] Parking App: Signal handlers loaded successfully
INFO 2025-10-12 03:19:11,338 apps 6188 1564 [OK] Admin interface customized
INFO 2025-10-12 03:19:11,340 apps 6188 1564 [OK] Model Vehicles: Configuration verified
INFO 2025-10-12 03:19:11,340 apps 6188 1564 [OK] Model Parking Slots: Configuration verified
INFO 2025-10-12 03:19:11,340 apps 6188 1564 [INFO] Model Parking Sessions: Basic configuration checked
INFO 2025-10-12 03:19:11,340 apps 6188 1564 [SUCCESS] Parking App: Forbes Marshall SpotCheck ready!
INFO 2025-10-12 03:19:11,463 apps 23312 22516 [CAR] Parking App: Initializing Forbes Marshall SpotCheck...
INFO 2025-10-12 03:19:11,465 apps 23312 22516 [OK] Parking App: Signal handlers loaded successfully
INFO 2025-10-12 03:19:11,466 apps 23312 22516 [OK] Admin interface customized
INFO 2025-10-12 03:19:11,466 apps 23312 22516 [OK] Model Vehicles: Configuration verified
INFO 2025-10-12 03:19:11,466 apps 23312 22516 [OK] Model Parking Slots: Configuration verified
INFO 2025-10-12 03:19:11,466 apps 23312 22516 [INFO] Model Parking Sessions: Basic configuration checked
INFO 2025-10-12 03:19:11,466 apps 23312 22516 [SUCCESS] Parking App: Forbes Marshall SpotCheck ready!
INFO 2025-10-12 03:35:23,980 apps 14020 14804 [CAR] Parking App: Initializing Forbes Marshall SpotCheck...
INFO 2025-10-12 03:35:23,983 apps 14020 14804 [OK] Parking App: Signal handlers loaded successfully
INFO 2025-10-12 03:35:23,983 apps 14020 14804 [OK] Admin interface customized
INFO 2025-10-12 03:35:23,984 apps 14020 14804 [OK] Model Vehicles: Configuration verified
INFO 2025-10-12 03:35:23,984 apps 14020 14804 [OK] Model Parking Slots: Configuration verified
INFO 2025-10-12 03:35:23,985 apps 14020 14804 [INFO] Model Parking Sessions: Basic configuration checked
INFO 2025-10-12 03:35:23,985 apps 14020 14804 [SUCCESS] Parking App: Forbes Marshall SpotCheck ready!
INFO 2025-10-12 03:35:24,088 signals 14020 14804 New parking session started: MH14CD5678 in slot U6
INFO 2025-10-12 03:35:24,090 signals 14020 14804 Slot U6 is now OCCUPIED
INFO 2025-10-12 03:35:24,091 signals 14020 14804 Slot U6 is now OCCUPIED
INFO 2025-10-12 03:35:24,092 signals 14020 14804 New parking session started: MH09GH3456 in slot S10
INFO 2025-10-12 03:35:24,093 signals 14020 14804 Slot S10 is now OCCUPIED
INFO 2025-10-12 03:35:24,095 signals 14020 14804 Slot S10 is now OCCUPIED
INFO 2025-10-12 03:35:24,095 signals 14020 14804 New parking session started: MH14CD5678 in slot L1
INFO 2025-10-12 03:35:24,106 signals 14020 14804 Slot L1 is now OCCUPIED
INFO 2025-10-12 03:35:24,108 signals 14020 14804 Slot L1 is now OCCUPIED
INFO 2025-10-12 03:35:24,109 signals 14020 14804 New parking session started: MH09GH3456 in slot U10
INFO 2025-10-12 03:35:24,110 signals 14020 14804 Slot U10 is now OCCUPIED
INFO 2025-10-12 03:35:24,111 signals 14020 14804 Slot U10 is now OCCUPIED
INFO 2025-10-12 03:35:24,112 signals 14020 14804 New parking session started: MH14CD5678 in slot H12
INFO 2025-10-12 03:35:24,113 signals 14020 14804 Slot H12 is now OCCUPIED
INFO 2025-10-12 03:35:24,115 signals 14020 14804 Slot H12 is now OCCUPIED
INFO 2025-10-12 03:35:24,115 signals 14020 14804 New parking session started: MH14CD5678 in slot U14
INFO 2025-10-12 03:35:24,116 signals 14020 14804 Slot U14 is now OCCUPIED
INFO 2025-10-12 03:35:24,117 signals 14020 14804 Slot U14 is now OCCUPIED
INFO 2025-10-12 03:35:24,118 signals 14020 14804 New parking session started: MH01EF9012 in slot H10
INFO 2025-10-12 03:35:24,118 signals 14020 14804 Slot H10 is now OCCUPIED
INFO 2025-10-12 03:35:24,119 signals 14020 14804 Slot H10 is now OCCUPIED
INFO 2025-10-12 03:35:24,121 signals 14020 14804 New parking session started: MH14CD5678 in slot S1
INFO 2025-10-12 03:35:24,121 signals 14020 14804 Slot S1 is now OCCUPIED
INFO 2025-10-12 03:35:24,122 signals 14020 14804 Slot S1 is now OCCUPIED
INFO 2025-10-12 03:35:24,125 signals 14020 14804 New parking session started: MH01EF9012 in slot H13
INFO 2025-10-12 03:35:24,126 signals 14020 14804 New parking session started: MH14CD5678 in slot U1
INFO 2025-10-12 03:35:24,128 signals 14020 14804 New parking session started: MH14CD5678 in slot H10
INFO 2025-10-12 03:36:35,640 apps 12784 13340 [CAR] Parking App: Initializing Forbes Marshall SpotCheck...
INFO 2025-10-12 03:36:35,641 apps 12784 13340 [OK] Parking App: Signal handlers loaded successfully
INFO 2025-10-12 03:36:35,642 apps 12784 13340 [OK] Admin interface customized
INFO 2025-10-12 03:36:35,642 apps 12784 13340 [OK] Model Vehicles: Configuration verified
INFO 2025-10-12 03:36:35,642 apps 12784 13340 [OK] Model Parking Slots: Configuration verified
INFO 2025-10-12 03:36:35,643 apps 12784 13340 [INFO] Model Parking Sessions: Basic configuration checked
INFO 2025-10-12 03:36:35,643 apps 12784 13340 [SUCCESS] Parking App: Forbes Marshall SpotCheck ready!
INFO 2025-10-12 03:37:08,311 apps 4704 1420 [CAR] Parking App: Initializing Forbes Marshall SpotCheck...
INFO 2025-10-12 03:37:08,312 apps 4704 1420 [OK] Parking App: Signal handlers loaded successfully
INFO 2025-10-12 03:37:08,312 apps 4704 1420 [OK] Admin interface customized
INFO 2025-10-12 03:37:08,312 apps 4704 1420 [OK] Model Vehicles: Configuration verified
INFO 2025-10-12 03:37:08,313 apps 4704 1420 [OK] Model Parking Slots: Configuration verified
INFO 2025-10-12 03:37:08,313 apps 4704 1420 [INFO] Model Parking Sessions: Basic configuration checked
INFO 2025-10-12 03:37:08,313 apps 4704 1420 [SUCCESS] Parking App: Forbes Marshall SpotCheck ready!
INFO 2025-10-12 03:37:08,820 apps 13208 4432 [CAR] Parking App: Initializing Forbes Marshall SpotCheck...
INFO 2025-10-12 03:37:08,820 apps 13208 4432 [OK] Parking App: Signal handlers loaded successfully
INFO 2025-10-12 03:37:08,820 apps 13208 4432 [OK] Admin interface customized
INFO 2025-10-12 03:37:08,820 apps 13208 4432 [OK] Model Vehicles: Configuration verified
INFO 2025-10-12 03:37:08,820 apps 13208 4432 [OK] Model Parking Slots: Configuration verified
INFO 2025-10-12 03:37:08,823 apps 13208 4432 [INFO] Model Parking Sessions: Basic configuration checked
INFO 2025-10-12 03:37:08,823 apps 13208 4432 [SUCCESS] Parking App: Forbes Marshall SpotCheck ready!
INFO 2025-10-12 03:44:35,705 apps 6212 20600 [CAR] Parking App: Initializing Forbes Marshall SpotCheck...
INFO 2025-10-12 03:44:35,706 apps 6212 20600 [OK] Parking App: Signal handlers loaded successfully
INFO 2025-10-12 03:44:35,707 apps 6212 20600 [OK] Admin interface customized
INFO 2025-10-12 03:44:35,707 apps 6212 20600 [OK] Model Vehicles: Configuration verified
INFO 2025-10-12 03:44:35,707 apps 6212 20600 [OK] Model Parking Slots: Configuration verified
INFO 2025-10-12 03:44:35,707 apps 6212 20600 [INFO] Model Parking Sessions: Basic configuration checked
INFO 2025-10-12 03:44:35,707 apps 6212 20600 [SUCCESS] Parking App: Forbes Marshall SpotCheck ready!
INFO 2025-10-12 03:44:44,608 apps 20996 11728 [CAR] Parking App: Initializing Forbes Marshall SpotCheck...
INFO 2025-10-12 03:44:44,609 apps 20996 11728 [OK] Parking App: Signal handlers loaded successfully
INFO 2025-10-12 03:44:44,609 apps 20996 11728 [OK] Admin interface customized
INFO 2025-10-12 03:44:44,610 apps 20996 11728 [OK] Model Vehicles: Configuration verified
INFO 2025-10-12 03:44:44,610 apps 20996 11728 [OK] Model Parking Slots: Configuration verified
INFO 2025-10-12 03:44:44,610 apps 20996 11728 [INFO] Model Parking Sessions: Basic configuration checked
INFO 2025-10-12 03:44:44,610 apps 20996 11728 [SUCCESS] Parking App: Forbes Marshall SpotCheck ready!
INFO 2025-10-12 03:49:31,517 apps 14748 20704 [CAR] Parking App: Initializing Forbes Marshall SpotCheck...
INFO 2025-10-12 03:49:31,518 apps 14748 20704 [OK] Parking App: Signal handlers loaded successfully
INFO 2025-10-12 03:49:31,518 apps 14748 20704 [OK] Admin interface customized
INFO 2025-10-12 03:49:31,518 apps 14748 20704 [OK] Model Vehicles: Configuration verified
INFO 2025-10-12 03:49:31,518 apps 14748 20704 [OK] Model Parking Slots: Configuration verified
INFO 2025-10-12 03:49:31,520 apps 14748 20704 [INFO] Model Parking Sessions: Basic configuration checked
INFO 2025-10-12 03:49:31,520 apps 14748 20704 [SUCCESS] Parking App: Forbes Marshall SpotCheck ready!
INFO 2025-10-12 03:49:32,135 apps 13772 16744 [CAR] Parking App: Initializing Forbes Marshall SpotCheck...
INFO 2025-10-12 03:49:32,136 apps 13772 16744 [OK] Parking App: Signal handlers loaded successfully
INFO 2025-10-12 03:49:32,137 apps 13772 16744 [OK] Admin interface customized
INFO 2025-10-12 03:49:32,137 apps 13772 16744 [OK] Model Vehicles: Configuration verified
INFO 2025-10-12 03:49:32,137 apps 13772 16744 [OK] Model Parking Slots: Configuration verified
INFO 2025-10-12 03:49:32,137 apps 13772 16744 [INFO] Model Parking Sessions: Basic configuration checked
INFO 2025-10-12 03:49:32,137 apps 13772 16744 [SUCCESS] Parking App: Forbes Marshall SpotCheck ready!
INFO 2025-10-12 03:57:02,933 apps 13856 11576 [CAR] Parking App: Initializing Forbes Marshall SpotCheck...
INFO 2025-10-12 03:57:02,955 apps 13856 11576 [OK] Parking App: Signal handlers loaded successfully
INFO 2025-10-12 03:57:02,955 apps 13856 11576 [OK] Admin interface customized
INFO 2025-10-12 03:57:02,955 apps 13856 11576 [OK] Model Vehicles: Configuration verified
INFO 2025-10-12 03:57:02,955 apps 13856 11576 [OK] Model Parking Slots: Configuration verified
INFO 2025-10-12 03:57:02,955 apps 13856 11576 [INFO] Model Parking Sessions: Basic configuration checked
INFO 2025-10-12 03:57:02,955 apps 13856 11576 [SUCCESS] Parking App: Forbes Marshall SpotCheck ready!
INFO 2025-10-12 03:57:03,464 apps 13964 11848 [CAR] Parking App: Initializing Forbes Marshall SpotCheck...
INFO 2025-10-12 03:57:03,465 apps 13964 11848 [OK] Parking App: Signal handlers loaded successfully
INFO 2025-10-12 03:57:03,465 apps 13964 11848 [OK] Admin interface customized
INFO 2025-10-12 03:57:03,465 apps 13964 11848 [OK] Model Vehicles: Configuration verified
INFO 2025-10-12 03:57:03,466 apps 13964 11848 [OK] Model Parking Slots: Configuration verified
INFO 2025-10-12 03:57:03,466 apps 13964 11848 [INFO] Model Parking Sessions: Basic configuration checked
INFO 2025-10-12 03:57:03,466 apps 13964 11848 [SUCCESS] Parking App: Forbes Marshall SpotCheck ready!
INFO 2025-10-12 23:39:19,056 apps 21528 2240 [CAR] Parking App: Initializing Forbes Marshall SpotCheck...
INFO 2025-10-12 23:39:19,056 apps 21528 2240 [OK] Parking App: Signal handlers loaded successfully
INFO 2025-10-12 23:39:19,056 apps 21528 2240 [OK] Admin interface customized
INFO 2025-10-12 23:39:19,056 apps 21528 2240 [OK] Model Vehicles: Configuration verified
INFO 2025-10-12 23:39:19,056 apps 21528 2240 [OK] Model Parking Slots: Configuration verified
INFO 2025-10-12 23:39:19,071 apps 21528 2240 [INFO] Model Parking Sessions: Basic configuration checked
INFO 2025-10-12 23:39:19,071 apps 21528 2240 [SUCCESS] Parking App: Forbes Marshall SpotCheck ready!
INFO 2025-10-12 23:39:19,603 apps 19364 3744 [CAR] Parking App: Initializing Forbes Marshall SpotCheck...
INFO 2025-10-12 23:39:19,603 apps 19364 3744 [OK] Parking App: Signal handlers loaded successfully
INFO 2025-10-12 23:39:19,603 apps 19364 3744 [OK] Admin interface customized
INFO 2025-10-12 23:39:19,603 apps 19364 3744 [OK] Model Vehicles: Configuration verified
INFO 2025-10-12 23:39:19,603 apps 19364 3744 [OK] Model Parking Slots: Configuration verified
INFO 2025-10-12 23:39:19,603 apps 19364 3744 [INFO] Model Parking Sessions: Basic configuration checked
INFO 2025-10-12 23:39:19,603 apps 19364 3744 [SUCCESS] Parking App: Forbes Marshall SpotCheck ready!
INFO 2025-10-12 23:49:58,090 apps 8324 23180 [CAR] Parking App: Initializing Forbes Marshall SpotCheck...
INFO 2025-10-12 23:49:58,090 apps 8324 23180 [OK] Parking App: Signal handlers loaded successfully
INFO 2025-10-12 23:49:58,090 apps 8324 23180 [OK] Admin interface customized
INFO 2025-10-12 23:49:58,090 apps 8324 23180 [OK] Model Vehicles: Configuration verified
INFO 2025-10-12 23:49:58,090 apps 8324 23180 [OK] Model Parking Slots: Configuration verified
INFO 2025-10-12 23:49:58,090 apps 8324 23180 [INFO] Model Parking Sessions: Basic configuration checked
INFO 2025-10-12 23:49:58,090 apps 8324 23180 [SUCCESS] Parking App: Forbes Marshall SpotCheck ready!
INFO 2025-10-12 23:50:15,911 apps 10956 17596 [CAR] Parking App: Initializing Forbes Marshall SpotCheck...
INFO 2025-10-12 23:50:15,913 apps 10956 17596 [OK] Parking App: Signal handlers loaded successfully
INFO 2025-10-12 23:50:15,913 apps 10956 17596 [OK] Admin interface customized
INFO 2025-10-12 23:50:15,914 apps 10956 17596 [OK] Model Vehicles: Configuration verified
INFO 2025-10-12 23:50:15,914 apps 10956 17596 [OK] Model Parking Slots: Configuration verified
INFO 2025-10-12 23:50:15,914 apps 10956 17596 [INFO] Model Parking Sessions: Basic configuration checked
INFO 2025-10-12 23:50:15,914 apps 10956 17596 [SUCCESS] Parking App: Forbes Marshall SpotCheck ready!
INFO 2025-10-12 23:50:38,228 apps 17480 20616 [CAR] Parking App: Initializing Forbes Marshall SpotCheck...
INFO 2025-10-12 23:50:38,228 apps 17480 20616 [OK] Parking App: Signal handlers loaded successfully
INFO 2025-10-12 23:50:38,228 apps 17480 20616 [OK] Admin interface customized
INFO 2025-10-12 23:50:38,228 apps 17480 20616 [OK] Model Vehicles: Configuration verified
INFO 2025-10-12 23:50:38,228 apps 17480 20616 [OK] Model Parking Slots: Configuration verified
INFO 2025-10-12 23:50:38,231 apps 17480 20616 [INFO] Model Parking Sessions: Basic configuration checked
INFO 2025-10-12 23:50:38,231 apps 17480 20616 [SUCCESS] Parking App: Forbes Marshall SpotCheck ready!
INFO 2025-10-13 00:01:51,588 apps 6276 11876 [CAR] Parking App: Initializing Forbes Marshall SpotCheck...
INFO 2025-10-13 00:01:51,589 apps 6276 11876 [OK] Parking App: Signal handlers loaded successfully
INFO 2025-10-13 00:01:51,589 apps 6276 11876 [OK] Admin interface customized
INFO 2025-10-13 00:01:51,590 apps 6276 11876 [OK] Model Vehicles: Configuration verified
INFO 2025-10-13 00:01:51,590 apps 6276 11876 [OK] Model Parking Slots: Configuration verified
INFO 2025-10-13 00:01:51,590 apps 6276 11876 [INFO] Model Parking Sessions: Basic configuration checked
INFO 2025-10-13 00:01:51,590 apps 6276 11876 [SUCCESS] Parking App: Forbes Marshall SpotCheck ready!
INFO 2025-10-13 00:02:48,262 apps 14664 17460 [CAR] Parking App: Initializing Forbes Marshall SpotCheck...
INFO 2025-10-13 00:02:48,263 apps 14664 17460 [OK] Parking App: Signal handlers loaded successfully
INFO 2025-10-13 00:02:48,263 apps 14664 17460 [OK] Admin interface customized
INFO 2025-10-13 00:02:48,264 apps 14664 17460 [OK] Model Vehicles: Configuration verified
INFO 2025-10-13 00:02:48,264 apps 14664 17460 [OK] Model Parking Slots: Configuration verified
INFO 2025-10-13 00:02:48,264 apps 14664 17460 [INFO] Model Parking Sessions: Basic configuration checked
INFO 2025-10-13 00:02:48,264 apps 14664 17460 [SUCCESS] Parking App: Forbes Marshall SpotCheck ready!
INFO 2025-10-13 00:07:12,769 apps 14164 21272 [CAR] Parking App: Initializing Forbes Marshall SpotCheck...
INFO 2025-10-13 00:07:12,771 apps 14164 21272 [OK] Parking App: Signal handlers loaded successfully
INFO 2025-10-13 00:07:12,771 apps 14164 21272 [OK] Admin interface customized
INFO 2025-10-13 00:07:12,771 apps 14164 21272 [OK] Model Vehicles: Configuration verified
INFO 2025-10-13 00:07:12,771 apps 14164 21272 [OK] Model Parking Slots: Configuration verified
INFO 2025-10-13 00:07:12,771 apps 14164 21272 [INFO] Model Parking Sessions: Basic configuration checked
INFO 2025-10-13 00:07:12,772 apps 14164 21272 [SUCCESS] Parking App: Forbes Marshall SpotCheck ready!
INFO 2025-10-13 00:07:17,009 apps 18128 12628 [CAR] Parking App: Initializing Forbes Marshall SpotCheck...
INFO 2025-10-13 00:07:17,010 apps 18128 12628 [OK] Parking App: Signal handlers loaded successfully
INFO 2025-10-13 00:07:17,011 apps 18128 12628 [OK] Admin interface customized
INFO 2025-10-13 00:07:17,011 apps 18128 12628 [OK] Model Vehicles: Configuration verified
INFO 2025-10-13 00:07:17,011 apps 18128 12628 [OK] Model Parking Slots: Configuration verified
INFO 2025-10-13 00:07:17,011 apps 18128 12628 [INFO] Model Parking Sessions: Basic configuration checked
INFO 2025-10-13 00:07:17,011 apps 18128 12628 [SUCCESS] Parking App: Forbes Marshall SpotCheck ready!
INFO 2025-10-13 00:07:17,555 apps 12192 3924 [CAR] Parking App: Initializing Forbes Marshall SpotCheck...
INFO 2025-10-13 00:07:17,556 apps 12192 3924 [OK] Parking App: Signal handlers loaded successfully
INFO 2025-10-13 00:07:17,556 apps 12192 3924 [OK] Admin interface customized
INFO 2025-10-13 00:07:17,556 apps 12192 3924 [OK] Model Vehicles: Configuration verified
INFO 2025-10-13 00:07:17,556 apps 12192 3924 [OK] Model Parking Slots: Configuration verified
INFO 2025-10-13 00:07:17,558 apps 12192 3924 [INFO] Model Parking Sessions: Basic configuration checked
INFO 2025-10-13 00:07:17,558 apps 12192 3924 [SUCCESS] Parking App: Forbes Marshall SpotCheck ready!
INFO 2025-10-13 00:07:33,822 apps 26528 7504 [CAR] Parking App: Initializing Forbes Marshall SpotCheck...
INFO 2025-10-13 00:07:33,823 apps 26528 7504 [OK] Parking App: Signal handlers loaded successfully
INFO 2025-10-13 00:07:33,823 apps 26528 7504 [OK] Admin interface customized
INFO 2025-10-13 00:07:33,823 apps 26528 7504 [OK] Model Vehicles: Configuration verified
INFO 2025-10-13 00:07:33,823 apps 26528 7504 [OK] Model Parking Slots: Configuration verified
INFO 2025-10-13 00:07:33,824 apps 26528 7504 [INFO] Model Parking Sessions: Basic configuration checked
INFO 2025-10-13 00:07:33,824 apps 26528 7504 [SUCCESS] Parking App: Forbes Marshall SpotCheck ready!
INFO 2025-10-13 00:07:38,593 apps 15568 13580 [CAR] Parking App: Initializing Forbes Marshall SpotCheck...
INFO 2025-10-13 00:07:38,593 apps 15568 13580 [OK] Parking App: Signal handlers loaded successfully
INFO 2025-10-13 00:07:38,593 apps 15568 13580 [OK] Admin interface customized
INFO 2025-10-13 00:07:38,593 apps 15568 13580 [OK] Model Vehicles: Configuration verified
INFO 2025-10-13 00:07:38,593 apps 15568 13580 [OK] Model Parking Slots: Configuration verified
INFO 2025-10-13 00:07:38,593 apps 15568 13580 [INFO] Model Parking Sessions: Basic configuration checked
INFO 2025-10-13 00:07:38,593 apps 15568 13580 [SUCCESS] Parking App: Forbes Marshall SpotCheck ready!
INFO 2025-10-13 00:07:39,134 apps 4692 12064 [CAR] Parking App: Initializing Forbes Marshall SpotCheck...
INFO 2025-10-13 00:07:39,135 apps 4692 12064 [OK] Parking App: Signal handlers loaded successfully
INFO 2025-10-13 00:07:39,135 apps 4692 12064 [OK] Admin interface customized
INFO 2025-10-13 00:07:39,135 apps 4692 12064 [OK] Model Vehicles: Configuration verified
INFO 2025-10-13 00:07:39,135 apps 4692 12064 [OK] Model Parking Slots: Configuration verified
INFO 2025-10-13 00:07:39,136 apps 4692 12064 [INFO] Model Parking Sessions: Basic configuration checked
INFO 2025-10-13 00:07:39,136 apps 4692 12064 [SUCCESS] Parking App: Forbes Marshall SpotCheck ready!
INFO 2025-10-13 00:10:31,310 apps 7564 9420 [CAR] Parking App: Initializing Forbes Marshall SpotCheck...
INFO 2025-10-13 00:10:31,311 apps 7564 9420 [OK] Parking App: Signal handlers loaded successfully
INFO 2025-10-13 00:10:31,311 apps 7564 9420 [OK] Admin interface customized
INFO 2025-10-13 00:10:31,312 apps 7564 9420 [OK] Model Vehicles: Configuration verified
INFO 2025-10-13 00:10:31,312 apps 7564 9420 [OK] Model Parking Slots: Configuration verified
INFO 2025-10-13 00:10:31,312 apps 7564 9420 [INFO] Model Parking Sessions: Basic configuration checked
INFO 2025-10-13 00:10:31,312 apps 7564 9420 [SUCCESS] Parking App: Forbes Marshall SpotCheck ready!
INFO 2025-10-13 00:10:39,747 apps 20884 22980 [CAR] Parking App: Initializing Forbes Marshall SpotCheck...
INFO 2025-10-13 00:10:39,748 apps 20884 22980 [OK] Parking App: Signal handlers loaded successfully
INFO 2025-10-13 00:10:39,748 apps 20884 22980 [OK] Admin interface customized
INFO 2025-10-13 00:10:39,748 apps 20884 22980 [OK] Model Vehicles: Configuration verified
INFO 2025-10-13 00:10:39,748 apps 20884 22980 [OK] Model Parking Slots: Configuration verified
INFO 2025-10-13 00:10:39,749 apps 20884 22980 [INFO] Model Parking Sessions: Basic configuration checked
INFO 2025-10-13 00:10:39,749 apps 20884 22980 [SUCCESS] Parking App: Forbes Marshall SpotCheck ready!
INFO 2025-10-13 00:10:40,322 apps 23040 14860 [CAR] Parking App: Initializing Forbes Marshall SpotCheck...
INFO 2025-10-13 00:10:40,323 apps 23040 14860 [OK] Parking App: Signal handlers loaded successfully
INFO 2025-10-13 00:10:40,323 apps 23040 14860 [OK] Admin interface customized
INFO 2025-10-13 00:10:40,323 apps 23040 14860 [OK] Model Vehicles: Configuration verified
INFO 2025-10-13 00:10:40,324 apps 23040 14860 [OK] Model Parking Slots: Configuration verified
INFO 2025-10-13 00:10:40,324 apps 23040 14860 [INFO] Model Parking Sessions: Basic configuration checked
INFO 2025-10-13 00:10:40,324 apps 23040 14860 [SUCCESS] Parking App: Forbes Marshall SpotCheck ready!
INFO 2025-10-13 00:14:33,566 apps 2344 23280 [CAR] Parking App: Initializing Forbes Marshall SpotCheck...
INFO 2025-10-13 00:14:33,568 apps 2344 23280 [OK] Parking App: Signal handlers loaded successfully
INFO 2025-10-13 00:14:33,568 apps 2344 23280 [OK] Admin interface customized
INFO 2025-10-13 00:14:33,568 apps 2344 23280 [OK] Model Vehicles: Configuration verified
INFO 2025-10-13 00:14:33,568 apps 2344 23280 [OK] Model Parking Slots: Configuration verified
INFO 2025-10-13 00:14:33,569 apps 2344 23280 [INFO] Model Parking Sessions: Basic configuration checked
INFO 2025-10-13 00:14:33,569 apps 2344 23280 [SUCCESS] Parking App: Forbes Marshall SpotCheck ready!
INFO 2025-10-13 00:15:28,853 apps 16932 10208 [CAR] Parking App: Initializing Forbes Marshall SpotCheck...
INFO 2025-10-13 00:15:28,854 apps 16932 10208 [OK] Parking App: Signal handlers loaded successfully
INFO 2025-10-13 00:15:28,854 apps 16932 10208 [OK] Admin interface customized
INFO 2025-10-13 00:15:28,854 apps 16932 10208 [OK] Model Vehicles: Configuration verified
INFO 2025-10-13 00:15:28,854 apps 16932 10208 [OK] Model Parking Slots: Configuration verified
INFO 2025-10-13 00:15:28,855 apps 16932 10208 [INFO] Model Parking Sessions: Basic configuration checked
INFO 2025-10-13 00:15:28,855 apps 16932 10208 [SUCCESS] Parking App: Forbes Marshall SpotCheck ready!
INFO 2025-10-13 00:15:29,398 apps 9404 23048 [CAR] Parking App: Initializing Forbes Marshall SpotCheck...
INFO 2025-10-13 00:15:29,399 apps 9404 23048 [OK] Parking App: Signal handlers loaded successfully
INFO 2025-10-13 00:15:29,399 apps 9404 23048 [OK] Admin interface customized
INFO 2025-10-13 00:15:29,399 apps 9404 23048 [OK] Model Vehicles: Configuration verified
INFO 2025-10-13 00:15:29,400 apps 9404 23048 [OK] Model Parking Slots: Configuration verified
INFO 2025-10-13 00:15:29,400 apps 9404 23048 [INFO] Model Parking Sessions: Basic configuration checked
INFO 2025-10-13 00:15:29,400 apps 9404 23048 [SUCCESS] Parking App: Forbes Marshall SpotCheck ready!
INFO 2025-10-13 00:15:44,297 apps 3340 16604 [CAR] Parking App: Initializing Forbes Marshall SpotCheck...
INFO 2025-10-13 00:15:44,298 apps 3340 16604 [OK] Parking App: Signal handlers loaded successfully
INFO 2025-10-13 00:15:44,299 apps 3340 16604 [OK] Admin interface customized
INFO 2025-10-13 00:15:44,299 apps 3340 16604 [OK] Model Vehicles: Configuration verified
INFO 2025-10-13 00:15:44,299 apps 3340 16604 [OK] Model Parking Slots: Configuration verified
INFO 2025-10-13 00:15:44,299 apps 3340 16604 [INFO] Model Parking Sessions: Basic configuration checked
INFO 2025-10-13 00:15:44,299 apps 3340 16604 [SUCCESS] Parking App: Forbes Marshall SpotCheck ready!
INFO 2025-10-13 00:51:13,212 apps 15948 12208 [CAR] Parking App: Initializing Forbes Marshall SpotCheck...
INFO 2025-10-13 00:51:13,213 apps 15948 12208 [OK] Parking App: Signal handlers loaded successfully
INFO 2025-10-13 00:51:13,213 apps 15948 12208 [OK] Admin interface customized
INFO 2025-10-13 00:51:13,214 apps 15948 12208 [OK] Model Vehicles: Configuration verified
INFO 2025-10-13 00:51:13,214 apps 15948 12208 [OK] Model Parking Slots: Configuration verified
INFO 2025-10-13 00:51:13,214 apps 15948 12208 [INFO] Model Parking Sessions: Basic configuration checked
INFO 2025-10-13 00:51:13,214 apps 15948 12208 [SUCCESS] Parking App: Forbes Marshall SpotCheck ready!
INFO 2025-10-13 00:51:50,565 apps 22384 12944 [CAR] Parking App: Initializing Forbes Marshall SpotCheck...
INFO 2025-10-13 00:51:50,566 apps 22384 12944 [OK] Parking App: Signal handlers loaded successfully
INFO 2025-10-13 00:51:50,566 apps 22384 12944 [OK] Admin interface customized
INFO 2025-10-13 00:51:50,566 apps 22384 12944 [OK] Model Vehicles: Configuration verified
INFO 2025-10-13 00:51:50,566 apps 22384 12944 [OK] Model Parking Slots: Configuration verified
INFO 2025-10-13 00:51:50,567 apps 22384 12944 [INFO] Model Parking Sessions: Basic configuration checked
INFO 2025-10-13 00:51:50,567 apps 22384 12944 [SUCCESS] Parking App: Forbes Marshall SpotCheck ready!
INFO 2025-10-13 00:52:18,612 apps 1904 25352 [CAR] Parking App: Initializing Forbes Marshall SpotCheck...
INFO 2025-10-13 00:52:18,614 apps 1904 25352 [OK] Parking App: Signal handlers loaded successfully
INFO 2025-10-13 00:52:18,614 apps 1904 25352 [OK] Admin interface customized
INFO 2025-10-13 00:52:18,614 apps 1904 25352 [OK] Model Vehicles: Configuration verified
INFO 2025-10-13 00:52:18,614 apps 1904 25352 [OK] Model Parking Slots: Configuration verified
INFO 2025-10-13 00:52:18,615 apps 1904 25352 [INFO] Model Parking Sessions: Basic configuration checked
INFO 2025-10-13 00:52:18,615 apps 1904 25352 [SUCCESS] Parking App: Forbes Marshall SpotCheck ready!
INFO 2025-10-13 00:52:19,203 apps 10312 21712 [CAR] Parking App: Initializing Forbes Marshall SpotCheck...
INFO 2025-10-13 00:52:19,205 apps 10312 21712 [OK] Parking App: Signal handlers loaded successfully
INFO 2025-10-13 00:52:19,205 apps 10312 21712 [OK] Admin interface customized
INFO 2025-10-13 00:52:19,205 apps 10312 21712 [OK] Model Vehicles: Configuration verified
INFO 2025-10-13 00:52:19,205 apps 10312 21712 [OK] Model Parking Slots: Configuration verified
INFO 2025-10-13 00:52:19,206 apps 10312 21712 [INFO] Model Parking Sessions: Basic configuration checked
INFO 2025-10-13 00:52:19,206 apps 10312 21712 [SUCCESS] Parking App: Forbes Marshall SpotCheck ready!
INFO 2025-10-13 00:52:25,025 apps 24548 13740 [CAR] Parking App: Initializing Forbes Marshall SpotCheck...
INFO 2025-10-13 00:52:25,027 apps 24548 13740 [OK] Parking App: Signal handlers loaded successfully
INFO 2025-10-13 00:52:25,027 apps 24548 13740 [OK] Admin interface customized
INFO 2025-10-13 00:52:25,027 apps 24548 13740 [OK] Model Vehicles: Configuration verified
INFO 2025-10-13 00:52:25,027 apps 24548 13740 [OK] Model Parking Slots: Configuration verified
INFO 2025-10-13 00:52:25,027 apps 24548 13740 [INFO] Model Parking Sessions: Basic configuration checked
INFO 2025-10-13 00:52:25,027 apps 24548 13740 [SUCCESS] Parking App: Forbes Marshall SpotCheck ready!
INFO 2025-10-13 00:52:42,504 apps 15812 20360 [CAR] Parking App: Initializing Forbes Marshall SpotCheck...
INFO 2025-10-13 00:52:42,506 apps 15812 20360 [OK] Parking App: Signal handlers loaded successfully
INFO 2025-10-13 00:52:42,507 apps 15812 20360 [OK] Admin interface customized
INFO 2025-10-13 00:52:42,507 apps 15812 20360 [OK] Model Vehicles: Configuration verified
INFO 2025-10-13 00:52:42,507 apps 15812 20360 [OK] Model Parking Slots: Configuration verified
INFO 2025-10-13 00:52:42,507 apps 15812 20360 [INFO] Model Parking Sessions: Basic configuration checked
INFO 2025-10-13 00:52:42,507 apps 15812 20360 [SUCCESS] Parking App: Forbes Marshall SpotCheck ready!
INFO 2025-10-13 00:52:59,592 apps 25952 20256 [CAR] Parking App: Initializing Forbes Marshall SpotCheck...
INFO 2025-10-13 00:52:59,593 apps 25952 20256 [OK] Parking App: Signal handlers loaded successfully
INFO 2025-10-13 00:52:59,593 apps 25952 20256 [OK] Admin interface customized
INFO 2025-10-13 00:52:59,593 apps 25952 20256 [OK] Model Vehicles: Configuration verified
INFO 2025-10-13 00:52:59,593 apps 25952 20256 [OK] Model Parking Slots: Configuration verified
INFO 2025-10-13 00:52:59,594 apps 25952 20256 [INFO] Model Parking Sessions: Basic configuration checked
INFO 2025-10-13 00:52:59,594 apps 25952 20256 [SUCCESS] Parking App: Forbes Marshall SpotCheck ready!
INFO 2025-10-13 00:53:35,402 apps 8124 3096 [CAR] Parking App: Initializing Forbes Marshall SpotCheck...
INFO 2025-10-13 00:53:35,404 apps 8124 3096 [OK] Parking App: Signal handlers loaded successfully
INFO 2025-10-13 00:53:35,404 apps 8124 3096 [OK] Admin interface customized
INFO 2025-10-13 00:53:35,404 apps 8124 3096 [OK] Model Vehicles: Configuration verified
INFO 2025-10-13 00:53:35,406 apps 8124 3096 [OK] Model Parking Slots: Configuration verified
INFO 2025-10-13 00:53:35,406 apps 8124 3096 [INFO] Model Parking Sessions: Basic configuration checked
INFO 2025-10-13 00:53:35,406 apps 8124 3096 [SUCCESS] Parking App: Forbes Marshall SpotCheck ready!
INFO 2025-10-13 00:55:44,565 apps 240 17084 [CAR] Parking App: Initializing Forbes Marshall SpotCheck...
INFO 2025-10-13 00:55:44,565 apps 240 17084 [OK] Parking App: Signal handlers loaded successfully
INFO 2025-10-13 00:55:44,565 apps 240 17084 [OK] Admin interface customized
INFO 2025-10-13 00:55:44,565 apps 240 17084 [OK] Model Vehicles: Configuration verified
INFO 2025-10-13 00:55:44,565 apps 240 17084 [OK] Model Parking Slots: Configuration verified
INFO 2025-10-13 00:55:44,565 apps 240 17084 [INFO] Model Parking Sessions: Basic configuration checked
INFO 2025-10-13 00:55:44,577 apps 240 17084 [SUCCESS] Parking App: Forbes Marshall SpotCheck ready!
INFO 2025-10-13 00:56:27,539 apps 24400 20596 [CAR] Parking App: Initializing Forbes Marshall SpotCheck...
INFO 2025-10-13 00:56:27,540 apps 24400 20596 [OK] Parking App: Signal handlers loaded successfully
INFO 2025-10-13 00:56:27,540 apps 24400 20596 [OK] Admin interface customized
INFO 2025-10-13 00:56:27,540 apps 24400 20596 [OK] Model Vehicles: Configuration verified
INFO 2025-10-13 00:56:27,540 apps 24400 20596 [OK] Model Parking Slots: Configuration verified
INFO 2025-10-13 00:56:27,542 apps 24400 20596 [INFO] Model Parking Sessions: Basic configuration checked
INFO 2025-10-13 00:56:27,542 apps 24400 20596 [SUCCESS] Parking App: Forbes Marshall SpotCheck ready!
INFO 2025-10-13 00:56:43,270 apps 21648 25132 [CAR] Parking App: Initializing Forbes Marshall SpotCheck...
INFO 2025-10-13 00:56:43,272 apps 21648 25132 [OK] Parking App: Signal handlers loaded successfully
INFO 2025-10-13 00:56:43,272 apps 21648 25132 [OK] Admin interface customized
INFO 2025-10-13 00:56:43,272 apps 21648 25132 [OK] Model Vehicles: Configuration verified
INFO 2025-10-13 00:56:43,272 apps 21648 25132 [OK] Model Parking Slots: Configuration verified
INFO 2025-10-13 00:56:43,272 apps 21648 25132 [INFO] Model Parking Sessions: Basic configuration checked
INFO 2025-10-13 00:56:43,272 apps 21648 25132 [SUCCESS] Parking App: Forbes Marshall SpotCheck ready!
INFO 2025-10-13 00:56:43,986 apps 17012 13608 [CAR] Parking App: Initializing Forbes Marshall SpotCheck...
INFO 2025-10-13 00:56:43,987 apps 17012 13608 [OK] Parking App: Signal handlers loaded successfully
INFO 2025-10-13 00:56:43,987 apps 17012 13608 [OK] Admin interface customized
INFO 2025-10-13 00:56:43,987 apps 17012 13608 [OK] Model Vehicles: Configuration verified
INFO 2025-10-13 00:56:43,988 apps 17012 13608 [OK] Model Parking Slots: Configuration verified
INFO 2025-10-13 00:56:43,988 apps 17012 13608 [INFO] Model Parking Sessions: Basic configuration checked
INFO 2025-10-13 00:56:43,988 apps 17012 13608 [SUCCESS] Parking App: Forbes Marshall SpotCheck ready!
INFO 2025-10-13 00:56:48,869 apps 15780 22384 [CAR] Parking App: Initializing Forbes Marshall SpotCheck...
INFO 2025-10-13 00:56:48,871 apps 15780 22384 [OK] Parking App: Signal handlers loaded successfully
INFO 2025-10-13 00:56:48,871 apps 15780 22384 [OK] Admin interface customized
INFO 2025-10-13 00:56:48,871 apps 15780 22384 [OK] Model Vehicles: Configuration verified
INFO 2025-10-13 00:56:48,872 apps 15780 22384 [OK] Model Parking Slots: Configuration verified
INFO 2025-10-13 00:56:48,872 apps 15780 22384 [INFO] Model Parking Sessions: Basic configuration checked
INFO 2025-10-13 00:56:48,872 apps 15780 22384 [SUCCESS] Parking App: Forbes Marshall SpotCheck ready!
INFO 2025-10-13 01:01:03,392 apps 22692 18484 [CAR] Parking App: Initializing Forbes Marshall SpotCheck...
INFO 2025-10-13 01:01:03,393 apps 22692 18484 [OK] Parking App: Signal handlers loaded successfully
INFO 2025-10-13 01:01:03,393 apps 22692 18484 [OK] Admin interface customized
INFO 2025-10-13 01:01:03,393 apps 22692 18484 [OK] Model Vehicles: Configuration verified
INFO 2025-10-13 01:01:03,393 apps 22692 18484 [OK] Model Parking Slots: Configuration verified
INFO 2025-10-13 01:01:03,394 apps 22692 18484 [INFO] Model Parking Sessions: Basic configuration checked
INFO 2025-10-13 01:01:03,394 apps 22692 18484 [SUCCESS] Parking App: Forbes Marshall SpotCheck ready!
INFO 2025-10-13 01:01:03,960 apps 14680 25492 [CAR] Parking App: Initializing Forbes Marshall SpotCheck...
INFO 2025-10-13 01:01:03,961 apps 14680 25492 [OK] Parking App: Signal handlers loaded successfully
INFO 2025-10-13 01:01:03,962 apps 14680 25492 [OK] Admin interface customized
INFO 2025-10-13 01:01:03,962 apps 14680 25492 [OK] Model Vehicles: Configuration verified
INFO 2025-10-13 01:01:03,962 apps 14680 25492 [OK] Model Parking Slots: Configuration verified
INFO 2025-10-13 01:01:03,962 apps 14680 25492 [INFO] Model Parking Sessions: Basic configuration checked
INFO 2025-10-13 01:01:03,962 apps 14680 25492 [SUCCESS] Parking App: Forbes Marshall SpotCheck ready!
INFO 2025-10-13 01:01:16,121 apps 23916 18952 [CAR] Parking App: Initializing Forbes Marshall SpotCheck...
INFO 2025-10-13 01:01:16,123 apps 23916 18952 [OK] Parking App: Signal handlers loaded successfully
INFO 2025-10-13 01:01:16,123 apps 23916 18952 [OK] Admin interface customized
INFO 2025-10-13 01:01:16,123 apps 23916 18952 [OK] Model Vehicles: Configuration verified
INFO 2025-10-13 01:01:16,123 apps 23916 18952 [OK] Model Parking Slots: Configuration verified
INFO 2025-10-13 01:01:16,123 apps 23916 18952 [INFO] Model Parking Sessions: Basic configuration checked
INFO 2025-10-13 01:01:16,123 apps 23916 18952 [SUCCESS] Parking App: Forbes Marshall SpotCheck ready!
INFO 2025-10-13 01:01:16,652 apps 8324 14856 [CAR] Parking App: Initializing Forbes Marshall SpotCheck...
INFO 2025-10-13 01:01:16,653 apps 8324 14856 [OK] Parking App: Signal handlers loaded successfully
INFO 2025-10-13 01:01:16,653 apps 8324 14856 [OK] Admin interface customized
INFO 2025-10-13 01:01:16,653 apps 8324 14856 [OK] Model Vehicles: Configuration verified
INFO 2025-10-13 01:01:16,653 apps 8324 14856 [OK] Model Parking Slots: Configuration verified
INFO 2025-10-13 01:01:16,654 apps 8324 14856 [INFO] Model Parking Sessions: Basic configuration checked
INFO 2025-10-13 01:01:16,654 apps 8324 14856 [SUCCESS] Parking App: Forbes Marshall SpotCheck ready!
INFO 2025-10-13 01:01:28,621 apps 5800 15464 [CAR] Parking App: Initializing Forbes Marshall SpotCheck...
INFO 2025-10-13 01:01:28,623 apps 5800 15464 [OK] Parking App: Signal handlers loaded successfully
INFO 2025-10-13 01:01:28,623 apps 5800 15464 [OK] Admin interface customized
INFO 2025-10-13 01:01:28,623 apps 5800 15464 [OK] Model Vehicles: Configuration verified
INFO 2025-10-13 01:01:28,623 apps 5800 15464 [OK] Model Parking Slots: Configuration verified
INFO 2025-10-13 01:01:28,623 apps 5800 15464 [INFO] Model Parking Sessions: Basic configuration checked
INFO 2025-10-13 01:01:28,624 apps 5800 15464 [SUCCESS] Parking App: Forbes Marshall SpotCheck ready!
INFO 2025-10-13 01:01:33,661 apps 5896 12756 [CAR] Parking App: Initializing Forbes Marshall SpotCheck...
INFO 2025-10-13 01:01:33,663 apps 5896 12756 [OK] Parking App: Signal handlers loaded successfully
INFO 2025-10-13 01:01:33,663 apps 5896 12756 [OK] Admin interface customized
INFO 2025-10-13 01:01:33,663 apps 5896 12756 [OK] Model Vehicles: Configuration verified
INFO 2025-10-13 01:01:33,663 apps 5896 12756 [OK] Model Parking Slots: Configuration verified
INFO 2025-10-13 01:01:33,663 apps 5896 12756 [INFO] Model Parking Sessions: Basic configuration checked
INFO 2025-10-13 01:01:33,664 apps 5896 12756 [SUCCESS] Parking App: Forbes Marshall SpotCheck ready!
INFO 2025-10-13 01:01:38,186 apps 12192 22140 [CAR] Parking App: Initializing Forbes Marshall SpotCheck...
INFO 2025-10-13 01:01:38,187 apps 12192 22140 [OK] Parking App: Signal handlers loaded successfully
INFO 2025-10-13 01:01:38,187 apps 12192 22140 [OK] Admin interface customized
INFO 2025-10-13 01:01:38,187 apps 12192 22140 [OK] Model Vehicles: Configuration verified
INFO 2025-10-13 01:01:38,188 apps 12192 22140 [OK] Model Parking Slots: Configuration verified
INFO 2025-10-13 01:01:38,188 apps 12192 22140 [INFO] Model Parking Sessions: Basic configuration checked
INFO 2025-10-13 01:01:38,188 apps 12192 22140 [SUCCESS] Parking App: Forbes Marshall SpotCheck ready!
INFO 2025-10-13 01:01:38,708 apps 7612 25724 [CAR] Parking App: Initializing Forbes Marshall SpotCheck...
INFO 2025-10-13 01:01:38,709 apps 7612 25724 [OK] Parking App: Signal handlers loaded successfully
INFO 2025-10-13 01:01:38,709 apps 7612 25724 [OK] Admin interface customized
INFO 2025-10-13 01:01:38,709 apps 7612 25724 [OK] Model Vehicles: Configuration verified
INFO 2025-10-13 01:01:38,709 apps 7612 25724 [OK] Model Parking Slots: Configuration verified
INFO 2025-10-13 01:01:38,711 apps 7612 25724 [INFO] Model Parking Sessions: Basic configuration checked
INFO 2025-10-13 01:01:38,711 apps 7612 25724 [SUCCESS] Parking App: Forbes Marshall SpotCheck ready!
INFO 2025-10-13 01:01:47,125 apps 14736 11248 [CAR] Parking App: Initializing Forbes Marshall SpotCheck...
INFO 2025-10-13 01:01:47,126 apps 14736 11248 [OK] Parking App: Signal handlers loaded successfully
INFO 2025-10-13 01:01:47,126 apps 14736 11248 [OK] Admin interface customized
INFO 2025-10-13 01:01:47,127 apps 14736 11248 [OK] Model Vehicles: Configuration verified
INFO 2025-10-13 01:01:47,127 apps 14736 11248 [OK] Model Parking Slots: Configuration verified
INFO 2025-10-13 01:01:47,127 apps 14736 11248 [INFO] Model Parking Sessions: Basic configuration checked
INFO 2025-10-13 01:01:47,127 apps 14736 11248 [SUCCESS] Parking App: Forbes Marshall SpotCheck ready!
INFO 2025-10-13 01:01:47,655 apps 21184 2064 [CAR] Parking App: Initializing Forbes Marshall SpotCheck...
INFO 2025-10-13 01:01:47,656 apps 21184 2064 [OK] Parking App: Signal handlers loaded successfully
INFO 2025-10-13 01:01:47,656 apps 21184 2064 [OK] Admin interface customized
INFO 2025-10-13 01:01:47,656 apps 21184 2064 [OK] Model Vehicles: Configuration verified
INFO 2025-10-13 01:01:47,656 apps 21184 2064 [OK] Model Parking Slots: Configuration verified
INFO 2025-10-13 01:01:47,657 apps 21184 2064 [INFO] Model Parking Sessions: Basic configuration checked
INFO 2025-10-13 01:01:47,657 apps 21184 2064 [SUCCESS] Parking App: Forbes Marshall SpotCheck ready!
INFO 2025-10-13 01:02:11,958 apps 18700 25176 [CAR] Parking App: Initializing Forbes Marshall SpotCheck...
INFO 2025-10-13 01:02:11,960 apps 18700 25176 [OK] Parking App: Signal handlers loaded successfully
INFO 2025-10-13 01:02:11,960 apps 18700 25176 [OK] Admin interface customized
INFO 2025-10-13 01:02:11,960 apps 18700 25176 [OK] Model Vehicles: Configuration verified
INFO 2025-10-13 01:02:11,960 apps 18700 25176 [OK] Model Parking Slots: Configuration verified
INFO 2025-10-13 01:02:11,961 apps 18700 25176 [INFO] Model Parking Sessions: Basic configuration checked
INFO 2025-10-13 01:02:11,961 apps 18700 25176 [SUCCESS] Parking App: Forbes Marshall SpotCheck ready!
INFO 2025-10-13 01:02:26,019 apps 1912 15272 [CAR] Parking App: Initializing Forbes Marshall SpotCheck...
INFO 2025-10-13 01:02:26,021 apps 1912 15272 [OK] Parking App: Signal handlers loaded successfully
INFO 2025-10-13 01:02:26,021 apps 1912 15272 [OK] Admin interface customized
INFO 2025-10-13 01:02:26,022 apps 1912 15272 [OK] Model Vehicles: Configuration verified
INFO 2025-10-13 01:02:26,022 apps 1912 15272 [OK] Model Parking Slots: Configuration verified
INFO 2025-10-13 01:02:26,022 apps 1912 15272 [INFO] Model Parking Sessions: Basic configuration checked
INFO 2025-10-13 01:02:26,023 apps 1912 15272 [SUCCESS] Parking App: Forbes Marshall SpotCheck ready!
INFO 2025-10-13 01:02:40,135 apps 18996 25048 [CAR] Parking App: Initializing Forbes Marshall SpotCheck...
INFO 2025-10-13 01:02:40,137 apps 18996 25048 [OK] Parking App: Signal handlers loaded successfully
INFO 2025-10-13 01:02:40,137 apps 18996 25048 [OK] Admin interface customized
INFO 2025-10-13 01:02:40,137 apps 18996 25048 [OK] Model Vehicles: Configuration verified
INFO 2025-10-13 01:02:40,139 apps 18996 25048 [OK] Model Parking Slots: Configuration verified
INFO 2025-10-13 01:02:40,139 apps 18996 25048 [INFO] Model Parking Sessions: Basic configuration checked
INFO 2025-10-13 01:02:40,139 apps 18996 25048 [SUCCESS] Parking App: Forbes Marshall SpotCheck ready!
INFO 2025-10-13 01:02:59,372 apps 4152 10320 [CAR] Parking App: Initializing Forbes Marshall SpotCheck...
INFO 2025-10-13 01:02:59,372 apps 4152 10320 [OK] Parking App: Signal handlers loaded successfully
INFO 2025-10-13 01:02:59,372 apps 4152 10320 [OK] Admin interface customized
INFO 2025-10-13 01:02:59,372 apps 4152 10320 [OK] Model Vehicles: Configuration verified
INFO 2025-10-13 01:02:59,372 apps 4152 10320 [OK] Model Parking Slots: Configuration verified
INFO 2025-10-13 01:02:59,372 apps 4152 10320 [INFO] Model Parking Sessions: Basic configuration checked
INFO 2025-10-13 01:02:59,372 apps 4152 10320 [SUCCESS] Parking App: Forbes Marshall SpotCheck ready!
INFO 2025-10-13 01:20:29,995 apps 10088 11960 [CAR] Parking App: Initializing Forbes Marshall SpotCheck...
INFO 2025-10-13 01:20:29,996 apps 10088 11960 [OK] Parking App: Signal handlers loaded successfully
INFO 2025-10-13 01:20:29,996 apps 10088 11960 [OK] Admin interface customized
INFO 2025-10-13 01:20:29,996 apps 10088 11960 [OK] Model Vehicles: Configuration verified
INFO 2025-10-13 01:20:29,996 apps 10088 11960 [OK] Model Parking Slots: Configuration verified
INFO 2025-10-13 01:20:29,997 apps 10088 11960 [INFO] Model Parking Sessions: Basic configuration checked
INFO 2025-10-13 01:20:29,997 apps 10088 11960 [SUCCESS] Parking App: Forbes Marshall SpotCheck ready!
INFO 2025-10-13 01:20:30,529 apps 19068 10024 [CAR] Parking App: Initializing Forbes Marshall SpotCheck...
INFO 2025-10-13 01:20:30,530 apps 19068 10024 [OK] Parking App: Signal handlers loaded successfully
INFO 2025-10-13 01:20:30,530 apps 19068 10024 [OK] Admin interface customized
INFO 2025-10-13 01:20:30,530 apps 19068 10024 [OK] Model Vehicles: Configuration verified
INFO 2025-10-13 01:20:30,530 apps 19068 10024 [OK] Model Parking Slots: Configuration verified
INFO 2025-10-13 01:20:30,530 apps 19068 10024 [INFO] Model Parking Sessions: Basic configuration checked
INFO 2025-10-13 01:20:30,531 apps 19068 10024 [SUCCESS] Parking App: Forbes Marshall SpotCheck ready!
INFO 2025-10-13 01:20:58,901 apps 21056 4672 [CAR] Parking App: Initializing Forbes Marshall SpotCheck...
INFO 2025-10-13 01:20:58,903 apps 21056 4672 [OK] Parking App: Signal handlers loaded successfully
INFO 2025-10-13 01:20:58,903 apps 21056 4672 [OK] Admin interface customized
INFO 2025-10-13 01:20:58,903 apps 21056 4672 [OK] Model Vehicles: Configuration verified
INFO 2025-10-13 01:20:58,903 apps 21056 4672 [OK] Model Parking Slots: Configuration verified
INFO 2025-10-13 01:20:58,903 apps 21056 4672 [INFO] Model Parking Sessions: Basic configuration checked
INFO 2025-10-13 01:20:58,903 apps 21056 4672 [SUCCESS] Parking App: Forbes Marshall SpotCheck ready!
INFO 2025-10-13 01:21:18,793 apps 11592 21148 [CAR] Parking App: Initializing Forbes Marshall SpotCheck...
INFO 2025-10-13 01:21:18,794 apps 11592 21148 [OK] Parking App: Signal handlers loaded successfully
INFO 2025-10-13 01:21:18,794 apps 11592 21148 [OK] Admin interface customized
INFO 2025-10-13 01:21:18,794 apps 11592 21148 [OK] Model Vehicles: Configuration verified
INFO 2025-10-13 01:21:18,795 apps 11592 21148 [OK] Model Parking Slots: Configuration verified
INFO 2025-10-13 01:21:18,795 apps 11592 21148 [INFO] Model Parking Sessions: Basic configuration checked
INFO 2025-10-13 01:21:18,795 apps 11592 21148 [SUCCESS] Parking App: Forbes Marshall SpotCheck ready!
INFO 2025-10-13 01:21:34,488 apps 10284 11640 [CAR] Parking App: Initializing Forbes Marshall SpotCheck...
INFO 2025-10-13 01:21:34,490 apps 10284 11640 [OK] Parking App: Signal handlers loaded successfully
INFO 2025-10-13 01:21:34,490 apps 10284 11640 [OK] Admin interface customized
INFO 2025-10-13 01:21:34,491 apps 10284 11640 [OK] Model Vehicles: Configuration verified
INFO 2025-10-13 01:21:34,491 apps 10284 11640 [OK] Model Parking Slots: Configuration verified
INFO 2025-10-13 01:21:34,491 apps 10284 11640 [INFO] Model Parking Sessions: Basic configuration checked
INFO 2025-10-13 01:21:34,491 apps 10284 11640 [SUCCESS] Parking App: Forbes Marshall SpotCheck ready!
INFO 2025-10-13 01:21:49,085 apps 10720 15720 [CAR] Parking App: Initializing Forbes Marshall SpotCheck...
INFO 2025-10-13 01:21:49,087 apps 10720 15720 [OK] Parking App: Signal handlers loaded successfully
INFO 2025-10-13 01:21:49,087 apps 10720 15720 [OK] Admin interface customized
INFO 2025-10-13 01:21:49,087 apps 10720 15720 [OK] Model Vehicles: Configuration verified
INFO 2025-10-13 01:21:49,087 apps 10720 15720 [OK] Model Parking Slots: Configuration verified
INFO 2025-10-13 01:21:49,088 apps 10720 15720 [INFO] Model Parking Sessions: Basic configuration checked
INFO 2025-10-13 01:21:49,088 apps 10720 15720 [SUCCESS] Parking App: Forbes Marshall SpotCheck ready!
INFO 2025-10-13 01:22:05,896 apps 3532 19780 [CAR] Parking App: Initializing Forbes Marshall SpotCheck...
INFO 2025-10-13 01:22:05,898 apps 3532 19780 [OK] Parking App: Signal handlers loaded successfully
INFO 2025-10-13 01:22:05,898 apps 3532 19780 [OK] Admin interface customized
INFO 2025-10-13 01:22:05,898 apps 3532 19780 [OK] Model Vehicles: Configuration verified
INFO 2025-10-13 01:22:05,899 apps 3532 19780 [OK] Model Parking Slots: Configuration verified
INFO 2025-10-13 01:22:05,899 apps 3532 19780 [INFO] Model Parking Sessions: Basic configuration checked
INFO 2025-10-13 01:22:05,899 apps 3532 19780 [SUCCESS] Parking App: Forbes Marshall SpotCheck ready!
INFO 2025-10-13 01:23:11,190 apps 9012 14700 [CAR] Parking App: Initializing Forbes Marshall SpotCheck...
INFO 2025-10-13 01:23:11,191 apps 9012 14700 [OK] Parking App: Signal handlers loaded successfully
INFO 2025-10-13 01:23:11,191 apps 9012 14700 [OK] Admin interface customized
INFO 2025-10-13 01:23:11,191 apps 9012 14700 [OK] Model Vehicles: Configuration verified
INFO 2025-10-13 01:23:11,191 apps 9012 14700 [OK] Model Parking Slots: Configuration verified
INFO 2025-10-13 01:23:11,192 apps 9012 14700 [INFO] Model Parking Sessions: Basic configuration checked
INFO 2025-10-13 01:23:11,192 apps 9012 14700 [SUCCESS] Parking App: Forbes Marshall SpotCheck ready!
INFO 2025-10-13 01:23:11,726 apps 17496 24988 [CAR] Parking App: Initializing Forbes Marshall SpotCheck...
INFO 2025-10-13 01:23:11,728 apps 17496 24988 [OK] Parking App: Signal handlers loaded successfully
INFO 2025-10-13 01:23:11,728 apps 17496 24988 [OK] Admin interface customized
INFO 2025-10-13 01:23:11,728 apps 17496 24988 [OK] Model Vehicles: Configuration verified
INFO 2025-10-13 01:23:11,728 apps 17496 24988 [OK] Model Parking Slots: Configuration verified
INFO 2025-10-13 01:23:11,729 apps 17496 24988 [INFO] Model Parking Sessions: Basic configuration checked
INFO 2025-10-13 01:23:11,729 apps 17496 24988 [SUCCESS] Parking App: Forbes Marshall SpotCheck ready!
INFO 2025-10-13 01:33:44,513 apps 26076 828 [CAR] Parking App: Initializing Forbes Marshall SpotCheck...
INFO 2025-10-13 01:33:44,515 apps 26076 828 [OK] Parking App: Signal handlers loaded successfully
INFO 2025-10-13 01:33:44,515 apps 26076 828 [OK] Admin interface customized
INFO 2025-10-13 01:33:44,515 apps 26076 828 [OK] Model Vehicles: Configuration verified
INFO 2025-10-13 01:33:44,515 apps 26076 828 [OK] Model Parking Slots: Configuration verified
INFO 2025-10-13 01:33:44,516 apps 26076 828 [INFO] Model Parking Sessions: Basic configuration checked
INFO 2025-10-13 01:33:44,516 apps 26076 828 [SUCCESS] Parking App: Forbes Marshall SpotCheck ready!
INFO 2025-10-13 01:33:56,581 apps 12056 7388 [CAR] Parking App: Initializing Forbes Marshall SpotCheck...
INFO 2025-10-13 01:33:56,582 apps 12056 7388 [OK] Parking App: Signal handlers loaded successfully
INFO 2025-10-13 01:33:56,583 apps 12056 7388 [OK] Admin interface customized
INFO 2025-10-13 01:33:56,583 apps 12056 7388 [OK] Model Vehicles: Configuration verified
INFO 2025-10-13 01:33:56,583 apps 12056 7388 [OK] Model Parking Slots: Configuration verified
INFO 2025-10-13 01:33:56,583 apps 12056 7388 [INFO] Model Parking Sessions: Basic configuration checked
INFO 2025-10-13 01:33:56,583 apps 12056 7388 [SUCCESS] Parking App: Forbes Marshall SpotCheck ready!
INFO 2025-10-13 01:34:07,139 apps 14480 16308 [CAR] Parking App: Initializing Forbes Marshall SpotCheck...
INFO 2025-10-13 01:34:07,141 apps 14480 16308 [OK] Parking App: Signal handlers loaded successfully
INFO 2025-10-13 01:34:07,141 apps 14480 16308 [OK] Admin interface customized
INFO 2025-10-13 01:34:07,141 apps 14480 16308 [OK] Model Vehicles: Configuration verified
INFO 2025-10-13 01:34:07,141 apps 14480 16308 [OK] Model Parking Slots: Configuration verified
INFO 2025-10-13 01:34:07,142 apps 14480 16308 [INFO] Model Parking Sessions: Basic configuration checked
INFO 2025-10-13 01:34:07,142 apps 14480 16308 [SUCCESS] Parking App: Forbes Marshall SpotCheck ready!
INFO 2025-10-13 01:34:27,089 apps 17800 20580 [CAR] Parking App: Initializing Forbes Marshall SpotCheck...
INFO 2025-10-13 01:34:27,090 apps 17800 20580 [OK] Parking App: Signal handlers loaded successfully
INFO 2025-10-13 01:34:27,090 apps 17800 20580 [OK] Admin interface customized
INFO 2025-10-13 01:34:27,091 apps 17800 20580 [OK] Model Vehicles: Configuration verified
INFO 2025-10-13 01:34:27,091 apps 17800 20580 [OK] Model Parking Slots: Configuration verified
INFO 2025-10-13 01:34:27,091 apps 17800 20580 [INFO] Model Parking Sessions: Basic configuration checked
INFO 2025-10-13 01:34:27,091 apps 17800 20580 [SUCCESS] Parking App: Forbes Marshall SpotCheck ready!
INFO 2025-10-13 01:34:36,942 apps 4308 24112 [CAR] Parking App: Initializing Forbes Marshall SpotCheck...
INFO 2025-10-13 01:34:36,944 apps 4308 24112 [OK] Parking App: Signal handlers loaded successfully
INFO 2025-10-13 01:34:36,944 apps 4308 24112 [OK] Admin interface customized
INFO 2025-10-13 01:34:36,945 apps 4308 24112 [OK] Model Vehicles: Configuration verified
INFO 2025-10-13 01:34:36,945 apps 4308 24112 [OK] Model Parking Slots: Configuration verified
INFO 2025-10-13 01:34:36,946 apps 4308 24112 [INFO] Model Parking Sessions: Basic configuration checked
INFO 2025-10-13 01:34:36,946 apps 4308 24112 [SUCCESS] Parking App: Forbes Marshall SpotCheck ready!
INFO 2025-10-13 01:37:42,421 apps 26108 17932 [CAR] Parking App: Initializing Forbes Marshall SpotCheck...
INFO 2025-10-13 01:37:42,422 apps 26108 17932 [OK] Parking App: Signal handlers loaded successfully
INFO 2025-10-13 01:37:42,422 apps 26108 17932 [OK] Admin interface customized
INFO 2025-10-13 01:37:42,422 apps 26108 17932 [OK] Model Vehicles: Configuration verified
INFO 2025-10-13 01:37:42,422 apps 26108 17932 [OK] Model Parking Slots: Configuration verified
INFO 2025-10-13 01:37:42,423 apps 26108 17932 [INFO] Model Parking Sessions: Basic configuration checked
INFO 2025-10-13 01:37:42,423 apps 26108 17932 [SUCCESS] Parking App: Forbes Marshall SpotCheck ready!
INFO 2025-10-13 01:37:46,430 apps 16928 26276 [CAR] Parking App: Initializing Forbes Marshall SpotCheck...
INFO 2025-10-13 01:37:46,431 apps 16928 26276 [OK] Parking App: Signal handlers loaded successfully
INFO 2025-10-13 01:37:46,431 apps 16928 26276 [OK] Admin interface customized
INFO 2025-10-13 01:37:46,431 apps 16928 26276 [OK] Model Vehicles: Configuration verified
INFO 2025-10-13 01:37:46,431 apps 16928 26276 [OK] Model Parking Slots: Configuration verified
INFO 2025-10-13 01:37:46,431 apps 16928 26276 [INFO] Model Parking Sessions: Basic configuration checked
INFO 2025-10-13 01:37:46,431 apps 16928 26276 [SUCCESS] Parking App: Forbes Marshall SpotCheck ready!
INFO 2025-10-13 01:39:09,414 apps 7528 22016 [CAR] Parking App: Initializing Forbes Marshall SpotCheck...
INFO 2025-10-13 01:39:09,415 apps 7528 22016 [OK] Parking App: Signal handlers loaded successfully
INFO 2025-10-13 01:39:09,415 apps 7528 22016 [OK] Admin interface customized
INFO 2025-10-13 01:39:09,415 apps 7528 22016 [OK] Model Vehicles: Configuration verified
INFO 2025-10-13 01:39:09,415 apps 7528 22016 [OK] Model Parking Slots: Configuration verified
INFO 2025-10-13 01:39:09,416 apps 7528 22016 [INFO] Model Parking Sessions: Basic configuration checked
INFO 2025-10-13 01:39:09,416 apps 7528 22016 [SUCCESS] Parking App: Forbes Marshall SpotCheck ready!
INFO 2025-10-13 01:39:12,276 apps 15832 14416 [CAR] Parking App: Initializing Forbes Marshall SpotCheck...
INFO 2025-10-13 01:39:12,277 apps 15832 14416 [OK] Parking App: Signal handlers loaded successfully
INFO 2025-10-13 01:39:12,277 apps 15832 14416 [OK] Admin interface customized
INFO 2025-10-13 01:39:12,277 apps 15832 14416 [OK] Model Vehicles: Configuration verified
INFO 2025-10-13 01:39:12,277 apps 15832 14416 [OK] Model Parking Slots: Configuration verified
INFO 2025-10-13 01:39:12,277 apps 15832 14416 [INFO] Model Parking Sessions: Basic configuration checked
INFO 2025-10-13 01:39:12,278 apps 15832 14416 [SUCCESS] Parking App: Forbes Marshall SpotCheck ready!
INFO 2025-10-13 01:39:12,821 apps 23104 21672 [CAR] Parking App: Initializing Forbes Marshall SpotCheck...
INFO 2025-10-13 01:39:12,822 apps 23104 21672 [OK] Parking App: Signal handlers loaded successfully
INFO 2025-10-13 01:39:12,823 apps 23104 21672 [OK] Admin interface customized
INFO 2025-10-13 01:39:12,823 apps 23104 21672 [OK] Model Vehicles: Configuration verified
INFO 2025-10-13 01:39:12,823 apps 23104 21672 [OK] Model Parking Slots: Configuration verified
INFO 2025-10-13 01:39:12,823 apps 23104 21672 [INFO] Model Parking Sessions: Basic configuration checked
INFO 2025-10-13 01:39:12,823 apps 23104 21672 [SUCCESS] Parking App: Forbes Marshall SpotCheck ready!
INFO 2025-10-13 01:42:59,316 apps 22664 11052 [CAR] Parking App: Initializing Forbes Marshall SpotCheck...
INFO 2025-10-13 01:42:59,317 apps 22664 11052 [OK] Parking App: Signal handlers loaded successfully
INFO 2025-10-13 01:42:59,317 apps 22664 11052 [OK] Admin interface customized
INFO 2025-10-13 01:42:59,317 apps 22664 11052 [OK] Model Vehicles: Configuration verified
INFO 2025-10-13 01:42:59,317 apps 22664 11052 [OK] Model Parking Slots: Configuration verified
INFO 2025-10-13 01:42:59,318 apps 22664 11052 [INFO] Model Parking Sessions: Basic configuration checked
INFO 2025-10-13 01:42:59,318 apps 22664 11052 [SUCCESS] Parking App: Forbes Marshall SpotCheck ready!
INFO 2025-10-13 01:43:16,101 apps 20468 12944 [CAR] Parking App: Initializing Forbes Marshall SpotCheck...
INFO 2025-10-13 01:43:16,102 apps 20468 12944 [OK] Parking App: Signal handlers loaded successfully
INFO 2025-10-13 01:43:16,102 apps 20468 12944 [OK] Admin interface customized
INFO 2025-10-13 01:43:16,104 apps 20468 12944 [OK] Model Vehicles: Configuration verified
INFO 2025-10-13 01:43:16,104 apps 20468 12944 [OK] Model Parking Slots: Configuration verified
INFO 2025-10-13 01:43:16,104 apps 20468 12944 [INFO] Model Parking Sessions: Basic configuration checked
INFO 2025-10-13 01:43:16,104 apps 20468 12944 [SUCCESS] Parking App: Forbes Marshall SpotCheck ready!
INFO 2025-10-13 01:43:16,871 apps 10232 2944 [CAR] Parking App: Initializing Forbes Marshall SpotCheck...
INFO 2025-10-13 01:43:16,872 apps 10232 2944 [OK] Parking App: Signal handlers loaded successfully
INFO 2025-10-13 01:43:16,873 apps 10232 2944 [OK] Admin interface customized
INFO 2025-10-13 01:43:16,873 apps 10232 2944 [OK] Model Vehicles: Configuration verified
INFO 2025-10-13 01:43:16,873 apps 10232 2944 [OK] Model Parking Slots: Configuration verified
INFO 2025-10-13 01:43:16,873 apps 10232 2944 [INFO] Model Parking Sessions: Basic configuration checked
INFO 2025-10-13 01:43:16,873 apps 10232 2944 [SUCCESS] Parking App: Forbes Marshall SpotCheck ready!
INFO 2025-10-13 01:43:30,159 apps 23616 13336 [CAR] Parking App: Initializing Forbes Marshall SpotCheck...
INFO 2025-10-13 01:43:30,160 apps 23616 13336 [OK] Parking App: Signal handlers loaded successfully
INFO 2025-10-13 01:43:30,160 apps 23616 13336 [OK] Admin interface customized
INFO 2025-10-13 01:43:30,160 apps 23616 13336 [OK] Model Vehicles: Configuration verified
INFO 2025-10-13 01:43:30,160 apps 23616 13336 [OK] Model Parking Slots: Configuration verified
INFO 2025-10-13 01:43:30,161 apps 23616 13336 [INFO] Model Parking Sessions: Basic configuration checked
INFO 2025-10-13 01:43:30,161 apps 23616 13336 [SUCCESS] Parking App: Forbes Marshall SpotCheck ready!
INFO 2025-10-13 01:46:41,794 apps 17344 13248 [CAR] Parking App: Initializing Forbes Marshall SpotCheck...
INFO 2025-10-13 01:46:41,795 apps 17344 13248 [OK] Parking App: Signal handlers loaded successfully
INFO 2025-10-13 01:46:41,796 apps 17344 13248 [OK] Admin interface customized
INFO 2025-10-13 01:46:41,796 apps 17344 13248 [OK] Model Vehicles: Configuration verified
INFO 2025-10-13 01:46:41,796 apps 17344 13248 [OK] Model Parking Slots: Configuration verified
INFO 2025-10-13 01:46:41,796 apps 17344 13248 [INFO] Model Parking Sessions: Basic configuration checked
INFO 2025-10-13 01:46:41,796 apps 17344 13248 [SUCCESS] Parking App: Forbes Marshall SpotCheck ready!
INFO 2025-10-13 01:46:42,387 apps 24972 23016 [CAR] Parking App: Initializing Forbes Marshall SpotCheck...
INFO 2025-10-13 01:46:42,388 apps 24972 23016 [OK] Parking App: Signal handlers loaded successfully
INFO 2025-10-13 01:46:42,388 apps 24972 23016 [OK] Admin interface customized
INFO 2025-10-13 01:46:42,388 apps 24972 23016 [OK] Model Vehicles: Configuration verified
INFO 2025-10-13 01:46:42,388 apps 24972 23016 [OK] Model Parking Slots: Configuration verified
INFO 2025-10-13 01:46:42,389 apps 24972 23016 [INFO] Model Parking Sessions: Basic configuration checked
INFO 2025-10-13 01:46:42,389 apps 24972 23016 [SUCCESS] Parking App: Forbes Marshall SpotCheck ready!
INFO 2025-10-13 01:47:15,889 apps 14640 16728 [CAR] Parking App: Initializing Forbes Marshall SpotCheck...
INFO 2025-10-13 01:47:15,890 apps 14640 16728 [OK] Parking App: Signal handlers loaded successfully
INFO 2025-10-13 01:47:15,890 apps 14640 16728 [OK] Admin interface customized
INFO 2025-10-13 01:47:15,891 apps 14640 16728 [OK] Model Vehicles: Configuration verified
INFO 2025-10-13 01:47:15,891 apps 14640 16728 [OK] Model Parking Slots: Configuration verified
INFO 2025-10-13 01:47:15,891 apps 14640 16728 [INFO] Model Parking Sessions: Basic configuration checked
INFO 2025-10-13 01:47:15,891 apps 14640 16728 [SUCCESS] Parking App: Forbes Marshall SpotCheck ready!
INFO 2025-10-13 01:47:40,875 apps 9628 17812 [CAR] Parking App: Initializing Forbes Marshall SpotCheck...
INFO 2025-10-13 01:47:40,876 apps 9628 17812 [OK] Parking App: Signal handlers loaded successfully
INFO 2025-10-13 01:47:40,876 apps 9628 17812 [OK] Admin interface customized
INFO 2025-10-13 01:47:40,876 apps 9628 17812 [OK] Model Vehicles: Configuration verified
INFO 2025-10-13 01:47:40,876 apps 9628 17812 [OK] Model Parking Slots: Configuration verified
INFO 2025-10-13 01:47:40,877 apps 9628 17812 [INFO] Model Parking Sessions: Basic configuration checked
INFO 2025-10-13 01:47:40,877 apps 9628 17812 [SUCCESS] Parking App: Forbes Marshall SpotCheck ready!
INFO 2025-10-13 01:48:11,726 apps 12380 20932 [CAR] Parking App: Initializing Forbes Marshall SpotCheck...
INFO 2025-10-13 01:48:11,727 apps 12380 20932 [OK] Parking App: Signal handlers loaded successfully
INFO 2025-10-13 01:48:11,727 apps 12380 20932 [OK] Admin interface customized
INFO 2025-10-13 01:48:11,727 apps 12380 20932 [OK] Model Vehicles: Configuration verified
INFO 2025-10-13 01:48:11,728 apps 12380 20932 [OK] Model Parking Slots: Configuration verified
INFO 2025-10-13 01:48:11,728 apps 12380 20932 [INFO] Model Parking Sessions: Basic configuration checked
INFO 2025-10-13 01:48:11,728 apps 12380 20932 [SUCCESS] Parking App: Forbes Marshall SpotCheck ready!
INFO 2025-10-13 01:48:12,733 apps 20128 26536 [CAR] Parking App: Initializing Forbes Marshall SpotCheck...
INFO 2025-10-13 01:48:12,734 apps 20128 26536 [OK] Parking App: Signal handlers loaded successfully
INFO 2025-10-13 01:48:12,735 apps 20128 26536 [OK] Admin interface customized
INFO 2025-10-13 01:48:12,735 apps 20128 26536 [OK] Model Vehicles: Configuration verified
INFO 2025-10-13 01:48:12,735 apps 20128 26536 [OK] Model Parking Slots: Configuration verified
INFO 2025-10-13 01:48:12,735 apps 20128 26536 [INFO] Model Parking Sessions: Basic configuration checked
INFO 2025-10-13 01:48:12,736 apps 20128 26536 [SUCCESS] Parking App: Forbes Marshall SpotCheck ready!
INFO 2025-10-13 01:48:55,042 apps 12468 10844 [CAR] Parking App: Initializing Forbes Marshall SpotCheck...
INFO 2025-10-13 01:48:55,043 apps 12468 10844 [OK] Parking App: Signal handlers loaded successfully
INFO 2025-10-13 01:48:55,043 apps 12468 10844 [OK] Admin interface customized
INFO 2025-10-13 01:48:55,043 apps 12468 10844 [OK] Model Vehicles: Configuration verified
INFO 2025-10-13 01:48:55,043 apps 12468 10844 [OK] Model Parking Slots: Configuration verified
INFO 2025-10-13 01:48:55,044 apps 12468 10844 [INFO] Model Parking Sessions: Basic configuration checked
INFO 2025-10-13 01:48:55,044 apps 12468 10844 [SUCCESS] Parking App: Forbes Marshall SpotCheck ready!
INFO 2025-10-13 01:48:55,561 apps 22268 15612 [CAR] Parking App: Initializing Forbes Marshall SpotCheck...
INFO 2025-10-13 01:48:55,562 apps 22268 15612 [OK] Parking App: Signal handlers loaded successfully
INFO 2025-10-13 01:48:55,562 apps 22268 15612 [OK] Admin interface customized
INFO 2025-10-13 01:48:55,563 apps 22268 15612 [OK] Model Vehicles: Configuration verified
INFO 2025-10-13 01:48:55,563 apps 22268 15612 [OK] Model Parking Slots: Configuration verified
INFO 2025-10-13 01:48:55,563 apps 22268 15612 [INFO] Model Parking Sessions: Basic configuration checked
INFO 2025-10-13 01:48:55,563 apps 22268 15612 [SUCCESS] Parking App: Forbes Marshall SpotCheck ready!
INFO 2025-10-13 01:52:11,609 apps 10988 11808 [CAR] Parking App: Initializing Forbes Marshall SpotCheck...
INFO 2025-10-13 01:52:11,610 apps 10988 11808 [OK] Parking App: Signal handlers loaded successfully
INFO 2025-10-13 01:52:11,610 apps 10988 11808 [OK] Admin interface customized
INFO 2025-10-13 01:52:11,610 apps 10988 11808 [OK] Model Vehicles: Configuration verified
INFO 2025-10-13 01:52:11,610 apps 10988 11808 [OK] Model Parking Slots: Configuration verified
INFO 2025-10-13 01:52:11,611 apps 10988 11808 [INFO] Model Parking Sessions: Basic configuration checked
INFO 2025-10-13 01:52:11,611 apps 10988 11808 [SUCCESS] Parking App: Forbes Marshall SpotCheck ready!
INFO 2025-10-13 01:52:15,218 apps 1216 15380 [CAR] Parking App: Initializing Forbes Marshall SpotCheck...
INFO 2025-10-13 01:52:15,219 apps 1216 15380 [OK] Parking App: Signal handlers loaded successfully
INFO 2025-10-13 01:52:15,219 apps 1216 15380 [OK] Admin interface customized
INFO 2025-10-13 01:52:15,219 apps 1216 15380 [OK] Model Vehicles: Configuration verified
INFO 2025-10-13 01:52:15,219 apps 1216 15380 [OK] Model Parking Slots: Configuration verified
INFO 2025-10-13 01:52:15,219 apps 1216 15380 [INFO] Model Parking Sessions: Basic configuration checked
INFO 2025-10-13 01:52:15,220 apps 1216 15380 [SUCCESS] Parking App: Forbes Marshall SpotCheck ready!
INFO 2025-10-13 01:52:15,777 apps 19388 10720 [CAR] Parking App: Initializing Forbes Marshall SpotCheck...
INFO 2025-10-13 01:52:15,778 apps 19388 10720 [OK] Parking App: Signal handlers loaded successfully
INFO 2025-10-13 01:52:15,778 apps 19388 10720 [OK] Admin interface customized
INFO 2025-10-13 01:52:15,778 apps 19388 10720 [OK] Model Vehicles: Configuration verified
INFO 2025-10-13 01:52:15,778 apps 19388 10720 [OK] Model Parking Slots: Configuration verified
INFO 2025-10-13 01:52:15,778 apps 19388 10720 [INFO] Model Parking Sessions: Basic configuration checked
INFO 2025-10-13 01:52:15,779 apps 19388 10720 [SUCCESS] Parking App: Forbes Marshall SpotCheck ready!
INFO 2025-10-13 01:53:53,756 apps 25164 12932 [CAR] Parking App: Initializing Forbes Marshall SpotCheck...
INFO 2025-10-13 01:53:53,757 apps 25164 12932 [OK] Parking App: Signal handlers loaded successfully
INFO 2025-10-13 01:53:53,758 apps 25164 12932 [OK] Admin interface customized
INFO 2025-10-13 01:53:53,758 apps 25164 12932 [OK] Model Vehicles: Configuration verified
INFO 2025-10-13 01:53:53,758 apps 25164 12932 [OK] Model Parking Slots: Configuration verified
INFO 2025-10-13 01:53:53,758 apps 25164 12932 [INFO] Model Parking Sessions: Basic configuration checked
INFO 2025-10-13 01:53:53,758 apps 25164 12932 [SUCCESS] Parking App: Forbes Marshall SpotCheck ready!
INFO 2025-10-13 02:01:31,149 apps 26516 22172 [CAR] Parking App: Initializing Forbes Marshall SpotCheck...
INFO 2025-10-13 02:01:31,149 apps 26516 22172 [OK] Parking App: Signal handlers loaded successfully
INFO 2025-10-13 02:01:31,149 apps 26516 22172 [OK] Admin interface customized
INFO 2025-10-13 02:01:31,149 apps 26516 22172 [OK] Model Vehicles: Configuration verified
INFO 2025-10-13 02:01:31,149 apps 26516 22172 [OK] Model Parking Slots: Configuration verified
INFO 2025-10-13 02:01:31,149 apps 26516 22172 [INFO] Model Parking Sessions: Basic configuration checked
INFO 2025-10-13 02:01:31,149 apps 26516 22172 [SUCCESS] Parking App: Forbes Marshall SpotCheck ready!
INFO 2025-10-13 02:01:31,382 signals 26516 22172 Parking session being deleted: MH12AB1234 in slot S7
INFO 2025-10-13 02:02:30,938 apps 1692 24540 [CAR] Parking App: Initializing Forbes Marshall SpotCheck...
INFO 2025-10-13 02:02:30,972 apps 1692 24540 [OK] Parking App: Signal handlers loaded successfully
INFO 2025-10-13 02:02:30,973 apps 1692 24540 [OK] Admin interface customized
INFO 2025-10-13 02:02:30,973 apps 1692 24540 [OK] Model Vehicles: Configuration verified
INFO 2025-10-13 02:02:30,973 apps 1692 24540 [OK] Model Parking Slots: Configuration verified
INFO 2025-10-13 02:02:30,973 apps 1692 24540 [INFO] Model Parking Sessions: Basic configuration checked
INFO 2025-10-13 02:02:30,973 apps 1692 24540 [SUCCESS] Parking App: Forbes Marshall SpotCheck ready!
INFO 2025-10-13 02:02:31,135 signals 1692 24540 Parking session being deleted: MH12AB1234 in slot S7
INFO 2025-10-13 02:02:31,151 signals 1692 24540 Slot S7 is now AVAILABLE
INFO 2025-10-13 02:02:31,153 signals 1692 24540 Parking session being deleted: MH12AB1234 in slot L2
INFO 2025-10-13 02:02:31,156 signals 1692 24540 Slot L2 is now AVAILABLE
INFO 2025-10-13 02:02:31,158 signals 1692 24540 Parking session being deleted: MH01EF9012 in slot U1
INFO 2025-10-13 02:02:31,159 signals 1692 24540 Slot U1 is now AVAILABLE
INFO 2025-10-13 02:02:31,160 signals 1692 24540 Parking session being deleted: MH09GH3456 in slot U13
INFO 2025-10-13 02:02:31,164 signals 1692 24540 Slot U13 is now AVAILABLE
INFO 2025-10-13 02:02:31,165 signals 1692 24540 Parking session being deleted: MH01EF9012 in slot S2
INFO 2025-10-13 02:02:31,166 signals 1692 24540 Slot S2 is now AVAILABLE
INFO 2025-10-13 02:02:31,167 signals 1692 24540 Parking session being deleted: MH01EF9012 in slot H13
INFO 2025-10-13 02:02:31,170 signals 1692 24540 Slot H13 is now AVAILABLE
INFO 2025-10-13 02:02:31,172 signals 1692 24540 Parking session being deleted: MH09GH3456 in slot S15
INFO 2025-10-13 02:02:31,173 signals 1692 24540 Slot S15 is now AVAILABLE
INFO 2025-10-13 02:02:31,174 signals 1692 24540 Parking session being deleted: MH09GH3456 in slot U15
INFO 2025-10-13 02:02:31,175 signals 1692 24540 Slot U15 is now AVAILABLE
INFO 2025-10-13 02:02:31,177 signals 1692 24540 Parking session being deleted: MH01EF9012 in slot U2
INFO 2025-10-13 02:02:31,178 signals 1692 24540 Slot U2 is now AVAILABLE
INFO 2025-10-13 02:02:31,179 signals 1692 24540 Parking session being deleted: MH01EF9012 in slot H1
INFO 2025-10-13 02:02:31,181 signals 1692 24540 Slot H1 is now AVAILABLE
INFO 2025-10-13 02:02:31,181 signals 1692 24540 Parking session being deleted: MH14CD5678 in slot H4
INFO 2025-10-13 02:02:31,185 signals 1692 24540 Slot H4 is now AVAILABLE
INFO 2025-10-13 02:02:31,185 signals 1692 24540 Parking session being deleted: MH01EF9012 in slot S5
INFO 2025-10-13 02:02:31,185 signals 1692 24540 Parking session being deleted: MH01EF9012 in slot L10
INFO 2025-10-13 02:02:31,185 signals 1692 24540 Parking session being deleted: MH12AB1234 in slot L13
INFO 2025-10-13 02:02:31,185 signals 1692 24540 Parking session being deleted: MH12AB1234 in slot H7
INFO 2025-10-13 02:02:31,185 signals 1692 24540 Parking session being deleted: MH14CD5678 in slot U3
INFO 2025-10-13 02:02:31,185 signals 1692 24540 Parking session being deleted: MH14CD5678 in slot U6
INFO 2025-10-13 02:02:31,194 signals 1692 24540 Slot U6 is now AVAILABLE
INFO 2025-10-13 02:02:31,195 signals 1692 24540 Parking session being deleted: MH09GH3456 in slot S10
INFO 2025-10-13 02:02:31,197 signals 1692 24540 Slot S10 is now AVAILABLE
INFO 2025-10-13 02:02:31,197 signals 1692 24540 Parking session being deleted: MH14CD5678 in slot L1
INFO 2025-10-13 02:02:31,199 signals 1692 24540 Slot L1 is now AVAILABLE
INFO 2025-10-13 02:02:31,200 signals 1692 24540 Parking session being deleted: MH09GH3456 in slot U10
INFO 2025-10-13 02:02:31,201 signals 1692 24540 Slot U10 is now AVAILABLE
INFO 2025-10-13 02:02:31,203 signals 1692 24540 Parking session being deleted: MH14CD5678 in slot H12
INFO 2025-10-13 02:02:31,203 signals 1692 24540 Slot H12 is now AVAILABLE
INFO 2025-10-13 02:02:31,205 signals 1692 24540 Parking session being deleted: MH14CD5678 in slot U14
INFO 2025-10-13 02:02:31,206 signals 1692 24540 Slot U14 is now AVAILABLE
INFO 2025-10-13 02:02:31,207 signals 1692 24540 Parking session being deleted: MH01EF9012 in slot H10
INFO 2025-10-13 02:02:31,207 signals 1692 24540 Slot H10 is now AVAILABLE
INFO 2025-10-13 02:02:31,209 signals 1692 24540 Parking session being deleted: MH14CD5678 in slot S1
INFO 2025-10-13 02:02:31,209 signals 1692 24540 Slot S1 is now AVAILABLE
INFO 2025-10-13 02:02:31,212 signals 1692 24540 Parking session being deleted: MH01EF9012 in slot H13
INFO 2025-10-13 02:02:31,213 signals 1692 24540 Parking session being deleted: MH14CD5678 in slot U1
INFO 2025-10-13 02:02:31,213 signals 1692 24540 Parking session being deleted: MH14CD5678 in slot H10
INFO 2025-10-13 02:03:34,143 apps 22308 13628 [CAR] Parking App: Initializing Forbes Marshall SpotCheck...
INFO 2025-10-13 02:03:34,143 apps 22308 13628 [OK] Parking App: Signal handlers loaded successfully
INFO 2025-10-13 02:03:34,143 apps 22308 13628 [OK] Admin interface customized
INFO 2025-10-13 02:03:34,143 apps 22308 13628 [OK] Model Vehicles: Configuration verified
INFO 2025-10-13 02:03:34,143 apps 22308 13628 [OK] Model Parking Slots: Configuration verified
INFO 2025-10-13 02:03:34,143 apps 22308 13628 [INFO] Model Parking Sessions: Basic configuration checked
INFO 2025-10-13 02:03:34,143 apps 22308 13628 [SUCCESS] Parking App: Forbes Marshall SpotCheck ready!
INFO 2025-10-13 02:03:52,124 apps 9844 19268 [CAR] Parking App: Initializing Forbes Marshall SpotCheck...
INFO 2025-10-13 02:03:52,126 apps 9844 19268 [OK] Parking App: Signal handlers loaded successfully
INFO 2025-10-13 02:03:52,126 apps 9844 19268 [OK] Admin interface customized
INFO 2025-10-13 02:03:52,126 apps 9844 19268 [OK] Model Vehicles: Configuration verified
INFO 2025-10-13 02:03:52,126 apps 9844 19268 [OK] Model Parking Slots: Configuration verified
INFO 2025-10-13 02:03:52,126 apps 9844 19268 [INFO] Model Parking Sessions: Basic configuration checked
INFO 2025-10-13 02:03:52,126 apps 9844 19268 [SUCCESS] Parking App: Forbes Marshall SpotCheck ready!
INFO 2025-10-13 02:03:52,634 apps 22108 25376 [CAR] Parking App: Initializing Forbes Marshall SpotCheck...
INFO 2025-10-13 02:03:52,634 apps 22108 25376 [OK] Parking App: Signal handlers loaded successfully
INFO 2025-10-13 02:03:52,634 apps 22108 25376 [OK] Admin interface customized
INFO 2025-10-13 02:03:52,634 apps 22108 25376 [OK] Model Vehicles: Configuration verified
INFO 2025-10-13 02:03:52,634 apps 22108 25376 [OK] Model Parking Slots: Configuration verified
INFO 2025-10-13 02:03:52,634 apps 22108 25376 [INFO] Model Parking Sessions: Basic configuration checked
INFO 2025-10-13 02:03:52,634 apps 22108 25376 [SUCCESS] Parking App: Forbes Marshall SpotCheck ready!
INFO 2025-10-13 02:04:45,526 apps 16776 21464 [CAR] Parking App: Initializing Forbes Marshall SpotCheck...
INFO 2025-10-13 02:04:45,526 apps 16776 21464 [OK] Parking App: Signal handlers loaded successfully
INFO 2025-10-13 02:04:45,526 apps 16776 21464 [OK] Admin interface customized
INFO 2025-10-13 02:04:45,526 apps 16776 21464 [OK] Model Vehicles: Configuration verified
INFO 2025-10-13 02:04:45,526 apps 16776 21464 [OK] Model Parking Slots: Configuration verified
INFO 2025-10-13 02:04:45,529 apps 16776 21464 [INFO] Model Parking Sessions: Basic configuration checked
INFO 2025-10-13 02:04:45,529 apps 16776 21464 [SUCCESS] Parking App: Forbes Marshall SpotCheck ready!
INFO 2025-10-13 02:04:50,926 apps 3704 18416 [CAR] Parking App: Initializing Forbes Marshall SpotCheck...
INFO 2025-10-13 02:04:50,926 apps 3704 18416 [OK] Parking App: Signal handlers loaded successfully
INFO 2025-10-13 02:04:50,926 apps 3704 18416 [OK] Admin interface customized
INFO 2025-10-13 02:04:50,926 apps 3704 18416 [OK] Model Vehicles: Configuration verified
INFO 2025-10-13 02:04:50,926 apps 3704 18416 [OK] Model Parking Slots: Configuration verified
INFO 2025-10-13 02:04:50,926 apps 3704 18416 [INFO] Model Parking Sessions: Basic configuration checked
INFO 2025-10-13 02:04:50,926 apps 3704 18416 [SUCCESS] Parking App: Forbes Marshall SpotCheck ready!
INFO 2025-10-13 02:05:03,832 apps 25180 6032 [CAR] Parking App: Initializing Forbes Marshall SpotCheck...
INFO 2025-10-13 02:05:03,832 apps 25180 6032 [OK] Parking App: Signal handlers loaded successfully
INFO 2025-10-13 02:05:03,832 apps 25180 6032 [OK] Admin interface customized
INFO 2025-10-13 02:05:03,832 apps 25180 6032 [OK] Model Vehicles: Configuration verified
INFO 2025-10-13 02:05:03,832 apps 25180 6032 [OK] Model Parking Slots: Configuration verified
INFO 2025-10-13 02:05:03,832 apps 25180 6032 [INFO] Model Parking Sessions: Basic configuration checked
INFO 2025-10-13 02:05:03,832 apps 25180 6032 [SUCCESS] Parking App: Forbes Marshall SpotCheck ready!
INFO 2025-10-13 02:06:31,250 apps 13876 24864 [CAR] Parking App: Initializing Forbes Marshall SpotCheck...
INFO 2025-10-13 02:06:31,250 apps 13876 24864 [OK] Parking App: Signal handlers loaded successfully
INFO 2025-10-13 02:06:31,250 apps 13876 24864 [OK] Admin interface customized
INFO 2025-10-13 02:06:31,250 apps 13876 24864 [OK] Model Vehicles: Configuration verified
INFO 2025-10-13 02:06:31,250 apps 13876 24864 [OK] Model Parking Slots: Configuration verified
INFO 2025-10-13 02:06:31,250 apps 13876 24864 [INFO] Model Parking Sessions: Basic configuration checked
INFO 2025-10-13 02:06:31,250 apps 13876 24864 [SUCCESS] Parking App: Forbes Marshall SpotCheck ready!
INFO 2025-10-13 02:06:31,774 apps 11124 13892 [CAR] Parking App: Initializing Forbes Marshall SpotCheck...
INFO 2025-10-13 02:06:31,774 apps 11124 13892 [OK] Parking App: Signal handlers loaded successfully
INFO 2025-10-13 02:06:31,774 apps 11124 13892 [OK] Admin interface customized
INFO 2025-10-13 02:06:31,774 apps 11124 13892 [OK] Model Vehicles: Configuration verified
INFO 2025-10-13 02:06:31,774 apps 11124 13892 [OK] Model Parking Slots: Configuration verified
INFO 2025-10-13 02:06:31,774 apps 11124 13892 [INFO] Model Parking Sessions: Basic configuration checked
INFO 2025-10-13 02:06:31,774 apps 11124 13892 [SUCCESS] Parking App: Forbes Marshall SpotCheck ready!
INFO 2025-10-13 02:12:03,671 apps 5928 25080 [CAR] Parking App: Initializing Forbes Marshall SpotCheck...
INFO 2025-10-13 02:12:03,700 apps 5928 25080 [OK] Parking App: Signal handlers loaded successfully
INFO 2025-10-13 02:12:03,700 apps 5928 25080 [OK] Admin interface customized
INFO 2025-10-13 02:12:03,701 apps 5928 25080 [OK] Model Vehicles: Configuration verified
INFO 2025-10-13 02:12:03,701 apps 5928 25080 [OK] Model Parking Slots: Configuration verified
INFO 2025-10-13 02:12:03,702 apps 5928 25080 [INFO] Model Parking Sessions: Basic configuration checked
INFO 2025-10-13 02:12:03,702 apps 5928 25080 [SUCCESS] Parking App: Forbes Marshall SpotCheck ready!
INFO 2025-10-13 02:12:04,256 apps 11952 23224 [CAR] Parking App: Initializing Forbes Marshall SpotCheck...
INFO 2025-10-13 02:12:04,258 apps 11952 23224 [OK] Parking App: Signal handlers loaded successfully
INFO 2025-10-13 02:12:04,258 apps 11952 23224 [OK] Admin interface customized
INFO 2025-10-13 02:12:04,258 apps 11952 23224 [OK] Model Vehicles: Configuration verified
INFO 2025-10-13 02:12:04,258 apps 11952 23224 [OK] Model Parking Slots: Configuration verified
INFO 2025-10-13 02:12:04,258 apps 11952 23224 [INFO] Model Parking Sessions: Basic configuration checked
INFO 2025-10-13 02:12:04,258 apps 11952 23224 [SUCCESS] Parking App: Forbes Marshall SpotCheck ready!
INFO 2025-10-13 02:23:22,087 apps 17244 17940 [CAR] Parking App: Initializing Forbes Marshall SpotCheck...
INFO 2025-10-13 02:23:22,087 apps 17244 17940 [OK] Parking App: Signal handlers loaded successfully
INFO 2025-10-13 02:23:22,087 apps 17244 17940 [OK] Admin interface customized
INFO 2025-10-13 02:23:22,087 apps 17244 17940 [OK] Model Vehicles: Configuration verified
INFO 2025-10-13 02:23:22,087 apps 17244 17940 [OK] Model Parking Slots: Configuration verified
INFO 2025-10-13 02:23:22,087 apps 17244 17940 [INFO] Model Parking Sessions: Basic configuration checked
INFO 2025-10-13 02:23:22,087 apps 17244 17940 [SUCCESS] Parking App: Forbes Marshall SpotCheck ready!
INFO 2025-10-13 02:23:22,739 apps 5928 16124 [CAR] Parking App: Initializing Forbes Marshall SpotCheck...
INFO 2025-10-13 02:23:22,747 apps 5928 16124 [OK] Parking App: Signal handlers loaded successfully
INFO 2025-10-13 02:23:22,747 apps 5928 16124 [OK] Admin interface customized
INFO 2025-10-13 02:23:22,747 apps 5928 16124 [OK] Model Vehicles: Configuration verified
INFO 2025-10-13 02:23:22,747 apps 5928 16124 [OK] Model Parking Slots: Configuration verified
INFO 2025-10-13 02:23:22,747 apps 5928 16124 [INFO] Model Parking Sessions: Basic configuration checked
INFO 2025-10-13 02:23:22,748 apps 5928 16124 [SUCCESS] Parking App: Forbes Marshall SpotCheck ready!
INFO 2025-10-13 02:26:27,995 apps 23272 16632 [CAR] Parking App: Initializing Forbes Marshall SpotCheck...
INFO 2025-10-13 02:26:27,995 apps 23272 16632 [OK] Parking App: Signal handlers loaded successfully
INFO 2025-10-13 02:26:27,995 apps 23272 16632 [OK] Admin interface customized
INFO 2025-10-13 02:26:27,995 apps 23272 16632 [OK] Model Vehicles: Configuration verified
INFO 2025-10-13 02:26:27,995 apps 23272 16632 [OK] Model Parking Slots: Configuration verified
INFO 2025-10-13 02:26:28,006 apps 23272 16632 [INFO] Model Parking Sessions: Basic configuration checked
INFO 2025-10-13 02:26:28,006 apps 23272 16632 [SUCCESS] Parking App: Forbes Marshall SpotCheck ready!
INFO 2025-10-13 02:26:35,776 apps 16152 22908 [CAR] Parking App: Initializing Forbes Marshall SpotCheck...
INFO 2025-10-13 02:26:35,776 apps 16152 22908 [OK] Parking App: Signal handlers loaded successfully
INFO 2025-10-13 02:26:35,776 apps 16152 22908 [OK] Admin interface customized
INFO 2025-10-13 02:26:35,776 apps 16152 22908 [OK] Model Vehicles: Configuration verified
INFO 2025-10-13 02:26:35,776 apps 16152 22908 [OK] Model Parking Slots: Configuration verified
INFO 2025-10-13 02:26:35,776 apps 16152 22908 [INFO] Model Parking Sessions: Basic configuration checked
INFO 2025-10-13 02:26:35,776 apps 16152 22908 [SUCCESS] Parking App: Forbes Marshall SpotCheck ready!
INFO 2025-10-13 02:26:36,424 apps 13876 5772 [CAR] Parking App: Initializing Forbes Marshall SpotCheck...
INFO 2025-10-13 02:26:36,425 apps 13876 5772 [OK] Parking App: Signal handlers loaded successfully
INFO 2025-10-13 02:26:36,425 apps 13876 5772 [OK] Admin interface customized
INFO 2025-10-13 02:26:36,425 apps 13876 5772 [OK] Model Vehicles: Configuration verified
INFO 2025-10-13 02:26:36,425 apps 13876 5772 [OK] Model Parking Slots: Configuration verified
INFO 2025-10-13 02:26:36,425 apps 13876 5772 [INFO] Model Parking Sessions: Basic configuration checked
INFO 2025-10-13 02:26:36,425 apps 13876 5772 [SUCCESS] Parking App: Forbes Marshall SpotCheck ready!
INFO 2025-10-13 02:27:31,073 apps 9284 12936 [CAR] Parking App: Initializing Forbes Marshall SpotCheck...
INFO 2025-10-13 02:27:31,073 apps 9284 12936 [OK] Parking App: Signal handlers loaded successfully
INFO 2025-10-13 02:27:31,073 apps 9284 12936 [OK] Admin interface customized
INFO 2025-10-13 02:27:31,083 apps 9284 12936 [OK] Model Vehicles: Configuration verified
INFO 2025-10-13 02:27:31,083 apps 9284 12936 [OK] Model Parking Slots: Configuration verified
INFO 2025-10-13 02:27:31,083 apps 9284 12936 [INFO] Model Parking Sessions: Basic configuration checked
INFO 2025-10-13 02:27:31,083 apps 9284 12936 [SUCCESS] Parking App: Forbes Marshall SpotCheck ready!
INFO 2025-10-13 02:27:36,409 apps 15572 11240 [CAR] Parking App: Initializing Forbes Marshall SpotCheck...
INFO 2025-10-13 02:27:36,409 apps 15572 11240 [OK] Parking App: Signal handlers loaded successfully
INFO 2025-10-13 02:27:36,409 apps 15572 11240 [OK] Admin interface customized
INFO 2025-10-13 02:27:36,409 apps 15572 11240 [OK] Model Vehicles: Configuration verified
INFO 2025-10-13 02:27:36,409 apps 15572 11240 [OK] Model Parking Slots: Configuration verified
INFO 2025-10-13 02:27:36,409 apps 15572 11240 [INFO] Model Parking Sessions: Basic configuration checked
INFO 2025-10-13 02:27:36,409 apps 15572 11240 [SUCCESS] Parking App: Forbes Marshall SpotCheck ready!
INFO 2025-10-13 02:27:42,111 apps 23540 11660 [CAR] Parking App: Initializing Forbes Marshall SpotCheck...
INFO 2025-10-13 02:27:42,111 apps 23540 11660 [OK] Parking App: Signal handlers loaded successfully
INFO 2025-10-13 02:27:42,111 apps 23540 11660 [OK] Admin interface customized
INFO 2025-10-13 02:27:42,111 apps 23540 11660 [OK] Model Vehicles: Configuration verified
INFO 2025-10-13 02:27:42,111 apps 23540 11660 [OK] Model Parking Slots: Configuration verified
INFO 2025-10-13 02:27:42,111 apps 23540 11660 [INFO] Model Parking Sessions: Basic configuration checked
INFO 2025-10-13 02:27:42,111 apps 23540 11660 [SUCCESS] Parking App: Forbes Marshall SpotCheck ready!
INFO 2025-10-13 02:28:26,379 apps 17748 8264 [CAR] Parking App: Initializing Forbes Marshall SpotCheck...
INFO 2025-10-13 02:28:26,379 apps 17748 8264 [OK] Parking App: Signal handlers loaded successfully
INFO 2025-10-13 02:28:26,379 apps 17748 8264 [OK] Admin interface customized
INFO 2025-10-13 02:28:26,379 apps 17748 8264 [OK] Model Vehicles: Configuration verified
INFO 2025-10-13 02:28:26,379 apps 17748 8264 [OK] Model Parking Slots: Configuration verified
INFO 2025-10-13 02:28:26,379 apps 17748 8264 [INFO] Model Parking Sessions: Basic configuration checked
INFO 2025-10-13 02:28:26,379 apps 17748 8264 [SUCCESS] Parking App: Forbes Marshall SpotCheck ready!
INFO 2025-10-13 02:28:27,026 apps 23272 17812 [CAR] Parking App: Initializing Forbes Marshall SpotCheck...
INFO 2025-10-13 02:28:27,026 apps 23272 17812 [OK] Parking App: Signal handlers loaded successfully
INFO 2025-10-13 02:28:27,026 apps 23272 17812 [OK] Admin interface customized
INFO 2025-10-13 02:28:27,026 apps 23272 17812 [OK] Model Vehicles: Configuration verified
INFO 2025-10-13 02:28:27,026 apps 23272 17812 [OK] Model Parking Slots: Configuration verified
INFO 2025-10-13 02:28:27,026 apps 23272 17812 [INFO] Model Parking Sessions: Basic configuration checked
INFO 2025-10-13 02:28:27,026 apps 23272 17812 [SUCCESS] Parking App: Forbes Marshall SpotCheck ready!
INFO 2025-10-13 02:30:46,477 apps 6788 15716 [CAR] Parking App: Initializing Forbes Marshall SpotCheck...
INFO 2025-10-13 02:30:46,477 apps 6788 15716 [OK] Parking App: Signal handlers loaded successfully
INFO 2025-10-13 02:30:46,477 apps 6788 15716 [OK] Admin interface customized
INFO 2025-10-13 02:30:46,477 apps 6788 15716 [OK] Model Vehicles: Configuration verified
INFO 2025-10-13 02:30:46,477 apps 6788 15716 [OK] Model Parking Slots: Configuration verified
INFO 2025-10-13 02:30:46,477 apps 6788 15716 [INFO] Model Parking Sessions: Basic configuration checked
INFO 2025-10-13 02:30:46,477 apps 6788 15716 [SUCCESS] Parking App: Forbes Marshall SpotCheck ready!
INFO 2025-10-13 02:30:47,047 apps 26080 24476 [CAR] Parking App: Initializing Forbes Marshall SpotCheck...
INFO 2025-10-13 02:30:47,047 apps 26080 24476 [OK] Parking App: Signal handlers loaded successfully
INFO 2025-10-13 02:30:47,047 apps 26080 24476 [OK] Admin interface customized
INFO 2025-10-13 02:30:47,047 apps 26080 24476 [OK] Model Vehicles: Configuration verified
INFO 2025-10-13 02:30:47,047 apps 26080 24476 [OK] Model Parking Slots: Configuration verified
INFO 2025-10-13 02:30:47,047 apps 26080 24476 [INFO] Model Parking Sessions: Basic configuration checked
INFO 2025-10-13 02:30:47,047 apps 26080 24476 [SUCCESS] Parking App: Forbes Marshall SpotCheck ready!
INFO 2025-10-13 02:32:02,381 apps 5060 6200 [CAR] Parking App: Initializing Forbes Marshall SpotCheck...
INFO 2025-10-13 02:32:02,381 apps 5060 6200 [OK] Parking App: Signal handlers loaded successfully
INFO 2025-10-13 02:32:02,381 apps 5060 6200 [OK] Admin interface customized
INFO 2025-10-13 02:32:02,381 apps 5060 6200 [OK] Model Vehicles: Configuration verified
INFO 2025-10-13 02:32:02,381 apps 5060 6200 [OK] Model Parking Slots: Configuration verified
INFO 2025-10-13 02:32:02,397 apps 5060 6200 [INFO] Model Parking Sessions: Basic configuration checked
INFO 2025-10-13 02:32:02,397 apps 5060 6200 [SUCCESS] Parking App: Forbes Marshall SpotCheck ready!
INFO 2025-10-13 02:32:02,929 apps 23644 18860 [CAR] Parking App: Initializing Forbes Marshall SpotCheck...
INFO 2025-10-13 02:32:02,929 apps 23644 18860 [OK] Parking App: Signal handlers loaded successfully
INFO 2025-10-13 02:32:02,929 apps 23644 18860 [OK] Admin interface customized
INFO 2025-10-13 02:32:02,929 apps 23644 18860 [OK] Model Vehicles: Configuration verified
INFO 2025-10-13 02:32:02,929 apps 23644 18860 [OK] Model Parking Slots: Configuration verified
INFO 2025-10-13 02:32:02,929 apps 23644 18860 [INFO] Model Parking Sessions: Basic configuration checked
INFO 2025-10-13 02:32:02,929 apps 23644 18860 [SUCCESS] Parking App: Forbes Marshall SpotCheck ready!
INFO 2025-10-13 02:32:52,159 apps 13540 3636 [CAR] Parking App: Initializing Forbes Marshall SpotCheck...
INFO 2025-10-13 02:32:52,160 apps 13540 3636 [OK] Parking App: Signal handlers loaded successfully
INFO 2025-10-13 02:32:52,161 apps 13540 3636 [OK] Admin interface customized
INFO 2025-10-13 02:32:52,161 apps 13540 3636 [OK] Model Vehicles: Configuration verified
INFO 2025-10-13 02:32:52,161 apps 13540 3636 [OK] Model Parking Slots: Configuration verified
INFO 2025-10-13 02:32:52,161 apps 13540 3636 [INFO] Model Parking Sessions: Basic configuration checked
INFO 2025-10-13 02:32:52,161 apps 13540 3636 [SUCCESS] Parking App: Forbes Marshall SpotCheck ready!
INFO 2025-10-13 02:32:52,834 apps 18092 15036 [CAR] Parking App: Initializing Forbes Marshall SpotCheck...
INFO 2025-10-13 02:32:52,837 apps 18092 15036 [OK] Parking App: Signal handlers loaded successfully
INFO 2025-10-13 02:32:52,837 apps 18092 15036 [OK] Admin interface customized
INFO 2025-10-13 02:32:52,837 apps 18092 15036 [OK] Model Vehicles: Configuration verified
INFO 2025-10-13 02:32:52,837 apps 18092 15036 [OK] Model Parking Slots: Configuration verified
INFO 2025-10-13 02:32:52,838 apps 18092 15036 [INFO] Model Parking Sessions: Basic configuration checked
INFO 2025-10-13 02:32:52,838 apps 18092 15036 [SUCCESS] Parking App: Forbes Marshall SpotCheck ready!
INFO 2025-10-13 02:35:21,490 apps 12720 25060 [CAR] Parking App: Initializing Forbes Marshall SpotCheck...
INFO 2025-10-13 02:35:21,490 apps 12720 25060 [OK] Parking App: Signal handlers loaded successfully
INFO 2025-10-13 02:35:21,490 apps 12720 25060 [OK] Admin interface customized
INFO 2025-10-13 02:35:21,490 apps 12720 25060 [OK] Model Vehicles: Configuration verified
INFO 2025-10-13 02:35:21,492 apps 12720 25060 [OK] Model Parking Slots: Configuration verified
INFO 2025-10-13 02:35:21,492 apps 12720 25060 [INFO] Model Parking Sessions: Basic configuration checked
INFO 2025-10-13 02:35:21,492 apps 12720 25060 [SUCCESS] Parking App: Forbes Marshall SpotCheck ready!
INFO 2025-10-13 02:35:22,084 apps 18048 3764 [CAR] Parking App: Initializing Forbes Marshall SpotCheck...
INFO 2025-10-13 02:35:22,084 apps 18048 3764 [OK] Parking App: Signal handlers loaded successfully
INFO 2025-10-13 02:35:22,084 apps 18048 3764 [OK] Admin interface customized
INFO 2025-10-13 02:35:22,084 apps 18048 3764 [OK] Model Vehicles: Configuration verified
INFO 2025-10-13 02:35:22,086 apps 18048 3764 [OK] Model Parking Slots: Configuration verified
INFO 2025-10-13 02:35:22,086 apps 18048 3764 [INFO] Model Parking Sessions: Basic configuration checked
INFO 2025-10-13 02:35:22,086 apps 18048 3764 [SUCCESS] Parking App: Forbes Marshall SpotCheck ready!
INFO 2025-10-13 02:39:03,749 apps 25356 26164 [CAR] Parking App: Initializing Forbes Marshall SpotCheck...
INFO 2025-10-13 02:39:03,749 apps 25356 26164 [OK] Parking App: Signal handlers loaded successfully
INFO 2025-10-13 02:39:03,749 apps 25356 26164 [OK] Admin interface customized
INFO 2025-10-13 02:39:03,749 apps 25356 26164 [OK] Model Vehicles: Configuration verified
INFO 2025-10-13 02:39:03,749 apps 25356 26164 [OK] Model Parking Slots: Configuration verified
INFO 2025-10-13 02:39:03,749 apps 25356 26164 [INFO] Model Parking Sessions: Basic configuration checked
INFO 2025-10-13 02:39:03,749 apps 25356 26164 [SUCCESS] Parking App: Forbes Marshall SpotCheck ready!
INFO 2025-10-13 02:40:02,866 apps 18648 18848 [CAR] Parking App: Initializing Forbes Marshall SpotCheck...
INFO 2025-10-13 02:40:02,867 apps 18648 18848 [OK] Parking App: Signal handlers loaded successfully
INFO 2025-10-13 02:40:02,867 apps 18648 18848 [OK] Admin interface customized
INFO 2025-10-13 02:40:02,867 apps 18648 18848 [OK] Model Vehicles: Configuration verified
INFO 2025-10-13 02:40:02,868 apps 18648 18848 [OK] Model Parking Slots: Configuration verified
INFO 2025-10-13 02:40:02,868 apps 18648 18848 [INFO] Model Parking Sessions: Basic configuration checked
INFO 2025-10-13 02:40:02,868 apps 18648 18848 [SUCCESS] Parking App: Forbes Marshall SpotCheck ready!
INFO 2025-10-13 02:40:03,503 apps 26440 25716 [CAR] Parking App: Initializing Forbes Marshall SpotCheck...
INFO 2025-10-13 02:40:03,504 apps 26440 25716 [OK] Parking App: Signal handlers loaded successfully
INFO 2025-10-13 02:40:03,504 apps 26440 25716 [OK] Admin interface customized
INFO 2025-10-13 02:40:03,504 apps 26440 25716 [OK] Model Vehicles: Configuration verified
INFO 2025-10-13 02:40:03,505 apps 26440 25716 [OK] Model Parking Slots: Configuration verified
INFO 2025-10-13 02:40:03,505 apps 26440 25716 [INFO] Model Parking Sessions: Basic configuration checked
INFO 2025-10-13 02:40:03,505 apps 26440 25716 [SUCCESS] Parking App: Forbes Marshall SpotCheck ready!
INFO 2025-10-13 02:40:43,225 apps 18520 23820 [CAR] Parking App: Initializing Forbes Marshall SpotCheck...
INFO 2025-10-13 02:40:43,225 apps 18520 23820 [OK] Parking App: Signal handlers loaded successfully
INFO 2025-10-13 02:40:43,225 apps 18520 23820 [OK] Admin interface customized
INFO 2025-10-13 02:40:43,225 apps 18520 23820 [OK] Model Vehicles: Configuration verified
INFO 2025-10-13 02:40:43,225 apps 18520 23820 [OK] Model Parking Slots: Configuration verified
INFO 2025-10-13 02:40:43,225 apps 18520 23820 [INFO] Model Parking Sessions: Basic configuration checked
INFO 2025-10-13 02:40:43,225 apps 18520 23820 [SUCCESS] Parking App: Forbes Marshall SpotCheck ready!
INFO 2025-10-13 02:40:43,817 apps 10688 26096 [CAR] Parking App: Initializing Forbes Marshall SpotCheck...
INFO 2025-10-13 02:40:43,818 apps 10688 26096 [OK] Parking App: Signal handlers loaded successfully
INFO 2025-10-13 02:40:43,818 apps 10688 26096 [OK] Admin interface customized
INFO 2025-10-13 02:40:43,818 apps 10688 26096 [OK] Model Vehicles: Configuration verified
INFO 2025-10-13 02:40:43,818 apps 10688 26096 [OK] Model Parking Slots: Configuration verified
INFO 2025-10-13 02:40:43,818 apps 10688 26096 [INFO] Model Parking Sessions: Basic configuration checked
INFO 2025-10-13 02:40:43,818 apps 10688 26096 [SUCCESS] Parking App: Forbes Marshall SpotCheck ready!
INFO 2025-10-13 02:41:44,154 apps 19284 20632 [CAR] Parking App: Initializing Forbes Marshall SpotCheck...
INFO 2025-10-13 02:41:44,154 apps 19284 20632 [OK] Parking App: Signal handlers loaded successfully
INFO 2025-10-13 02:41:44,154 apps 19284 20632 [OK] Admin interface customized
INFO 2025-10-13 02:41:44,154 apps 19284 20632 [OK] Model Vehicles: Configuration verified
INFO 2025-10-13 02:41:44,154 apps 19284 20632 [OK] Model Parking Slots: Configuration verified
INFO 2025-10-13 02:41:44,154 apps 19284 20632 [INFO] Model Parking Sessions: Basic configuration checked
INFO 2025-10-13 02:41:44,154 apps 19284 20632 [SUCCESS] Parking App: Forbes Marshall SpotCheck ready!
INFO 2025-10-13 02:42:06,271 apps 18048 17712 [CAR] Parking App: Initializing Forbes Marshall SpotCheck...
INFO 2025-10-13 02:42:06,285 apps 18048 17712 [OK] Parking App: Signal handlers loaded successfully
INFO 2025-10-13 02:42:06,285 apps 18048 17712 [OK] Admin interface customized
INFO 2025-10-13 02:42:06,285 apps 18048 17712 [OK] Model Vehicles: Configuration verified
INFO 2025-10-13 02:42:06,285 apps 18048 17712 [OK] Model Parking Slots: Configuration verified
INFO 2025-10-13 02:42:06,285 apps 18048 17712 [INFO] Model Parking Sessions: Basic configuration checked
INFO 2025-10-13 02:42:06,285 apps 18048 17712 [SUCCESS] Parking App: Forbes Marshall SpotCheck ready!
INFO 2025-10-13 02:42:06,869 apps 22696 18684 [CAR] Parking App: Initializing Forbes Marshall SpotCheck...
INFO 2025-10-13 02:42:06,870 apps 22696 18684 [OK] Parking App: Signal handlers loaded successfully
INFO 2025-10-13 02:42:06,870 apps 22696 18684 [OK] Admin interface customized
INFO 2025-10-13 02:42:06,870 apps 22696 18684 [OK] Model Vehicles: Configuration verified
INFO 2025-10-13 02:42:06,870 apps 22696 18684 [OK] Model Parking Slots: Configuration verified
INFO 2025-10-13 02:42:06,870 apps 22696 18684 [INFO] Model Parking Sessions: Basic configuration checked
INFO 2025-10-13 02:42:06,870 apps 22696 18684 [SUCCESS] Parking App: Forbes Marshall SpotCheck ready!
INFO 2025-10-13 02:43:46,742 apps 25932 4708 [CAR] Parking App: Initializing Forbes Marshall SpotCheck...
INFO 2025-10-13 02:43:46,742 apps 25932 4708 [OK] Parking App: Signal handlers loaded successfully
INFO 2025-10-13 02:43:46,742 apps 25932 4708 [OK] Admin interface customized
INFO 2025-10-13 02:43:46,742 apps 25932 4708 [OK] Model Vehicles: Configuration verified
INFO 2025-10-13 02:43:46,742 apps 25932 4708 [OK] Model Parking Slots: Configuration verified
INFO 2025-10-13 02:43:46,742 apps 25932 4708 [INFO] Model Parking Sessions: Basic configuration checked
INFO 2025-10-13 02:43:46,748 apps 25932 4708 [SUCCESS] Parking App: Forbes Marshall SpotCheck ready!
INFO 2025-10-13 02:43:47,356 apps 12412 10968 [CAR] Parking App: Initializing Forbes Marshall SpotCheck...
INFO 2025-10-13 02:43:47,356 apps 12412 10968 [OK] Parking App: Signal handlers loaded successfully
INFO 2025-10-13 02:43:47,356 apps 12412 10968 [OK] Admin interface customized
INFO 2025-10-13 02:43:47,356 apps 12412 10968 [OK] Model Vehicles: Configuration verified
INFO 2025-10-13 02:43:47,356 apps 12412 10968 [OK] Model Parking Slots: Configuration verified
INFO 2025-10-13 02:43:47,356 apps 12412 10968 [INFO] Model Parking Sessions: Basic configuration checked
INFO 2025-10-13 02:43:47,356 apps 12412 10968 [SUCCESS] Parking App: Forbes Marshall SpotCheck ready!
INFO 2025-10-13 02:46:11,838 apps 15192 3764 [CAR] Parking App: Initializing Forbes Marshall SpotCheck...
INFO 2025-10-13 02:46:11,838 apps 15192 3764 [OK] Parking App: Signal handlers loaded successfully
INFO 2025-10-13 02:46:11,838 apps 15192 3764 [OK] Admin interface customized
INFO 2025-10-13 02:46:11,838 apps 15192 3764 [OK] Model Vehicles: Configuration verified
INFO 2025-10-13 02:46:11,838 apps 15192 3764 [OK] Model Parking Slots: Configuration verified
INFO 2025-10-13 02:46:11,838 apps 15192 3764 [INFO] Model Parking Sessions: Basic configuration checked
INFO 2025-10-13 02:46:11,838 apps 15192 3764 [SUCCESS] Parking App: Forbes Marshall SpotCheck ready!
INFO 2025-10-13 02:46:12,414 apps 21080 13136 [CAR] Parking App: Initializing Forbes Marshall SpotCheck...
INFO 2025-10-13 02:46:12,414 apps 21080 13136 [OK] Parking App: Signal handlers loaded successfully
INFO 2025-10-13 02:46:12,414 apps 21080 13136 [OK] Admin interface customized
INFO 2025-10-13 02:46:12,414 apps 21080 13136 [OK] Model Vehicles: Configuration verified
INFO 2025-10-13 02:46:12,414 apps 21080 13136 [OK] Model Parking Slots: Configuration verified
INFO 2025-10-13 02:46:12,414 apps 21080 13136 [INFO] Model Parking Sessions: Basic configuration checked
INFO 2025-10-13 02:46:12,414 apps 21080 13136 [SUCCESS] Parking App: Forbes Marshall SpotCheck ready!
INFO 2025-10-13 02:46:23,260 signals 21080 16524 Slot L31 is now OCCUPIED
INFO 2025-10-13 02:46:23,273 signals 21080 16524 New vehicle registered: MH13BX1754 (large)
INFO 2025-10-13 02:46:23,275 signals 21080 16524    Owner: Atharv
INFO 2025-10-13 02:46:23,277 signals 21080 16524 New parking session started: MH13BX1754 in slot L31
INFO 2025-10-13 02:47:00,152 apps 6560 4512 [CAR] Parking App: Initializing Forbes Marshall SpotCheck...
INFO 2025-10-13 02:47:00,168 apps 6560 4512 [OK] Parking App: Signal handlers loaded successfully
INFO 2025-10-13 02:47:00,168 apps 6560 4512 [OK] Admin interface customized
INFO 2025-10-13 02:47:00,168 apps 6560 4512 [OK] Model Vehicles: Configuration verified
INFO 2025-10-13 02:47:00,168 apps 6560 4512 [OK] Model Parking Slots: Configuration verified
INFO 2025-10-13 02:47:00,168 apps 6560 4512 [INFO] Model Parking Sessions: Basic configuration checked
INFO 2025-10-13 02:47:00,168 apps 6560 4512 [SUCCESS] Parking App: Forbes Marshall SpotCheck ready!
INFO 2025-10-13 02:47:00,712 apps 25508 20208 [CAR] Parking App: Initializing Forbes Marshall SpotCheck...
INFO 2025-10-13 02:47:00,713 apps 25508 20208 [OK] Parking App: Signal handlers loaded successfully
INFO 2025-10-13 02:47:00,713 apps 25508 20208 [OK] Admin interface customized
INFO 2025-10-13 02:47:00,713 apps 25508 20208 [OK] Model Vehicles: Configuration verified
INFO 2025-10-13 02:47:00,713 apps 25508 20208 [OK] Model Parking Slots: Configuration verified
INFO 2025-10-13 02:47:00,713 apps 25508 20208 [INFO] Model Parking Sessions: Basic configuration checked
INFO 2025-10-13 02:47:00,715 apps 25508 20208 [SUCCESS] Parking App: Forbes Marshall SpotCheck ready!
INFO 2025-10-13 02:48:42,968 apps 19240 10496 [CAR] Parking App: Initializing Forbes Marshall SpotCheck...
INFO 2025-10-13 02:48:42,968 apps 19240 10496 [OK] Parking App: Signal handlers loaded successfully
INFO 2025-10-13 02:48:42,968 apps 19240 10496 [OK] Admin interface customized
INFO 2025-10-13 02:48:42,968 apps 19240 10496 [OK] Model Vehicles: Configuration verified
INFO 2025-10-13 02:48:42,968 apps 19240 10496 [OK] Model Parking Slots: Configuration verified
INFO 2025-10-13 02:48:42,973 apps 19240 10496 [INFO] Model Parking Sessions: Basic configuration checked
INFO 2025-10-13 02:48:42,973 apps 19240 10496 [SUCCESS] Parking App: Forbes Marshall SpotCheck ready!
INFO 2025-10-13 02:49:46,532 apps 20324 23148 [CAR] Parking App: Initializing Forbes Marshall SpotCheck...
INFO 2025-10-13 02:49:46,532 apps 20324 23148 [OK] Parking App: Signal handlers loaded successfully
INFO 2025-10-13 02:49:46,532 apps 20324 23148 [OK] Admin interface customized
INFO 2025-10-13 02:49:46,532 apps 20324 23148 [OK] Model Vehicles: Configuration verified
INFO 2025-10-13 02:49:46,532 apps 20324 23148 [OK] Model Parking Slots: Configuration verified
INFO 2025-10-13 02:49:46,534 apps 20324 23148 [INFO] Model Parking Sessions: Basic configuration checked
INFO 2025-10-13 02:49:46,534 apps 20324 23148 [SUCCESS] Parking App: Forbes Marshall SpotCheck ready!
INFO 2025-10-13 02:49:47,135 apps 22612 15044 [CAR] Parking App: Initializing Forbes Marshall SpotCheck...
INFO 2025-10-13 02:49:47,136 apps 22612 15044 [OK] Parking App: Signal handlers loaded successfully
INFO 2025-10-13 02:49:47,136 apps 22612 15044 [OK] Admin interface customized
INFO 2025-10-13 02:49:47,136 apps 22612 15044 [OK] Model Vehicles: Configuration verified
INFO 2025-10-13 02:49:47,136 apps 22612 15044 [OK] Model Parking Slots: Configuration verified
INFO 2025-10-13 02:49:47,137 apps 22612 15044 [INFO] Model Parking Sessions: Basic configuration checked
INFO 2025-10-13 02:49:47,137 apps 22612 15044 [SUCCESS] Parking App: Forbes Marshall SpotCheck ready!
INFO 2025-10-13 02:51:55,348 apps 20632 3084 [CAR] Parking App: Initializing Forbes Marshall SpotCheck...
INFO 2025-10-13 02:51:55,350 apps 20632 3084 [OK] Parking App: Signal handlers loaded successfully
INFO 2025-10-13 02:51:55,350 apps 20632 3084 [OK] Admin interface customized
INFO 2025-10-13 02:51:55,350 apps 20632 3084 [OK] Model Vehicles: Configuration verified
INFO 2025-10-13 02:51:55,350 apps 20632 3084 [OK] Model Parking Slots: Configuration verified
INFO 2025-10-13 02:51:55,352 apps 20632 3084 [INFO] Model Parking Sessions: Basic configuration checked
INFO 2025-10-13 02:51:55,352 apps 20632 3084 [SUCCESS] Parking App: Forbes Marshall SpotCheck ready!
INFO 2025-10-13 02:51:55,919 apps 13340 2344 [CAR] Parking App: Initializing Forbes Marshall SpotCheck...
INFO 2025-10-13 02:51:55,919 apps 13340 2344 [OK] Parking App: Signal handlers loaded successfully
INFO 2025-10-13 02:51:55,919 apps 13340 2344 [OK] Admin interface customized
INFO 2025-10-13 02:51:55,919 apps 13340 2344 [OK] Model Vehicles: Configuration verified
INFO 2025-10-13 02:51:55,919 apps 13340 2344 [OK] Model Parking Slots: Configuration verified
INFO 2025-10-13 02:51:55,919 apps 13340 2344 [INFO] Model Parking Sessions: Basic configuration checked
INFO 2025-10-13 02:51:55,919 apps 13340 2344 [SUCCESS] Parking App: Forbes Marshall SpotCheck ready!
INFO 2025-10-13 02:53:02,061 apps 2276 6096 [CAR] Parking App: Initializing Forbes Marshall SpotCheck...
INFO 2025-10-13 02:53:02,063 apps 2276 6096 [OK] Parking App: Signal handlers loaded successfully
INFO 2025-10-13 02:53:02,063 apps 2276 6096 [OK] Admin interface customized
INFO 2025-10-13 02:53:02,063 apps 2276 6096 [OK] Model Vehicles: Configuration verified
INFO 2025-10-13 02:53:02,063 apps 2276 6096 [OK] Model Parking Slots: Configuration verified
INFO 2025-10-13 02:53:02,063 apps 2276 6096 [INFO] Model Parking Sessions: Basic configuration checked
INFO 2025-10-13 02:53:02,063 apps 2276 6096 [SUCCESS] Parking App: Forbes Marshall SpotCheck ready!
INFO 2025-10-13 02:53:02,665 apps 12752 7688 [CAR] Parking App: Initializing Forbes Marshall SpotCheck...
INFO 2025-10-13 02:53:02,666 apps 12752 7688 [OK] Parking App: Signal handlers loaded successfully
INFO 2025-10-13 02:53:02,666 apps 12752 7688 [OK] Admin interface customized
INFO 2025-10-13 02:53:02,666 apps 12752 7688 [OK] Model Vehicles: Configuration verified
INFO 2025-10-13 02:53:02,666 apps 12752 7688 [OK] Model Parking Slots: Configuration verified
INFO 2025-10-13 02:53:02,667 apps 12752 7688 [INFO] Model Parking Sessions: Basic configuration checked
INFO 2025-10-13 02:53:02,667 apps 12752 7688 [SUCCESS] Parking App: Forbes Marshall SpotCheck ready!
INFO 2025-10-13 02:57:02,926 apps 7656 21736 [CAR] Parking App: Initializing Forbes Marshall SpotCheck...
INFO 2025-10-13 02:57:02,926 apps 7656 21736 [OK] Parking App: Signal handlers loaded successfully
INFO 2025-10-13 02:57:02,926 apps 7656 21736 [OK] Admin interface customized
INFO 2025-10-13 02:57:02,926 apps 7656 21736 [OK] Model Vehicles: Configuration verified
INFO 2025-10-13 02:57:02,926 apps 7656 21736 [OK] Model Parking Slots: Configuration verified
INFO 2025-10-13 02:57:02,926 apps 7656 21736 [INFO] Model Parking Sessions: Basic configuration checked
INFO 2025-10-13 02:57:02,926 apps 7656 21736 [SUCCESS] Parking App: Forbes Marshall SpotCheck ready!
INFO 2025-10-13 02:57:03,497 apps 12936 16276 [CAR] Parking App: Initializing Forbes Marshall SpotCheck...
INFO 2025-10-13 02:57:03,498 apps 12936 16276 [OK] Parking App: Signal handlers loaded successfully
INFO 2025-10-13 02:57:03,498 apps 12936 16276 [OK] Admin interface customized
INFO 2025-10-13 02:57:03,498 apps 12936 16276 [OK] Model Vehicles: Configuration verified
INFO 2025-10-13 02:57:03,498 apps 12936 16276 [OK] Model Parking Slots: Configuration verified
INFO 2025-10-13 02:57:03,499 apps 12936 16276 [INFO] Model Parking Sessions: Basic configuration checked
INFO 2025-10-13 02:57:03,499 apps 12936 16276 [SUCCESS] Parking App: Forbes Marshall SpotCheck ready!
INFO 2025-10-13 03:00:14,803 apps 12192 18648 [CAR] Parking App: Initializing Forbes Marshall SpotCheck...
INFO 2025-10-13 03:00:14,803 apps 12192 18648 [OK] Parking App: Signal handlers loaded successfully
INFO 2025-10-13 03:00:14,803 apps 12192 18648 [OK] Admin interface customized
INFO 2025-10-13 03:00:14,803 apps 12192 18648 [OK] Model Vehicles: Configuration verified
INFO 2025-10-13 03:00:14,803 apps 12192 18648 [OK] Model Parking Slots: Configuration verified
INFO 2025-10-13 03:00:14,803 apps 12192 18648 [INFO] Model Parking Sessions: Basic configuration checked
INFO 2025-10-13 03:00:14,805 apps 12192 18648 [SUCCESS] Parking App: Forbes Marshall SpotCheck ready!
INFO 2025-10-13 03:00:15,342 apps 13060 24248 [CAR] Parking App: Initializing Forbes Marshall SpotCheck...
INFO 2025-10-13 03:00:15,342 apps 13060 24248 [OK] Parking App: Signal handlers loaded successfully
INFO 2025-10-13 03:00:15,342 apps 13060 24248 [OK] Admin interface customized
INFO 2025-10-13 03:00:15,342 apps 13060 24248 [OK] Model Vehicles: Configuration verified
INFO 2025-10-13 03:00:15,342 apps 13060 24248 [OK] Model Parking Slots: Configuration verified
INFO 2025-10-13 03:00:15,342 apps 13060 24248 [INFO] Model Parking Sessions: Basic configuration checked
INFO 2025-10-13 03:00:15,342 apps 13060 24248 [SUCCESS] Parking App: Forbes Marshall SpotCheck ready!
INFO 2025-10-13 03:02:58,149 apps 13652 7388 [CAR] Parking App: Initializing Forbes Marshall SpotCheck...
INFO 2025-10-13 03:02:58,149 apps 13652 7388 [OK] Parking App: Signal handlers loaded successfully
INFO 2025-10-13 03:02:58,149 apps 13652 7388 [OK] Admin interface customized
INFO 2025-10-13 03:02:58,149 apps 13652 7388 [OK] Model Vehicles: Configuration verified
INFO 2025-10-13 03:02:58,149 apps 13652 7388 [OK] Model Parking Slots: Configuration verified
INFO 2025-10-13 03:02:58,149 apps 13652 7388 [INFO] Model Parking Sessions: Basic configuration checked
INFO 2025-10-13 03:02:58,149 apps 13652 7388 [SUCCESS] Parking App: Forbes Marshall SpotCheck ready!
INFO 2025-10-13 03:02:58,695 apps 6224 10392 [CAR] Parking App: Initializing Forbes Marshall SpotCheck...
INFO 2025-10-13 03:02:58,697 apps 6224 10392 [OK] Parking App: Signal handlers loaded successfully
INFO 2025-10-13 03:02:58,697 apps 6224 10392 [OK] Admin interface customized
INFO 2025-10-13 03:02:58,697 apps 6224 10392 [OK] Model Vehicles: Configuration verified
INFO 2025-10-13 03:02:58,697 apps 6224 10392 [OK] Model Parking Slots: Configuration verified
INFO 2025-10-13 03:02:58,698 apps 6224 10392 [INFO] Model Parking Sessions: Basic configuration checked
INFO 2025-10-13 03:02:58,698 apps 6224 10392 [SUCCESS] Parking App: Forbes Marshall SpotCheck ready!
INFO 2025-10-13 03:03:31,824 signals 6224 13248 Slot H60 is now OCCUPIED
INFO 2025-10-13 03:03:31,827 signals 6224 13248 New vehicle registered: MH13BX1755 (two_wheeler)
INFO 2025-10-13 03:03:31,829 signals 6224 13248    Owner: Aditya
INFO 2025-10-13 03:03:31,830 signals 6224 13248 New parking session started: MH13BX1755 in slot H60
INFO 2025-10-13 12:52:53,879 apps 26236 8636 [CAR] Parking App: Initializing Forbes Marshall SpotCheck...
INFO 2025-10-13 12:52:53,880 apps 26236 8636 [OK] Parking App: Signal handlers loaded successfully
INFO 2025-10-13 12:52:53,881 apps 26236 8636 [OK] Admin interface customized
INFO 2025-10-13 12:52:53,881 apps 26236 8636 [OK] Model Vehicles: Configuration verified
INFO 2025-10-13 12:52:53,881 apps 26236 8636 [OK] Model Parking Slots: Configuration verified
INFO 2025-10-13 12:52:53,881 apps 26236 8636 [INFO] Model Parking Sessions: Basic configuration checked
INFO 2025-10-13 12:52:53,881 apps 26236 8636 [SUCCESS] Parking App: Forbes Marshall SpotCheck ready!
INFO 2025-10-13 12:53:00,059 apps 21044 10404 [CAR] Parking App: Initializing Forbes Marshall SpotCheck...
INFO 2025-10-13 12:53:00,060 apps 21044 10404 [OK] Parking App: Signal handlers loaded successfully
INFO 2025-10-13 12:53:00,060 apps 21044 10404 [OK] Admin interface customized
INFO 2025-10-13 12:53:00,060 apps 21044 10404 [OK] Model Vehicles: Configuration verified
INFO 2025-10-13 12:53:00,061 apps 21044 10404 [OK] Model Parking Slots: Configuration verified
INFO 2025-10-13 12:53:00,061 apps 21044 10404 [INFO] Model Parking Sessions: Basic configuration checked
INFO 2025-10-13 12:53:00,061 apps 21044 10404 [SUCCESS] Parking App: Forbes Marshall SpotCheck ready!
INFO 2025-10-13 12:53:20,268 apps 22228 11712 [CAR] Parking App: Initializing Forbes Marshall SpotCheck...
INFO 2025-10-13 12:53:20,269 apps 22228 11712 [OK] Parking App: Signal handlers loaded successfully
INFO 2025-10-13 12:53:20,269 apps 22228 11712 [OK] Admin interface customized
INFO 2025-10-13 12:53:20,269 apps 22228 11712 [OK] Model Vehicles: Configuration verified
INFO 2025-10-13 12:53:20,270 apps 22228 11712 [OK] Model Parking Slots: Configuration verified
INFO 2025-10-13 12:53:20,270 apps 22228 11712 [INFO] Model Parking Sessions: Basic configuration checked
INFO 2025-10-13 12:53:20,270 apps 22228 11712 [SUCCESS] Parking App: Forbes Marshall SpotCheck ready!
INFO 2025-10-13 12:53:20,918 apps 5676 19592 [CAR] Parking App: Initializing Forbes Marshall SpotCheck...
INFO 2025-10-13 12:53:20,919 apps 5676 19592 [OK] Parking App: Signal handlers loaded successfully
INFO 2025-10-13 12:53:20,919 apps 5676 19592 [OK] Admin interface customized
INFO 2025-10-13 12:53:20,920 apps 5676 19592 [OK] Model Vehicles: Configuration verified
INFO 2025-10-13 12:53:20,920 apps 5676 19592 [OK] Model Parking Slots: Configuration verified
INFO 2025-10-13 12:53:20,920 apps 5676 19592 [INFO] Model Parking Sessions: Basic configuration checked
INFO 2025-10-13 12:53:20,920 apps 5676 19592 [SUCCESS] Parking App: Forbes Marshall SpotCheck ready!
INFO 2025-10-13 12:56:46,687 apps 17336 20172 [CAR] Parking App: Initializing Forbes Marshall SpotCheck...
INFO 2025-10-13 12:56:46,689 apps 17336 20172 [OK] Parking App: Signal handlers loaded successfully
INFO 2025-10-13 12:56:46,689 apps 17336 20172 [OK] Admin interface customized
INFO 2025-10-13 12:56:46,689 apps 17336 20172 [OK] Model Vehicles: Configuration verified
INFO 2025-10-13 12:56:46,690 apps 17336 20172 [OK] Model Parking Slots: Configuration verified
INFO 2025-10-13 12:56:46,690 apps 17336 20172 [INFO] Model Parking Sessions: Basic configuration checked
INFO 2025-10-13 12:56:46,690 apps 17336 20172 [SUCCESS] Parking App: Forbes Marshall SpotCheck ready!
INFO 2025-10-13 12:56:48,399 apps 18820 14768 [CAR] Parking App: Initializing Forbes Marshall SpotCheck...
INFO 2025-10-13 12:56:48,401 apps 18820 14768 [OK] Parking App: Signal handlers loaded successfully
INFO 2025-10-13 12:56:48,401 apps 18820 14768 [OK] Admin interface customized
INFO 2025-10-13 12:56:48,401 apps 18820 14768 [OK] Model Vehicles: Configuration verified
INFO 2025-10-13 12:56:48,401 apps 18820 14768 [OK] Model Parking Slots: Configuration verified
INFO 2025-10-13 12:56:48,401 apps 18820 14768 [INFO] Model Parking Sessions: Basic configuration checked
INFO 2025-10-13 12:56:48,401 apps 18820 14768 [SUCCESS] Parking App: Forbes Marshall SpotCheck ready!
INFO 2025-10-13 12:56:54,641 apps 9144 16544 [CAR] Parking App: Initializing Forbes Marshall SpotCheck...
INFO 2025-10-13 12:56:54,642 apps 9144 16544 [OK] Parking App: Signal handlers loaded successfully
INFO 2025-10-13 12:56:54,643 apps 9144 16544 [OK] Admin interface customized
INFO 2025-10-13 12:56:54,643 apps 9144 16544 [OK] Model Vehicles: Configuration verified
INFO 2025-10-13 12:56:54,643 apps 9144 16544 [OK] Model Parking Slots: Configuration verified
INFO 2025-10-13 12:56:54,643 apps 9144 16544 [INFO] Model Parking Sessions: Basic configuration checked
INFO 2025-10-13 12:56:54,643 apps 9144 16544 [SUCCESS] Parking App: Forbes Marshall SpotCheck ready!
INFO 2025-10-13 12:56:55,281 apps 22852 16796 [CAR] Parking App: Initializing Forbes Marshall SpotCheck...
INFO 2025-10-13 12:56:55,282 apps 22852 16796 [OK] Parking App: Signal handlers loaded successfully
INFO 2025-10-13 12:56:55,282 apps 22852 16796 [OK] Admin interface customized
INFO 2025-10-13 12:56:55,282 apps 22852 16796 [OK] Model Vehicles: Configuration verified
INFO 2025-10-13 12:56:55,282 apps 22852 16796 [OK] Model Parking Slots: Configuration verified
INFO 2025-10-13 12:56:55,283 apps 22852 16796 [INFO] Model Parking Sessions: Basic configuration checked
INFO 2025-10-13 12:56:55,283 apps 22852 16796 [SUCCESS] Parking App: Forbes Marshall SpotCheck ready!
INFO 2025-10-13 12:56:58,783 apps 24828 19488 [CAR] Parking App: Initializing Forbes Marshall SpotCheck...
INFO 2025-10-13 12:56:58,784 apps 24828 19488 [OK] Parking App: Signal handlers loaded successfully
INFO 2025-10-13 12:56:58,784 apps 24828 19488 [OK] Admin interface customized
INFO 2025-10-13 12:56:58,784 apps 24828 19488 [OK] Model Vehicles: Configuration verified
INFO 2025-10-13 12:56:58,784 apps 24828 19488 [OK] Model Parking Slots: Configuration verified
INFO 2025-10-13 12:56:58,785 apps 24828 19488 [INFO] Model Parking Sessions: Basic configuration checked
INFO 2025-10-13 12:56:58,785 apps 24828 19488 [SUCCESS] Parking App: Forbes Marshall SpotCheck ready!
INFO 2025-10-13 12:56:59,421 apps 4256 19268 [CAR] Parking App: Initializing Forbes Marshall SpotCheck...
INFO 2025-10-13 12:56:59,422 apps 4256 19268 [OK] Parking App: Signal handlers loaded successfully
INFO 2025-10-13 12:56:59,423 apps 4256 19268 [OK] Admin interface customized
INFO 2025-10-13 12:56:59,423 apps 4256 19268 [OK] Model Vehicles: Configuration verified
INFO 2025-10-13 12:56:59,423 apps 4256 19268 [OK] Model Parking Slots: Configuration verified
INFO 2025-10-13 12:56:59,423 apps 4256 19268 [INFO] Model Parking Sessions: Basic configuration checked
INFO 2025-10-13 12:56:59,423 apps 4256 19268 [SUCCESS] Parking App: Forbes Marshall SpotCheck ready!
INFO 2025-10-13 13:11:51,055 apps 21316 15012 [CAR] Parking App: Initializing Forbes Marshall SpotCheck...
INFO 2025-10-13 13:11:51,057 apps 21316 15012 [OK] Parking App: Signal handlers loaded successfully
INFO 2025-10-13 13:11:51,057 apps 21316 15012 [OK] Admin interface customized
INFO 2025-10-13 13:11:51,057 apps 21316 15012 [OK] Model Vehicles: Configuration verified
INFO 2025-10-13 13:11:51,057 apps 21316 15012 [OK] Model Parking Slots: Configuration verified
INFO 2025-10-13 13:11:51,058 apps 21316 15012 [INFO] Model Parking Sessions: Basic configuration checked
INFO 2025-10-13 13:11:51,058 apps 21316 15012 [SUCCESS] Parking App: Forbes Marshall SpotCheck ready!
INFO 2025-10-13 13:11:51,797 apps 19000 26280 [CAR] Parking App: Initializing Forbes Marshall SpotCheck...
INFO 2025-10-13 13:11:51,800 apps 19000 26280 [OK] Parking App: Signal handlers loaded successfully
INFO 2025-10-13 13:11:51,800 apps 19000 26280 [OK] Admin interface customized
INFO 2025-10-13 13:11:51,800 apps 19000 26280 [OK] Model Vehicles: Configuration verified
INFO 2025-10-13 13:11:51,800 apps 19000 26280 [OK] Model Parking Slots: Configuration verified
INFO 2025-10-13 13:11:51,800 apps 19000 26280 [INFO] Model Parking Sessions: Basic configuration checked
INFO 2025-10-13 13:11:51,800 apps 19000 26280 [SUCCESS] Parking App: Forbes Marshall SpotCheck ready!
INFO 2025-10-13 13:16:56,709 signals 19000 12648 Slot H60 is now AVAILABLE
INFO 2025-10-13 13:16:56,717 signals 19000 12648 Parking session ended: MH13BX1755 - Duration: 10:13:24.881447
INFO 2025-10-13 13:18:29,797 apps 26344 21272 [CAR] Parking App: Initializing Forbes Marshall SpotCheck...
INFO 2025-10-13 13:18:29,798 apps 26344 21272 [OK] Parking App: Signal handlers loaded successfully
INFO 2025-10-13 13:18:29,799 apps 26344 21272 [OK] Admin interface customized
INFO 2025-10-13 13:18:29,799 apps 26344 21272 [OK] Model Vehicles: Configuration verified
INFO 2025-10-13 13:18:29,799 apps 26344 21272 [OK] Model Parking Slots: Configuration verified
INFO 2025-10-13 13:18:29,800 apps 26344 21272 [INFO] Model Parking Sessions: Basic configuration checked
INFO 2025-10-13 13:18:29,800 apps 26344 21272 [SUCCESS] Parking App: Forbes Marshall SpotCheck ready!
INFO 2025-10-13 13:19:12,351 apps 26352 2188 [CAR] Parking App: Initializing Forbes Marshall SpotCheck...
INFO 2025-10-13 13:19:12,353 apps 26352 2188 [OK] Parking App: Signal handlers loaded successfully
INFO 2025-10-13 13:19:12,353 apps 26352 2188 [OK] Admin interface customized
INFO 2025-10-13 13:19:12,353 apps 26352 2188 [OK] Model Vehicles: Configuration verified
INFO 2025-10-13 13:19:12,353 apps 26352 2188 [OK] Model Parking Slots: Configuration verified
INFO 2025-10-13 13:19:12,354 apps 26352 2188 [INFO] Model Parking Sessions: Basic configuration checked
INFO 2025-10-13 13:19:12,354 apps 26352 2188 [SUCCESS] Parking App: Forbes Marshall SpotCheck ready!
INFO 2025-10-13 13:32:49,145 apps 20956 4988 [CAR] Parking App: Initializing Forbes Marshall SpotCheck...
INFO 2025-10-13 13:32:49,147 apps 20956 4988 [OK] Parking App: Signal handlers loaded successfully
INFO 2025-10-13 13:32:49,147 apps 20956 4988 [OK] Admin interface customized
INFO 2025-10-13 13:32:49,147 apps 20956 4988 [OK] Model Vehicles: Configuration verified
INFO 2025-10-13 13:32:49,147 apps 20956 4988 [OK] Model Parking Slots: Configuration verified
INFO 2025-10-13 13:32:49,148 apps 20956 4988 [INFO] Model Parking Sessions: Basic configuration checked
INFO 2025-10-13 13:32:49,148 apps 20956 4988 [SUCCESS] Parking App: Forbes Marshall SpotCheck ready!
INFO 2025-10-13 13:32:50,000 apps 23484 24528 [CAR] Parking App: Initializing Forbes Marshall SpotCheck...
INFO 2025-10-13 13:32:50,001 apps 23484 24528 [OK] Parking App: Signal handlers loaded successfully
INFO 2025-10-13 13:32:50,001 apps 23484 24528 [OK] Admin interface customized
INFO 2025-10-13 13:32:50,001 apps 23484 24528 [OK] Model Vehicles: Configuration verified
INFO 2025-10-13 13:32:50,003 apps 23484 24528 [OK] Model Parking Slots: Configuration verified
INFO 2025-10-13 13:32:50,003 apps 23484 24528 [INFO] Model Parking Sessions: Basic configuration checked
INFO 2025-10-13 13:32:50,003 apps 23484 24528 [SUCCESS] Parking App: Forbes Marshall SpotCheck ready!
INFO 2025-10-13 13:33:24,992 apps 26296 6796 [CAR] Parking App: Initializing Forbes Marshall SpotCheck...
INFO 2025-10-13 13:33:24,993 apps 26296 6796 [OK] Parking App: Signal handlers loaded successfully
INFO 2025-10-13 13:33:24,994 apps 26296 6796 [OK] Admin interface customized
INFO 2025-10-13 13:33:24,994 apps 26296 6796 [OK] Model Vehicles: Configuration verified
INFO 2025-10-13 13:33:24,994 apps 26296 6796 [OK] Model Parking Slots: Configuration verified
INFO 2025-10-13 13:33:24,994 apps 26296 6796 [INFO] Model Parking Sessions: Basic configuration checked
INFO 2025-10-13 13:33:24,994 apps 26296 6796 [SUCCESS] Parking App: Forbes Marshall SpotCheck ready!
INFO 2025-10-13 13:33:25,925 apps 17120 15092 [CAR] Parking App: Initializing Forbes Marshall SpotCheck...
INFO 2025-10-13 13:33:25,929 apps 17120 15092 [OK] Parking App: Signal handlers loaded successfully
INFO 2025-10-13 13:33:25,930 apps 17120 15092 [OK] Admin interface customized
INFO 2025-10-13 13:33:25,930 apps 17120 15092 [OK] Model Vehicles: Configuration verified
INFO 2025-10-13 13:33:25,930 apps 17120 15092 [OK] Model Parking Slots: Configuration verified
INFO 2025-10-13 13:33:25,930 apps 17120 15092 [INFO] Model Parking Sessions: Basic configuration checked
INFO 2025-10-13 13:33:25,930 apps 17120 15092 [SUCCESS] Parking App: Forbes Marshall SpotCheck ready!
INFO 2025-10-13 13:34:10,025 apps 6484 22208 [CAR] Parking App: Initializing Forbes Marshall SpotCheck...
INFO 2025-10-13 13:34:10,027 apps 6484 22208 [OK] Parking App: Signal handlers loaded successfully
INFO 2025-10-13 13:34:10,027 apps 6484 22208 [OK] Admin interface customized
INFO 2025-10-13 13:34:10,028 apps 6484 22208 [OK] Model Vehicles: Configuration verified
INFO 2025-10-13 13:34:10,028 apps 6484 22208 [OK] Model Parking Slots: Configuration verified
INFO 2025-10-13 13:34:10,028 apps 6484 22208 [INFO] Model Parking Sessions: Basic configuration checked
INFO 2025-10-13 13:34:10,029 apps 6484 22208 [SUCCESS] Parking App: Forbes Marshall SpotCheck ready!
INFO 2025-10-13 13:36:01,948 apps 7120 11776 [CAR] Parking App: Initializing Forbes Marshall SpotCheck...
INFO 2025-10-13 13:36:01,949 apps 7120 11776 [OK] Parking App: Signal handlers loaded successfully
INFO 2025-10-13 13:36:01,951 apps 7120 11776 [OK] Admin interface customized
INFO 2025-10-13 13:36:01,951 apps 7120 11776 [OK] Model Vehicles: Configuration verified
INFO 2025-10-13 13:36:01,951 apps 7120 11776 [OK] Model Parking Slots: Configuration verified
INFO 2025-10-13 13:36:01,951 apps 7120 11776 [INFO] Model Parking Sessions: Basic configuration checked
INFO 2025-10-13 13:36:01,951 apps 7120 11776 [SUCCESS] Parking App: Forbes Marshall SpotCheck ready!
INFO 2025-10-13 13:36:02,750 apps 14128 8244 [CAR] Parking App: Initializing Forbes Marshall SpotCheck...
INFO 2025-10-13 13:36:02,751 apps 14128 8244 [OK] Parking App: Signal handlers loaded successfully
INFO 2025-10-13 13:36:02,752 apps 14128 8244 [OK] Admin interface customized
INFO 2025-10-13 13:36:02,752 apps 14128 8244 [OK] Model Vehicles: Configuration verified
INFO 2025-10-13 13:36:02,753 apps 14128 8244 [OK] Model Parking Slots: Configuration verified
INFO 2025-10-13 13:36:02,753 apps 14128 8244 [INFO] Model Parking Sessions: Basic configuration checked
INFO 2025-10-13 13:36:02,753 apps 14128 8244 [SUCCESS] Parking App: Forbes Marshall SpotCheck ready!
INFO 2025-10-13 13:37:15,147 apps 22576 25992 [CAR] Parking App: Initializing Forbes Marshall SpotCheck...
INFO 2025-10-13 13:37:15,148 apps 22576 25992 [OK] Parking App: Signal handlers loaded successfully
INFO 2025-10-13 13:37:15,148 apps 22576 25992 [OK] Admin interface customized
INFO 2025-10-13 13:37:15,148 apps 22576 25992 [OK] Model Vehicles: Configuration verified
INFO 2025-10-13 13:37:15,148 apps 22576 25992 [OK] Model Parking Slots: Configuration verified
INFO 2025-10-13 13:37:15,148 apps 22576 25992 [INFO] Model Parking Sessions: Basic configuration checked
INFO 2025-10-13 13:37:15,150 apps 22576 25992 [SUCCESS] Parking App: Forbes Marshall SpotCheck ready!
INFO 2025-10-13 13:37:15,938 apps 2520 15204 [CAR] Parking App: Initializing Forbes Marshall SpotCheck...
INFO 2025-10-13 13:37:15,939 apps 2520 15204 [OK] Parking App: Signal handlers loaded successfully
INFO 2025-10-13 13:37:15,940 apps 2520 15204 [OK] Admin interface customized
INFO 2025-10-13 13:37:15,940 apps 2520 15204 [OK] Model Vehicles: Configuration verified
INFO 2025-10-13 13:37:15,940 apps 2520 15204 [OK] Model Parking Slots: Configuration verified
INFO 2025-10-13 13:37:15,942 apps 2520 15204 [INFO] Model Parking Sessions: Basic configuration checked
INFO 2025-10-13 13:37:15,942 apps 2520 15204 [SUCCESS] Parking App: Forbes Marshall SpotCheck ready!
INFO 2025-10-13 13:37:32,731 apps 13184 21368 [CAR] Parking App: Initializing Forbes Marshall SpotCheck...
INFO 2025-10-13 13:37:32,734 apps 13184 21368 [OK] Parking App: Signal handlers loaded successfully
INFO 2025-10-13 13:37:32,734 apps 13184 21368 [OK] Admin interface customized
INFO 2025-10-13 13:37:32,734 apps 13184 21368 [OK] Model Vehicles: Configuration verified
INFO 2025-10-13 13:37:32,734 apps 13184 21368 [OK] Model Parking Slots: Configuration verified
INFO 2025-10-13 13:37:32,734 apps 13184 21368 [INFO] Model Parking Sessions: Basic configuration checked
INFO 2025-10-13 13:37:32,734 apps 13184 21368 [SUCCESS] Parking App: Forbes Marshall SpotCheck ready!
INFO 2025-10-13 13:37:33,723 apps 6976 21136 [CAR] Parking App: Initializing Forbes Marshall SpotCheck...
INFO 2025-10-13 13:37:33,726 apps 6976 21136 [OK] Parking App: Signal handlers loaded successfully
INFO 2025-10-13 13:37:33,726 apps 6976 21136 [OK] Admin interface customized
INFO 2025-10-13 13:37:33,726 apps 6976 21136 [OK] Model Vehicles: Configuration verified
INFO 2025-10-13 13:37:33,726 apps 6976 21136 [OK] Model Parking Slots: Configuration verified
INFO 2025-10-13 13:37:33,726 apps 6976 21136 [INFO] Model Parking Sessions: Basic configuration checked
INFO 2025-10-13 13:37:33,727 apps 6976 21136 [SUCCESS] Parking App: Forbes Marshall SpotCheck ready!
INFO 2025-10-13 13:43:52,918 signals 6976 25008 Slot L31 is now AVAILABLE
INFO 2025-10-13 13:43:52,922 signals 6976 25008 Parking session ended: MH13BX1754 - Duration: 10:57:29.643831
INFO 2025-10-13 13:44:05,359 apps 6588 24360 [CAR] Parking App: Initializing Forbes Marshall SpotCheck...
INFO 2025-10-13 13:44:05,360 apps 6588 24360 [OK] Parking App: Signal handlers loaded successfully
INFO 2025-10-13 13:44:05,360 apps 6588 24360 [OK] Admin interface customized
INFO 2025-10-13 13:44:05,361 apps 6588 24360 [OK] Model Vehicles: Configuration verified
INFO 2025-10-13 13:44:05,361 apps 6588 24360 [OK] Model Parking Slots: Configuration verified
INFO 2025-10-13 13:44:05,361 apps 6588 24360 [INFO] Model Parking Sessions: Basic configuration checked
INFO 2025-10-13 13:44:05,361 apps 6588 24360 [SUCCESS] Parking App: Forbes Marshall SpotCheck ready!
INFO 2025-10-13 13:44:06,163 apps 17224 24456 [CAR] Parking App: Initializing Forbes Marshall SpotCheck...
INFO 2025-10-13 13:44:06,165 apps 17224 24456 [OK] Parking App: Signal handlers loaded successfully
INFO 2025-10-13 13:44:06,165 apps 17224 24456 [OK] Admin interface customized
INFO 2025-10-13 13:44:06,166 apps 17224 24456 [OK] Model Vehicles: Configuration verified
INFO 2025-10-13 13:44:06,166 apps 17224 24456 [OK] Model Parking Slots: Configuration verified
INFO 2025-10-13 13:44:06,166 apps 17224 24456 [INFO] Model Parking Sessions: Basic configuration checked
INFO 2025-10-13 13:44:06,166 apps 17224 24456 [SUCCESS] Parking App: Forbes Marshall SpotCheck ready!
INFO 2025-10-13 13:44:13,465 apps 9720 26564 [CAR] Parking App: Initializing Forbes Marshall SpotCheck...
INFO 2025-10-13 13:44:13,468 apps 9720 26564 [OK] Parking App: Signal handlers loaded successfully
INFO 2025-10-13 13:44:13,468 apps 9720 26564 [OK] Admin interface customized
INFO 2025-10-13 13:44:13,468 apps 9720 26564 [OK] Model Vehicles: Configuration verified
INFO 2025-10-13 13:44:13,468 apps 9720 26564 [OK] Model Parking Slots: Configuration verified
INFO 2025-10-13 13:44:13,469 apps 9720 26564 [INFO] Model Parking Sessions: Basic configuration checked
INFO 2025-10-13 13:44:13,469 apps 9720 26564 [SUCCESS] Parking App: Forbes Marshall SpotCheck ready!
INFO 2025-10-13 13:44:55,479 signals 9720 17788 Slot H60 is now OCCUPIED
INFO 2025-10-13 13:44:55,484 signals 9720 17788 New vehicle registered: MH12BV1296 (two_wheeler)
INFO 2025-10-13 13:44:55,484 signals 9720 17788    Owner: Shrihari
INFO 2025-10-13 13:44:55,488 signals 9720 17788 New parking session started: MH12BV1296 in slot H60
INFO 2025-10-13 13:51:44,393 signals 9720 16220 Slot H31 is now OCCUPIED
INFO 2025-10-13 13:51:44,396 signals 9720 16220 New vehicle registered: MH45BX7895 (two_wheeler)
INFO 2025-10-13 13:51:44,396 signals 9720 16220    Owner: Pruthviraj
INFO 2025-10-13 13:51:44,398 signals 9720 16220 New parking session started: MH45BX7895 in slot H31
INFO 2025-10-13 13:52:44,575 signals 9720 20292 Slot H31 is now AVAILABLE
INFO 2025-10-13 13:52:44,578 signals 9720 20292 Parking session ended: MH45BX7895 - Duration: 0:01:00.178872
INFO 2025-10-13 13:53:29,021 signals 9720 14944 Slot H60 is now AVAILABLE
INFO 2025-10-13 13:53:29,024 signals 9720 14944 Parking session ended: MH12BV1296 - Duration: 0:08:33.538165
INFO 2025-10-13 13:57:16,362 apps 19348 15316 [CAR] Parking App: Initializing Forbes Marshall SpotCheck...
INFO 2025-10-13 13:57:16,363 apps 19348 15316 [OK] Parking App: Signal handlers loaded successfully
INFO 2025-10-13 13:57:16,363 apps 19348 15316 [OK] Admin interface customized
INFO 2025-10-13 13:57:16,363 apps 19348 15316 [OK] Model Vehicles: Configuration verified
INFO 2025-10-13 13:57:16,364 apps 19348 15316 [OK] Model Parking Slots: Configuration verified
INFO 2025-10-13 13:57:16,364 apps 19348 15316 [INFO] Model Parking Sessions: Basic configuration checked
INFO 2025-10-13 13:57:16,364 apps 19348 15316 [SUCCESS] Parking App: Forbes Marshall SpotCheck ready!
INFO 2025-10-13 13:57:17,011 apps 8216 4120 [CAR] Parking App: Initializing Forbes Marshall SpotCheck...
INFO 2025-10-13 13:57:17,011 apps 8216 4120 [OK] Parking App: Signal handlers loaded successfully
INFO 2025-10-13 13:57:17,011 apps 8216 4120 [OK] Admin interface customized
INFO 2025-10-13 13:57:17,011 apps 8216 4120 [OK] Model Vehicles: Configuration verified
INFO 2025-10-13 13:57:17,011 apps 8216 4120 [OK] Model Parking Slots: Configuration verified
INFO 2025-10-13 13:57:17,011 apps 8216 4120 [INFO] Model Parking Sessions: Basic configuration checked
INFO 2025-10-13 13:57:17,011 apps 8216 4120 [SUCCESS] Parking App: Forbes Marshall SpotCheck ready!
INFO 2025-10-13 13:58:40,581 apps 22568 11360 [CAR] Parking App: Initializing Forbes Marshall SpotCheck...
INFO 2025-10-13 13:58:40,581 apps 22568 11360 [OK] Parking App: Signal handlers loaded successfully
INFO 2025-10-13 13:58:40,581 apps 22568 11360 [OK] Admin interface customized
INFO 2025-10-13 13:58:40,581 apps 22568 11360 [OK] Model Vehicles: Configuration verified
INFO 2025-10-13 13:58:40,581 apps 22568 11360 [OK] Model Parking Slots: Configuration verified
INFO 2025-10-13 13:58:40,581 apps 22568 11360 [INFO] Model Parking Sessions: Basic configuration checked
INFO 2025-10-13 13:58:40,581 apps 22568 11360 [SUCCESS] Parking App: Forbes Marshall SpotCheck ready!
INFO 2025-10-13 14:01:18,032 signals 22568 6436 Slot C31 is now OCCUPIED
INFO 2025-10-13 14:01:18,032 signals 22568 6436 New vehicle registered: MH01BN7895 (sedan)
INFO 2025-10-13 14:01:18,032 signals 22568 6436    Owner: Riya
INFO 2025-10-13 14:01:18,036 signals 22568 6436 New parking session started: MH01BN7895 in slot C31
INFO 2025-10-13 17:22:47,230 apps 7624 14244 [CAR] Parking App: Initializing Forbes Marshall SpotCheck...
INFO 2025-10-13 17:22:47,232 apps 7624 14244 [OK] Parking App: Signal handlers loaded successfully
INFO 2025-10-13 17:22:47,232 apps 7624 14244 [OK] Admin interface customized
INFO 2025-10-13 17:22:47,232 apps 7624 14244 [OK] Model Vehicles: Configuration verified
INFO 2025-10-13 17:22:47,232 apps 7624 14244 [OK] Model Parking Slots: Configuration verified
INFO 2025-10-13 17:22:47,233 apps 7624 14244 [INFO] Model Parking Sessions: Basic configuration checked
INFO 2025-10-13 17:22:47,233 apps 7624 14244 [SUCCESS] Parking App: Forbes Marshall SpotCheck ready!
INFO 2025-10-13 17:22:48,056 apps 4756 22856 [CAR] Parking App: Initializing Forbes Marshall SpotCheck...
INFO 2025-10-13 17:22:48,057 apps 4756 22856 [OK] Parking App: Signal handlers loaded successfully
INFO 2025-10-13 17:22:48,059 apps 4756 22856 [OK] Admin interface customized
INFO 2025-10-13 17:22:48,059 apps 4756 22856 [OK] Model Vehicles: Configuration verified
INFO 2025-10-13 17:22:48,059 apps 4756 22856 [OK] Model Parking Slots: Configuration verified
INFO 2025-10-13 17:22:48,060 apps 4756 22856 [INFO] Model Parking Sessions: Basic configuration checked
INFO 2025-10-13 17:22:48,060 apps 4756 22856 [SUCCESS] Parking App: Forbes Marshall SpotCheck ready!
INFO 2025-10-13 17:23:03,717 apps 3968 9876 [CAR] Parking App: Initializing Forbes Marshall SpotCheck...
INFO 2025-10-13 17:23:03,719 apps 3968 9876 [OK] Parking App: Signal handlers loaded successfully
INFO 2025-10-13 17:23:03,719 apps 3968 9876 [OK] Admin interface customized
INFO 2025-10-13 17:23:03,719 apps 3968 9876 [OK] Model Vehicles: Configuration verified
INFO 2025-10-13 17:23:03,719 apps 3968 9876 [OK] Model Parking Slots: Configuration verified
INFO 2025-10-13 17:23:03,719 apps 3968 9876 [INFO] Model Parking Sessions: Basic configuration checked
INFO 2025-10-13 17:23:03,719 apps 3968 9876 [SUCCESS] Parking App: Forbes Marshall SpotCheck ready!
INFO 2025-10-13 17:23:04,498 apps 11480 23940 [CAR] Parking App: Initializing Forbes Marshall SpotCheck...
INFO 2025-10-13 17:23:04,499 apps 11480 23940 [OK] Parking App: Signal handlers loaded successfully
INFO 2025-10-13 17:23:04,499 apps 11480 23940 [OK] Admin interface customized
INFO 2025-10-13 17:23:04,499 apps 11480 23940 [OK] Model Vehicles: Configuration verified
INFO 2025-10-13 17:23:04,499 apps 11480 23940 [OK] Model Parking Slots: Configuration verified
INFO 2025-10-13 17:23:04,499 apps 11480 23940 [INFO] Model Parking Sessions: Basic configuration checked
INFO 2025-10-13 17:23:04,500 apps 11480 23940 [SUCCESS] Parking App: Forbes Marshall SpotCheck ready!
INFO 2025-10-13 17:25:12,198 apps 3236 6328 [CAR] Parking App: Initializing Forbes Marshall SpotCheck...
INFO 2025-10-13 17:25:12,199 apps 3236 6328 [OK] Parking App: Signal handlers loaded successfully
INFO 2025-10-13 17:25:12,199 apps 3236 6328 [OK] Admin interface customized
INFO 2025-10-13 17:25:12,199 apps 3236 6328 [OK] Model Vehicles: Configuration verified
INFO 2025-10-13 17:25:12,199 apps 3236 6328 [OK] Model Parking Slots: Configuration verified
INFO 2025-10-13 17:25:12,200 apps 3236 6328 [INFO] Model Parking Sessions: Basic configuration checked
INFO 2025-10-13 17:25:12,200 apps 3236 6328 [SUCCESS] Parking App: Forbes Marshall SpotCheck ready!
INFO 2025-10-13 17:25:12,951 apps 13600 3844 [CAR] Parking App: Initializing Forbes Marshall SpotCheck...
INFO 2025-10-13 17:25:12,953 apps 13600 3844 [OK] Parking App: Signal handlers loaded successfully
INFO 2025-10-13 17:25:12,953 apps 13600 3844 [OK] Admin interface customized
INFO 2025-10-13 17:25:12,953 apps 13600 3844 [OK] Model Vehicles: Configuration verified
INFO 2025-10-13 17:25:12,953 apps 13600 3844 [OK] Model Parking Slots: Configuration verified
INFO 2025-10-13 17:25:12,953 apps 13600 3844 [INFO] Model Parking Sessions: Basic configuration checked
INFO 2025-10-13 17:25:12,954 apps 13600 3844 [SUCCESS] Parking App: Forbes Marshall SpotCheck ready!
INFO 2025-10-13 17:30:00,490 apps 17504 25884 [CAR] Parking App: Initializing Forbes Marshall SpotCheck...
INFO 2025-10-13 17:30:00,493 apps 17504 25884 [OK] Parking App: Signal handlers loaded successfully
INFO 2025-10-13 17:30:00,493 apps 17504 25884 [OK] Admin interface customized
INFO 2025-10-13 17:30:00,493 apps 17504 25884 [OK] Model Vehicles: Configuration verified
INFO 2025-10-13 17:30:00,493 apps 17504 25884 [OK] Model Parking Slots: Configuration verified
INFO 2025-10-13 17:30:00,493 apps 17504 25884 [INFO] Model Parking Sessions: Basic configuration checked
INFO 2025-10-13 17:30:00,493 apps 17504 25884 [SUCCESS] Parking App: Forbes Marshall SpotCheck ready!
INFO 2025-10-13 17:30:01,285 apps 25528 20296 [CAR] Parking App: Initializing Forbes Marshall SpotCheck...
INFO 2025-10-13 17:30:01,286 apps 25528 20296 [OK] Parking App: Signal handlers loaded successfully
INFO 2025-10-13 17:30:01,286 apps 25528 20296 [OK] Admin interface customized
INFO 2025-10-13 17:30:01,287 apps 25528 20296 [OK] Model Vehicles: Configuration verified
INFO 2025-10-13 17:30:01,287 apps 25528 20296 [OK] Model Parking Slots: Configuration verified
INFO 2025-10-13 17:30:01,287 apps 25528 20296 [INFO] Model Parking Sessions: Basic configuration checked
INFO 2025-10-13 17:30:01,287 apps 25528 20296 [SUCCESS] Parking App: Forbes Marshall SpotCheck ready!
INFO 2025-10-13 17:32:16,656 apps 18040 17756 [CAR] Parking App: Initializing Forbes Marshall SpotCheck...
INFO 2025-10-13 17:32:16,657 apps 18040 17756 [OK] Parking App: Signal handlers loaded successfully
INFO 2025-10-13 17:32:16,658 apps 18040 17756 [OK] Admin interface customized
INFO 2025-10-13 17:32:16,658 apps 18040 17756 [OK] Model Vehicles: Configuration verified
INFO 2025-10-13 17:32:16,658 apps 18040 17756 [OK] Model Parking Slots: Configuration verified
INFO 2025-10-13 17:32:16,658 apps 18040 17756 [INFO] Model Parking Sessions: Basic configuration checked
INFO 2025-10-13 17:32:16,658 apps 18040 17756 [SUCCESS] Parking App: Forbes Marshall SpotCheck ready!
INFO 2025-10-13 17:32:17,418 apps 5816 14980 [CAR] Parking App: Initializing Forbes Marshall SpotCheck...
INFO 2025-10-13 17:32:17,420 apps 5816 14980 [OK] Parking App: Signal handlers loaded successfully
INFO 2025-10-13 17:32:17,420 apps 5816 14980 [OK] Admin interface customized
INFO 2025-10-13 17:32:17,420 apps 5816 14980 [OK] Model Vehicles: Configuration verified
INFO 2025-10-13 17:32:17,420 apps 5816 14980 [OK] Model Parking Slots: Configuration verified
INFO 2025-10-13 17:32:17,420 apps 5816 14980 [INFO] Model Parking Sessions: Basic configuration checked
INFO 2025-10-13 17:32:17,420 apps 5816 14980 [SUCCESS] Parking App: Forbes Marshall SpotCheck ready!
INFO 2025-10-13 17:32:44,769 signals 5816 25200 Slot C31 is now AVAILABLE
INFO 2025-10-13 17:32:44,776 signals 5816 25200 Parking session ended: MH01BN7895 - Duration: 3:31:26.739167
INFO 2025-10-13 17:35:42,412 apps 24500 3676 [CAR] Parking App: Initializing Forbes Marshall SpotCheck...
INFO 2025-10-13 17:35:42,414 apps 24500 3676 [OK] Parking App: Signal handlers loaded successfully
INFO 2025-10-13 17:35:42,414 apps 24500 3676 [OK] Admin interface customized
INFO 2025-10-13 17:35:42,414 apps 24500 3676 [OK] Model Vehicles: Configuration verified
INFO 2025-10-13 17:35:42,416 apps 24500 3676 [OK] Model Parking Slots: Configuration verified
INFO 2025-10-13 17:35:42,416 apps 24500 3676 [INFO] Model Parking Sessions: Basic configuration checked
INFO 2025-10-13 17:35:42,416 apps 24500 3676 [SUCCESS] Parking App: Forbes Marshall SpotCheck ready!
INFO 2025-10-13 17:36:06,632 apps 16972 20868 [CAR] Parking App: Initializing Forbes Marshall SpotCheck...
INFO 2025-10-13 17:36:06,635 apps 16972 20868 [OK] Parking App: Signal handlers loaded successfully
INFO 2025-10-13 17:36:06,635 apps 16972 20868 [OK] Admin interface customized
INFO 2025-10-13 17:36:06,635 apps 16972 20868 [OK] Model Vehicles: Configuration verified
INFO 2025-10-13 17:36:06,635 apps 16972 20868 [OK] Model Parking Slots: Configuration verified
INFO 2025-10-13 17:36:06,636 apps 16972 20868 [INFO] Model Parking Sessions: Basic configuration checked
INFO 2025-10-13 17:36:06,636 apps 16972 20868 [SUCCESS] Parking App: Forbes Marshall SpotCheck ready!
INFO 2025-10-13 18:05:28,717 signals 16972 3448 Slot L31 is now OCCUPIED
INFO 2025-10-13 18:05:28,736 signals 16972 3448 New vehicle registered: MH02BC1234 (large)
INFO 2025-10-13 18:05:28,736 signals 16972 3448    Owner: Mahesh
INFO 2025-10-13 18:05:28,740 signals 16972 3448 New parking session started: MH02BC1234 in slot L31
INFO 2025-10-13 18:06:02,386 apps 10512 24520 [CAR] Parking App: Initializing Forbes Marshall SpotCheck...
INFO 2025-10-13 18:06:02,387 apps 10512 24520 [OK] Parking App: Signal handlers loaded successfully
INFO 2025-10-13 18:06:02,387 apps 10512 24520 [OK] Admin interface customized
INFO 2025-10-13 18:06:02,389 apps 10512 24520 [OK] Model Vehicles: Configuration verified
INFO 2025-10-13 18:06:02,389 apps 10512 24520 [OK] Model Parking Slots: Configuration verified
INFO 2025-10-13 18:06:02,389 apps 10512 24520 [INFO] Model Parking Sessions: Basic configuration checked
INFO 2025-10-13 18:06:02,390 apps 10512 24520 [SUCCESS] Parking App: Forbes Marshall SpotCheck ready!
INFO 2025-10-13 18:15:54,057 apps 17116 2108 [CAR] Parking App: Initializing Forbes Marshall SpotCheck...
INFO 2025-10-13 18:15:54,059 apps 17116 2108 [OK] Parking App: Signal handlers loaded successfully
INFO 2025-10-13 18:15:54,059 apps 17116 2108 [OK] Admin interface customized
INFO 2025-10-13 18:15:54,059 apps 17116 2108 [OK] Model Vehicles: Configuration verified
INFO 2025-10-13 18:15:54,059 apps 17116 2108 [OK] Model Parking Slots: Configuration verified
INFO 2025-10-13 18:15:54,060 apps 17116 2108 [INFO] Model Parking Sessions: Basic configuration checked
INFO 2025-10-13 18:15:54,060 apps 17116 2108 [SUCCESS] Parking App: Forbes Marshall SpotCheck ready!
INFO 2025-10-13 18:15:54,890 apps 14412 25780 [CAR] Parking App: Initializing Forbes Marshall SpotCheck...
INFO 2025-10-13 18:15:54,891 apps 14412 25780 [OK] Parking App: Signal handlers loaded successfully
INFO 2025-10-13 18:15:54,891 apps 14412 25780 [OK] Admin interface customized
INFO 2025-10-13 18:15:54,891 apps 14412 25780 [OK] Model Vehicles: Configuration verified
INFO 2025-10-13 18:15:54,891 apps 14412 25780 [OK] Model Parking Slots: Configuration verified
INFO 2025-10-13 18:15:54,892 apps 14412 25780 [INFO] Model Parking Sessions: Basic configuration checked
INFO 2025-10-13 18:15:54,892 apps 14412 25780 [SUCCESS] Parking App: Forbes Marshall SpotCheck ready!
INFO 2025-10-13 18:25:41,380 apps 6292 16624 [CAR] Parking App: Initializing Forbes Marshall SpotCheck...
INFO 2025-10-13 18:25:41,381 apps 6292 16624 [OK] Parking App: Signal handlers loaded successfully
INFO 2025-10-13 18:25:41,381 apps 6292 16624 [OK] Admin interface customized
INFO 2025-10-13 18:25:41,381 apps 6292 16624 [OK] Model Vehicles: Configuration verified
INFO 2025-10-13 18:25:41,382 apps 6292 16624 [OK] Model Parking Slots: Configuration verified
INFO 2025-10-13 18:25:41,382 apps 6292 16624 [INFO] Model Parking Sessions: Basic configuration checked
INFO 2025-10-13 18:25:41,382 apps 6292 16624 [SUCCESS] Parking App: Forbes Marshall SpotCheck ready!
INFO 2025-10-13 18:25:42,192 apps 25264 1832 [CAR] Parking App: Initializing Forbes Marshall SpotCheck...
INFO 2025-10-13 18:25:42,194 apps 25264 1832 [OK] Parking App: Signal handlers loaded successfully
INFO 2025-10-13 18:25:42,194 apps 25264 1832 [OK] Admin interface customized
INFO 2025-10-13 18:25:42,194 apps 25264 1832 [OK] Model Vehicles: Configuration verified
INFO 2025-10-13 18:25:42,194 apps 25264 1832 [OK] Model Parking Slots: Configuration verified
INFO 2025-10-13 18:25:42,194 apps 25264 1832 [INFO] Model Parking Sessions: Basic configuration checked
INFO 2025-10-13 18:25:42,194 apps 25264 1832 [SUCCESS] Parking App: Forbes Marshall SpotCheck ready!
INFO 2025-10-13 18:35:00,508 apps 11404 8024 [CAR] Parking App: Initializing Forbes Marshall SpotCheck...
INFO 2025-10-13 18:35:00,509 apps 11404 8024 [OK] Parking App: Signal handlers loaded successfully
INFO 2025-10-13 18:35:00,510 apps 11404 8024 [OK] Admin interface customized
INFO 2025-10-13 18:35:00,510 apps 11404 8024 [OK] Model Vehicles: Configuration verified
INFO 2025-10-13 18:35:00,510 apps 11404 8024 [OK] Model Parking Slots: Configuration verified
INFO 2025-10-13 18:35:00,510 apps 11404 8024 [INFO] Model Parking Sessions: Basic configuration checked
INFO 2025-10-13 18:35:00,510 apps 11404 8024 [SUCCESS] Parking App: Forbes Marshall SpotCheck ready!
INFO 2025-10-13 18:35:01,315 apps 25680 25604 [CAR] Parking App: Initializing Forbes Marshall SpotCheck...
INFO 2025-10-13 18:35:01,316 apps 25680 25604 [OK] Parking App: Signal handlers loaded successfully
INFO 2025-10-13 18:35:01,316 apps 25680 25604 [OK] Admin interface customized
INFO 2025-10-13 18:35:01,316 apps 25680 25604 [OK] Model Vehicles: Configuration verified
INFO 2025-10-13 18:35:01,316 apps 25680 25604 [OK] Model Parking Slots: Configuration verified
INFO 2025-10-13 18:35:01,317 apps 25680 25604 [INFO] Model Parking Sessions: Basic configuration checked
INFO 2025-10-13 18:35:01,317 apps 25680 25604 [SUCCESS] Parking App: Forbes Marshall SpotCheck ready!
INFO 2025-10-13 18:36:50,438 apps 24556 20836 [CAR] Parking App: Initializing Forbes Marshall SpotCheck...
INFO 2025-10-13 18:36:50,440 apps 24556 20836 [OK] Parking App: Signal handlers loaded successfully
INFO 2025-10-13 18:36:50,440 apps 24556 20836 [OK] Admin interface customized
INFO 2025-10-13 18:36:50,440 apps 24556 20836 [OK] Model Vehicles: Configuration verified
INFO 2025-10-13 18:36:50,441 apps 24556 20836 [OK] Model Parking Slots: Configuration verified
INFO 2025-10-13 18:36:50,441 apps 24556 20836 [INFO] Model Parking Sessions: Basic configuration checked
INFO 2025-10-13 18:36:50,441 apps 24556 20836 [SUCCESS] Parking App: Forbes Marshall SpotCheck ready!
INFO 2025-10-13 18:55:00,194 signals 24556 15048 Slot L31 is now AVAILABLE
INFO 2025-10-13 18:55:00,204 signals 24556 15048 Parking session ended: MH02BC1234 - Duration: 0:49:31.460353
INFO 2025-10-13 18:56:23,961 apps 14604 20792 [CAR] Parking App: Initializing Forbes Marshall SpotCheck...
INFO 2025-10-13 18:56:23,962 apps 14604 20792 [OK] Parking App: Signal handlers loaded successfully
INFO 2025-10-13 18:56:23,962 apps 14604 20792 [OK] Admin interface customized
INFO 2025-10-13 18:56:23,962 apps 14604 20792 [OK] Model Vehicles: Configuration verified
INFO 2025-10-13 18:56:23,962 apps 14604 20792 [OK] Model Parking Slots: Configuration verified
INFO 2025-10-13 18:56:23,962 apps 14604 20792 [INFO] Model Parking Sessions: Basic configuration checked
INFO 2025-10-13 18:56:23,962 apps 14604 20792 [SUCCESS] Parking App: Forbes Marshall SpotCheck ready!
INFO 2025-10-13 18:56:41,252 apps 11092 16716 [CAR] Parking App: Initializing Forbes Marshall SpotCheck...
INFO 2025-10-13 18:56:41,253 apps 11092 16716 [OK] Parking App: Signal handlers loaded successfully
INFO 2025-10-13 18:56:41,253 apps 11092 16716 [OK] Admin interface customized
INFO 2025-10-13 18:56:41,254 apps 11092 16716 [OK] Model Vehicles: Configuration verified
INFO 2025-10-13 18:56:41,254 apps 11092 16716 [OK] Model Parking Slots: Configuration verified
INFO 2025-10-13 18:56:41,254 apps 11092 16716 [INFO] Model Parking Sessions: Basic configuration checked
INFO 2025-10-13 18:56:41,254 apps 11092 16716 [SUCCESS] Parking App: Forbes Marshall SpotCheck ready!
INFO 2025-10-13 18:57:00,380 apps 5104 13904 [CAR] Parking App: Initializing Forbes Marshall SpotCheck...
INFO 2025-10-13 18:57:00,382 apps 5104 13904 [OK] Parking App: Signal handlers loaded successfully
INFO 2025-10-13 18:57:00,382 apps 5104 13904 [OK] Admin interface customized
INFO 2025-10-13 18:57:00,382 apps 5104 13904 [OK] Model Vehicles: Configuration verified
INFO 2025-10-13 18:57:00,382 apps 5104 13904 [OK] Model Parking Slots: Configuration verified
INFO 2025-10-13 18:57:00,382 apps 5104 13904 [INFO] Model Parking Sessions: Basic configuration checked
INFO 2025-10-13 18:57:00,382 apps 5104 13904 [SUCCESS] Parking App: Forbes Marshall SpotCheck ready!
INFO 2025-10-13 18:57:18,379 apps 21928 10016 [CAR] Parking App: Initializing Forbes Marshall SpotCheck...
INFO 2025-10-13 18:57:18,380 apps 21928 10016 [OK] Parking App: Signal handlers loaded successfully
INFO 2025-10-13 18:57:18,381 apps 21928 10016 [OK] Admin interface customized
INFO 2025-10-13 18:57:18,381 apps 21928 10016 [OK] Model Vehicles: Configuration verified
INFO 2025-10-13 18:57:18,381 apps 21928 10016 [OK] Model Parking Slots: Configuration verified
INFO 2025-10-13 18:57:18,381 apps 21928 10016 [INFO] Model Parking Sessions: Basic configuration checked
INFO 2025-10-13 18:57:18,381 apps 21928 10016 [SUCCESS] Parking App: Forbes Marshall SpotCheck ready!
INFO 2025-10-13 18:57:33,352 apps 2592 19836 [CAR] Parking App: Initializing Forbes Marshall SpotCheck...
INFO 2025-10-13 18:57:33,354 apps 2592 19836 [OK] Parking App: Signal handlers loaded successfully
INFO 2025-10-13 18:57:33,355 apps 2592 19836 [OK] Admin interface customized
INFO 2025-10-13 18:57:33,355 apps 2592 19836 [OK] Model Vehicles: Configuration verified
INFO 2025-10-13 18:57:33,355 apps 2592 19836 [OK] Model Parking Slots: Configuration verified
INFO 2025-10-13 18:57:33,355 apps 2592 19836 [INFO] Model Parking Sessions: Basic configuration checked
INFO 2025-10-13 18:57:33,355 apps 2592 19836 [SUCCESS] Parking App: Forbes Marshall SpotCheck ready!
INFO 2025-10-13 18:58:15,300 apps 7776 8476 [CAR] Parking App: Initializing Forbes Marshall SpotCheck...
INFO 2025-10-13 18:58:15,301 apps 7776 8476 [OK] Parking App: Signal handlers loaded successfully
INFO 2025-10-13 18:58:15,302 apps 7776 8476 [OK] Admin interface customized
INFO 2025-10-13 18:58:15,302 apps 7776 8476 [OK] Model Vehicles: Configuration verified
INFO 2025-10-13 18:58:15,302 apps 7776 8476 [OK] Model Parking Slots: Configuration verified
INFO 2025-10-13 18:58:15,302 apps 7776 8476 [INFO] Model Parking Sessions: Basic configuration checked
INFO 2025-10-13 18:58:15,302 apps 7776 8476 [SUCCESS] Parking App: Forbes Marshall SpotCheck ready!
INFO 2025-10-13 19:02:47,372 apps 24752 24984 [CAR] Parking App: Initializing Forbes Marshall SpotCheck...
INFO 2025-10-13 19:02:47,373 apps 24752 24984 [OK] Parking App: Signal handlers loaded successfully
INFO 2025-10-13 19:02:47,373 apps 24752 24984 [OK] Admin interface customized
INFO 2025-10-13 19:02:47,373 apps 24752 24984 [OK] Model Vehicles: Configuration verified
INFO 2025-10-13 19:02:47,373 apps 24752 24984 [OK] Model Parking Slots: Configuration verified
INFO 2025-10-13 19:02:47,375 apps 24752 24984 [INFO] Model Parking Sessions: Basic configuration checked
INFO 2025-10-13 19:02:47,375 apps 24752 24984 [SUCCESS] Parking App: Forbes Marshall SpotCheck ready!
INFO 2025-10-13 19:03:45,328 apps 20908 20412 [CAR] Parking App: Initializing Forbes Marshall SpotCheck...
INFO 2025-10-13 19:03:45,329 apps 20908 20412 [OK] Parking App: Signal handlers loaded successfully
INFO 2025-10-13 19:03:45,329 apps 20908 20412 [OK] Admin interface customized
INFO 2025-10-13 19:03:45,329 apps 20908 20412 [OK] Model Vehicles: Configuration verified
INFO 2025-10-13 19:03:45,330 apps 20908 20412 [OK] Model Parking Slots: Configuration verified
INFO 2025-10-13 19:03:45,330 apps 20908 20412 [INFO] Model Parking Sessions: Basic configuration checked
INFO 2025-10-13 19:03:45,330 apps 20908 20412 [SUCCESS] Parking App: Forbes Marshall SpotCheck ready!
INFO 2025-10-13 19:04:09,157 apps 10284 13576 [CAR] Parking App: Initializing Forbes Marshall SpotCheck...
INFO 2025-10-13 19:04:09,159 apps 10284 13576 [OK] Parking App: Signal handlers loaded successfully
INFO 2025-10-13 19:04:09,159 apps 10284 13576 [OK] Admin interface customized
INFO 2025-10-13 19:04:09,159 apps 10284 13576 [OK] Model Vehicles: Configuration verified
INFO 2025-10-13 19:04:09,159 apps 10284 13576 [OK] Model Parking Slots: Configuration verified
INFO 2025-10-13 19:04:09,160 apps 10284 13576 [INFO] Model Parking Sessions: Basic configuration checked
INFO 2025-10-13 19:04:09,160 apps 10284 13576 [SUCCESS] Parking App: Forbes Marshall SpotCheck ready!
INFO 2025-10-13 19:09:31,868 signals 10284 4568 Slot H60 is now OCCUPIED
INFO 2025-10-13 19:09:31,873 signals 10284 4568 New vehicle registered: MH03BN1258 (two_wheeler)
INFO 2025-10-13 19:09:31,873 signals 10284 4568    Owner: Aary
INFO 2025-10-13 19:09:31,874 signals 10284 4568 New parking session started: MH03BN1258 in slot H60
INFO 2025-10-13 19:14:47,619 apps 10984 4660 [CAR] Parking App: Initializing Forbes Marshall SpotCheck...
INFO 2025-10-13 19:14:47,620 apps 10984 4660 [OK] Parking App: Signal handlers loaded successfully
INFO 2025-10-13 19:14:47,620 apps 10984 4660 [OK] Admin interface customized
INFO 2025-10-13 19:14:47,620 apps 10984 4660 [OK] Model Vehicles: Configuration verified
INFO 2025-10-13 19:14:47,621 apps 10984 4660 [OK] Model Parking Slots: Configuration verified
INFO 2025-10-13 19:14:47,621 apps 10984 4660 [INFO] Model Parking Sessions: Basic configuration checked
INFO 2025-10-13 19:14:47,621 apps 10984 4660 [SUCCESS] Parking App: Forbes Marshall SpotCheck ready!
INFO 2025-10-13 19:15:18,638 apps 5060 14100 [CAR] Parking App: Initializing Forbes Marshall SpotCheck...
INFO 2025-10-13 19:15:18,640 apps 5060 14100 [OK] Parking App: Signal handlers loaded successfully
INFO 2025-10-13 19:15:18,640 apps 5060 14100 [OK] Admin interface customized
INFO 2025-10-13 19:15:18,641 apps 5060 14100 [OK] Model Vehicles: Configuration verified
INFO 2025-10-13 19:15:18,641 apps 5060 14100 [OK] Model Parking Slots: Configuration verified
INFO 2025-10-13 19:15:18,641 apps 5060 14100 [INFO] Model Parking Sessions: Basic configuration checked
INFO 2025-10-13 19:15:18,641 apps 5060 14100 [SUCCESS] Parking App: Forbes Marshall SpotCheck ready!
INFO 2025-10-13 19:15:37,398 apps 14216 10972 [CAR] Parking App: Initializing Forbes Marshall SpotCheck...
INFO 2025-10-13 19:15:37,400 apps 14216 10972 [OK] Parking App: Signal handlers loaded successfully
INFO 2025-10-13 19:15:37,400 apps 14216 10972 [OK] Admin interface customized
INFO 2025-10-13 19:15:37,400 apps 14216 10972 [OK] Model Vehicles: Configuration verified
INFO 2025-10-13 19:15:37,400 apps 14216 10972 [OK] Model Parking Slots: Configuration verified
INFO 2025-10-13 19:15:37,400 apps 14216 10972 [INFO] Model Parking Sessions: Basic configuration checked
INFO 2025-10-13 19:15:37,401 apps 14216 10972 [SUCCESS] Parking App: Forbes Marshall SpotCheck ready!
INFO 2025-10-13 19:17:01,485 apps 5984 22452 [CAR] Parking App: Initializing Forbes Marshall SpotCheck...
INFO 2025-10-13 19:17:01,487 apps 5984 22452 [OK] Parking App: Signal handlers loaded successfully
INFO 2025-10-13 19:17:01,488 apps 5984 22452 [OK] Admin interface customized
INFO 2025-10-13 19:17:01,488 apps 5984 22452 [OK] Model Vehicles: Configuration verified
INFO 2025-10-13 19:17:01,488 apps 5984 22452 [OK] Model Parking Slots: Configuration verified
INFO 2025-10-13 19:17:01,488 apps 5984 22452 [INFO] Model Parking Sessions: Basic configuration checked
INFO 2025-10-13 19:17:01,488 apps 5984 22452 [SUCCESS] Parking App: Forbes Marshall SpotCheck ready!
INFO 2025-10-13 19:22:19,931 apps 4508 8868 [CAR] Parking App: Initializing Forbes Marshall SpotCheck...
INFO 2025-10-13 19:22:19,932 apps 4508 8868 [OK] Parking App: Signal handlers loaded successfully
INFO 2025-10-13 19:22:19,933 apps 4508 8868 [OK] Admin interface customized
INFO 2025-10-13 19:22:19,933 apps 4508 8868 [OK] Model Vehicles: Configuration verified
INFO 2025-10-13 19:22:19,933 apps 4508 8868 [OK] Model Parking Slots: Configuration verified
INFO 2025-10-13 19:22:19,933 apps 4508 8868 [INFO] Model Parking Sessions: Basic configuration checked
INFO 2025-10-13 19:22:19,933 apps 4508 8868 [SUCCESS] Parking App: Forbes Marshall SpotCheck ready!
INFO 2025-10-13 19:22:20,555 apps 9720 25392 [CAR] Parking App: Initializing Forbes Marshall SpotCheck...
INFO 2025-10-13 19:22:20,557 apps 9720 25392 [OK] Parking App: Signal handlers loaded successfully
INFO 2025-10-13 19:22:20,557 apps 9720 25392 [OK] Admin interface customized
INFO 2025-10-13 19:22:20,557 apps 9720 25392 [OK] Model Vehicles: Configuration verified
INFO 2025-10-13 19:22:20,557 apps 9720 25392 [OK] Model Parking Slots: Configuration verified
INFO 2025-10-13 19:22:20,558 apps 9720 25392 [INFO] Model Parking Sessions: Basic configuration checked
INFO 2025-10-13 19:22:20,558 apps 9720 25392 [SUCCESS] Parking App: Forbes Marshall SpotCheck ready!
INFO 2025-10-13 19:22:53,331 apps 972 18540 [CAR] Parking App: Initializing Forbes Marshall SpotCheck...
INFO 2025-10-13 19:22:53,332 apps 972 18540 [OK] Parking App: Signal handlers loaded successfully
INFO 2025-10-13 19:22:53,332 apps 972 18540 [OK] Admin interface customized
INFO 2025-10-13 19:22:53,332 apps 972 18540 [OK] Model Vehicles: Configuration verified
INFO 2025-10-13 19:22:53,334 apps 972 18540 [OK] Model Parking Slots: Configuration verified
INFO 2025-10-13 19:22:53,334 apps 972 18540 [INFO] Model Parking Sessions: Basic configuration checked
INFO 2025-10-13 19:22:53,334 apps 972 18540 [SUCCESS] Parking App: Forbes Marshall SpotCheck ready!
INFO 2025-10-13 19:23:10,232 apps 26608 6100 [CAR] Parking App: Initializing Forbes Marshall SpotCheck...
INFO 2025-10-13 19:23:10,234 apps 26608 6100 [OK] Parking App: Signal handlers loaded successfully
INFO 2025-10-13 19:23:10,234 apps 26608 6100 [OK] Admin interface customized
INFO 2025-10-13 19:23:10,234 apps 26608 6100 [OK] Model Vehicles: Configuration verified
INFO 2025-10-13 19:23:10,234 apps 26608 6100 [OK] Model Parking Slots: Configuration verified
INFO 2025-10-13 19:23:10,234 apps 26608 6100 [INFO] Model Parking Sessions: Basic configuration checked
INFO 2025-10-13 19:23:10,235 apps 26608 6100 [SUCCESS] Parking App: Forbes Marshall SpotCheck ready!
INFO 2025-10-13 19:23:25,224 apps 18100 21452 [CAR] Parking App: Initializing Forbes Marshall SpotCheck...
INFO 2025-10-13 19:23:25,225 apps 18100 21452 [OK] Parking App: Signal handlers loaded successfully
INFO 2025-10-13 19:23:25,225 apps 18100 21452 [OK] Admin interface customized
INFO 2025-10-13 19:23:25,226 apps 18100 21452 [OK] Model Vehicles: Configuration verified
INFO 2025-10-13 19:23:25,226 apps 18100 21452 [OK] Model Parking Slots: Configuration verified
INFO 2025-10-13 19:23:25,226 apps 18100 21452 [INFO] Model Parking Sessions: Basic configuration checked
INFO 2025-10-13 19:23:25,226 apps 18100 21452 [SUCCESS] Parking App: Forbes Marshall SpotCheck ready!
INFO 2025-10-13 20:20:40,849 apps 20788 3840 [CAR] Parking App: Initializing Forbes Marshall SpotCheck...
INFO 2025-10-13 20:20:40,850 apps 20788 3840 [OK] Parking App: Signal handlers loaded successfully
INFO 2025-10-13 20:20:40,850 apps 20788 3840 [OK] Admin interface customized
INFO 2025-10-13 20:20:40,850 apps 20788 3840 [OK] Model Vehicles: Configuration verified
INFO 2025-10-13 20:20:40,850 apps 20788 3840 [OK] Model Parking Slots: Configuration verified
INFO 2025-10-13 20:20:40,851 apps 20788 3840 [INFO] Model Parking Sessions: Basic configuration checked
INFO 2025-10-13 20:20:40,851 apps 20788 3840 [SUCCESS] Parking App: Forbes Marshall SpotCheck ready!
INFO 2025-10-13 20:20:41,449 apps 10012 2756 [CAR] Parking App: Initializing Forbes Marshall SpotCheck...
INFO 2025-10-13 20:20:41,450 apps 10012 2756 [OK] Parking App: Signal handlers loaded successfully
INFO 2025-10-13 20:20:41,450 apps 10012 2756 [OK] Admin interface customized
INFO 2025-10-13 20:20:41,450 apps 10012 2756 [OK] Model Vehicles: Configuration verified
INFO 2025-10-13 20:20:41,450 apps 10012 2756 [OK] Model Parking Slots: Configuration verified
INFO 2025-10-13 20:20:41,450 apps 10012 2756 [INFO] Model Parking Sessions: Basic configuration checked
INFO 2025-10-13 20:20:41,451 apps 10012 2756 [SUCCESS] Parking App: Forbes Marshall SpotCheck ready!
INFO 2025-10-13 20:52:15,028 apps 19084 17912 [CAR] Parking App: Initializing Forbes Marshall SpotCheck...
INFO 2025-10-13 20:52:15,029 apps 19084 17912 [OK] Parking App: Signal handlers loaded successfully
INFO 2025-10-13 20:52:15,029 apps 19084 17912 [OK] Admin interface customized
INFO 2025-10-13 20:52:15,029 apps 19084 17912 [OK] Model Vehicles: Configuration verified
INFO 2025-10-13 20:52:15,029 apps 19084 17912 [OK] Model Parking Slots: Configuration verified
INFO 2025-10-13 20:52:15,029 apps 19084 17912 [INFO] Model Parking Sessions: Basic configuration checked
INFO 2025-10-13 20:52:15,030 apps 19084 17912 [SUCCESS] Parking App: Forbes Marshall SpotCheck ready!
INFO 2025-10-13 20:52:15,652 apps 20260 26008 [CAR] Parking App: Initializing Forbes Marshall SpotCheck...
INFO 2025-10-13 20:52:15,653 apps 20260 26008 [OK] Parking App: Signal handlers loaded successfully
INFO 2025-10-13 20:52:15,653 apps 20260 26008 [OK] Admin interface customized
INFO 2025-10-13 20:52:15,653 apps 20260 26008 [OK] Model Vehicles: Configuration verified
INFO 2025-10-13 20:52:15,653 apps 20260 26008 [OK] Model Parking Slots: Configuration verified
INFO 2025-10-13 20:52:15,653 apps 20260 26008 [INFO] Model Parking Sessions: Basic configuration checked
INFO 2025-10-13 20:52:15,653 apps 20260 26008 [SUCCESS] Parking App: Forbes Marshall SpotCheck ready!
INFO 2025-10-13 20:52:40,278 apps 19620 16244 [CAR] Parking App: Initializing Forbes Marshall SpotCheck...
INFO 2025-10-13 20:52:40,280 apps 19620 16244 [OK] Parking App: Signal handlers loaded successfully
INFO 2025-10-13 20:52:40,280 apps 19620 16244 [OK] Admin interface customized
INFO 2025-10-13 20:52:40,280 apps 19620 16244 [OK] Model Vehicles: Configuration verified
INFO 2025-10-13 20:52:40,280 apps 19620 16244 [OK] Model Parking Slots: Configuration verified
INFO 2025-10-13 20:52:40,281 apps 19620 16244 [INFO] Model Parking Sessions: Basic configuration checked
INFO 2025-10-13 20:52:40,281 apps 19620 16244 [SUCCESS] Parking App: Forbes Marshall SpotCheck ready!
INFO 2025-10-13 20:57:39,502 apps 4424 7300 [CAR] Parking App: Initializing Forbes Marshall SpotCheck...
INFO 2025-10-13 20:57:39,503 apps 4424 7300 [OK] Parking App: Signal handlers loaded successfully
INFO 2025-10-13 20:57:39,503 apps 4424 7300 [OK] Admin interface customized
INFO 2025-10-13 20:57:39,503 apps 4424 7300 [OK] Model Vehicles: Configuration verified
INFO 2025-10-13 20:57:39,503 apps 4424 7300 [OK] Model Parking Slots: Configuration verified
INFO 2025-10-13 20:57:39,503 apps 4424 7300 [INFO] Model Parking Sessions: Basic configuration checked
INFO 2025-10-13 20:57:39,503 apps 4424 7300 [SUCCESS] Parking App: Forbes Marshall SpotCheck ready!
INFO 2025-10-13 20:57:50,587 apps 11496 6728 [CAR] Parking App: Initializing Forbes Marshall SpotCheck...
INFO 2025-10-13 20:57:50,587 apps 11496 6728 [OK] Parking App: Signal handlers loaded successfully
INFO 2025-10-13 20:57:50,587 apps 11496 6728 [OK] Admin interface customized
INFO 2025-10-13 20:57:50,587 apps 11496 6728 [OK] Model Vehicles: Configuration verified
INFO 2025-10-13 20:57:50,587 apps 11496 6728 [OK] Model Parking Slots: Configuration verified
INFO 2025-10-13 20:57:50,587 apps 11496 6728 [INFO] Model Parking Sessions: Basic configuration checked
INFO 2025-10-13 20:57:50,587 apps 11496 6728 [SUCCESS] Parking App: Forbes Marshall SpotCheck ready!
INFO 2025-10-13 20:57:51,212 apps 9820 13524 [CAR] Parking App: Initializing Forbes Marshall SpotCheck...
INFO 2025-10-13 20:57:51,212 apps 9820 13524 [OK] Parking App: Signal handlers loaded successfully
INFO 2025-10-13 20:57:51,212 apps 9820 13524 [OK] Admin interface customized
INFO 2025-10-13 20:57:51,212 apps 9820 13524 [OK] Model Vehicles: Configuration verified
INFO 2025-10-13 20:57:51,212 apps 9820 13524 [OK] Model Parking Slots: Configuration verified
INFO 2025-10-13 20:57:51,212 apps 9820 13524 [INFO] Model Parking Sessions: Basic configuration checked
INFO 2025-10-13 20:57:51,212 apps 9820 13524 [SUCCESS] Parking App: Forbes Marshall SpotCheck ready!
INFO 2025-10-13 20:58:32,817 apps 14964 4160 [CAR] Parking App: Initializing Forbes Marshall SpotCheck...
INFO 2025-10-13 20:58:32,817 apps 14964 4160 [OK] Parking App: Signal handlers loaded successfully
INFO 2025-10-13 20:58:32,817 apps 14964 4160 [OK] Admin interface customized
INFO 2025-10-13 20:58:32,817 apps 14964 4160 [OK] Model Vehicles: Configuration verified
INFO 2025-10-13 20:58:32,817 apps 14964 4160 [OK] Model Parking Slots: Configuration verified
INFO 2025-10-13 20:58:32,817 apps 14964 4160 [INFO] Model Parking Sessions: Basic configuration checked
INFO 2025-10-13 20:58:32,817 apps 14964 4160 [SUCCESS] Parking App: Forbes Marshall SpotCheck ready!
INFO 2025-10-13 20:58:41,817 apps 13624 12568 [CAR] Parking App: Initializing Forbes Marshall SpotCheck...
INFO 2025-10-13 20:58:41,833 apps 13624 12568 [OK] Parking App: Signal handlers loaded successfully
INFO 2025-10-13 20:58:41,833 apps 13624 12568 [OK] Admin interface customized
INFO 2025-10-13 20:58:41,833 apps 13624 12568 [OK] Model Vehicles: Configuration verified
INFO 2025-10-13 20:58:41,833 apps 13624 12568 [OK] Model Parking Slots: Configuration verified
INFO 2025-10-13 20:58:41,833 apps 13624 12568 [INFO] Model Parking Sessions: Basic configuration checked
INFO 2025-10-13 20:58:41,833 apps 13624 12568 [SUCCESS] Parking App: Forbes Marshall SpotCheck ready!
INFO 2025-10-13 20:58:42,641 apps 12240 6200 [CAR] Parking App: Initializing Forbes Marshall SpotCheck...
INFO 2025-10-13 20:58:42,645 apps 12240 6200 [OK] Parking App: Signal handlers loaded successfully
INFO 2025-10-13 20:58:42,645 apps 12240 6200 [OK] Admin interface customized
INFO 2025-10-13 20:58:42,645 apps 12240 6200 [OK] Model Vehicles: Configuration verified
INFO 2025-10-13 20:58:42,645 apps 12240 6200 [OK] Model Parking Slots: Configuration verified
INFO 2025-10-13 20:58:42,645 apps 12240 6200 [INFO] Model Parking Sessions: Basic configuration checked
INFO 2025-10-13 20:58:42,645 apps 12240 6200 [SUCCESS] Parking App: Forbes Marshall SpotCheck ready!
INFO 2025-10-13 21:04:36,413 apps 12828 9788 [CAR] Parking App: Initializing Forbes Marshall SpotCheck...
INFO 2025-10-13 21:04:36,414 apps 12828 9788 [OK] Parking App: Signal handlers loaded successfully
INFO 2025-10-13 21:04:36,414 apps 12828 9788 [OK] Admin interface customized
INFO 2025-10-13 21:04:36,414 apps 12828 9788 [OK] Model Vehicles: Configuration verified
INFO 2025-10-13 21:04:36,415 apps 12828 9788 [OK] Model Parking Slots: Configuration verified
INFO 2025-10-13 21:04:36,415 apps 12828 9788 [INFO] Model Parking Sessions: Basic configuration checked
INFO 2025-10-13 21:04:36,415 apps 12828 9788 [SUCCESS] Parking App: Forbes Marshall SpotCheck ready!
INFO 2025-10-13 21:04:37,003 apps 7048 14236 [CAR] Parking App: Initializing Forbes Marshall SpotCheck...
INFO 2025-10-13 21:04:37,004 apps 7048 14236 [OK] Parking App: Signal handlers loaded successfully
INFO 2025-10-13 21:04:37,004 apps 7048 14236 [OK] Admin interface customized
INFO 2025-10-13 21:04:37,004 apps 7048 14236 [OK] Model Vehicles: Configuration verified
INFO 2025-10-13 21:04:37,004 apps 7048 14236 [OK] Model Parking Slots: Configuration verified
INFO 2025-10-13 21:04:37,005 apps 7048 14236 [INFO] Model Parking Sessions: Basic configuration checked
INFO 2025-10-13 21:04:37,005 apps 7048 14236 [SUCCESS] Parking App: Forbes Marshall SpotCheck ready!
INFO 2025-10-13 21:07:54,018 apps 300 1200 [CAR] Parking App: Initializing Forbes Marshall SpotCheck...
INFO 2025-10-13 21:07:54,019 apps 300 1200 [OK] Parking App: Signal handlers loaded successfully
INFO 2025-10-13 21:07:54,019 apps 300 1200 [OK] Admin interface customized
INFO 2025-10-13 21:07:54,019 apps 300 1200 [OK] Model Vehicles: Configuration verified
INFO 2025-10-13 21:07:54,019 apps 300 1200 [OK] Model Parking Slots: Configuration verified
INFO 2025-10-13 21:07:54,020 apps 300 1200 [INFO] Model Parking Sessions: Basic configuration checked
INFO 2025-10-13 21:07:54,020 apps 300 1200 [SUCCESS] Parking App: Forbes Marshall SpotCheck ready!
INFO 2025-10-13 21:07:54,602 apps 7436 16508 [CAR] Parking App: Initializing Forbes Marshall SpotCheck...
INFO 2025-10-13 21:07:54,603 apps 7436 16508 [OK] Parking App: Signal handlers loaded successfully
INFO 2025-10-13 21:07:54,603 apps 7436 16508 [OK] Admin interface customized
INFO 2025-10-13 21:07:54,603 apps 7436 16508 [OK] Model Vehicles: Configuration verified
INFO 2025-10-13 21:07:54,603 apps 7436 16508 [OK] Model Parking Slots: Configuration verified
INFO 2025-10-13 21:07:54,604 apps 7436 16508 [INFO] Model Parking Sessions: Basic configuration checked
INFO 2025-10-13 21:07:54,604 apps 7436 16508 [SUCCESS] Parking App: Forbes Marshall SpotCheck ready!
INFO 2025-10-13 21:19:25,428 apps 12224 24720 [CAR] Parking App: Initializing Forbes Marshall SpotCheck...
INFO 2025-10-13 21:19:25,429 apps 12224 24720 [OK] Parking App: Signal handlers loaded successfully
INFO 2025-10-13 21:19:25,429 apps 12224 24720 [OK] Admin interface customized
INFO 2025-10-13 21:19:25,430 apps 12224 24720 [OK] Model Vehicles: Configuration verified
INFO 2025-10-13 21:19:25,430 apps 12224 24720 [OK] Model Parking Slots: Configuration verified
INFO 2025-10-13 21:19:25,430 apps 12224 24720 [INFO] Model Parking Sessions: Basic configuration checked
INFO 2025-10-13 21:19:25,430 apps 12224 24720 [SUCCESS] Parking App: Forbes Marshall SpotCheck ready!
INFO 2025-10-13 21:19:41,048 apps 18988 21144 [CAR] Parking App: Initializing Forbes Marshall SpotCheck...
INFO 2025-10-13 21:19:41,048 apps 18988 21144 [OK] Parking App: Signal handlers loaded successfully
INFO 2025-10-13 21:19:41,049 apps 18988 21144 [OK] Admin interface customized
INFO 2025-10-13 21:19:41,049 apps 18988 21144 [OK] Model Vehicles: Configuration verified
INFO 2025-10-13 21:19:41,049 apps 18988 21144 [OK] Model Parking Slots: Configuration verified
INFO 2025-10-13 21:19:41,049 apps 18988 21144 [INFO] Model Parking Sessions: Basic configuration checked
INFO 2025-10-13 21:19:41,049 apps 18988 21144 [SUCCESS] Parking App: Forbes Marshall SpotCheck ready!
INFO 2025-10-13 21:19:41,699 apps 2504 18608 [CAR] Parking App: Initializing Forbes Marshall SpotCheck...
INFO 2025-10-13 21:19:41,700 apps 2504 18608 [OK] Parking App: Signal handlers loaded successfully
INFO 2025-10-13 21:19:41,701 apps 2504 18608 [OK] Admin interface customized
INFO 2025-10-13 21:19:41,701 apps 2504 18608 [OK] Model Vehicles: Configuration verified
INFO 2025-10-13 21:19:41,701 apps 2504 18608 [OK] Model Parking Slots: Configuration verified
INFO 2025-10-13 21:19:41,701 apps 2504 18608 [INFO] Model Parking Sessions: Basic configuration checked
INFO 2025-10-13 21:19:41,701 apps 2504 18608 [SUCCESS] Parking App: Forbes Marshall SpotCheck ready!
INFO 2025-10-13 21:20:20,958 apps 13320 3016 [CAR] Parking App: Initializing Forbes Marshall SpotCheck...
INFO 2025-10-13 21:20:20,961 apps 13320 3016 [OK] Parking App: Signal handlers loaded successfully
INFO 2025-10-13 21:20:20,961 apps 13320 3016 [OK] Admin interface customized
INFO 2025-10-13 21:20:20,961 apps 13320 3016 [OK] Model Vehicles: Configuration verified
INFO 2025-10-13 21:20:20,961 apps 13320 3016 [OK] Model Parking Slots: Configuration verified
INFO 2025-10-13 21:20:20,962 apps 13320 3016 [INFO] Model Parking Sessions: Basic configuration checked
INFO 2025-10-13 21:20:20,962 apps 13320 3016 [SUCCESS] Parking App: Forbes Marshall SpotCheck ready!
INFO 2025-10-13 21:20:21,684 apps 15148 4988 [CAR] Parking App: Initializing Forbes Marshall SpotCheck...
INFO 2025-10-13 21:20:21,685 apps 15148 4988 [OK] Parking App: Signal handlers loaded successfully
INFO 2025-10-13 21:20:21,685 apps 15148 4988 [OK] Admin interface customized
INFO 2025-10-13 21:20:21,685 apps 15148 4988 [OK] Model Vehicles: Configuration verified
INFO 2025-10-13 21:20:21,685 apps 15148 4988 [OK] Model Parking Slots: Configuration verified
INFO 2025-10-13 21:20:21,686 apps 15148 4988 [INFO] Model Parking Sessions: Basic configuration checked
INFO 2025-10-13 21:20:21,686 apps 15148 4988 [SUCCESS] Parking App: Forbes Marshall SpotCheck ready!
INFO 2025-10-13 21:40:23,145 apps 3520 11536 [CAR] Parking App: Initializing Forbes Marshall SpotCheck...
INFO 2025-10-13 21:40:23,145 apps 3520 11536 [OK] Parking App: Signal handlers loaded successfully
INFO 2025-10-13 21:40:23,145 apps 3520 11536 [OK] Admin interface customized
INFO 2025-10-13 21:40:23,145 apps 3520 11536 [OK] Model Vehicles: Configuration verified
INFO 2025-10-13 21:40:23,145 apps 3520 11536 [OK] Model Parking Slots: Configuration verified
INFO 2025-10-13 21:40:23,145 apps 3520 11536 [INFO] Model Parking Sessions: Basic configuration checked
INFO 2025-10-13 21:40:23,145 apps 3520 11536 [SUCCESS] Parking App: Forbes Marshall SpotCheck ready!
INFO 2025-10-13 21:40:23,770 apps 11252 23696 [CAR] Parking App: Initializing Forbes Marshall SpotCheck...
INFO 2025-10-13 21:40:23,771 apps 11252 23696 [OK] Parking App: Signal handlers loaded successfully
INFO 2025-10-13 21:40:23,771 apps 11252 23696 [OK] Admin interface customized
INFO 2025-10-13 21:40:23,771 apps 11252 23696 [OK] Model Vehicles: Configuration verified
INFO 2025-10-13 21:40:23,771 apps 11252 23696 [OK] Model Parking Slots: Configuration verified
INFO 2025-10-13 21:40:23,772 apps 11252 23696 [INFO] Model Parking Sessions: Basic configuration checked
INFO 2025-10-13 21:40:23,772 apps 11252 23696 [SUCCESS] Parking App: Forbes Marshall SpotCheck ready!
INFO 2025-10-13 21:46:20,612 apps 24460 1160 [CAR] Parking App: Initializing Forbes Marshall SpotCheck...
INFO 2025-10-13 21:46:20,615 apps 24460 1160 [OK] Parking App: Signal handlers loaded successfully
INFO 2025-10-13 21:46:20,615 apps 24460 1160 [OK] Admin interface customized
INFO 2025-10-13 21:46:20,616 apps 24460 1160 [OK] Model Vehicles: Configuration verified
INFO 2025-10-13 21:46:20,616 apps 24460 1160 [OK] Model Parking Slots: Configuration verified
INFO 2025-10-13 21:46:20,616 apps 24460 1160 [INFO] Model Parking Sessions: Basic configuration checked
INFO 2025-10-13 21:46:20,616 apps 24460 1160 [SUCCESS] Parking App: Forbes Marshall SpotCheck ready!
INFO 2025-10-13 21:46:21,332 apps 18776 3060 [CAR] Parking App: Initializing Forbes Marshall SpotCheck...
INFO 2025-10-13 21:46:21,333 apps 18776 3060 [OK] Parking App: Signal handlers loaded successfully
INFO 2025-10-13 21:46:21,333 apps 18776 3060 [OK] Admin interface customized
INFO 2025-10-13 21:46:21,334 apps 18776 3060 [OK] Model Vehicles: Configuration verified
INFO 2025-10-13 21:46:21,334 apps 18776 3060 [OK] Model Parking Slots: Configuration verified
INFO 2025-10-13 21:46:21,334 apps 18776 3060 [INFO] Model Parking Sessions: Basic configuration checked
INFO 2025-10-13 21:46:21,335 apps 18776 3060 [SUCCESS] Parking App: Forbes Marshall SpotCheck ready!
INFO 2025-10-13 21:47:08,669 signals 18776 18904 Slot H60 is now AVAILABLE
INFO 2025-10-13 21:47:08,677 signals 18776 18904 Parking session ended: MH03BN1258 - Duration: 2:37:36.797016
INFO 2025-10-13 21:49:34,560 apps 5992 22464 [CAR] Parking App: Initializing Forbes Marshall SpotCheck...
INFO 2025-10-13 21:49:34,561 apps 5992 22464 [OK] Parking App: Signal handlers loaded successfully
INFO 2025-10-13 21:49:34,561 apps 5992 22464 [OK] Admin interface customized
INFO 2025-10-13 21:49:34,562 apps 5992 22464 [OK] Model Vehicles: Configuration verified
INFO 2025-10-13 21:49:34,562 apps 5992 22464 [OK] Model Parking Slots: Configuration verified
INFO 2025-10-13 21:49:34,562 apps 5992 22464 [INFO] Model Parking Sessions: Basic configuration checked
INFO 2025-10-13 21:49:34,562 apps 5992 22464 [SUCCESS] Parking App: Forbes Marshall SpotCheck ready!
INFO 2025-10-13 21:49:35,165 apps 18912 17936 [CAR] Parking App: Initializing Forbes Marshall SpotCheck...
INFO 2025-10-13 21:49:35,166 apps 18912 17936 [OK] Parking App: Signal handlers loaded successfully
INFO 2025-10-13 21:49:35,166 apps 18912 17936 [OK] Admin interface customized
INFO 2025-10-13 21:49:35,166 apps 18912 17936 [OK] Model Vehicles: Configuration verified
INFO 2025-10-13 21:49:35,166 apps 18912 17936 [OK] Model Parking Slots: Configuration verified
INFO 2025-10-13 21:49:35,167 apps 18912 17936 [INFO] Model Parking Sessions: Basic configuration checked
INFO 2025-10-13 21:49:35,167 apps 18912 17936 [SUCCESS] Parking App: Forbes Marshall SpotCheck ready!
INFO 2025-10-13 21:59:49,546 apps 18132 6640 [CAR] Parking App: Initializing Forbes Marshall SpotCheck...
INFO 2025-10-13 21:59:49,547 apps 18132 6640 [OK] Parking App: Signal handlers loaded successfully
INFO 2025-10-13 21:59:49,548 apps 18132 6640 [OK] Admin interface customized
INFO 2025-10-13 21:59:49,548 apps 18132 6640 [OK] Model Vehicles: Configuration verified
INFO 2025-10-13 21:59:49,548 apps 18132 6640 [OK] Model Parking Slots: Configuration verified
INFO 2025-10-13 21:59:49,548 apps 18132 6640 [INFO] Model Parking Sessions: Basic configuration checked
INFO 2025-10-13 21:59:49,548 apps 18132 6640 [SUCCESS] Parking App: Forbes Marshall SpotCheck ready!
INFO 2025-10-13 21:59:50,242 apps 4888 19692 [CAR] Parking App: Initializing Forbes Marshall SpotCheck...
INFO 2025-10-13 21:59:50,243 apps 4888 19692 [OK] Parking App: Signal handlers loaded successfully
INFO 2025-10-13 21:59:50,243 apps 4888 19692 [OK] Admin interface customized
INFO 2025-10-13 21:59:50,243 apps 4888 19692 [OK] Model Vehicles: Configuration verified
INFO 2025-10-13 21:59:50,244 apps 4888 19692 [OK] Model Parking Slots: Configuration verified
INFO 2025-10-13 21:59:50,244 apps 4888 19692 [INFO] Model Parking Sessions: Basic configuration checked
INFO 2025-10-13 21:59:50,244 apps 4888 19692 [SUCCESS] Parking App: Forbes Marshall SpotCheck ready!
INFO 2025-10-13 22:00:04,371 apps 14720 12992 [CAR] Parking App: Initializing Forbes Marshall SpotCheck...
INFO 2025-10-13 22:00:04,373 apps 14720 12992 [OK] Parking App: Signal handlers loaded successfully
INFO 2025-10-13 22:00:04,373 apps 14720 12992 [OK] Admin interface customized
INFO 2025-10-13 22:00:04,373 apps 14720 12992 [OK] Model Vehicles: Configuration verified
INFO 2025-10-13 22:00:04,373 apps 14720 12992 [OK] Model Parking Slots: Configuration verified
INFO 2025-10-13 22:00:04,373 apps 14720 12992 [INFO] Model Parking Sessions: Basic configuration checked
INFO 2025-10-13 22:00:04,374 apps 14720 12992 [SUCCESS] Parking App: Forbes Marshall SpotCheck ready!
INFO 2025-10-13 22:00:05,080 apps 2580 18096 [CAR] Parking App: Initializing Forbes Marshall SpotCheck...
INFO 2025-10-13 22:00:05,081 apps 2580 18096 [OK] Parking App: Signal handlers loaded successfully
INFO 2025-10-13 22:00:05,081 apps 2580 18096 [OK] Admin interface customized
INFO 2025-10-13 22:00:05,081 apps 2580 18096 [OK] Model Vehicles: Configuration verified
INFO 2025-10-13 22:00:05,081 apps 2580 18096 [OK] Model Parking Slots: Configuration verified
INFO 2025-10-13 22:00:05,082 apps 2580 18096 [INFO] Model Parking Sessions: Basic configuration checked
INFO 2025-10-13 22:00:05,082 apps 2580 18096 [SUCCESS] Parking App: Forbes Marshall SpotCheck ready!
INFO 2025-10-16 12:11:46,244 apps 16940 19928 [CAR] Parking App: Initializing Forbes Marshall SpotCheck...
INFO 2025-10-16 12:11:46,248 apps 16940 19928 [OK] Parking App: Signal handlers loaded successfully
INFO 2025-10-16 12:11:46,250 apps 16940 19928 [OK] Admin interface customized
INFO 2025-10-16 12:11:46,250 apps 16940 19928 [OK] Model Vehicles: Configuration verified
INFO 2025-10-16 12:11:46,250 apps 16940 19928 [OK] Model Parking Slots: Configuration verified
INFO 2025-10-16 12:11:46,251 apps 16940 19928 [INFO] Model Parking Sessions: Basic configuration checked
INFO 2025-10-16 12:11:46,251 apps 16940 19928 [SUCCESS] Parking App: Forbes Marshall SpotCheck ready!
INFO 2025-10-16 12:11:48,092 apps 20092 21308 [CAR] Parking App: Initializing Forbes Marshall SpotCheck...
INFO 2025-10-16 12:11:48,095 apps 20092 21308 [OK] Parking App: Signal handlers loaded successfully
INFO 2025-10-16 12:11:48,095 apps 20092 21308 [OK] Admin interface customized
INFO 2025-10-16 12:11:48,095 apps 20092 21308 [OK] Model Vehicles: Configuration verified
INFO 2025-10-16 12:11:48,095 apps 20092 21308 [OK] Model Parking Slots: Configuration verified
INFO 2025-10-16 12:11:48,095 apps 20092 21308 [INFO] Model Parking Sessions: Basic configuration checked
INFO 2025-10-16 12:11:48,095 apps 20092 21308 [SUCCESS] Parking App: Forbes Marshall SpotCheck ready!
INFO 2025-10-16 12:13:38,951 signals 20092 18028 Slot H60 is now OCCUPIED
INFO 2025-10-16 12:13:38,964 signals 20092 18028 New vehicle registered: MH12BX1452 (two_wheeler)
INFO 2025-10-16 12:13:38,964 signals 20092 18028    Owner: Aary Bokil
INFO 2025-10-16 12:13:38,974 signals 20092 18028 New parking session started: MH12BX1452 in slot H60
INFO 2025-10-16 12:14:05,765 apps 26944 26912 [CAR] Parking App: Initializing Forbes Marshall SpotCheck...
INFO 2025-10-16 12:14:05,772 apps 26944 26912 [OK] Parking App: Signal handlers loaded successfully
INFO 2025-10-16 12:14:05,772 apps 26944 26912 [OK] Admin interface customized
INFO 2025-10-16 12:14:05,772 apps 26944 26912 [OK] Model Vehicles: Configuration verified
INFO 2025-10-16 12:14:05,773 apps 26944 26912 [OK] Model Parking Slots: Configuration verified
INFO 2025-10-16 12:14:05,773 apps 26944 26912 [INFO] Model Parking Sessions: Basic configuration checked
INFO 2025-10-16 12:14:05,773 apps 26944 26912 [SUCCESS] Parking App: Forbes Marshall SpotCheck ready!
INFO 2025-10-16 12:14:07,738 apps 13284 9880 [CAR] Parking App: Initializing Forbes Marshall SpotCheck...
INFO 2025-10-16 12:14:07,742 apps 13284 9880 [OK] Parking App: Signal handlers loaded successfully
INFO 2025-10-16 12:14:07,743 apps 13284 9880 [OK] Admin interface customized
INFO 2025-10-16 12:14:07,743 apps 13284 9880 [OK] Model Vehicles: Configuration verified
INFO 2025-10-16 12:14:07,743 apps 13284 9880 [OK] Model Parking Slots: Configuration verified
INFO 2025-10-16 12:14:07,743 apps 13284 9880 [INFO] Model Parking Sessions: Basic configuration checked
INFO 2025-10-16 12:14:07,743 apps 13284 9880 [SUCCESS] Parking App: Forbes Marshall SpotCheck ready!
INFO 2025-10-16 12:14:32,157 signals 13284 16948 Slot H60 is now AVAILABLE
INFO 2025-10-16 12:14:32,176 signals 13284 16948 Parking session ended: MH12BX1452 - Duration: 0:00:53.189383
